project,codeLink,commit_id,CWE ID,CVE ID
jasper,https://github.com/mdadams/jasper/commit/3c55b399c36ef46befcb21e4ebc4799367f89684,3c55b399c36ef46befcb21e4ebc4799367f89684,['CWE-189'],CVE-2008-3520
jasper,https://github.com/mdadams/jasper/commit/d678ccd27b8a062e3bfd4c80d8ce2676a8166a27,d678ccd27b8a062e3bfd4c80d8ce2676a8166a27,['CWE-119'],CVE-2008-3522
audiofile,https://github.com/mpruett/audiofile/commit/e8cf0095b3f319739f9aa1ab5a1aa52b76be8cdd,e8cf0095b3f319739f9aa1ab5a1aa52b76be8cdd,['CWE-119'],CVE-2008-5824
mumble,https://github.com/mumble-voip/mumble/commit/6b33dda344f89e5a039b7d79eb43925040654242,6b33dda344f89e5a039b7d79eb43925040654242,['CWE-20'],CVE-2010-2490
mono,https://github.com/mono/mono/commit/4905ef1130feb26c3150b28b97e4a96752e0d399,4905ef1130feb26c3150b28b97e4a96752e0d399,['CWE-20'],CVE-2010-4254
mono,https://github.com/mono/mono/commit/65292a69c837b8a5f7a392d34db63de592153358,65292a69c837b8a5f7a392d34db63de592153358,['CWE-20'],CVE-2010-4254
nbd,https://github.com/yoe/nbd/commit/4ed24fe0d64c7cc9963c57b52cad1555ad7c6b60,4ed24fe0d64c7cc9963c57b52cad1555ad7c6b60,['CWE-119'],CVE-2011-0530
rsyslog,https://github.com/rsyslog/rsyslog/commit/1ef709cc97d54f74d3fdeb83788cc4b01f4c6a2a,1ef709cc97d54f74d3fdeb83788cc4b01f4c6a2a,"['CWE-772', 'CWE-401']",
mono,https://github.com/mono/mono/commit/722f9890f09aadfc37ae479e7d946d5fc5ef7b91,722f9890f09aadfc37ae479e7d946d5fc5ef7b91,"['CWE-399', 'CWE-264']",CVE-2011-0989
mono,https://github.com/mono/mono/commit/035c8587c0d8d307e45f1b7171a0d337bb451f1e,035c8587c0d8d307e45f1b7171a0d337bb451f1e,['CWE-264'],CVE-2011-0989
mono,https://github.com/mono/mono/commit/2f00e4bbb2137130845afb1b2a1e678552fc8e5c,2f00e4bbb2137130845afb1b2a1e678552fc8e5c,"['CWE-362', 'CWE-264']",CVE-2011-0989
mono,https://github.com/mono/mono/commit/3f8ee42b8c867d9a4c18c22657840d072cca5c3a,3f8ee42b8c867d9a4c18c22657840d072cca5c3a,"['CWE-399', 'CWE-264']",CVE-2011-0989
mono,https://github.com/mono/mono/commit/89d1455a80ef13cddee5d79ec00c06055da3085c,89d1455a80ef13cddee5d79ec00c06055da3085c,"['CWE-399', 'CWE-264']",CVE-2011-0989
mono,https://github.com/mono/mono/commit/8eb1189099e02372fd45ca1c67230eccf1edddc0,8eb1189099e02372fd45ca1c67230eccf1edddc0,"['CWE-399', 'CWE-264']",CVE-2011-0989
thunar,https://github.com/xfce-mirror/thunar/commit/03dd312e157d4fa8a11d5fa402706ae5b05806fa,03dd312e157d4fa8a11d5fa402706ae5b05806fa,"['CWE-399', 'CWE-134']",
tpm,https://github.com/srajiv/tpm/commit/adfea973dfca35407de074ae2052be221e4b8956,adfea973dfca35407de074ae2052be221e4b8956,['CWE-200'],CVE-2011-1162
tpm,https://github.com/srajiv/tpm/commit/0913d46b54eea18ecb88bb0e1654894e07e87ca8,0913d46b54eea18ecb88bb0e1654894e07e87ca8,['CWE-200'],CVE-2011-1162
yubico-pam,https://github.com/Yubico/yubico-pam/commit/4712da70cac159d5ca9579c1e4fac0645b674043,4712da70cac159d5ca9579c1e4fac0645b674043,['CWE-20'],CVE-2011-4120
radvd,https://github.com/reubenhwk/radvd/commit/9dfaaaf740ce784541e76e68de4ae04dce2c0921,9dfaaaf740ce784541e76e68de4ae04dce2c0921,['CWE-119'],CVE-2011-3601
radvd,https://github.com/reubenhwk/radvd/commit/2c50375043186e133f15135f4c93ca964238ee60,2c50375043186e133f15135f4c93ca964238ee60,['CWE-20'],CVE-2011-3603
radvd,https://github.com/reubenhwk/radvd/commit/074816cd0b37aac7b3209987e6e998f0a847b275,074816cd0b37aac7b3209987e6e998f0a847b275,['CWE-20'],CVE-2011-3603
radvd,https://github.com/reubenhwk/radvd/commit/7dc53cc3b792775369bf0b2f053a3f4ed5d87e3d,7dc53cc3b792775369bf0b2f053a3f4ed5d87e3d,['CWE-20'],CVE-2011-3603
radvd,https://github.com/reubenhwk/radvd/commit/7de1b9abf87b747ee2611c0d2a94dfeee79878b4,7de1b9abf87b747ee2611c0d2a94dfeee79878b4,['CWE-119'],CVE-2011-3604
radvd,https://github.com/reubenhwk/radvd/commit/2591d0189257caeaae2057dfed0a260310497a61,2591d0189257caeaae2057dfed0a260310497a61,['CWE-20'],CVE-2011-3605
jasper,https://github.com/mdadams/jasper/commit/0d22460816ea58e74a124158fa6cc48efb709a47,0d22460816ea58e74a124158fa6cc48efb709a47,['CWE-119'],CVE-2011-4516
ruby,https://github.com/ruby/ruby/commit/e926ef5233cc9f1035d3d51068abe9df8b5429da,e926ef5233cc9f1035d3d51068abe9df8b5429da,['CWE-20'],CVE-2011-4815
znc,https://github.com/znc/znc/commit/11508aa72efab4fad0dbd8292b9614d9371b20a9,11508aa72efab4fad0dbd8292b9614d9371b20a9,['CWE-399'],
mumble,https://github.com/mumble-voip/mumble/commit/5632c35d6759f5e13a7dfe78e4ee6403ff6a8e3e,5632c35d6759f5e13a7dfe78e4ee6403ff6a8e3e,['CWE-310'],
taglib,https://github.com/taglib/taglib/commit/ab8a0ee8937256311e649a88e8ddd7c7f870ad59,ab8a0ee8937256311e649a88e8ddd7c7f870ad59,['CWE-20'],CVE-2012-1108
taglib,https://github.com/taglib/taglib/commit/b3646a07348ffa276ea41a9dae03ddc63ea6c532,b3646a07348ffa276ea41a9dae03ddc63ea6c532,['CWE-20'],CVE-2012-1108
file,https://github.com/file/file/commit/1140872578eedaeecf828f1841d17ff574372dba,1140872578eedaeecf828f1841d17ff574372dba,['CWE-119'],CVE-2012-1571
taglib,https://github.com/taglib/taglib/commit/dcdf4fd954e3213c355746fa15b7480461972308,dcdf4fd954e3213c355746fa15b7480461972308,['CWE-189'],CVE-2012-1584
mosh,https://github.com/keithw/mosh/commit/9791768705528e911bfca6c4d8aa88139035060e,9791768705528e911bfca6c4d8aa88139035060e,['CWE-399'],CVE-2012-2385
krb5,https://github.com/krb5/krb5/commit/c5be6209311d4a8f10fda37d0d3f876c1b33b77b,c5be6209311d4a8f10fda37d0d3f876c1b33b77b,['CWE-703'],
ioq3,https://github.com/ioquake/ioq3/commit/b5acc31a4da72cc3a4a6d88facb15b6214d745c6,b5acc31a4da72cc3a4a6d88facb15b6214d745c6,['CWE-59'],CVE-2012-3345
freeradius-server,https://github.com/alandekok/freeradius-server/commit/78e5aed56c36a9231bc91ea5f55b3edf88a9d2a4,78e5aed56c36a9231bc91ea5f55b3edf88a9d2a4,['CWE-119'],CVE-2012-3547
freeradius-server,https://github.com/alandekok/freeradius-server/commit/1b1ec5ce75e224bd1755650c18ccdaa6dc53e605,1b1ec5ce75e224bd1755650c18ccdaa6dc53e605,"['CWE-522', 'CWE-255']",
redis,https://github.com/antirez/redis/commit/697af434fbeb2e3ba2ba9687cd283ed1a2734fa5,697af434fbeb2e3ba2ba9687cd283ed1a2734fa5,['CWE-20'],
corosync,https://github.com/corosync/corosync/commit/b3f456a8ceefac6e9f2e9acc2ea0c159d412b595,b3f456a8ceefac6e9f2e9acc2ea0c159d412b595,['CWE-703'],
polarssl,https://github.com/polarssl/polarssl/commit/4582999be608c9794d4518ae336b265084db9f93,4582999be608c9794d4518ae336b265084db9f93,['CWE-310'],CVE-2013-0169
polarssl,https://github.com/polarssl/polarssl/commit/d66f070d492ef75405baad9f0d018b1bd06862c8,d66f070d492ef75405baad9f0d018b1bd06862c8,['CWE-310'],CVE-2013-0169
linux,https://github.com/torvalds/linux/commit/027ef6c87853b0a9df53175063028edb4950d476,027ef6c87853b0a9df53175063028edb4950d476,"['CWE-119', 'CWE-787']",
krb5,https://github.com/krb5/krb5/commit/f249555301940c6df3a2cdda13b56b5674eebc2e,f249555301940c6df3a2cdda13b56b5674eebc2e,['CWE-476'],
krb5,https://github.com/krb5/krb5/commit/db64ca25d661a47b996b4e2645998b5d7f0eb52c,db64ca25d661a47b996b4e2645998b5d7f0eb52c,['CWE-476'],
ModSecurity,https://github.com/SpiderLabs/ModSecurity/commit/d4d80b38aa85eccb26e3c61b04d16e8ca5de76fe,d4d80b38aa85eccb26e3c61b04d16e8ca5de76fe,"['CWE-20', 'CWE-611']",
linux,https://github.com/torvalds/linux/commit/83f1b4ba917db5dc5a061a44b3403ddb6e783494,83f1b4ba917db5dc5a061a44b3403ddb6e783494,"['CWE-284', 'CWE-264']",
clamav-devel,https://github.com/vrtadmin/clamav-devel/commit/270e368b99e93aa5447d46c797c92c3f9f39f375,270e368b99e93aa5447d46c797c92c3f9f39f375,"['CWE-703', 'CWE-189']",
clamav-devel,https://github.com/vrtadmin/clamav-devel/commit/24ff855c82d3f5c62bc5788a5776cefbffce2971,24ff855c82d3f5c62bc5788a5776cefbffce2971,"['CWE-119', 'CWE-189', 'CWE-79']",
clamav-devel,https://github.com/vrtadmin/clamav-devel/commit/c6870a6c857dd722dffaf6d37ae52ec259d12492,c6870a6c857dd722dffaf6d37ae52ec259d12492,['CWE-189'],CVE-2013-2020
clamav-devel,https://github.com/vrtadmin/clamav-devel/commit/3cbd8b5668bd0f262a8c00b1fd57eb03c117b00a,3cbd8b5668bd0f262a8c00b1fd57eb03c117b00a,['CWE-189'],CVE-2013-2020
memcached,https://github.com/memcached/memcached/commit/6695ccbc525c36d693aaa3e8337b36aa0c784424,6695ccbc525c36d693aaa3e8337b36aa0c784424,['CWE-189'],CVE-2011-4971
ruby,https://github.com/ruby/ruby/commit/1c2ef610358af33f9ded3086aa2d70aac03dcac5,1c2ef610358af33f9ded3086aa2d70aac03dcac5,['CWE-119'],CVE-2009-4124
ruby,https://github.com/ruby/ruby/commit/c7d7ff45f1e0d6fad28e53c02108d4b067e843c3,c7d7ff45f1e0d6fad28e53c02108d4b067e843c3,['CWE-264'],CVE-2013-2065
ModSecurity,https://github.com/SpiderLabs/ModSecurity/commit/0840b13612a0b7ef1ce7441cf811dcfc6b463fba,0840b13612a0b7ef1ce7441cf811dcfc6b463fba,['CWE-476'],
libguestfs,https://github.com/libguestfs/libguestfs/commit/fa6a76050d82894365dfe32916903ef7fee3ffcd,fa6a76050d82894365dfe32916903ef7fee3ffcd,['CWE-703'],
LibRaw,https://github.com/LibRaw/LibRaw/commit/2f912f5b33582961b1cdbd9fd828589f8b78f21d,2f912f5b33582961b1cdbd9fd828589f8b78f21d,"['CWE-119', 'CWE-787']",
LibRaw,https://github.com/LibRaw/LibRaw/commit/19ffddb0fe1a4ffdb459b797ffcf7f490d28b5a6,19ffddb0fe1a4ffdb459b797ffcf7f490d28b5a6,"['CWE-399', 'CWE-369']",
LibRaw,https://github.com/LibRaw/LibRaw/commit/c14ae36d28e80139b2f31b5d9d7623db3b597a3a,c14ae36d28e80139b2f31b5d9d7623db3b597a3a,['CWE-399'],CVE-2013-2126
znc,https://github.com/znc/znc/commit/2bd410ee5570cea127233f1133ea22f25174eb28,2bd410ee5570cea127233f1133ea22f25174eb28,['CWE-703'],
linux,https://github.com/torvalds/linux/commit/f2815633504b442ca0b0605c16bf3d88a3a0fcea,f2815633504b442ca0b0605c16bf3d88a3a0fcea,['CWE-703'],
ZRTPCPP,https://github.com/wernerd/ZRTPCPP/commit/c8617100f359b217a974938c5539a1dd8a120b0e,c8617100f359b217a974938c5539a1dd8a120b0e,['CWE-119'],CVE-2013-2221
mongo,https://github.com/mongodb/mongo/commit/23344f8b7506df694f66999693ee3c00dfd6afae,23344f8b7506df694f66999693ee3c00dfd6afae,['CWE-264'],CVE-2013-4650
mongo,https://github.com/mongodb/mongo/commit/c5ad04549e40b1069029026081d9324e9e06156c,c5ad04549e40b1069029026081d9324e9e06156c,['CWE-264'],CVE-2013-4650
FreeRDP,https://github.com/FreeRDP/FreeRDP/commit/0dc22d5a30a1c7d146b2a835b2032668127c33e9,0dc22d5a30a1c7d146b2a835b2032668127c33e9,['CWE-476'],CVE-2013-4119
FreeRDP,https://github.com/FreeRDP/FreeRDP/commit/bceec083677a609ba2f06cc75924ab0accac5388,bceec083677a609ba2f06cc75924ab0accac5388,['CWE-476'],CVE-2013-4119
Little-CMS,https://github.com/mm2/Little-CMS/commit/91c2db7f2559be504211b283bc3a2c631d6f06d9,91c2db7f2559be504211b283bc3a2c631d6f06d9,['CWE-703'],
passenger,https://github.com/phusion/passenger/commit/5483b3292cc2af1c83033eaaadec20dba4dcfd9b,5483b3292cc2af1c83033eaaadec20dba4dcfd9b,"['CWE-59', 'CWE-61']",
passenger,https://github.com/phusion/passenger/commit/9dda49f4a3ebe9bafc48da1bd45799f30ce19566,9dda49f4a3ebe9bafc48da1bd45799f30ce19566,['CWE-59'],CVE-2013-4136
LibRaw,https://github.com/LibRaw/LibRaw/commit/11909cc59e712e09b508dda729b99aeaac2b29ad,11909cc59e712e09b508dda729b99aeaac2b29ad,['CWE-703'],
polarssl,https://github.com/polarssl/polarssl/commit/43f9799ce61c6392a014d0a2ea136b4b3a9ee194,43f9799ce61c6392a014d0a2ea136b4b3a9ee194,['CWE-310'],CVE-2013-5915
polarssl,https://github.com/polarssl/polarssl/commit/6b06502c4b19ce40a88faca3528b9f3f0c87a755,6b06502c4b19ce40a88faca3528b9f3f0c87a755,['CWE-310'],CVE-2013-5915
quassel,https://github.com/quassel/quassel/commit/aa1008be162cb27da938cce93ba533f54d228869,aa1008be162cb27da938cce93ba533f54d228869,['CWE-89'],CVE-2013-4422
libgadu,https://github.com/wojtekka/libgadu/commit/035e3cf6227995bdbe95f663a938a3838131e022,035e3cf6227995bdbe95f663a938a3838131e022,['CWE-310'],CVE-2013-4488
libgadu,https://github.com/wojtekka/libgadu/commit/04bde7415ff0d87267a2dfd78aa3ba8da6434389,04bde7415ff0d87267a2dfd78aa3ba8da6434389,['CWE-310'],CVE-2013-4488
libgadu,https://github.com/wojtekka/libgadu/commit/77fdc9351bf5c1913c7fc518f8a0c0c87ab3860f,77fdc9351bf5c1913c7fc518f8a0c0c87ab3860f,['CWE-310'],CVE-2013-4488
libgadu,https://github.com/wojtekka/libgadu/commit/23644f1fb8219031b3cac93289a588b05f90226b,23644f1fb8219031b3cac93289a588b05f90226b,['CWE-310'],CVE-2013-4488
libgadu,https://github.com/wojtekka/libgadu/commit/d882b15661ee94949919ebbbc43edf0db5f619cb,d882b15661ee94949919ebbbc43edf0db5f619cb,['CWE-310'],CVE-2013-4488
libgadu,https://github.com/wojtekka/libgadu/commit/6516e57766b4fa39d1c5b37379ea72a330598a13,6516e57766b4fa39d1c5b37379ea72a330598a13,['CWE-310'],CVE-2013-4488
krb5,https://github.com/krb5/krb5/commit/5d2d9a1abe46a2c1a8614d4672d08d9d30a5f8bf,5d2d9a1abe46a2c1a8614d4672d08d9d30a5f8bf,['CWE-476'],CVE-2013-1418
krb5,https://github.com/krb5/krb5/commit/c2ccf4197f697c4ff143b8a786acdd875e70a89d,c2ccf4197f697c4ff143b8a786acdd875e70a89d,['CWE-703'],
libreswan,https://github.com/libreswan/libreswan/commit/9b31deafbdbf0c2206358dfbf2d4e343e365f23f,9b31deafbdbf0c2206358dfbf2d4e343e365f23f,['CWE-189'],CVE-2013-4564
ruby,https://github.com/ruby/ruby/commit/5cb83d9dab13e14e6146f455ffd9fed4254d238f,5cb83d9dab13e14e6146f455ffd9fed4254d238f,['CWE-119'],CVE-2013-4164
ruby,https://github.com/ruby/ruby/commit/60c29bbbf6574e0e947c56e71c3c3ca11620ee15,60c29bbbf6574e0e947c56e71c3c3ca11620ee15,['CWE-119'],CVE-2013-4164
jansson,https://github.com/akheron/jansson/commit/42016a35c8907e477be73b0b5d06cc09af231ee4,42016a35c8907e477be73b0b5d06cc09af231ee4,['CWE-310'],CVE-2013-6401
memcached,https://github.com/memcached/memcached/commit/87c1cf0f20be20608d3becf854e9cf0910f4ad32,87c1cf0f20be20608d3becf854e9cf0910f4ad32,['CWE-287'],CVE-2013-7239
mongo,https://github.com/mongodb/mongo/commit/6889d1658136c753998b4a408dc8d1a3ec28e3b9,6889d1658136c753998b4a408dc8d1a3ec28e3b9,['CWE-20'],CVE-2012-6619
mongo,https://github.com/mongodb/mongo/commit/f9817a6cf64bdba8e1e1cef30a798110df746b58,f9817a6cf64bdba8e1e1cef30a798110df746b58,['CWE-20'],CVE-2012-6619
memcached,https://github.com/memcached/memcached/commit/fbe823d9a61b5149cd6e3b5e17bd28dd3b8dd760,fbe823d9a61b5149cd6e3b5e17bd28dd3b8dd760,['CWE-119'],CVE-2013-7291
cxxtools,https://github.com/maekitalo/cxxtools/commit/142bb2589dc184709857c08c1e10570947c444e3,142bb2589dc184709857c08c1e10570947c444e3,['CWE-399'],CVE-2013-7298
tntnet,https://github.com/maekitalo/tntnet/commit/9bd3b14042e12d84f39ea9f55731705ba516f525,9bd3b14042e12d84f39ea9f55731705ba516f525,['CWE-200'],CVE-2013-7299
tntnet,https://github.com/maekitalo/tntnet/commit/9d1a859e28b78bfbf769689454b529ac7709dee4,9d1a859e28b78bfbf769689454b529ac7709dee4,['CWE-200'],CVE-2013-7299
passenger,https://github.com/phusion/passenger/commit/94428057c602da3d6d34ef75c78091066ecac5c0,94428057c602da3d6d34ef75c78091066ecac5c0,['CWE-401'],
mumble,https://github.com/mumble-voip/mumble/commit/850649234d11685145193a59d72d98429e4f9ba7,850649234d11685145193a59d72d98429e4f9ba7,['CWE-119'],CVE-2014-0044
mumble,https://github.com/mumble-voip/mumble/commit/d3be3d7b96a5130e4b20f23e327b040ea4d0b079,d3be3d7b96a5130e4b20f23e327b040ea4d0b079,['CWE-189'],CVE-2014-0045
cinnamon-screensaver,https://github.com/mtwebster/cinnamon-screensaver/commit/da7af55f1fa966c52e15cc288d4f8928eca8cc9f,da7af55f1fa966c52e15cc288d4f8928eca8cc9f,['CWE-284'],CVE-2014-1949
postgres,https://github.com/postgres/postgres/commit/fea164a72a7bfd50d77ba5fb418d357f8f2bb7d0,fea164a72a7bfd50d77ba5fb418d357f8f2bb7d0,['CWE-264'],CVE-2014-0060
postgres,https://github.com/postgres/postgres/commit/537cbd35c893e67a63c59bc636c3e888bd228bc7,537cbd35c893e67a63c59bc636c3e888bd228bc7,['CWE-264'],CVE-2014-0061
postgres,https://github.com/postgres/postgres/commit/5f173040e324f6c2eebb90d86cf1b0cdb5890f0a,5f173040e324f6c2eebb90d86cf1b0cdb5890f0a,['CWE-362'],CVE-2014-0062
postgres,https://github.com/postgres/postgres/commit/01824385aead50e557ca1af28640460fa9877d51,01824385aead50e557ca1af28640460fa9877d51,['CWE-119'],CVE-2014-0065
file,https://github.com/file/file/commit/3c081560c23f20b2985c285338b52c7aae9fdb0f,3c081560c23f20b2985c285338b52c7aae9fdb0f,['CWE-755'],CVE-2014-1943
file,https://github.com/file/file/commit/cc9e74dfeca5265ad725acc926ef0b8d2a18ee70,cc9e74dfeca5265ad725acc926ef0b8d2a18ee70,['CWE-755'],CVE-2014-1943
file,https://github.com/file/file/commit/4afb9b168906f117e32a11367761cd50fe9d4abe,4afb9b168906f117e32a11367761cd50fe9d4abe,['CWE-755'],CVE-2014-1943
file,https://github.com/glensc/file/commit/c0c0032b9e9eb57b91fefef905a3b018bab492d9,c0c0032b9e9eb57b91fefef905a3b018bab492d9,['CWE-755'],CVE-2014-1943
lftp,https://github.com/lavv17/lftp/commit/6357bed2583171b7515af6bb6585cf56d2117e3f,6357bed2583171b7515af6bb6585cf56d2117e3f,['CWE-310'],CVE-2014-0139
openssh-portable,https://github.com/openssh/openssh-portable/commit/7d6a9fb660c808882d064e152d6070ffc3844c3f,7d6a9fb660c808882d064e152d6070ffc3844c3f,['CWE-20'],CVE-2014-2653
ModSecurity,https://github.com/SpiderLabs/ModSecurity/commit/f8d441cd25172fdfe5b613442fedfc0da3cc333d,f8d441cd25172fdfe5b613442fedfc0da3cc333d,"['CWE-703', 'CWE-264']",
linux,https://github.com/torvalds/linux/commit/edfbbf388f293d70bf4b7c0bc38774d05e6f711a,edfbbf388f293d70bf4b7c0bc38774d05e6f711a,['CWE-200'],
mod_wsgi,https://github.com/GrahamDumpleton/mod_wsgi/commit/d9d5fea585b23991f76532a9b07de7fcd3b649f4,d9d5fea585b23991f76532a9b07de7fcd3b649f4,['CWE-264'],CVE-2014-0240
mod_wsgi,https://github.com/GrahamDumpleton/mod_wsgi/commit/b0a149c1f5e569932325972e2e20176a42e43517,b0a149c1f5e569932325972e2e20176a42e43517,['CWE-200'],CVE-2014-0242
mod_wsgi,https://github.com/GrahamDumpleton/mod_wsgi/commit/545354a80b9cc20d8b6916ca30542eab36c3b8bd,545354a80b9cc20d8b6916ca30542eab36c3b8bd,['CWE-254'],CVE-2014-8583
lz4,https://github.com/Cyan4973/lz4/commit/da5373197e84ee49d75b8334d4510689731d6e90,da5373197e84ee49d75b8334d4510689731d6e90,['CWE-20'],CVE-2014-4611
FFmpeg,https://github.com/FFmpeg/FFmpeg/commit/d6af26c55c1ea30f85a7d9edbc373f53be1743ee,d6af26c55c1ea30f85a7d9edbc373f53be1743ee,['CWE-190'],CVE-2014-4610
FFmpeg,https://github.com/FFmpeg/FFmpeg/commit/cf2b7c01f81c1fb3283a1390c0ca9a2f81f4f4a8,cf2b7c01f81c1fb3283a1390c0ca9a2f81f4f4a8,['CWE-190'],CVE-2014-4610
krb5,https://github.com/krb5/krb5/commit/fb99962cbd063ac04c9a9d2cc7c75eab73f3533d,fb99962cbd063ac04c9a9d2cc7c75eab73f3533d,['CWE-125'],CVE-2014-4341
krb5,https://github.com/krb5/krb5/commit/524688ce87a15fc75f87efc8c039ba4c7d5c197b,524688ce87a15fc75f87efc8c039ba4c7d5c197b,['CWE-476'],
node,https://github.com/joyent/node/commit/530af9cb8e700e7596b3ec812bad123c9fa06356,530af9cb8e700e7596b3ec812bad123c9fa06356,"['CWE-20', 'CWE-119']",
file,https://github.com/file/file/commit/0641e56be1af003aa02c7c6b0184466540637233,0641e56be1af003aa02c7c6b0184466540637233,"['CWE-703', 'CWE-189']",
linux,https://github.com/torvalds/linux/commit/95389b08d93d5c06ec63ab49bd732b0069b7c35e,95389b08d93d5c06ec63ab49bd732b0069b7c35e,['CWE-399'],
libvncserver,https://github.com/newsoft/libvncserver/commit/045a044e8ae79db9244593fbce154cdf6e843273,045a044e8ae79db9244593fbce154cdf6e843273,['CWE-189'],CVE-2014-6051
libvncserver,https://github.com/newsoft/libvncserver/commit/85a778c0e45e87e35ee7199f1f25020648e8b812,85a778c0e45e87e35ee7199f1f25020648e8b812,['CWE-20'],CVE-2014-6052
libvncserver,https://github.com/newsoft/libvncserver/commit/6037a9074d52b1963c97cb28ea1096c7c14cbf28,6037a9074d52b1963c97cb28ea1096c7c14cbf28,['CWE-19'],CVE-2014-6053
libvncserver,https://github.com/newsoft/libvncserver/commit/05a9bd41a8ec0a9d580a8f420f41718bdd235446,05a9bd41a8ec0a9d580a8f420f41718bdd235446,['CWE-189'],CVE-2014-6054
libevent,https://github.com/libevent/libevent/commit/7b21c4eabf1f3946d3f63cce1319c490caab8ecf,7b21c4eabf1f3946d3f63cce1319c490caab8ecf,['CWE-189'],CVE-2014-6272
libevent,https://github.com/libevent/libevent/commit/20d6d4458bee5d88bda1511c225c25b2d3198d6c,20d6d4458bee5d88bda1511c225c25b2d3198d6c,['CWE-189'],CVE-2014-6272
libevent,https://github.com/libevent/libevent/commit/841ecbd96105c84ac2e7c9594aeadbcc6fb38bc4,841ecbd96105c84ac2e7c9594aeadbcc6fb38bc4,['CWE-189'],CVE-2014-6272
torque,https://github.com/adaptivecomputing/torque/commit/f2f4c950f3d461a249111c8826da3beaafccace9,f2f4c950f3d461a249111c8826da3beaafccace9,['CWE-264'],CVE-2014-3684
torque,https://github.com/adaptivecomputing/torque/commit/967cdc80150690459a47a35a658abeee0ca6e5cb,967cdc80150690459a47a35a658abeee0ca6e5cb,['CWE-264'],CVE-2014-3684
curl,https://github.com/bagder/curl/commit/b3875606925536f82fc61f3114ac42f29eaf6945,b3875606925536f82fc61f3114ac42f29eaf6945,['CWE-200'],CVE-2014-3707
quassel,https://github.com/quassel/quassel/commit/8b5ecd226f9208af3074b33d3b7cf5e14f55b138,8b5ecd226f9208af3074b33d3b7cf5e14f55b138,['CWE-125'],CVE-2014-8483
mod_auth_mellon,https://github.com/UNINETT/mod_auth_mellon/commit/47a767d5f37d1d3a1c004abbf8bb80d1b7eab328,47a767d5f37d1d3a1c004abbf8bb80d1b7eab328,['CWE-200'],CVE-2014-8566
aircrack-ng,https://github.com/aircrack-ng/aircrack-ng/commit/ff70494dd389ba570dbdbf36f217c28d4381c6b5,ff70494dd389ba570dbdbf36f217c28d4381c6b5,['CWE-787'],CVE-2014-8321
aircrack-ng,https://github.com/aircrack-ng/aircrack-ng/commit/091b153f294b9b695b0b2831e65936438b550d7b,091b153f294b9b695b0b2831e65936438b550d7b,['CWE-787'],
polarssl,https://github.com/polarssl/polarssl/commit/43c3b28ca6d22f51951e2bd563df039a9f4289ab,43c3b28ca6d22f51951e2bd563df039a9f4289ab,['CWE-310'],CVE-2014-8627
polarssl,https://github.com/polarssl/polarssl/commit/5d8618539f8e186c1b2c1b5a548d6f85936fe41f,5d8618539f8e186c1b2c1b5a548d6f85936fe41f,['CWE-310'],CVE-2014-8627
clamav-devel,https://github.com/vrtadmin/clamav-devel/commit/fc3794a54d2affe5770c1f876484a871c783e91e,fc3794a54d2affe5770c1f876484a871c783e91e,"['CWE-119', 'CWE-787']",
teeworlds,https://github.com/teeworlds/teeworlds/commit/a766cb44bcffcdb0b88e776d01c5ee1323d44f85,a766cb44bcffcdb0b88e776d01c5ee1323d44f85,['CWE-20'],
jasper,https://github.com/mdadams/jasper/commit/5dbe57e4808bea4b83a97e2f4aaf8c91ab6fdecb,5dbe57e4808bea4b83a97e2f4aaf8c91ab6fdecb,['CWE-189'],CVE-2014-9029
hivex,https://github.com/libguestfs/hivex/commit/357f26fa64fd1d9ccac2331fe174a8ee9c607adb,357f26fa64fd1d9ccac2331fe174a8ee9c607adb,['CWE-119'],CVE-2014-9273
hivex,https://github.com/libguestfs/hivex/commit/4bbdf555f88baeae0fa804a369a81a83908bd705,4bbdf555f88baeae0fa804a369a81a83908bd705,['CWE-119'],CVE-2014-9273
libyaml,https://github.com/yaml/libyaml/commit/e6aa721cc0e5a48f408c52355559fd36780ba32a,e6aa721cc0e5a48f408c52355559fd36780ba32a,['CWE-20'],CVE-2014-9130
file,https://github.com/file/file/commit/90018fe22ff8b74a22fcd142225b0a00f3f12677,90018fe22ff8b74a22fcd142225b0a00f3f12677,['CWE-399'],CVE-2014-8116
file,https://github.com/file/file/commit/6bf45271eb8e0e6577b92042ce2003ba998d1686,6bf45271eb8e0e6577b92042ce2003ba998d1686,['CWE-399'],CVE-2014-8116
jasper,https://github.com/mdadams/jasper/commit/c54113d6fa49f8f26d1572e972b806276c5b05d5,c54113d6fa49f8f26d1572e972b806276c5b05d5,['CWE-119'],CVE-2014-8138
krb5,https://github.com/krb5/krb5/commit/d1f707024f1d0af6e54a18885322d70fa15ec4d3,d1f707024f1d0af6e54a18885322d70fa15ec4d3,['CWE-476'],
krb5,https://github.com/krb5/krb5/commit/04038bf3633c4b909b5ded3072dc88c8c419bf16,04038bf3633c4b909b5ded3072dc88c8c419bf16,['CWE-703'],
jasper,https://github.com/mdadams/jasper/commit/3fd4067496d8ef70f11841d7492ddeb1f1d56915,3fd4067496d8ef70f11841d7492ddeb1f1d56915,['CWE-189'],CVE-2014-8157
jasper,https://github.com/mdadams/jasper/commit/0d64bde2b3ba7e1450710d540136a8ce4199ef30,0d64bde2b3ba7e1450710d540136a8ce4199ef30,['CWE-119'],CVE-2014-8158
krb5,https://github.com/krb5/krb5/commit/82dc33da50338ac84c7b4102dc6513d897d0506a,82dc33da50338ac84c7b4102dc6513d897d0506a,['CWE-703'],
krb5,https://github.com/krb5/krb5/commit/a197e92349a4aa2141b5dff12e9dd44c2a2166e3,a197e92349a4aa2141b5dff12e9dd44c2a2166e3,['CWE-703'],
postgres,https://github.com/postgres/postgres/commit/804b6b6db4dcfc590a468e7be390738f9f7755fb,804b6b6db4dcfc590a468e7be390738f9f7755fb,['CWE-209'],CVE-2014-8161
php-src,https://github.com/php/php-src/commit/b585a3aed7880a5fa5c18e2b838fc96f40e075bd,b585a3aed7880a5fa5c18e2b838fc96f40e075bd,['CWE-94'],
php-src,https://github.com/php/php-src/commit/ede59c8feb4b80e1b94e4abdaa0711051e2912ab,ede59c8feb4b80e1b94e4abdaa0711051e2912ab,['CWE-119'],CVE-2014-9652
postgres,https://github.com/postgres/postgres/commit/0150ab567bcf5e5913e2b62a1678f84cc272441f,0150ab567bcf5e5913e2b62a1678f84cc272441f,['CWE-120'],CVE-2015-0241
postgres,https://github.com/postgres/postgres/commit/29725b3db67ad3f09da1a7fb6690737d2f8d6c0a,29725b3db67ad3f09da1a7fb6690737d2f8d6c0a,['CWE-787'],CVE-2015-0242
postgres,https://github.com/postgres/postgres/commit/1dc75515868454c645ded22d38054ec693e23ec6,1dc75515868454c645ded22d38054ec693e23ec6,['CWE-120'],CVE-2015-0243
postgres,https://github.com/postgres/postgres/commit/2b3a8b20c2da9f39ffecae25ab7c66974fbc0d3b,2b3a8b20c2da9f39ffecae25ab7c66974fbc0d3b,['CWE-89'],CVE-2015-0244
file,https://github.com/file/file/commit/e96f86b5311572be1360ee0bb05d4926f8df3189,e96f86b5311572be1360ee0bb05d4926f8df3189,['CWE-20'],CVE-2014-9653
mysql-server,https://github.com/mysql/mysql-server/commit/dc45e408250c582eb532417a42cef5b5a8e2fe77,dc45e408250c582eb532417a42cef5b5a8e2fe77,['CWE-190'],CVE-2015-2305
krb5,https://github.com/krb5/krb5/commit/102bb6ebf20f9174130c85c3b052ae104e5073ec,102bb6ebf20f9174130c85c3b052ae104e5073ec,['CWE-703'],
linux,https://github.com/torvalds/linux/commit/600ddd6825543962fb807884169e57b580dba208,600ddd6825543962fb807884169e57b580dba208,['CWE-703'],
mongo,https://github.com/mongodb/mongo/commit/3a7e85ea1f672f702660e5472566234b1d19038e,3a7e85ea1f672f702660e5472566234b1d19038e,['CWE-20'],CVE-2015-1609
mongo,https://github.com/mongodb/mongo/commit/8f1c734c7f1862180f607c241fb167640889efba,8f1c734c7f1862180f607c241fb167640889efba,['CWE-20'],CVE-2015-1609
php-src,https://github.com/php/php-src/commit/ef8fc4b53d92fbfcd8ef1abbd6f2f5fe2c4a11e5,ef8fc4b53d92fbfcd8ef1abbd6f2f5fe2c4a11e5,['CWE-189'],CVE-2015-2331
linux,https://github.com/torvalds/linux/commit/06c8173eb92bbfc03a0fe8bb64315857d0badd06,06c8173eb92bbfc03a0fe8bb64315857d0badd06,['CWE-20'],
quassel,https://github.com/quassel/quassel/commit/b5e38970ffd55e2dd9f706ce75af9a8d7730b1b8,b5e38970ffd55e2dd9f706ce75af9a8d7730b1b8,['CWE-399'],
abrt,https://github.com/abrt/abrt/commit/a6cdfd6a16251447264d203e145624a96fa811e3,a6cdfd6a16251447264d203e145624a96fa811e3,['CWE-362'],CVE-2015-1862
wesnoth,https://github.com/wesnoth/wesnoth/commit/af61f9fdd15cd439da9e2fe5fa39d174c923eaae,af61f9fdd15cd439da9e2fe5fa39d174c923eaae,['CWE-200'],CVE-2015-0844
abrt,https://github.com/abrt/abrt/commit/fdf93685d4f3fc36fe50d34a11e24662c4cb2d8c,fdf93685d4f3fc36fe50d34a11e24662c4cb2d8c,['CWE-59'],CVE-2015-3315
abrt,https://github.com/abrt/abrt/commit/a4794b39efc62c9ba92b38b419de3babbbcd8cfb,a4794b39efc62c9ba92b38b419de3babbbcd8cfb,['CWE-59'],CVE-2015-3315
abrt,https://github.com/abrt/abrt/commit/2f948bdc09aa346616852a421ce1af2e03b39997,2f948bdc09aa346616852a421ce1af2e03b39997,['CWE-59'],CVE-2015-3315
abrt,https://github.com/abrt/abrt/commit/28ce40d8db91c1926a95f21ef19a980a8af88471,28ce40d8db91c1926a95f21ef19a980a8af88471,['CWE-59'],CVE-2015-3315
abrt,https://github.com/abrt/abrt/commit/af945ff58a698ce00c45059a05994ef53a13e192,af945ff58a698ce00c45059a05994ef53a13e192,['CWE-200'],CVE-2015-3142
abrt,https://github.com/abrt/abrt/commit/806bb07571b698d90169c3b73cb65cd09c900284,806bb07571b698d90169c3b73cb65cd09c900284,['CWE-200'],CVE-2015-3142
abrt,https://github.com/abrt/abrt/commit/b72616471ec52a009904689592f4f69e730a6f56,b72616471ec52a009904689592f4f69e730a6f56,['CWE-200'],CVE-2015-3142
abrt,https://github.com/abrt/abrt/commit/7269a2cc88735aee0d1fa62491b9efe73ab5c6e8,7269a2cc88735aee0d1fa62491b9efe73ab5c6e8,['CWE-200'],CVE-2015-3142
abrt,https://github.com/abrt/abrt/commit/3287aa12eb205cff95cdd00d6d6c5c9a4f8f0eca,3287aa12eb205cff95cdd00d6d6c5c9a4f8f0eca,['CWE-59'],CVE-2015-1869
abrt,https://github.com/abrt/abrt/commit/7417505e1d93cc95ec648b74e3c801bc67aacb9f,7417505e1d93cc95ec648b74e3c801bc67aacb9f,['CWE-59'],CVE-2015-1869
curl,https://github.com/bagder/curl/commit/31be461c6b659312100c47be6ddd5f0f569290f6,31be461c6b659312100c47be6ddd5f0f569290f6,['CWE-264'],CVE-2015-3143
curl,https://github.com/bagder/curl/commit/0583e87ada7a3cfb10904ae4ab61b339582c5bd3,0583e87ada7a3cfb10904ae4ab61b339582c5bd3,['CWE-119'],CVE-2015-3144
curl,https://github.com/bagder/curl/commit/b5f947b8ac0e282c61c75b69cd5b9d37dafc6959,b5f947b8ac0e282c61c75b69cd5b9d37dafc6959,['CWE-119'],CVE-2015-3145
curl,https://github.com/bagder/curl/commit/79b9d5f1a42578f807a6c94914bc65cbaa304b6d,79b9d5f1a42578f807a6c94914bc65cbaa304b6d,['CWE-284'],CVE-2015-3148
pdns,https://github.com/PowerDNS/pdns/commit/adb10be102ddd4d2baf7a8adbb5673946fe5e555,adb10be102ddd4d2baf7a8adbb5673946fe5e555,['CWE-399'],CVE-2015-1868
pdns,https://github.com/PowerDNS/pdns/commit/3ec3e0fc71bc89ac41c7e6d8cd3f323f25233881,3ec3e0fc71bc89ac41c7e6d8cd3f323f25233881,['CWE-399'],CVE-2015-1868
abrt,https://github.com/abrt/abrt/commit/c796c76341ee846cfb897ed645bac211d7d0a932,c796c76341ee846cfb897ed645bac211d7d0a932,['CWE-22'],CVE-2015-3151
abrt,https://github.com/abrt/abrt/commit/f3c2a6af3455b2882e28570e8a04f1c2d4500d5b,f3c2a6af3455b2882e28570e8a04f1c2d4500d5b,['CWE-22'],CVE-2015-3151
libreport,https://github.com/abrt/libreport/commit/239c4f7d1f47265526b39ad70106767d00805277,239c4f7d1f47265526b39ad70106767d00805277,['CWE-22'],CVE-2015-3151
abrt,https://github.com/abrt/abrt/commit/7a47f57975be0d285a2f20758e4572dca6d9cdd3,7a47f57975be0d285a2f20758e4572dca6d9cdd3,['CWE-22'],CVE-2015-3151
abrt,https://github.com/abrt/abrt/commit/b7f8bd20b7fb5b72f003ae3fa647c1d75f4218b7,b7f8bd20b7fb5b72f003ae3fa647c1d75f4218b7,['CWE-20'],CVE-2015-3150
abrt,https://github.com/abrt/abrt/commit/6e811d78e2719988ae291181f5b133af32ce62d8,6e811d78e2719988ae291181f5b133af32ce62d8,['CWE-20'],CVE-2015-3150
abrt,https://github.com/abrt/abrt/commit/7814554e0827ece778ca88fd90832bd4d05520b1,7814554e0827ece778ca88fd90832bd4d05520b1,['CWE-20'],CVE-2015-3150
libreport,https://github.com/abrt/libreport/commit/1951e7282043dfe1268d492aea056b554baedb75,1951e7282043dfe1268d492aea056b554baedb75,['CWE-20'],CVE-2015-3150
quassel,https://github.com/quassel/quassel/commit/6605882f41331c80f7ac3a6992650a702ec71283,6605882f41331c80f7ac3a6992650a702ec71283,['CWE-89'],CVE-2015-3427
libarchive,https://github.com/libarchive/libarchive/commit/e6c9668f3202215ddb71617b41c19b6f05acf008,e6c9668f3202215ddb71617b41c19b6f05acf008,['CWE-125'],CVE-2015-8915
mysql-server,https://github.com/mysql/mysql-server/commit/3bd5589e1a5a93f9c224badf983cd65c45215390,3bd5589e1a5a93f9c224badf983cd65c45215390,"['CWE-284', 'CWE-295']",
mysql-server,https://github.com/mysql/mysql-server/commit/b3e9211e48a3fb586e88b0270a175d2348935424,b3e9211e48a3fb586e88b0270a175d2348935424,['CWE-295'],CVE-2015-3152
linux,https://github.com/torvalds/linux/commit/a134f083e79fb4c3d0a925691e732c56911b4326,a134f083e79fb4c3d0a925691e732c56911b4326,['CWE-703'],
libexpat,https://github.com/libexpat/libexpat/commit/ba0f9c3b40c264b8dd392e02a7a060a8fa54f032,ba0f9c3b40c264b8dd392e02a7a060a8fa54f032,['CWE-119'],CVE-2015-2716
libexpat,https://github.com/libexpat/libexpat/commit/f0bec73b018caa07d3e75ec8dd967f3785d71bde,f0bec73b018caa07d3e75ec8dd967f3785d71bde,['CWE-119'],CVE-2015-2716
LibRaw,https://github.com/LibRaw/LibRaw/commit/4606c28f494a750892c5c1ac7903e62dd1c6fdb5,4606c28f494a750892c5c1ac7903e62dd1c6fdb5,['CWE-189'],CVE-2015-3885
pykerberos,https://github.com/02strich/pykerberos/commit/02d13860b25fab58e739f0e000bed0067b7c6f9c,02d13860b25fab58e739f0e000bed0067b7c6f9c,['CWE-287'],CVE-2015-3206
tidy-html5,https://github.com/htacg/tidy-html5/commit/c18f27a58792f7fbd0b30a0ff50d6b40a82f940d,c18f27a58792f7fbd0b30a0ff50d6b40a82f940d,['CWE-119'],CVE-2015-5522
freeradius-server,https://github.com/FreeRADIUS/freeradius-server/commit/874b39451702338389260edbfc52b381b20352ec,874b39451702338389260edbfc52b381b20352ec,['CWE-295'],CVE-2015-4680
wesnoth,https://github.com/wesnoth/wesnoth/commit/f8914468182e8d0a1551b430c0879ba236fe4d6d,f8914468182e8d0a1551b430c0879ba236fe4d6d,['CWE-200'],CVE-2015-5069
wesnoth,https://github.com/wesnoth/wesnoth/commit/b2738ffb2fdd2550ececb74f76f75583c43c8b59,b2738ffb2fdd2550ececb74f76f75583c43c8b59,['CWE-200'],CVE-2015-5069
node,https://github.com/joyent/node/commit/78b0e30954111cfaba0edbeee85450d8cbc6fdf6,78b0e30954111cfaba0edbeee85450d8cbc6fdf6,['CWE-119'],CVE-2015-5380
lxc,https://github.com/lxc/lxc/commit/f547349ea7ef3a6eae6965a95cb5986cd921bd99,f547349ea7ef3a6eae6965a95cb5986cd921bd99,['CWE-59'],CVE-2015-1331
lxc,https://github.com/lxc/lxc/commit/15ec0fd9d490dd5c8a153401360233c6ee947c24,15ec0fd9d490dd5c8a153401360233c6ee947c24,['CWE-17'],CVE-2015-1334
linux,https://github.com/torvalds/linux/commit/cd4a40174b71acd021877341684d8bb1dc8ea4ae,cd4a40174b71acd021877341684d8bb1dc8ea4ae,['CWE-703'],
ruby,https://github.com/ruby/ruby/commit/4600cf725a86ce31266153647ae5aa1197b1215b,4600cf725a86ce31266153647ae5aa1197b1215b,"['CWE-20', 'CWE-399']",
linux,https://github.com/torvalds/linux/commit/820f9f147dcce2602eefd9b575bbbd9ea14f0953,820f9f147dcce2602eefd9b575bbbd9ea14f0953,['CWE-703'],
linux,https://github.com/torvalds/linux/commit/f15133df088ecadd141ea1907f2c96df67c729f0,f15133df088ecadd141ea1907f2c96df67c729f0,['CWE-416'],
open-vm-tools,https://github.com/vmware/open-vm-tools/commit/c1304ce8bfd9c0c33999e496bf7049d5c3d45821,c1304ce8bfd9c0c33999e496bf7049d5c3d45821,['CWE-362'],CVE-2015-5191
open-vm-tools,https://github.com/vmware/open-vm-tools/commit/22e58289f71232310d30cf162b83b5151a937bac,22e58289f71232310d30cf162b83b5151a937bac,['CWE-362'],CVE-2015-5191
jasper,https://github.com/mdadams/jasper/commit/b35a05635e56f554870ce85f64293a3868793f69,b35a05635e56f554870ce85f64293a3868793f69,['CWE-415'],CVE-2015-5203
linux,https://github.com/torvalds/linux/commit/74e98eb085889b0d2d4908f59f6e00026063014f,74e98eb085889b0d2d4908f59f6e00026063014f,['CWE-703'],
openjpeg,https://github.com/uclouvain/openjpeg/commit/940100c28ae28931722290794889cf84a92c5f6f,940100c28ae28931722290794889cf84a92c5f6f,['CWE-416'],
linux,https://github.com/torvalds/linux/commit/744692dc059845b2a3022119871846e74d4f6e11,744692dc059845b2a3022119871846e74d4f6e11,['CWE-703'],
mbedtls,https://github.com/ARMmbed/mbedtls/commit/c988f32adde62a169ba340fee0da15aecd40e76e,c988f32adde62a169ba340fee0da15aecd40e76e,['CWE-119'],CVE-2015-5291
mbedtls,https://github.com/ARMmbed/mbedtls/commit/b1e325d6b2bd9c504536fbbd45dce348f0a6c40c,b1e325d6b2bd9c504536fbbd45dce348f0a6c40c,['CWE-119'],CVE-2015-5291
mbedtls,https://github.com/ARMmbed/mbedtls/commit/643a922c56b77235e88f106fb1b41c1a764cea5f,643a922c56b77235e88f106fb1b41c1a764cea5f,['CWE-119'],CVE-2015-5291
mbedtls,https://github.com/ARMmbed/mbedtls/commit/f3e6e4badb35760c9a543ee69b7449cb0cd9784b,f3e6e4badb35760c9a543ee69b7449cb0cd9784b,['CWE-119'],CVE-2015-5291
sddm,https://github.com/sddm/sddm/commit/4cfed6b0a625593fb43876f04badc4dd99799d86,4cfed6b0a625593fb43876f04badc4dd99799d86,"['CWE-284', 'CWE-264']",
ntp,https://github.com/ntp-project/ntp/commit/c4cd4aaf418f57f7225708a93bf48afb2bc9c1da,c4cd4aaf418f57f7225708a93bf48afb2bc9c1da,['CWE-20'],CVE-2015-7691
ntp,https://github.com/ntp-project/ntp/commit/c04c3d3d940dfe1a53132925c4f51aef017d2e0f,c04c3d3d940dfe1a53132925c4f51aef017d2e0f,['CWE-190'],CVE-2015-7848
ntp,https://github.com/ntp-project/ntp/commit/1bb401576f412532d8cdcca5509b85ad29605913,1bb401576f412532d8cdcca5509b85ad29605913,['CWE-416'],CVE-2015-7849
ntp,https://github.com/ntp-project/ntp/commit/bb928ef08eec020ef6008f3a140702ccc0536b8e,bb928ef08eec020ef6008f3a140702ccc0536b8e,['CWE-835'],CVE-2015-7850
ntp,https://github.com/ntp-project/ntp/commit/184516e143ce4448ddb5b9876dd372008cc779f6,184516e143ce4448ddb5b9876dd372008cc779f6,['CWE-22'],CVE-2015-7851
ntp,https://github.com/ntp-project/ntp/commit/07a5b8141e354a998a52994c3c9cd547927e56ce,07a5b8141e354a998a52994c3c9cd547927e56ce,['CWE-20'],CVE-2015-7852
ntp,https://github.com/ntp-project/ntp/commit/9c22e66c8f2be6aa0c846f0d9804db20f93c105d,9c22e66c8f2be6aa0c846f0d9804db20f93c105d,['CWE-120'],CVE-2015-7854
ntp,https://github.com/ntp-project/ntp/commit/ba716a464ecb20618560075f2e4e1051e5b6f24f,ba716a464ecb20618560075f2e4e1051e5b6f24f,['CWE-20'],CVE-2015-7855
ntp,https://github.com/ntp-project/ntp/commit/aa44b5835d69d8ee031736bb8ee2730a514edb7d,aa44b5835d69d8ee031736bb8ee2730a514edb7d,['CWE-287'],CVE-2015-7871
libebml,https://github.com/Matroska-Org/libebml/commit/88409e2a94dd3b40ff81d08bf6d92f486d036b24,88409e2a94dd3b40ff81d08bf6d92f486d036b24,['CWE-703'],
libmatroska,https://github.com/Matroska-Org/libmatroska/commit/0a2d3e3644a7453b6513db2f9bc270f77943573f,0a2d3e3644a7453b6513db2f9bc270f77943573f,"['CWE-200', 'CWE-399', 'CWE-119']",
libpng,https://github.com/glennrp/libpng/commit/81f44665cce4cb1373f049a76f3904e981b7a766,81f44665cce4cb1373f049a76f3904e981b7a766,['CWE-120'],CVE-2015-8126
libpng,https://github.com/glennrp/libpng/commit/a901eb3ce6087e0afeef988247f1a1aa208cb54d,a901eb3ce6087e0afeef988247f1a1aa208cb54d,['CWE-120'],CVE-2015-8126
libpng,https://github.com/glennrp/libpng/commit/1bef8e97995c33123665582e57d3ed40b57d5978,1bef8e97995c33123665582e57d3ed40b57d5978,['CWE-120'],CVE-2015-8126
libpng,https://github.com/glennrp/libpng/commit/83f4c735c88e7f451541c1528d8043c31ba3b466,83f4c735c88e7f451541c1528d8043c31ba3b466,['CWE-120'],CVE-2015-8126
libpng,https://github.com/glennrp/libpng/commit/9f2ad4928e47036cf1ac9b8fe45a491f15be2324,9f2ad4928e47036cf1ac9b8fe45a491f15be2324,['CWE-120'],CVE-2015-8126
linux,https://github.com/torvalds/linux/commit/8e20cf2bce122ce9262d6034ee5d5b76fbb92f96,8e20cf2bce122ce9262d6034ee5d5b76fbb92f96,"['CWE-476', 'CWE-401']",
LibRaw,https://github.com/LibRaw/LibRaw/commit/89d065424f09b788f443734d44857289489ca9e2,89d065424f09b788f443734d44857289489ca9e2,['CWE-129'],CVE-2015-8366
passenger,https://github.com/phusion/passenger/commit/ddb8ecc4ebf260e4967f57f271d4f5761abeac3e,ddb8ecc4ebf260e4967f57f271d4f5761abeac3e,"['CWE-20', 'CWE-476']",
linux,https://github.com/torvalds/linux/commit/cb3232138e37129e88240a98a1d2aba2187ff57c,cb3232138e37129e88240a98a1d2aba2187ff57c,['CWE-703'],
ntp,https://github.com/ntp-project/ntp/commit/71a962710bfe066f76da9679cf4cfdeffe34e95e,71a962710bfe066f76da9679cf4cfdeffe34e95e,['CWE-287'],CVE-2015-7974
linux,https://github.com/torvalds/linux/commit/23567fd052a9abb6d67fe8e7a9ccdd9800a540f2,23567fd052a9abb6d67fe8e7a9ccdd9800a540f2,['CWE-703'],
php-src,https://github.com/php/php-src/commit/4bb422343f29f06b7081323844d9b52e1a71e4a5,4bb422343f29f06b7081323844d9b52e1a71e4a5,['CWE-119'],CVE-2016-1903
php-src,https://github.com/php/php-src/commit/2baeb167a08b0186a885208bdc8b5871f1681dc8,2baeb167a08b0186a885208bdc8b5871f1681dc8,['CWE-119'],CVE-2016-1903
php-src,https://github.com/php/php-src/commit/aa8d3a8cc612ba87c0497275f58a2317a90fb1c4,aa8d3a8cc612ba87c0497275f58a2317a90fb1c4,['CWE-119'],CVE-2016-1903
jasper,https://github.com/mdadams/jasper/commit/980da43d8d388a67cac505e734423b2a5aa4cede,980da43d8d388a67cac505e734423b2a5aa4cede,['CWE-119'],CVE-2016-1867
php-src,https://github.com/php/php-src/commit/2871c70efaaaa0f102557a17c727fd4d5204dd4b,2871c70efaaaa0f102557a17c727fd4d5204dd4b,"['CWE-703', 'CWE-189']",
Pillow,https://github.com/python-pillow/Pillow/commit/a130c45990578a1bb0a6a000ed1b110e27324910,a130c45990578a1bb0a6a000ed1b110e27324910,['CWE-119'],CVE-2016-0740
linux,https://github.com/torvalds/linux/commit/23c8a812dc3c621009e4f0e5342aa4e2ede1ceaa,23c8a812dc3c621009e4f0e5342aa4e2ede1ceaa,['CWE-787'],
ntp,https://github.com/ntp-project/ntp/commit/c801a6a5f84d7f385a42e0073c94b2e0664f8ad2,c801a6a5f84d7f385a42e0073c94b2e0664f8ad2,['CWE-254'],CVE-2015-7973
ntp,https://github.com/ntp-project/ntp/commit/50ef2f62dc326bc9edac166b2b4ba5b5d8b4f7d4,50ef2f62dc326bc9edac166b2b4ba5b5d8b4f7d4,['CWE-254'],CVE-2015-7973
ntp,https://github.com/ntp-project/ntp/commit/12f1323d18c8d74eb14fb5ac5574183d779794c5,12f1323d18c8d74eb14fb5ac5574183d779794c5,['CWE-119'],CVE-2015-7975
ntp,https://github.com/ntp-project/ntp/commit/3680c2e4d5f88905ce062c7b43305d610a2c9796,3680c2e4d5f88905ce062c7b43305d610a2c9796,['CWE-254'],CVE-2015-7976
ntp,https://github.com/ntp-project/ntp/commit/8a0c765f3c47633fa262356b0818788d1cf249b1,8a0c765f3c47633fa262356b0818788d1cf249b1,['CWE-476'],CVE-2015-7977
ntp,https://github.com/ntp-project/ntp/commit/fe46889f7baa75fc8e6c0fcde87706d396ce1461,fe46889f7baa75fc8e6c0fcde87706d396ce1461,['CWE-19'],CVE-2015-7979
linux,https://github.com/torvalds/linux/commit/94f9cd81436c85d8c3a318ba92e236ede73752fc,94f9cd81436c85d8c3a318ba92e236ede73752fc,"['CWE-476', 'CWE-703']",
mysql-server,https://github.com/mysql/mysql-server/commit/0dbd5a8797ed4bd18e8b883988fb62177eb0f73f,0dbd5a8797ed4bd18e8b883988fb62177eb0f73f,['CWE-200'],
harfbuzz,https://github.com/behdad/harfbuzz/commit/63ef0b41dc48d6112d1918c1b1de9de8ea90adb5,63ef0b41dc48d6112d1918c1b1de9de8ea90adb5,['CWE-703'],
mysql-server,https://github.com/mysql/mysql-server/commit/13380bf81f6bc20d39549f531f9acebdfb5a8c37,13380bf81f6bc20d39549f531f9acebdfb5a8c37,['CWE-254'],CVE-2016-2047
mysql-server,https://github.com/mysql/mysql-server/commit/e7061f7e5a96c66cb2e0bf46bec7f6ff35801a69,e7061f7e5a96c66cb2e0bf46bec7f6ff35801a69,['CWE-254'],CVE-2016-2047
curl,https://github.com/curl/curl/commit/d41dcba4e9b69d6b761e3460cc6ae7e8fd8f621f,d41dcba4e9b69d6b761e3460cc6ae7e8fd8f621f,['CWE-287'],CVE-2016-0755
krb5,https://github.com/krb5/krb5/commit/b863de7fbf080b15e347a736fdda0a82d42f4f6b,b863de7fbf080b15e347a736fdda0a82d42f4f6b,['CWE-703'],
jasper,https://github.com/mdadams/jasper/commit/c87ad330a8b8d6e5eb0065675601fdfae08ebaab,c87ad330a8b8d6e5eb0065675601fdfae08ebaab,['CWE-20'],CVE-2016-2089
linux,https://github.com/torvalds/linux/commit/67f1aee6f45059fd6b0f5b0ecb2c97ad0451f6b3,67f1aee6f45059fd6b0f5b0ecb2c97ad0451f6b3,['CWE-703'],
libebml,https://github.com/Matroska-Org/libebml/commit/24e5cd7c666b1ddd85619d60486db0a5481c1b90,24e5cd7c666b1ddd85619d60486db0a5481c1b90,['CWE-200'],
libebml,https://github.com/Matroska-Org/libebml/commit/ababb64e0c792ad2a314245233db0833ba12036b,ababb64e0c792ad2a314245233db0833ba12036b,"['CWE-200', 'CWE-703']",
Pillow,https://github.com/python-pillow/Pillow/commit/ae453aa18b66af54e7ff716f4ccb33adca60afd4,ae453aa18b66af54e7ff716f4ccb33adca60afd4,"['CWE-119', 'CWE-787']",
libssh2,https://github.com/libssh2/libssh2/commit/ca5222ea819cc5ed797860070b4c6c1aeeb28420,ca5222ea819cc5ed797860070b4c6c1aeeb28420,['CWE-200'],CVE-2016-0787
linux,https://github.com/torvalds/linux/commit/07d86ca93db7e5cdf4743564d98292042ec21af7,07d86ca93db7e5cdf4743564d98292042ec21af7,['CWE-703'],
linux,https://github.com/torvalds/linux/commit/3446c13b268af86391d06611327006b059b8bab1,3446c13b268af86391d06611327006b059b8bab1,['CWE-20'],
linux,https://github.com/torvalds/linux/commit/030e2c78d3a91dd0d27fef37e91950dde333eba1,030e2c78d3a91dd0d27fef37e91950dde333eba1,['CWE-703'],
linux,https://github.com/torvalds/linux/commit/e50293ef9775c5f1cf3fcc093037dd6a8c5684ea,e50293ef9775c5f1cf3fcc093037dd6a8c5684ea,['CWE-703'],
ntopng,https://github.com/ntop/ntopng/commit/2e0620be3410f5e22c9aa47e261bc5a12be692c6,2e0620be3410f5e22c9aa47e261bc5a12be692c6,['CWE-254'],CVE-2015-8368
jasper,https://github.com/mdadams/jasper/commit/142245b9bbb33274a7c620aa7a8f85bc00b2d68e,142245b9bbb33274a7c620aa7a8f85bc00b2d68e,['CWE-399'],CVE-2016-2116
linux,https://github.com/torvalds/linux/commit/8835ba4a39cf53f705417b3b3a94eb067673f2c9,8835ba4a39cf53f705417b3b3a94eb067673f2c9,['CWE-703'],
linux,https://github.com/torvalds/linux/commit/5a07975ad0a36708c6b0a5b9fea1ff811d0b0c1f,5a07975ad0a36708c6b0a5b9fea1ff811d0b0c1f,['CWE-703'],
linux,https://github.com/torvalds/linux/commit/c55aee1bf0e6b6feec8b2927b43f7a09a6d5f754,c55aee1bf0e6b6feec8b2927b43f7a09a6d5f754,['CWE-703'],
linux,https://github.com/torvalds/linux/commit/4e9a0b05257f29cf4b75f3209243ed71614d062e,4e9a0b05257f29cf4b75f3209243ed71614d062e,['CWE-703'],
linux,https://github.com/torvalds/linux/commit/950336ba3e4a1ffd2ca60d29f6ef386dd2c7351d,950336ba3e4a1ffd2ca60d29f6ef386dd2c7351d,['CWE-703'],
linux,https://github.com/torvalds/linux/commit/9c6ba456711687b794dcf285856fc14e2c76074f,9c6ba456711687b794dcf285856fc14e2c76074f,['CWE-703'],
linux,https://github.com/torvalds/linux/commit/162f98dea487206d9ab79fc12ed64700667a894d,162f98dea487206d9ab79fc12ed64700667a894d,['CWE-703'],
linux,https://github.com/torvalds/linux/commit/4ec0ef3a82125efc36173062a50624550a900ae0,4ec0ef3a82125efc36173062a50624550a900ae0,['CWE-703'],
openjpeg,https://github.com/uclouvain/openjpeg/commit/ad593c9e0622e0d8d87228e67e4dbd36243ffd22,ad593c9e0622e0d8d87228e67e4dbd36243ffd22,['CWE-119'],CVE-2016-3182
krb5,https://github.com/krb5/krb5/commit/08c642c09c38a9c6454ab43a9b53b2a89b9eef99,08c642c09c38a9c6454ab43a9b53b2a89b9eef99,['CWE-703'],
linux,https://github.com/torvalds/linux/commit/a0ad220c96692eda76b2e3fd7279f3dcd1d8a8ff,a0ad220c96692eda76b2e3fd7279f3dcd1d8a8ff,['CWE-703'],
libsrtp,https://github.com/cisco/libsrtp/commit/704a31774db0dd941094fd2b47c21638b8dc3de2,704a31774db0dd941094fd2b47c21638b8dc3de2,['CWE-119'],CVE-2015-6360
libsrtp,https://github.com/cisco/libsrtp/commit/be95365fbb4788b688cab7af61c65b7989055fb4,be95365fbb4788b688cab7af61c65b7989055fb4,['CWE-119'],CVE-2015-6360
libsrtp,https://github.com/cisco/libsrtp/commit/be06686c8e98cc7bd934e10abb6f5e971d03f8ee,be06686c8e98cc7bd934e10abb6f5e971d03f8ee,['CWE-119'],CVE-2015-6360
libsrtp,https://github.com/cisco/libsrtp/commit/cdc69f2acde796a4152a250f869271298abc233f,cdc69f2acde796a4152a250f869271298abc233f,['CWE-119'],CVE-2015-6360
linux,https://github.com/torvalds/linux/commit/4d06dd537f95683aba3651098ae288b7cbff8274,4d06dd537f95683aba3651098ae288b7cbff8274,['CWE-703'],
linux,https://github.com/torvalds/linux/commit/1666984c8625b3db19a9abc298931d35ab7bc64b,1666984c8625b3db19a9abc298931d35ab7bc64b,['CWE-703'],
Pillow,https://github.com/python-pillow/Pillow/commit/4e0d9b0b9740d258ade40cce248c93777362ac1e,4e0d9b0b9740d258ade40cce248c93777362ac1e,"['CWE-119', 'CWE-787']",
Varnish-Cache,https://github.com/varnish/Varnish-Cache/commit/85e8468bec9416bd7e16b0d80cb820ecd2b330c3,85e8468bec9416bd7e16b0d80cb820ecd2b330c3,['CWE-269'],
botan,https://github.com/randombit/botan/commit/bcf13fa153a11b3e0ad54e2af6962441cea3adf1,bcf13fa153a11b3e0ad54e2af6962441cea3adf1,['CWE-200'],CVE-2016-2849
linux,https://github.com/torvalds/linux/commit/5ec0811d30378ae104f250bfc9b3640242d81e3f,5ec0811d30378ae104f250bfc9b3640242d81e3f,['CWE-703'],
linux,https://github.com/torvalds/linux/commit/92117d8443bc5afacc8d5ba82e541946310f106e,92117d8443bc5afacc8d5ba82e541946310f106e,['CWE-703'],
linux,https://github.com/torvalds/linux/commit/8358b02bf67d3a5d8a825070e1aa73f25fb2e4c7,8358b02bf67d3a5d8a825070e1aa73f25fb2e4c7,['CWE-703'],
curl,https://github.com/curl/curl/commit/6efd2fa529a189bf41736a610f6184cd8ad94b4d,6efd2fa529a189bf41736a610f6184cd8ad94b4d,['CWE-20'],CVE-2016-3739
openjpeg,https://github.com/uclouvain/openjpeg/commit/8f9cc62b3f9a1da9712329ddcedb9750d585505c,8f9cc62b3f9a1da9712329ddcedb9750d585505c,['CWE-369'],
linux,https://github.com/torvalds/linux/commit/45e093ae2830cd1264677d47ff9a95a71f5d9f9c,45e093ae2830cd1264677d47ff9a95a71f5d9f9c,['CWE-703'],
php-src,https://github.com/php/php-src/commit/97eff7eb57fc2320c267a949cffd622c38712484,97eff7eb57fc2320c267a949cffd622c38712484,['CWE-125'],
php-src,https://github.com/php/php-src/commit/abd159cce48f3e34f08e4751c568e09677d5ec9c,abd159cce48f3e34f08e4751c568e09677d5ec9c,['CWE-190'],
libusbmuxd,https://github.com/libimobiledevice/libusbmuxd/commit/4397b3376dc4e4cb1c991d0aed61ce6482614196,4397b3376dc4e4cb1c991d0aed61ce6482614196,"['CWE-284', 'CWE-703']",
php-src,https://github.com/php/php-src/commit/7a1aac3343af85b4af4df5f8844946eaa27394ab,7a1aac3343af85b4af4df5f8844946eaa27394ab,['CWE-125'],
php-src,https://github.com/php/php-src/commit/0da8b8b801f9276359262f1ef8274c7812d3dfda,0da8b8b801f9276359262f1ef8274c7812d3dfda,['CWE-190'],
php-src,https://github.com/php/php-src/commit/a5b5743d71fbd5ae944469a1ca443a1cdb30663a,a5b5743d71fbd5ae944469a1ca443a1cdb30663a,['CWE-190'],CVE-2016-5095
php-src,https://github.com/php/php-src/commit/da3886de6dc8edab3da14331227816d6ca8e9b96,da3886de6dc8edab3da14331227816d6ca8e9b96,['CWE-190'],CVE-2016-5095
libgd,https://github.com/libgd/libgd/commit/4dc1a2d7931017d3625f2d7cff70a17ce58b53b4,4dc1a2d7931017d3625f2d7cff70a17ce58b53b4,"['CWE-119', 'CWE-787']",
linux,https://github.com/torvalds/linux/commit/38327424b40bcebe2de92d07312c89360ac9229a,38327424b40bcebe2de92d07312c89360ac9229a,['CWE-703'],
linux,https://github.com/torvalds/linux/commit/2f36db71009304b3f0b95afacd8eba1f9f046b87,2f36db71009304b3f0b95afacd8eba1f9f046b87,"['CWE-119', 'CWE-787']",
php-src,https://github.com/php/php-src/commit/996faf964bba1aec06b153b370a7f20d3dd2bb8b,996faf964bba1aec06b153b370a7f20d3dd2bb8b,"['CWE-190', 'CWE-79']",
ImageMagick,https://github.com/ImageMagick/ImageMagick/commit/e9438e2a82d35b6657e908ff38ec0303f432b655,e9438e2a82d35b6657e908ff38ec0303f432b655,['CWE-190'],CVE-2016-5841
linux,https://github.com/torvalds/linux/commit/6217e5ede23285ddfee10d2e4ba0cc2d4c046205,6217e5ede23285ddfee10d2e4ba0cc2d4c046205,['CWE-703'],
libgd,https://github.com/libgd/libgd/commit/cfee163a5e848fc3e3fb1d05a30d7557cdd36457,cfee163a5e848fc3e3fb1d05a30d7557cdd36457,['CWE-190'],CVE-2016-5767
linux,https://github.com/torvalds/linux/commit/b35cc8225845112a616e3a2266d2fde5ab13d3ab,b35cc8225845112a616e3a2266d2fde5ab13d3ab,['CWE-703'],
ext-http,https://github.com/m6w6/ext-http/commit/3724cd76a28be1d6049b5537232e97ac567ae1f5,3724cd76a28be1d6049b5537232e97ac567ae1f5,['CWE-119'],CVE-2016-5873
ImageMagick,https://github.com/ImageMagick/ImageMagick/commit/803bc34ebe023f209f745baf8a112610ff77cc8c,803bc34ebe023f209f745baf8a112610ff77cc8c,['CWE-125'],CVE-2016-5010
collectd,https://github.com/collectd/collectd/commit/8b4fed9940e02138b7e273e56863df03d1a39ef7,8b4fed9940e02138b7e273e56863df03d1a39ef7,['CWE-119'],CVE-2016-6254
DBD-mysql,https://github.com/perl5-dbi/DBD-mysql/commit/a56ae87a4c1c1fead7d09c3653905841ccccf1cc,a56ae87a4c1c1fead7d09c3653905841ccccf1cc,['CWE-416'],CVE-2014-9906
curl,https://github.com/curl/curl/commit/75dc096e01ef1e21b6c57690d99371dedb2c0b80,75dc096e01ef1e21b6c57690d99371dedb2c0b80,['CWE-416'],CVE-2016-5421
libexif,https://github.com/libexif/libexif/commit/41bd04234b104312f54d25822f68738ba8d7133d,41bd04234b104312f54d25822f68738ba8d7133d,['CWE-190'],CVE-2016-6328
linux,https://github.com/torvalds/linux/commit/bb1fceca22492109be12640d49f5ea5a544c6bb4,bb1fceca22492109be12640d49f5ea5a544c6bb4,"['CWE-416', 'CWE-269']",
Little-CMS,https://github.com/mm2/Little-CMS/commit/d41071eb8cfea7aa10a9262c12bd95d5d9d81c8f,d41071eb8cfea7aa10a9262c12bd95d5d9d81c8f,['CWE-125'],CVE-2016-10165
linux,https://github.com/torvalds/linux/commit/497de07d89c1410d76a15bec2bb41f24a2a89f31,497de07d89c1410d76a15bec2bb41f24a2a89f31,"['CWE-284', 'CWE-285']",
optee_os,https://github.com/OP-TEE/optee_os/commit/30d13250c390c4f56adefdcd3b64b7cc672f9fe2,30d13250c390c4f56adefdcd3b64b7cc672f9fe2,['CWE-20'],CVE-2016-6129
openjpeg,https://github.com/uclouvain/openjpeg/commit/e078172b1c3f98d2219c37076b238fb759c751ea,e078172b1c3f98d2219c37076b238fb759c751ea,"['CWE-119', 'CWE-310']",
libtorrent,https://github.com/arvidn/libtorrent/commit/debf3c6e3688aab8394fe5c47737625faffe6f9e,debf3c6e3688aab8394fe5c47737625faffe6f9e,['CWE-20'],CVE-2016-7164
pdns,https://github.com/PowerDNS/pdns/commit/881b5b03a590198d03008e4200dd00cc537712f3,881b5b03a590198d03008e4200dd00cc537712f3,['CWE-399'],
mysql-server,https://github.com/mysql/mysql-server/commit/48bd8b16fe382be302c6f0b45931be5aa6f29a0e,48bd8b16fe382be302c6f0b45931be5aa6f29a0e,['CWE-264'],CVE-2016-6662
mysql-server,https://github.com/mysql/mysql-server/commit/7cb79a65ba6286ac66d5ebbebea3243ef97f5c41,7cb79a65ba6286ac66d5ebbebea3243ef97f5c41,['CWE-264'],CVE-2016-6662
ImageMagick,https://github.com/ImageMagick/ImageMagick/commit/450bd716ed3b9186dd10f9e60f630a3d9eeea2a4,450bd716ed3b9186dd10f9e60f630a3d9eeea2a4,"['CWE-119', 'CWE-787']",
ImageMagick,https://github.com/ImageMagick/ImageMagick/commit/ecf3f09e41160339919858beae8a7d14ab27e7c9,ecf3f09e41160339919858beae8a7d14ab27e7c9,['CWE-125'],CVE-2016-7516
ImageMagick,https://github.com/ImageMagick/ImageMagick/commit/2174484dfa68a594e2f9ad17f46217b6120db18d,2174484dfa68a594e2f9ad17f46217b6120db18d,['CWE-125'],CVE-2016-7519
ImageMagick,https://github.com/ImageMagick/ImageMagick/commit/7b93db1807ef8abf0c81df8b0fd047e5fb3f1c3f,7b93db1807ef8abf0c81df8b0fd047e5fb3f1c3f,['CWE-787'],CVE-2016-7531
ImageMagick,https://github.com/ImageMagick/ImageMagick/commit/533ea3b9047c67f9af49703de672f6c2e443f747,533ea3b9047c67f9af49703de672f6c2e443f747,['CWE-787'],CVE-2016-7535
mysql-server,https://github.com/mysql/mysql-server/commit/4e5473862e6852b0f3802b0cd0c6fa10b5253291,4e5473862e6852b0f3802b0cd0c6fa10b5253291,['CWE-362'],
ImageMagick,https://github.com/ImageMagick/ImageMagick/commit/c1cf4802653970c050d175a6496fa1f11b7c089e,c1cf4802653970c050d175a6496fa1f11b7c089e,['CWE-190'],CVE-2016-6823
systemd,https://github.com/systemd/systemd/commit/531ac2b2349da02acc9c382849758e07eb92b020,531ac2b2349da02acc9c382849758e07eb92b020,['CWE-20'],CVE-2016-7795
systemd,https://github.com/systemd/systemd/commit/9987750e7a4c62e0eb8473603150596ba7c3a015,9987750e7a4c62e0eb8473603150596ba7c3a015,['CWE-20'],CVE-2016-7795
systemd,https://github.com/systemd/systemd/commit/8523bf7dd514a3a2c6114b7b8fb8f308b4f09fc4,8523bf7dd514a3a2c6114b7b8fb8f308b4f09fc4,['CWE-20'],CVE-2016-7795
DBD-mysql,https://github.com/perl5-dbi/DBD-mysql/commit/7c164a0c86cec6ee95df1d141e67b0e85dfdefd2,7c164a0c86cec6ee95df1d141e67b0e85dfdefd2,['CWE-119'],CVE-2016-1246
kde-cli-tools,https://github.com/KDE/kde-cli-tools/commit/5eda179a099ba68a20dc21dc0da63e85a565a171,5eda179a099ba68a20dc21dc0da63e85a565a171,['CWE-94'],CVE-2016-7787
redis,https://github.com/antirez/redis/commit/6d9f8e2462fc2c426d48c941edeb78e5df7d2977,6d9f8e2462fc2c426d48c941edeb78e5df7d2977,"['CWE-119', 'CWE-787']",
Pillow,https://github.com/python-pillow/Pillow/commit/c50ebe6459a131a1ea8ca531f10da616d3ceaa0f,c50ebe6459a131a1ea8ca531f10da616d3ceaa0f,['CWE-190'],
Pillow,https://github.com/python-pillow/Pillow/commit/5d8a0be45aad78c5a22c8d099118ee26ef8144af,5d8a0be45aad78c5a22c8d099118ee26ef8144af,['CWE-284'],
ImageMagick,https://github.com/ImageMagick/ImageMagick/commit/aea6c6507f55632829e6432f8177a084a57c9fcc,aea6c6507f55632829e6432f8177a084a57c9fcc,['CWE-119'],CVE-2016-8862
ImageMagick,https://github.com/ImageMagick/ImageMagick/commit/ab2c9d6a8dd6d71b161ec9cc57a588b116b52322,ab2c9d6a8dd6d71b161ec9cc57a588b116b52322,['CWE-119'],CVE-2016-8866
jasper,https://github.com/mdadams/jasper/commit/69a1439a5381e42b06ec6a06ed2675eb793babee,69a1439a5381e42b06ec6a06ed2675eb793babee,['CWE-476'],CVE-2016-8882
jasper,https://github.com/mdadams/jasper/commit/33cc2cfa51a8d0fc3116d16cc1d8fc581b3f9e8d,33cc2cfa51a8d0fc3116d16cc1d8fc581b3f9e8d,['CWE-399'],CVE-2016-8883
jasper,https://github.com/mdadams/jasper/commit/65536647d380571d1a9a6c91fa03775fb5bbd256,65536647d380571d1a9a6c91fa03775fb5bbd256,['CWE-119'],CVE-2016-8886
memcached,https://github.com/memcached/memcached/commit/bd578fc34b96abe0f8d99c1409814a09f51ee71c,bd578fc34b96abe0f8d99c1409814a09f51ee71c,['CWE-190'],CVE-2016-8704
ImageMagick,https://github.com/ImageMagick/ImageMagick/commit/3cbfb163cff9e5b8cdeace8312e9bfee810ed02b,3cbfb163cff9e5b8cdeace8312e9bfee810ed02b,"['CWE-119', 'CWE-703']",
DBD-mysql,https://github.com/perl5-dbi/DBD-mysql/commit/793b72b1a0baa5070adacaac0e12fd995a6fbabe,793b72b1a0baa5070adacaac0e12fd995a6fbabe,['CWE-125'],CVE-2016-1249
teeworlds,https://github.com/teeworlds/teeworlds/commit/ff254722a2683867fcb3e67569ffd36226c4bc62,ff254722a2683867fcb3e67569ffd36226c4bc62,"['CWE-119', 'CWE-787']",
libexpat,https://github.com/libexpat/libexpat/commit/d4f735b88d9932bd5039df2335eefdd0723dbe20,d4f735b88d9932bd5039df2335eefdd0723dbe20,['CWE-190'],CVE-2016-9063
jasper,https://github.com/mdadams/jasper/commit/a712a2041085e7cd5f2b153e1532ac2a2954ffaa,a712a2041085e7cd5f2b153e1532ac2a2954ffaa,['CWE-190'],CVE-2016-9387
jasper,https://github.com/mdadams/jasper/commit/dee11ec440d7908d1daf69f40a3324b27cf213ba,dee11ec440d7908d1daf69f40a3324b27cf213ba,['CWE-703'],
jasper,https://github.com/mdadams/jasper/commit/1e84674d95353c64e5c4c0e7232ae86fd6ea813b,1e84674d95353c64e5c4c0e7232ae86fd6ea813b,['CWE-703'],
jasper,https://github.com/jasper-software/jasper/commit/c6f9fb6ec7fc97a5c4213f9077faf8622685d160,c6f9fb6ec7fc97a5c4213f9077faf8622685d160,['CWE-617'],CVE-2016-9398
jasper,https://github.com/jasper-software/jasper/commit/84d00fb29a22e360c2ff91bdc2cd81c288826bfc,84d00fb29a22e360c2ff91bdc2cd81c288826bfc,['CWE-617'],CVE-2016-9399
vim,https://github.com/vim/vim/commit/d0b5138ba4bccff8a744c99836041ef6322ed39a,d0b5138ba4bccff8a744c99836041ef6322ed39a,['CWE-20'],CVE-2016-1248
DBD-mysql,https://github.com/perl5-dbi/DBD-mysql/commit/3619c170461a3107a258d1fd2d00ed4832adb1b1,3619c170461a3107a258d1fd2d00ed4832adb1b1,['CWE-416'],CVE-2016-1251
w3m,https://github.com/tats/w3m/commit/67a3db378f5ee3047c158eae4342f7e3245a2ab1,67a3db378f5ee3047c158eae4342f7e3245a2ab1,['CWE-119'],CVE-2016-9422
w3m,https://github.com/tats/w3m/commit/9f0bdcfdf061db3520bd1f112bdc5e83acdec4be,9f0bdcfdf061db3520bd1f112bdc5e83acdec4be,['CWE-119'],CVE-2016-9423
w3m,https://github.com/tats/w3m/commit/a25fd09f74fb83499396935a96d63bb7cb8e2c58,a25fd09f74fb83499396935a96d63bb7cb8e2c58,['CWE-119'],CVE-2016-9424
w3m,https://github.com/tats/w3m/commit/4e464819dd360ffd3d58fa2a89216fe413cfcc74,4e464819dd360ffd3d58fa2a89216fe413cfcc74,['CWE-119'],CVE-2016-9425
w3m,https://github.com/tats/w3m/commit/b910f0966d9efea93ea8cef491000a83ffb49c5e,b910f0966d9efea93ea8cef491000a83ffb49c5e,['CWE-190'],CVE-2016-9426
bdwgc,https://github.com/ivmai/bdwgc/commit/4e1a6f9d8f2a49403bbd00b8c8e5324048fb84d4,4e1a6f9d8f2a49403bbd00b8c8e5324048fb84d4,['CWE-119'],CVE-2016-9427
bdwgc,https://github.com/ivmai/bdwgc/commit/7292c02fac2066d39dd1bcc37d1a7054fd1e32ee,7292c02fac2066d39dd1bcc37d1a7054fd1e32ee,['CWE-119'],CVE-2016-9427
w3m,https://github.com/tats/w3m/commit/d01de738f599441740437c6600dd5b1ae7155d27,d01de738f599441740437c6600dd5b1ae7155d27,['CWE-119'],CVE-2016-9429
w3m,https://github.com/tats/w3m/commit/59b91cd8e30c86f23476fa81ae005cabff49ebb6,59b91cd8e30c86f23476fa81ae005cabff49ebb6,['CWE-476'],CVE-2016-9430
w3m,https://github.com/tats/w3m/commit/807e8b7fbffca6dcaf5db40e35f05d05c5cf02d3,807e8b7fbffca6dcaf5db40e35f05d05c5cf02d3,['CWE-119'],CVE-2016-9432
w3m,https://github.com/tats/w3m/commit/7b88478227978a8d673b4dd0e05eee410cc33330,7b88478227978a8d673b4dd0e05eee410cc33330,['CWE-119'],CVE-2016-9432
w3m,https://github.com/tats/w3m/commit/9cf6926c5d947371dc9e44f32bc7a2fbfca5d469,9cf6926c5d947371dc9e44f32bc7a2fbfca5d469,['CWE-125'],CVE-2016-9433
w3m,https://github.com/tats/w3m/commit/3d4eeda9ec0cb91e23bab7dc260d4c515119eb4b,3d4eeda9ec0cb91e23bab7dc260d4c515119eb4b,['CWE-476'],CVE-2016-9434
w3m,https://github.com/tats/w3m/commit/33509cc81ec5f2ba44eb6fd98bd5c1b5873e46bd,33509cc81ec5f2ba44eb6fd98bd5c1b5873e46bd,"['CWE-20', 'CWE-476']",
w3m,https://github.com/tats/w3m/commit/67be73b03a5ad581e331ec97cb275cd8a52719ed,67be73b03a5ad581e331ec97cb275cd8a52719ed,['CWE-119'],CVE-2016-9437
w3m,https://github.com/tats/w3m/commit/010b68580dc50ce183df11cc79721936ab5c4f25,010b68580dc50ce183df11cc79721936ab5c4f25,['CWE-476'],CVE-2016-9438
w3m,https://github.com/tats/w3m/commit/f393faf55975a94217df479e1bd06ee4403c6958,f393faf55975a94217df479e1bd06ee4403c6958,['CWE-119'],CVE-2016-9439
w3m,https://github.com/tats/w3m/commit/ec99f186380d26ebf791569fdbc56dae60632365,ec99f186380d26ebf791569fdbc56dae60632365,['CWE-119'],CVE-2016-9439
w3m,https://github.com/tats/w3m/commit/4a8d16fc8d08206dd7142435054ee38ff41805b7,4a8d16fc8d08206dd7142435054ee38ff41805b7,['CWE-476'],CVE-2016-9440
w3m,https://github.com/tats/w3m/commit/a6257663824c63abb3c62c4dd62455fe6f63d958,a6257663824c63abb3c62c4dd62455fe6f63d958,['CWE-476'],CVE-2016-9441
w3m,https://github.com/tats/w3m/commit/ec9eb22e008a69ea9dc21fdca4b9b836679965ee,ec9eb22e008a69ea9dc21fdca4b9b836679965ee,['CWE-476'],CVE-2016-9443
w3m,https://github.com/tats/w3m/commit/22d29c3d11bdfec80164789a99c36cc674340914,22d29c3d11bdfec80164789a99c36cc674340914,['CWE-476'],CVE-2016-9443
w3m,https://github.com/tats/w3m/commit/af592aa5f154f1b0366513ddc2f545032a7b8721,af592aa5f154f1b0366513ddc2f545032a7b8721,['CWE-476'],CVE-2016-9623
w3m,https://github.com/tats/w3m/commit/e2c7ecec6f9b730ad3c9bf8c8df9212970f183d7,e2c7ecec6f9b730ad3c9bf8c8df9212970f183d7,['CWE-476'],CVE-2016-9624
w3m,https://github.com/tats/w3m/commit/ff8510ab954ac5db478964351f6a78891c34f1d8,ff8510ab954ac5db478964351f6a78891c34f1d8,['CWE-119'],CVE-2016-9625
w3m,https://github.com/tats/w3m/commit/e458def067859615ce4bc7170733d368f49d63c2,e458def067859615ce4bc7170733d368f49d63c2,['CWE-119'],CVE-2016-9626
w3m,https://github.com/tats/w3m/commit/0c3f5d0e0d9269ad47b8f4b061d7818993913189,0c3f5d0e0d9269ad47b8f4b061d7818993913189,['CWE-119'],CVE-2016-9627
w3m,https://github.com/tats/w3m/commit/a088e0263c48ba406a7ae0932a1ae64a25be7acd,a088e0263c48ba406a7ae0932a1ae64a25be7acd,['CWE-476'],CVE-2016-9629
w3m,https://github.com/tats/w3m/commit/ba9d78faeba9024c3e8840579c3b0e959ae2cb0f,ba9d78faeba9024c3e8840579c3b0e959ae2cb0f,['CWE-119'],CVE-2016-9630
w3m,https://github.com/tats/w3m/commit/716bc126638393c733399d11d3228edb82877faa,716bc126638393c733399d11d3228edb82877faa,['CWE-119'],CVE-2016-9632
ImageMagick,https://github.com/ImageMagick/ImageMagick/commit/4e8c2ed53fcb54a34b3a6185b2584f26cf6874a3,4e8c2ed53fcb54a34b3a6185b2584f26cf6874a3,['CWE-119'],CVE-2016-9773
gst-plugins-good,https://github.com/GStreamer/gst-plugins-good/commit/b31c504645a814c59d91d49e4fe218acaf93f4ca,b31c504645a814c59d91d49e4fe218acaf93f4ca,['CWE-125'],CVE-2016-9810
gst-plugins-base,https://github.com/GStreamer/gst-plugins-base/commit/2fdccfd64fc609e44e9c4b8eed5bfdc0ab9c9095,2fdccfd64fc609e44e9c4b8eed5bfdc0ab9c9095,['CWE-125'],CVE-2016-9811
gst-plugins-bad,https://github.com/GStreamer/gst-plugins-bad/commit/d58f668ece8795bddb3316832e1848c7b7cf38ac,d58f668ece8795bddb3316832e1848c7b7cf38ac,['CWE-125'],CVE-2016-9812
gst-plugins-bad,https://github.com/GStreamer/gst-plugins-bad/commit/7b12593cceaa0726d7fc370a7556a8e773ccf318,7b12593cceaa0726d7fc370a7556a8e773ccf318,['CWE-476'],CVE-2016-9813
libgd,https://github.com/libgd/libgd/commit/77f619d48259383628c3ec4654b1ad578e9eb40e,77f619d48259383628c3ec4654b1ad578e9eb40e,"['CWE-119', 'CWE-787']",
jasper,https://github.com/mdadams/jasper/commit/99a50593254d1b53002719bbecfc946c84b23d27,99a50593254d1b53002719bbecfc946c84b23d27,['CWE-125'],CVE-2016-9583
jasper,https://github.com/mdadams/jasper/commit/03fe49ab96bf65fea784cdc256507ea88267fc7c,03fe49ab96bf65fea784cdc256507ea88267fc7c,['CWE-416'],CVE-2016-9591
ImageMagick,https://github.com/ImageMagick/ImageMagick/commit/e5fd9ab1b70b2edd06de8efb606e04482cb9a2f0,e5fd9ab1b70b2edd06de8efb606e04482cb9a2f0,['CWE-787'],CVE-2016-8707
libpng,https://github.com/glennrp/libpng/commit/812768d7a9c973452222d454634496b25ed415eb,812768d7a9c973452222d454634496b25ed415eb,['CWE-476'],CVE-2016-10087
jasper,https://github.com/mdadams/jasper/commit/a632c6b54bd4ffc3bebab420e00b7e7688aa3846,a632c6b54bd4ffc3bebab420e00b7e7688aa3846,['CWE-476'],CVE-2016-9600
libvncserver,https://github.com/LibVNC/libvncserver/commit/5418e8007c248bf9668d22a8c1fa9528149b69f2,5418e8007c248bf9668d22a8c1fa9528149b69f2,['CWE-119'],CVE-2016-9941
libvncserver,https://github.com/LibVNC/libvncserver/commit/5fff4353f66427b467eb29e5fdc1da4f2be028bb,5fff4353f66427b467eb29e5fdc1da4f2be028bb,['CWE-119'],CVE-2016-9942
irssi,https://github.com/irssi/irssi/commit/6c6c42e3d1b49d90aacc0b67f8540471cae02a1d,6c6c42e3d1b49d90aacc0b67f8540471cae02a1d,['CWE-476'],CVE-2017-5193
ruby,https://github.com/ruby/ruby/commit/bcc2421b4938fc1d9f5f3fb6ef2320571b27af42,bcc2421b4938fc1d9f5f3fb6ef2320571b27af42,['CWE-119'],CVE-2016-2339
opus,https://github.com/xiph/opus/commit/79e8f527b0344b0897a65be35e77f7885bd99409,79e8f527b0344b0897a65be35e77f7885bd99409,['CWE-190'],CVE-2017-0381
hexchat,https://github.com/hexchat/hexchat/commit/15600f405f2d5bda6ccf0dd73957395716e0d4d3,15600f405f2d5bda6ccf0dd73957395716e0d4d3,['CWE-22'],CVE-2016-2087
hexchat,https://github.com/hexchat/hexchat/commit/4e061a43b3453a9856d34250c3913175c45afe9d,4e061a43b3453a9856d34250c3913175c45afe9d,['CWE-22'],CVE-2016-2087
linux,https://github.com/torvalds/linux/commit/c4e490cf148e85ead0d1b1c2caaba833f1d5b29f,c4e490cf148e85ead0d1b1c2caaba833f1d5b29f,['CWE-703'],
jasper,https://github.com/jasper-software/jasper/commit/e2f2e5f4022baef2386eec25c57b63debfe4cb20,e2f2e5f4022baef2386eec25c57b63debfe4cb20,['CWE-787'],CVE-2017-5503
jasper,https://github.com/jasper-software/jasper/commit/8c4e99592e7da53a9de2934bc7781535d0e0595d,8c4e99592e7da53a9de2934bc7781535d0e0595d,['CWE-190'],CVE-2017-5499
roundcubemail,https://github.com/roundcube/roundcubemail/commit/7c96646de0efda16cded8491138bfefe31aca940,7c96646de0efda16cded8491138bfefe31aca940,['CWE-74'],CVE-2015-2180
libplist,https://github.com/libimobiledevice/libplist/commit/4765d9a60ca4248a8f89289271ac69cbffcc29bc,4765d9a60ca4248a8f89289271ac69cbffcc29bc,['CWE-125'],CVE-2017-5834
libplist,https://github.com/libimobiledevice/libplist/commit/26061aac4ec75e7a4469a9aab9a424716223e5c4,26061aac4ec75e7a4469a9aab9a424716223e5c4,['CWE-770'],CVE-2017-5835
libplist,https://github.com/libimobiledevice/libplist/commit/7a28a14cf6ed547dfd2e52a4db17f47242bfdef9,7a28a14cf6ed547dfd2e52a4db17f47242bfdef9,['CWE-415'],CVE-2017-5836
gst-plugins-good,https://github.com/GStreamer/gst-plugins-good/commit/87a2c140ca54c5128093377e9b25a5c24b346727,87a2c140ca54c5128093377e9b25a5c24b346727,['CWE-125'],CVE-2016-10198
gst-plugins-good,https://github.com/GStreamer/gst-plugins-good/commit/d0949baf3dadea6021d54abef6802fed5a06af75,d0949baf3dadea6021d54abef6802fed5a06af75,['CWE-125'],CVE-2016-10199
gst-plugins-base,https://github.com/GStreamer/gst-plugins-base/commit/81d3ba3fa212bb25fe2ac661993887c4b69af6f1,81d3ba3fa212bb25fe2ac661993887c4b69af6f1,['CWE-369'],CVE-2017-5837
gstreamer,https://github.com/GStreamer/gstreamer/commit/9398b7f1a75b38844ae7050b5a7967e4cdebe24f,9398b7f1a75b38844ae7050b5a7967e4cdebe24f,['CWE-125'],CVE-2017-5838
gst-plugins-base,https://github.com/GStreamer/gst-plugins-base/commit/5d505d108800cef210f67dcfed2801ba36beac2a,5d505d108800cef210f67dcfed2801ba36beac2a,['CWE-369'],CVE-2017-5844
vim,https://github.com/vim/vim/commit/399c297aa93afe2c0a39e2a1b3f972aebba44c9d,399c297aa93afe2c0a39e2a1b3f972aebba44c9d,['CWE-190'],CVE-2017-5953
mysql-server,https://github.com/mysql/mysql-server/commit/4797ea0b772d5f4c5889bc552424132806f46e93,4797ea0b772d5f4c5889bc552424132806f46e93,['CWE-416'],CVE-2017-3302
mod_auth_openidc,https://github.com/pingidentity/mod_auth_openidc/commit/612e309bfffd6f9b8ad7cdccda3019fc0865f3b4,612e309bfffd6f9b8ad7cdccda3019fc0865f3b4,['CWE-20'],
mod_auth_openidc,https://github.com/pingidentity/mod_auth_openidc/commit/e81822a7d5f5bdf04ba03ca92680821893303850,e81822a7d5f5bdf04ba03ca92680821893303850,['CWE-287'],CVE-2017-6062
avahi,https://github.com/lathiat/avahi/commit/e111def44a7df4624a4aa3f85fe98054bffb6b4f,e111def44a7df4624a4aa3f85fe98054bffb6b4f,['CWE-346'],CVE-2017-6519
vim,https://github.com/vim/vim/commit/3eb1637b1bba19519885dd6d377bd5596e91d22c,3eb1637b1bba19519885dd6d377bd5596e91d22c,['CWE-190'],CVE-2017-6349
vim,https://github.com/vim/vim/commit/0c8485f0e4931463c0f7986e1ea84a7d79f10c75,0c8485f0e4931463c0f7986e1ea84a7d79f10c75,['CWE-190'],CVE-2017-6350
linux,https://github.com/torvalds/linux/commit/4c03b862b12f980456f9de92db6d508a4999b788,4c03b862b12f980456f9de92db6d508a4999b788,['CWE-200'],
mod_auth_openidc,https://github.com/pingidentity/mod_auth_openidc/commit/21e3728a825c41ab41efa75e664108051bb9665e,21e3728a825c41ab41efa75e664108051bb9665e,['CWE-287'],CVE-2017-6413
qBittorrent,https://github.com/qbittorrent/qBittorrent/commit/6ca3e4f094da0a0017cb2d483ec1db6176bb0b16,6ca3e4f094da0a0017cb2d483ec1db6176bb0b16,"['CWE-20', 'CWE-79']",
qBittorrent,https://github.com/qbittorrent/qBittorrent/commit/f5ad04766f4abaa78374ff03704316f8ce04627d,f5ad04766f4abaa78374ff03704316f8ce04627d,['CWE-20'],
mod_auth_mellon,https://github.com/UNINETT/mod_auth_mellon/commit/7af21c53da7bb1de024274ee6da30bc22316a079,7af21c53da7bb1de024274ee6da30bc22316a079,['CWE-79'],CVE-2017-6807
mysql-server,https://github.com/mysql/mysql-server/commit/0002e1380d5f8c113b6bce91f2cf3f75136fd7c7,0002e1380d5f8c113b6bce91f2cf3f75136fd7c7,['CWE-319'],CVE-2017-3305
mysql-server,https://github.com/mysql/mysql-server/commit/060b1eadf4913f7066484ea34ec62feead1bca44,060b1eadf4913f7066484ea34ec62feead1bca44,['CWE-319'],CVE-2017-3305
ytnef,https://github.com/Yeraze/ytnef/commit/3cb0f914d6427073f262e1b2b5fd973e3043cdf7,3cb0f914d6427073f262e1b2b5fd973e3043cdf7,"['CWE-399', 'CWE-125']",
ioq3,https://github.com/ioquake/ioq3/commit/376267d534476a875d8b9228149c4ee18b74a4fd,376267d534476a875d8b9228149c4ee18b74a4fd,['CWE-269'],CVE-2017-6903
linux,https://github.com/torvalds/linux/commit/677e806da4d916052585301785d847c3b3e6186a,677e806da4d916052585301785d847c3b3e6186a,['CWE-284'],
linux,https://github.com/torvalds/linux/commit/f843ee6dd019bcece3e74e76ad9df0155655d0df,f843ee6dd019bcece3e74e76ad9df0155655d0df,['CWE-284'],
linux,https://github.com/torvalds/linux/commit/1ebb71143758f45dc0fa76e2f48429e13b16d110,1ebb71143758f45dc0fa76e2f48429e13b16d110,['CWE-703'],
collectd,https://github.com/collectd/collectd/commit/f6be4f9b49b949b379326c3d7002476e6ce4f211,f6be4f9b49b949b379326c3d7002476e6ce4f211,['CWE-835'],CVE-2017-7401
libarchive,https://github.com/libarchive/libarchive/commit/42a3408ac7df1e69bea9ea12b72e14f59f7400c0,42a3408ac7df1e69bea9ea12b72e14f59f7400c0,['CWE-476'],CVE-2016-10209
ImageMagick,https://github.com/ImageMagick/ImageMagick/commit/a80ee0ee1a083b4991d12ed4c07b7c7c5890f329,a80ee0ee1a083b4991d12ed4c07b7c7c5890f329,['CWE-835'],CVE-2017-7619
ImageMagick,https://github.com/ImageMagick/ImageMagick/commit/b218117cad34d39b9ffb587b45c71c5a49b12bde,b218117cad34d39b9ffb587b45c71c5a49b12bde,['CWE-20'],CVE-2017-7606
mysql-server,https://github.com/mysql/mysql-server/commit/f4165eae6384141905dd39d22c7611ea85de08f4,f4165eae6384141905dd39d22c7611ea85de08f4,['CWE-190'],CVE-2017-3599
capnproto,https://github.com/sandstorm-io/capnproto/commit/52bc956459a5e83d7c31be95763ff6399e064ae4,52bc956459a5e83d7c31be95763ff6399e064ae4,['CWE-20'],CVE-2017-7892
libplist,https://github.com/libimobiledevice/libplist/commit/fdebf8b319b9280cd0e9b4382f2c7cbf26ef9325,fdebf8b319b9280cd0e9b4382f2c7cbf26ef9325,['CWE-190'],CVE-2017-7982
smb4k,https://github.com/KDE/smb4k/commit/71554140bdaede27b95dbe4c9b5a028a83c83cce,71554140bdaede27b95dbe4c9b5a028a83c83cce,['CWE-20'],CVE-2017-8849
menu-cache,https://github.com/lxde/menu-cache/commit/56f66684592abf257c4004e6e1fff041c64a12ce,56f66684592abf257c4004e6e1fff041c64a12ce,['CWE-20'],CVE-2017-8933
LibRaw,https://github.com/LibRaw/LibRaw/commit/d7c3d2cb460be10a3ea7b32e9443a83c243b2251,d7c3d2cb460be10a3ea7b32e9443a83c243b2251,"['CWE-476', 'CWE-119']",
php-src,https://github.com/php/php-src/commit/f1ce8d5f5839cb2069ea37ff424fb96b8cd6932d,f1ce8d5f5839cb2069ea37ff424fb96b8cd6932d,['CWE-787'],CVE-2017-8923
php-src,https://github.com/php/php-src/commit/760ff841a14160f25348f7969985cb8a2c4da3cc,760ff841a14160f25348f7969985cb8a2c4da3cc,['CWE-787'],CVE-2017-8923
linux,https://github.com/torvalds/linux/commit/83eaddab4378db256d00d295bda6ca997cd13a52,83eaddab4378db256d00d295bda6ca997cd13a52,['CWE-241'],
linux,https://github.com/torvalds/linux/commit/fdcee2cbb8438702ea1b328fb6e0ac5e9a40c7f8,fdcee2cbb8438702ea1b328fb6e0ac5e9a40c7f8,['CWE-241'],
cryptopp,https://github.com/weidai11/cryptopp/commit/07dbcc3d9644b18e05c1776db2a57fe04d780965,07dbcc3d9644b18e05c1776db2a57fe04d780965,"['CWE-190', 'CWE-125']",
ImageMagick,https://github.com/ImageMagick/ImageMagick/commit/fbb14283450d3001403e7d9725566dd4fb2c3bb5,fbb14283450d3001403e7d9725566dd4fb2c3bb5,['CWE-772'],CVE-2017-9405
ImageMagick,https://github.com/ImageMagick/ImageMagick/commit/3a7e63bc27e3e84cec4617125fa7641d77b90e65,3a7e63bc27e3e84cec4617125fa7641d77b90e65,['CWE-772'],CVE-2017-9407
ImageMagick,https://github.com/ImageMagick/ImageMagick/commit/53ff6cadfa2051296d3bd67c06a693043222c4d6,53ff6cadfa2051296d3bd67c06a693043222c4d6,['CWE-772'],CVE-2017-9409
ImageMagick,https://github.com/ImageMagick/ImageMagick/commit/d4e8b9722577547177a2daecee98ea9e5fe54968,d4e8b9722577547177a2daecee98ea9e5fe54968,['CWE-772'],CVE-2017-9440
ImageMagick,https://github.com/ImageMagick/ImageMagick/commit/5d95b4c24a964114e2b1ae85c2b36769251ed11d,5d95b4c24a964114e2b1ae85c2b36769251ed11d,['CWE-617'],CVE-2017-9500
libexpat,https://github.com/libexpat/libexpat/commit/c4bf96bb51dd2a1b0e185374362ee136fe2c9d7f,c4bf96bb51dd2a1b0e185374362ee136fe2c9d7f,['CWE-611'],CVE-2017-9233
thrift,https://github.com/apache/thrift/commit/cfaadcc4adcfde2a8232c62ec89870b73ef40df1,cfaadcc4adcfde2a8232c62ec89870b73ef40df1,['CWE-20'],CVE-2015-3254
c-ares,https://github.com/c-ares/c-ares/commit/9478908a490a6bf009ba58d81de8c1d06d50a117,9478908a490a6bf009ba58d81de8c1d06d50a117,['CWE-200'],CVE-2017-1000381
c-ares,https://github.com/c-ares/c-ares/commit/18ea99693d63f957ecb670045adbd2c1da8a4641,18ea99693d63f957ecb670045adbd2c1da8a4641,['CWE-200'],CVE-2017-1000381
jasper,https://github.com/jasper-software/jasper/commit/839b1bcf0450ff036c28e8db40a7abf886e02891,839b1bcf0450ff036c28e8db40a7abf886e02891,['CWE-125'],CVE-2017-9782
libgphoto2,https://github.com/gphoto/libgphoto2/commit/203df81b9d97e820411e1eb94ae08139af73bbd0,203df81b9d97e820411e1eb94ae08139af73bbd0,['CWE-190'],CVE-2017-9831
libgphoto2,https://github.com/gphoto/libgphoto2/commit/e25b3983489cd290edef693e78c0af694d3cd010,e25b3983489cd290edef693e78c0af694d3cd010,['CWE-190'],CVE-2017-9831
linux,https://github.com/torvalds/linux/commit/b550a32e60a4941994b437a8d662432a486235a5,b550a32e60a4941994b437a8d662432a486235a5,"['CWE-20', 'CWE-129']",
linux,https://github.com/torvalds/linux/commit/f961e3f2acae94b727380c0b74e2d3954d0edf79,f961e3f2acae94b727380c0b74e2d3954d0edf79,"['CWE-20', 'CWE-129']",
libtorrent,https://github.com/arvidn/libtorrent/commit/ec30a5e9ec703afb8abefba757c6d401303b53db,ec30a5e9ec703afb8abefba757c6d401303b53db,['CWE-125'],CVE-2017-9847
oniguruma,https://github.com/kkos/oniguruma/commit/f015fbdd95f76438cd86366467bb2b39870dd7c6,f015fbdd95f76438cd86366467bb2b39870dd7c6,['CWE-787'],
oniguruma,https://github.com/kkos/oniguruma/commit/3b63d12038c8d8fc278e81c942fa9bec7c704c8b,3b63d12038c8d8fc278e81c942fa9bec7c704c8b,['CWE-787'],
oniguruma,https://github.com/kkos/oniguruma/commit/ddbf55698b5f7ffdfa737b0b8e0079af1fdd7cb1,ddbf55698b5f7ffdfa737b0b8e0079af1fdd7cb1,['CWE-787'],CVE-2017-9228
heimdal,https://github.com/heimdal/heimdal/commit/6dd3eb836bbb80a00ffced4ad57077a1cdf227ea,6dd3eb836bbb80a00ffced4ad57077a1cdf227ea,['CWE-345'],CVE-2017-11103
ImageMagick,https://github.com/ImageMagick/ImageMagick/commit/fbb5e1c8211c4e88ecc367e784b79d457c300d6d,fbb5e1c8211c4e88ecc367e784b79d457c300d6d,['CWE-772'],CVE-2017-11170
php-src,https://github.com/php/php-src/commit/b061fa909de77085d3822a89ab901b934d0362c4,b061fa909de77085d3822a89ab901b934d0362c4,['CWE-20'],CVE-2016-10397
jasper,https://github.com/mdadams/jasper/commit/58ba0365d911b9f9dd68e9abf826682c0b4f2293,58ba0365d911b9f9dd68e9abf826682c0b4f2293,['CWE-476'],CVE-2017-1000050
ImageMagick,https://github.com/ImageMagick/ImageMagick/commit/787f9dc99c8d186ae26ed53ddec54bd0a6f90852,787f9dc99c8d186ae26ed53ddec54bd0a6f90852,['CWE-125'],CVE-2017-10928
ImageMagick,https://github.com/ImageMagick/ImageMagick/commit/cdafbc753cf794160eb53b320d4bc0b36ba6ed1d,cdafbc753cf794160eb53b320d4bc0b36ba6ed1d,['CWE-772'],CVE-2017-11141
ImageMagick,https://github.com/ImageMagick/ImageMagick/commit/e9728345edd0141b4724e54832103055a94708b8,e9728345edd0141b4724e54832103055a94708b8,['CWE-834'],CVE-2017-11188
ImageMagick,https://github.com/ImageMagick/ImageMagick/commit/078e9692a257e7a8aa36ccc750927f9617923061,078e9692a257e7a8aa36ccc750927f9617923061,['CWE-834'],CVE-2017-11360
ImageMagick,https://github.com/ImageMagick/ImageMagick/commit/787ee25e9fb0e4e0509121342371d925fe5044f8,787ee25e9fb0e4e0509121342371d925fe5044f8,['CWE-835'],CVE-2017-11446
ImageMagick,https://github.com/ImageMagick/ImageMagick/commit/1b811f7e7dad92b2992939f854201370a7d8084a,1b811f7e7dad92b2992939f854201370a7d8084a,['CWE-119'],CVE-2017-11640
ImageMagick,https://github.com/ImageMagick/ImageMagick/commit/d0a4c1ff333d60984a5d6bdfd98774bfdd8a7cba,d0a4c1ff333d60984a5d6bdfd98774bfdd8a7cba,['CWE-125'],CVE-2017-11639
ImageMagick,https://github.com/ImageMagick/ImageMagick/commit/65b7c57502bb2b6d22f607383e87cc3eaed94014,65b7c57502bb2b6d22f607383e87cc3eaed94014,['CWE-125'],CVE-2017-11639
ImageMagick,https://github.com/ImageMagick/ImageMagick/commit/a6802e21d824e786d1e2a8440cf749a6e1a8d95f,a6802e21d824e786d1e2a8440cf749a6e1a8d95f,['CWE-772'],CVE-2017-11644
qpdf,https://github.com/qpdf/qpdf/commit/701b518d5c56a1449825a3a37a716c58e05e1c3e,701b518d5c56a1449825a3a37a716c58e05e1c3e,"['CWE-399', 'CWE-835']",
qpdf,https://github.com/qpdf/qpdf/commit/afe0242b263a9e1a8d51dd81e42ab6de2e5127eb,afe0242b263a9e1a8d51dd81e42ab6de2e5127eb,['CWE-835'],CVE-2017-11624
qpdf,https://github.com/qpdf/qpdf/commit/315092dd98d5230ef0efa18b294d464d0e9f79d0,315092dd98d5230ef0efa18b294d464d0e9f79d0,['CWE-835'],CVE-2017-11624
qpdf,https://github.com/qpdf/qpdf/commit/603f222365252f1a1e20303b3dbe52466be3053b,603f222365252f1a1e20303b3dbe52466be3053b,['CWE-835'],CVE-2017-11624
shadow,https://github.com/shadow-maint/shadow/commit/954e3d2e7113e9ac06632aee3c69b8d818cc8952,954e3d2e7113e9ac06632aee3c69b8d818cc8952,"['CWE-119', 'CWE-787']",
linux,https://github.com/torvalds/linux/commit/b9dd46188edc2f0d1f37328637860bb65a771124,b9dd46188edc2f0d1f37328637860bb65a771124,['CWE-284'],
ImageMagick,https://github.com/ImageMagick/ImageMagick/commit/46382526a3f09cebf9f2af680fc55b2a668fcbef,46382526a3f09cebf9f2af680fc55b2a668fcbef,['CWE-772'],CVE-2017-12418
ImageMagick,https://github.com/ImageMagick/ImageMagick/commit/b2b48d50300a9fbcd0aa0d9230fd6d7a08f7671e,b2b48d50300a9fbcd0aa0d9230fd6d7a08f7671e,['CWE-772'],CVE-2017-12428
ImageMagick,https://github.com/ImageMagick/ImageMagick/commit/784fcac688161aeaea221e00b706c88b08196945,784fcac688161aeaea221e00b706c88b08196945,['CWE-416'],CVE-2017-12431
ImageMagick,https://github.com/ImageMagick/ImageMagick/commit/98e5d0001cda195da0e8ea7650ab85c6f8333ff5,98e5d0001cda195da0e8ea7650ab85c6f8333ff5,['CWE-770'],CVE-2017-12430
ImageMagick,https://github.com/ImageMagick/ImageMagick/commit/061de02095a56d438409c63f723f340b2d9d36c7,061de02095a56d438409c63f723f340b2d9d36c7,['CWE-770'],CVE-2017-12432
ImageMagick,https://github.com/ImageMagick/ImageMagick/commit/30a74ed25a4890acfa94f452d653d54c9628c87e,30a74ed25a4890acfa94f452d653d54c9628c87e,['CWE-770'],CVE-2017-12429
ImageMagick,https://github.com/ImageMagick/ImageMagick/commit/b76b2ffff70f2c314a069ea953f4a45b1e2ce5e6,b76b2ffff70f2c314a069ea953f4a45b1e2ce5e6,['CWE-617'],CVE-2017-12434
libsndfile,https://github.com/erikd/libsndfile/commit/cf7a8182c2642c50f1cf90dddea9ce96a8bad2e8,cf7a8182c2642c50f1cf90dddea9ce96a8bad2e8,['CWE-119'],CVE-2017-12562
clamav-devel,https://github.com/vrtadmin/clamav-devel/commit/586a5180287262070637c8943f2f7efd652e4a2c,586a5180287262070637c8943f2f7efd652e4a2c,['CWE-125'],
clamav-devel,https://github.com/vrtadmin/clamav-devel/commit/a83773682e856ad6529ba6db8d1792e6d515d7f1,a83773682e856ad6529ba6db8d1792e6d515d7f1,"['CWE-119', 'CWE-787']",
clamav-devel,https://github.com/vrtadmin/clamav-devel/commit/dfc00cd3301a42b571454b51a6102eecf58407bc,dfc00cd3301a42b571454b51a6102eecf58407bc,['CWE-416'],
resiprocate,https://github.com/resiprocate/resiprocate/commit/d67a9ca6fd06ca65d23e313bdbad1ef4dd3aa0df,d67a9ca6fd06ca65d23e313bdbad1ef4dd3aa0df,['CWE-125'],
newsbeuter,https://github.com/akrennmair/newsbeuter/commit/96e9506ae9e252c548665152d1b8968297128307,96e9506ae9e252c548665152d1b8968297128307,"['CWE-943', 'CWE-787']",
qpdf,https://github.com/qpdf/qpdf/commit/ad527a64f93dca12f6aabab2ca99ae5eb352ab4b,ad527a64f93dca12f6aabab2ca99ae5eb352ab4b,['CWE-20'],
ImageMagick,https://github.com/ImageMagick/ImageMagick/commit/2001aabeab8a921a4fa0b1932f565aef6ae69f84,2001aabeab8a921a4fa0b1932f565aef6ae69f84,['CWE-617'],CVE-2017-13132
ImageMagick,https://github.com/ImageMagick/ImageMagick/commit/19dbe11c5060f66abb393d1945107c5f54894fa8,19dbe11c5060f66abb393d1945107c5f54894fa8,['CWE-770'],CVE-2017-13133
ImageMagick,https://github.com/ImageMagick/ImageMagick/commit/d4145e664aea3752ca6d3bf1ee825352b595dab5,d4145e664aea3752ca6d3bf1ee825352b595dab5,['CWE-119'],CVE-2017-12983
tcmu-runner,https://github.com/open-iscsi/tcmu-runner/commit/8cf8208775022301adaa59c240bb7f93742d1329,8cf8208775022301adaa59c240bb7f93742d1329,['CWE-200'],CVE-2017-1000199
openjpeg,https://github.com/uclouvain/openjpeg/commit/4241ae6fbbf1de9658764a80944dc8108f2b4154,4241ae6fbbf1de9658764a80944dc8108f2b4154,"['CWE-416', 'CWE-787']",
json,https://github.com/flori/json/commit/8f782fd8e181d9cfe9387ded43a5ca9692266b85,8f782fd8e181d9cfe9387ded43a5ca9692266b85,"['CWE-119', 'CWE-787']",
openjpeg,https://github.com/uclouvain/openjpeg/commit/c535531f03369623b9b833ef41952c62257b507e,c535531f03369623b9b833ef41952c62257b507e,"['CWE-416', 'CWE-787']",
ImageMagick,https://github.com/ImageMagick/ImageMagick/commit/cb63560ba25e4a6c51ab282538c24877fff7d471,cb63560ba25e4a6c51ab282538c24877fff7d471,['CWE-400'],CVE-2017-14137
jasper,https://github.com/jasper-software/jasper/commit/fcbabdaaba217124c92dc29472596146756b968e,fcbabdaaba217124c92dc29472596146756b968e,['CWE-617'],CVE-2017-13745
jasper,https://github.com/jasper-software/jasper/commit/1b1c591306817e46e1e6a3300f714992b32f972b,1b1c591306817e46e1e6a3300f714992b32f972b,['CWE-617'],CVE-2017-13746
jasper,https://github.com/jasper-software/jasper/commit/c4d3456d4e3f071ab7b3323422282e880a6b10ca,c4d3456d4e3f071ab7b3323422282e880a6b10ca,['CWE-772'],CVE-2017-13748
linux,https://github.com/torvalds/linux/commit/67a2e213e7e937c41c52ab5bc46bf3f4de469f6e,67a2e213e7e937c41c52ab5bc46bf3f4de469f6e,['CWE-682'],CVE-2017-9725
openjpeg,https://github.com/uclouvain/openjpeg/commit/dcac91b8c72f743bda7dbfa9032356bc8110098a,dcac91b8c72f743bda7dbfa9032356bc8110098a,"['CWE-119', 'CWE-787']",
libgd,https://github.com/libgd/libgd/commit/56ce6ef068b954ad28379e83cca04feefc51320c,56ce6ef068b954ad28379e83cca04feefc51320c,['CWE-415'],CVE-2017-6362
ImageMagick,https://github.com/ImageMagick/ImageMagick/commit/c5402b6e0fcf8b694ae2af6a6652ebb8ce0ccf46,c5402b6e0fcf8b694ae2af6a6652ebb8ce0ccf46,['CWE-125'],CVE-2017-14248
ImageMagick,https://github.com/ImageMagick/ImageMagick/commit/4e378ea8fb99e869768f34e900105e8c769adfcd,4e378ea8fb99e869768f34e900105e8c769adfcd,['CWE-400'],CVE-2017-14342
ImageMagick,https://github.com/ImageMagick/ImageMagick/commit/399631650b38eaf21c2f3c306b8b74e66be6a0d2,399631650b38eaf21c2f3c306b8b74e66be6a0d2,['CWE-772'],CVE-2017-14324
ImageMagick,https://github.com/ImageMagick/ImageMagick/commit/76f94fa2d9ae5d96e15929b6b6ce0c866fc44c69,76f94fa2d9ae5d96e15929b6b6ce0c866fc44c69,['CWE-476'],CVE-2017-14400
openssl,https://github.com/ruby/openssl/commit/1648afef33c1d97fb203c82291b8a61269e85d3b,1648afef33c1d97fb203c82291b8a61269e85d3b,['CWE-119'],CVE-2017-14033
LibRaw,https://github.com/LibRaw/LibRaw/commit/d13e8f6d1e987b7491182040a188c16a395f1d21,d13e8f6d1e987b7491182040a188c16a395f1d21,"['CWE-119', 'CWE-125', 'CWE-787']",
LibRaw,https://github.com/LibRaw/LibRaw/commit/8303e74b0567806dd5f16fc39aab70fe928de1a2,8303e74b0567806dd5f16fc39aab70fe928de1a2,['CWE-119'],CVE-2017-14348
newsbeuter,https://github.com/akrennmair/newsbeuter/commit/26f5a4350f3ab5507bb8727051c87bb04660f333,26f5a4350f3ab5507bb8727051c87bb04660f333,['CWE-78'],
libbson,https://github.com/mongodb/libbson/commit/42900956dc461dfe7fb91d93361d10737c1602b3,42900956dc461dfe7fb91d93361d10737c1602b3,['CWE-125'],CVE-2017-14227
libbson,https://github.com/mongodb/libbson/commit/e10059393466f667b031077229cfa98504ce34f3,e10059393466f667b031077229cfa98504ce34f3,['CWE-125'],CVE-2017-14227
libarchive,https://github.com/libarchive/libarchive/commit/f9569c086ff29259c73790db9cbf39fe8fb9d862,f9569c086ff29259c73790db9cbf39fe8fb9d862,['CWE-125'],CVE-2017-14503
libarchive,https://github.com/libarchive/libarchive/commit/2c8c83b9731ff822fad6cc8c670ea5519c366a14,2c8c83b9731ff822fad6cc8c670ea5519c366a14,['CWE-125'],CVE-2017-14503
ImageMagick,https://github.com/ImageMagick/ImageMagick/commit/6ad5fc3c9b652eec27fc0b1a0817159f8547d5d9,6ad5fc3c9b652eec27fc0b1a0817159f8547d5d9,['CWE-476'],CVE-2017-14505
ImageMagick,https://github.com/ImageMagick/ImageMagick/commit/60e52517ff86a451a85cac3eaba2016e80668297,60e52517ff86a451a85cac3eaba2016e80668297,['CWE-125'],CVE-2017-14607
ovs,https://github.com/openvswitch/ovs/commit/77ad4225d125030420d897c873e4734ac708c66b,77ad4225d125030420d897c873e4734ac708c66b,['CWE-772'],CVE-2017-14970
ovs,https://github.com/openvswitch/ovs/commit/f673f4059717dc9d2d6dd2d4db52be1149a996dd,f673f4059717dc9d2d6dd2d4db52be1149a996dd,['CWE-772'],CVE-2017-14970
libsndfile,https://github.com/erikd/libsndfile/commit/85c877d5072866aadbe8ed0c3e0590fbb5e16788,85c877d5072866aadbe8ed0c3e0590fbb5e16788,['CWE-369'],CVE-2017-14634
ImageMagick,https://github.com/ImageMagick/ImageMagick/commit/dd367e0c3c3f37fbf1c20fa107b67a668b22c6e2,dd367e0c3c3f37fbf1c20fa107b67a668b22c6e2,['CWE-772'],CVE-2017-14684
ImageMagick,https://github.com/ImageMagick/ImageMagick/commit/7d8e14899c562157c7760a77fc91625a27cb596f,7d8e14899c562157c7760a77fc91625a27cb596f,['CWE-835'],CVE-2017-14741
upx,https://github.com/upx/upx/commit/ef336dbcc6dc8344482f8cf6c909ae96c3286317,ef336dbcc6dc8344482f8cf6c909ae96c3286317,['CWE-476'],CVE-2017-15056
mysql-server,https://github.com/mysql/mysql-server/commit/5ac61b2af0cf37eeed5050a91819d6d273f037a5,5ac61b2af0cf37eeed5050a91819d6d273f037a5,['CWE-863'],CVE-2017-10379
curl,https://github.com/curl/curl/commit/13c9a9ded3ae744a1e11cbc14e9146d9fa427040,13c9a9ded3ae744a1e11cbc14e9146d9fa427040,['CWE-119'],CVE-2017-1000257
krb5,https://github.com/krb5/krb5/commit/fbb687db1088ddd894d975996e5f6a4252b9a2b4,fbb687db1088ddd894d975996e5f6a4252b9a2b4,"['CWE-119', 'CWE-787']",
linux,https://github.com/torvalds/linux/commit/2bd624b4611ffee36422782d16e1c944d1351e98,2bd624b4611ffee36422782d16e1c944d1351e98,['CWE-362'],CVE-2017-15649
htcondor,https://github.com/htcondor/htcondor/commit/2f3c393feb819cf6c6d06fb0a2e9c4e171f3c26d,2f3c393feb819cf6c6d06fb0a2e9c4e171f3c26d,['CWE-20'],CVE-2017-16816
ox,https://github.com/ohler55/ox/commit/e4565dbc167f0d38c3f93243d7a4fcfc391cbfc8,e4565dbc167f0d38c3f93243d7a4fcfc391cbfc8,['CWE-20'],CVE-2017-15928
irssi,https://github.com/irssi/irssi/commit/43e44d553d44e313003cee87e6ea5e24d68b84a1,43e44d553d44e313003cee87e6ea5e24d68b84a1,['CWE-416'],CVE-2017-15227
php-src,https://github.com/php/php-src/commit/5c0455bf2c8cd3c25401407f158e820aa3b239e1,5c0455bf2c8cd3c25401407f158e820aa3b239e1,['CWE-125'],
passenger,https://github.com/phusion/passenger/commit/4043718264095cde6623c2cbe8c644541036d7bf,4043718264095cde6623c2cbe8c644541036d7bf,"['CWE-200', 'CWE-61']",
curl,https://github.com/curl/curl/commit/7f2a1df6f5fc598750b2c6f34465c8d924db28cc,7f2a1df6f5fc598750b2c6f34465c8d924db28cc,['CWE-190'],CVE-2017-8816
curl,https://github.com/curl/curl/commit/0b664ba968437715819bfe4c7ada5679d16ebbc3,0b664ba968437715819bfe4c7ada5679d16ebbc3,['CWE-125'],CVE-2017-8817
ceph,https://github.com/ceph/ceph/commit/b3118cabb8060a8cc6a01c4e8264cb18e7b1745a,b3118cabb8060a8cc6a01c4e8264cb18e7b1745a,['CWE-617'],
linux,https://github.com/torvalds/linux/commit/a8f97366452ed491d13cf1e44241bc0b5740b1f0,a8f97366452ed491d13cf1e44241bc0b5740b1f0,['CWE-362'],CVE-2017-1000405
libxml2,https://github.com/GNOME/libxml2/commit/e26630548e7d138d2c560844c43820b6767251e3,e26630548e7d138d2c560844c43820b6767251e3,"['CWE-119', 'CWE-787']",
curl,https://github.com/curl/curl/commit/9b5e12a5491d2e6b68e0c88ca56f3a9ef9fba400,9b5e12a5491d2e6b68e0c88ca56f3a9ef9fba400,['CWE-119'],CVE-2017-8818
linux,https://github.com/torvalds/linux/commit/ccd5b3235180eef3cfec337df1c8554ab151b5cc,ccd5b3235180eef3cfec337df1c8554ab151b5cc,['CWE-416'],
cpython,https://github.com/python/cpython/commit/c3c9db89273fabc62ea1b48389d9a3000c1c03ae,c3c9db89273fabc62ea1b48389d9a3000c1c03ae,['CWE-190'],CVE-2017-1000158
cpython,https://github.com/python/cpython/commit/6c004b40f9d51872d848981ef1a18bb08c2dfc42,6c004b40f9d51872d848981ef1a18bb08c2dfc42,['CWE-190'],CVE-2017-1000158
yajl-ruby,https://github.com/brianmario/yajl-ruby/commit/a8ca8f476655adaa187eedc60bdc770fff3c51ce,a8ca8f476655adaa187eedc60bdc770fff3c51ce,['CWE-134'],CVE-2017-16516
vim,https://github.com/vim/vim/commit/5a73e0ca54c77e067c3b12ea6f35e3e8681e8cf8,5a73e0ca54c77e067c3b12ea6f35e3e8681e8cf8,"['CWE-200', 'CWE-668']",CVE-2017-17087
linux,https://github.com/torvalds/linux/commit/5af10dfd0afc559bb4b0f7e3e8227a1578333995,5af10dfd0afc559bb4b0f7e3e8227a1578333995,['CWE-703'],
ImageMagick,https://github.com/ImageMagick/ImageMagick/commit/7b97357e7f8d6ae848a4c699fe17db6fcf4bd7a9,7b97357e7f8d6ae848a4c699fe17db6fcf4bd7a9,['CWE-772'],CVE-2017-17680
ImageMagick,https://github.com/ImageMagick/ImageMagick/commit/73d59a74e0b0a864c1a9581b8a4bdbee427125e2,73d59a74e0b0a864c1a9581b8a4bdbee427125e2,['CWE-835'],CVE-2017-17681
ImageMagick,https://github.com/ImageMagick/ImageMagick/commit/06c8dd4de59e48d282d4f224faa64ab9012a711a,06c8dd4de59e48d282d4f224faa64ab9012a711a,['CWE-400'],CVE-2017-17682
ImageMagick,https://github.com/ImageMagick/ImageMagick/commit/ece953bbe14e8514afc23e05e4030eea872e29da,ece953bbe14e8514afc23e05e4030eea872e29da,['CWE-772'],CVE-2017-17881
ImageMagick,https://github.com/ImageMagick/ImageMagick/commit/4d6accd355119d54429a86a1859b8329f0130f30,4d6accd355119d54429a86a1859b8329f0130f30,['CWE-772'],CVE-2017-17884
ImageMagick,https://github.com/ImageMagick/ImageMagick/commit/7a42f63927e7f2e26846b7ed4560e9cb4984af7b,7a42f63927e7f2e26846b7ed4560e9cb4984af7b,['CWE-772'],CVE-2017-17887
gifsicle,https://github.com/kohler/gifsicle/commit/81fd7823f6d9c85ab598bc850e40382068361185,81fd7823f6d9c85ab598bc850e40382068361185,['CWE-416'],CVE-2017-1000421
bro,https://github.com/bro/bro/commit/6c0f101a62489b1c5927b4ed63b0e1d37db40282,6c0f101a62489b1c5927b4ed63b0e1d37db40282,['CWE-787'],
poco,https://github.com/pocoproject/poco/commit/bb7e5feece68ccfd8660caee93da25c5c39a4707,bb7e5feece68ccfd8660caee93da25c5c39a4707,['CWE-22'],CVE-2017-1000472
linux,https://github.com/torvalds/linux/commit/b3defb791b26ea0683a93a4f49c77ec45ec96f10,b3defb791b26ea0683a93a4f49c77ec45ec96f10,['CWE-362'],None
systemd,https://github.com/systemd/systemd/commit/e7d54bf58789545a9eb0b3964233defa0b007318,e7d54bf58789545a9eb0b3964233defa0b007318,['CWE-362'],CVE-2018-1049
ImageMagick,https://github.com/ImageMagick/ImageMagick/commit/d3144a8be81aed6e635de68f0d8e97881638a398,d3144a8be81aed6e635de68f0d8e97881638a398,['CWE-772'],CVE-2017-18029
ImageMagick,https://github.com/ImageMagick/ImageMagick/commit/32a3eeb9e0da083cbc05909e4935efdbf9846df9,32a3eeb9e0da083cbc05909e4935efdbf9846df9,['CWE-770'],CVE-2017-18028
ImageMagick,https://github.com/ImageMagick/ImageMagick/commit/a43f4155ee916fbed080acd534232a9d2396b5b5,a43f4155ee916fbed080acd534232a9d2396b5b5,['CWE-772'],CVE-2017-18027
libgd,https://github.com/libgd/libgd/commit/a11f47475e6443b7f32d21f2271f28f417e2ac04,a11f47475e6443b7f32d21f2271f28f417e2ac04,['CWE-681'],CVE-2018-5711
systemd,https://github.com/systemd/systemd/commit/5579f85663d10269e7ac7464be6548c99cea4ada,5579f85663d10269e7ac7464be6548c99cea4ada,['CWE-59'],CVE-2017-18078
uwsgi,https://github.com/unbit/uwsgi/commit/cb4636f7c0af2e97a4eef7a3cdcbd85a71247bfe,cb4636f7c0af2e97a4eef7a3cdcbd85a71247bfe,"['CWE-119', 'CWE-703', 'CWE-787']",
exim,https://github.com/Exim/exim/commit/cf3cd306062a08969c41a1cdd32c6855f1abecf1,cf3cd306062a08969c41a1cdd32c6855f1abecf1,['CWE-119'],CVE-2018-6789
zziplib,https://github.com/gdraheim/zziplib/commit/0c0c9256b0903f664bca25dd8d924211f81e01d3,0c0c9256b0903f664bca25dd8d924211f81e01d3,['CWE-770'],CVE-2018-6869
thrift,https://github.com/apache/thrift/commit/2007783e874d524a46b818598a45078448ecc53e,2007783e874d524a46b818598a45078448ecc53e,['CWE-77'],CVE-2016-5397
exiv2,https://github.com/Exiv2/exiv2/commit/1647908e00a4df7246d76678e59587e62c690dcd,1647908e00a4df7246d76678e59587e62c690dcd,['CWE-617'],CVE-2017-17722
exiv2,https://github.com/Exiv2/exiv2/commit/6e3855aed7ba8bb4731fc4087ca7f9078b2f3d97,6e3855aed7ba8bb4731fc4087ca7f9078b2f3d97,['CWE-125'],CVE-2017-17723
exiv2,https://github.com/Exiv2/exiv2/commit/74cb5bab132ed76adf15df172c5e8b58cddaa96c,74cb5bab132ed76adf15df172c5e8b58cddaa96c,['CWE-125'],CVE-2017-17723
qpdf,https://github.com/qpdf/qpdf/commit/dea704f0ab7f625e1e7b3f9a1110b45b63157317,dea704f0ab7f625e1e7b3f9a1110b45b63157317,['CWE-125'],
qpdf,https://github.com/qpdf/qpdf/commit/6d46346eb93d5032c08cf1e39023b5d57260a766,6d46346eb93d5032c08cf1e39023b5d57260a766,['CWE-125'],CVE-2017-18185
qpdf,https://github.com/qpdf/qpdf/commit/1868a10f8b06631362618bfc85ca8646da4b4b71,1868a10f8b06631362618bfc85ca8646da4b4b71,['CWE-125'],CVE-2017-18185
qpdf,https://github.com/qpdf/qpdf/commit/85f05cc57ffa0a863d9d9b23e73acea9410b2937,85f05cc57ffa0a863d9d9b23e73acea9410b2937,"['CWE-399', 'CWE-835']",
zziplib,https://github.com/gdraheim/zziplib/commit/8f48323c181e20b7e527b8be7229d6eb1148ec5f,8f48323c181e20b7e527b8be7229d6eb1148ec5f,['CWE-770'],CVE-2018-6869
irssi,https://github.com/irssi/irssi/commit/a6cae91cecba2e8cf11ed779c5da5a229472575c,a6cae91cecba2e8cf11ed779c5da5a229472575c,['CWE-416'],CVE-2018-7054
irssi,https://github.com/irssi/irssi/commit/38ba3ca2c40fc8ccccec8dc3f360c4087e7dd498,38ba3ca2c40fc8ccccec8dc3f360c4087e7dd498,['CWE-416'],CVE-2018-7054
irssi,https://github.com/irssi/irssi/commit/b8d3301d34f383f039071214872570385de1bb59,b8d3301d34f383f039071214872570385de1bb59,['CWE-416'],CVE-2018-7053
irssi,https://github.com/irssi/irssi/commit/36564717c9f701e3a339da362ab46d220d27e0c1,36564717c9f701e3a339da362ab46d220d27e0c1,['CWE-416'],CVE-2018-7053
irssi,https://github.com/irssi/irssi/commit/5b5bfef03596d95079c728f65f523570dd7b03aa,5b5bfef03596d95079c728f65f523570dd7b03aa,['CWE-476'],CVE-2018-7052
irssi,https://github.com/irssi/irssi/commit/e0c66e31224894674356ddaf6d46016c1abc994f,e0c66e31224894674356ddaf6d46016c1abc994f,['CWE-125'],CVE-2018-7051
irssi,https://github.com/irssi/irssi/commit/e32e9d63c67ab95ef0576154680a6c52334b97af,e32e9d63c67ab95ef0576154680a6c52334b97af,['CWE-125'],CVE-2018-7051
libwebm,https://github.com/webmproject/libwebm/commit/8e88e04b07352f2ca449278b44a2d8ec7631bdcf,8e88e04b07352f2ca449278b44a2d8ec7631bdcf,['CWE-125'],CVE-2018-6406
clamav-devel,https://github.com/Cisco-Talos/clamav-devel/commit/d96a6b8bcc7439fa7e3876207aa0a8e79c8451b6,d96a6b8bcc7439fa7e3876207aa0a8e79c8451b6,['CWE-125'],
ImageMagick,https://github.com/ImageMagick/ImageMagick/commit/5c0e1a31bc44829b1024ce599097f43285a05a42,5c0e1a31bc44829b1024ce599097f43285a05a42,['CWE-770'],CVE-2018-7443
linux,https://github.com/torvalds/linux/commit/28f5a8a7c033cbf3e32277f4cc9c6afd74f05300,28f5a8a7c033cbf3e32277f4cc9c6afd74f05300,['CWE-401'],
memcached,https://github.com/memcached/memcached/commit/dbb7a8af90054bf4ef51f5814ef7ceb17d83d974,dbb7a8af90054bf4ef51f5814ef7ceb17d83d974,"['CWE-20', 'CWE-703', 'CWE-400']",
ImageMagick,https://github.com/ImageMagick/ImageMagick/commit/cca91aa1861818342e3d072bb0fad7dc4ffac24a,cca91aa1861818342e3d072bb0fad7dc4ffac24a,['CWE-476'],CVE-2017-18209
ImageMagick,https://github.com/ImageMagick/ImageMagick/commit/d2b87b403059af21db3002db95f4603f32b492ef,d2b87b403059af21db3002db95f4603f32b492ef,['CWE-476'],CVE-2017-18210
corosync,https://github.com/corosync/corosync/commit/fc1d5418533c1faf21616b282c2559bed7d361c4,fc1d5418533c1faf21616b282c2559bed7d361c4,['CWE-190'],CVE-2018-1084
CImg,https://github.com/dtschump/CImg/commit/10af1e8c1ad2a58a0a3342a856bae63e8f257abb,10af1e8c1ad2a58a0a3342a856bae63e8f257abb,['CWE-125'],CVE-2018-7641
graphite,https://github.com/silnrsi/graphite/commit/db132b4731a9b4c9534144ba3a18e65b390e9ff6,db132b4731a9b4c9534144ba3a18e65b390e9ff6,['CWE-476'],
AFFLIBv3,https://github.com/sshock/AFFLIBv3/commit/435a2ca802358a3debb6d164d2c33049131df81c,435a2ca802358a3debb6d164d2c33049131df81c,"['CWE-20', 'CWE-295']",
zziplib,https://github.com/gdraheim/zziplib/commit/1ba660b3300d67b8ce9f6b96bbae0b36fa2d6b06,1ba660b3300d67b8ce9f6b96bbae0b36fa2d6b06,['CWE-119'],CVE-2018-7725
zziplib,https://github.com/gdraheim/zziplib/commit/596d9dfce2624e849417d4301e8d67935608aa5e,596d9dfce2624e849417d4301e8d67935608aa5e,['CWE-119'],CVE-2018-7725
zziplib,https://github.com/gdraheim/zziplib/commit/19c9e4dc6c5cf92a38d0d23dbccac6993f9c41be,19c9e4dc6c5cf92a38d0d23dbccac6993f9c41be,['CWE-119'],CVE-2018-7726
zziplib,https://github.com/gdraheim/zziplib/commit/feae4da1a5c92100c44ebfcbaaa895959cc0829b,feae4da1a5c92100c44ebfcbaaa895959cc0829b,['CWE-119'],CVE-2018-7726
zziplib,https://github.com/gdraheim/zziplib/commit/83a2da55922f67e07f22048ac9671a44cc0d35c4,83a2da55922f67e07f22048ac9671a44cc0d35c4,['CWE-772'],CVE-2018-7727
linux,https://github.com/torvalds/linux/commit/0558f33c06bb910e2879e355192227a8e8f0219d,0558f33c06bb910e2879e355192227a8e8f0219d,['CWE-284'],
nasm,https://github.com/cyrillos/nasm/commit/3144e84add8b152cc7a71e44617ce6f21daa4ba3,3144e84add8b152cc7a71e44617ce6f21daa4ba3,['CWE-125'],CVE-2018-8881
librelp,https://github.com/rsyslog/librelp/commit/2cfe657672636aa5d7d2a14cfcb0a6ab9d1f00cf,2cfe657672636aa5d7d2a14cfcb0a6ab9d1f00cf,['CWE-787'],CVE-2018-1000140
jasper,https://github.com/jasper-software/jasper/commit/e6c8d5a838b49f94616be14753aa5c89d64605b5,e6c8d5a838b49f94616be14753aa5c89d64605b5,['CWE-617'],CVE-2018-9055
ImageMagick,https://github.com/ImageMagick/ImageMagick/commit/2f368e74a51ec7541b6595af712d17d6d1376534,2f368e74a51ec7541b6595af712d17d6d1376534,['CWE-476'],CVE-2017-18250
ImageMagick,https://github.com/ImageMagick/ImageMagick/commit/12a43437fec6f9245327636dc2730863bb9fdd8b,12a43437fec6f9245327636dc2730863bb9fdd8b,['CWE-772'],CVE-2017-18251
ImageMagick,https://github.com/ImageMagick/ImageMagick/commit/12f34b60564de1cbec08e23e2413dab5b64daeb7,12f34b60564de1cbec08e23e2413dab5b64daeb7,['CWE-617'],CVE-2017-18252
ImageMagick,https://github.com/ImageMagick/ImageMagick/commit/de5deab202c340162b65f65bafbbe17b1eda2c1a,de5deab202c340162b65f65bafbbe17b1eda2c1a,['CWE-476'],CVE-2017-18253
ImageMagick,https://github.com/ImageMagick/ImageMagick/commit/24d5699753170c141b46816284430516c2d48fed,24d5699753170c141b46816284430516c2d48fed,['CWE-772'],CVE-2017-18254
ruby,https://github.com/ruby/ruby/commit/8794dec6a5f11adc5cdd19a5ee91ea6b0816763f,8794dec6a5f11adc5cdd19a5ee91ea6b0816763f,['CWE-20'],CVE-2018-8779
ruby,https://github.com/ruby/ruby/commit/b78fa27ae0b717c5569878c106a67d5047e5fb88,b78fa27ae0b717c5569878c106a67d5047e5fb88,['CWE-20'],CVE-2018-8779
ruby,https://github.com/ruby/ruby/commit/47165eed264d357e78e27371cfef20d5c2bde5d9,47165eed264d357e78e27371cfef20d5c2bde5d9,['CWE-20'],CVE-2018-8779
ruby,https://github.com/ruby/ruby/commit/bd5661a3cbb38a8c3a3ea10cd76c88bbef7871b8,bd5661a3cbb38a8c3a3ea10cd76c88bbef7871b8,['CWE-22'],CVE-2018-8780
ruby,https://github.com/ruby/ruby/commit/143eb22f1877815dd802f7928959c5f93d4c7bb3,143eb22f1877815dd802f7928959c5f93d4c7bb3,['CWE-22'],CVE-2018-8780
ImageMagick,https://github.com/ImageMagick/ImageMagick/commit/361ed689cc8e56fd125f9d0d6508e9eb303bdca6,361ed689cc8e56fd125f9d0d6508e9eb303bdca6,['CWE-125'],CVE-2018-9135
jasper,https://github.com/jasper-software/jasper/commit/6cd1e1d8aff56d0d86d4e7d1e7e3e4dd1c64b55d,6cd1e1d8aff56d0d86d4e7d1e7e3e4dd1c64b55d,['CWE-617'],CVE-2018-9252
PackageKit,https://github.com/hughsie/PackageKit/commit/7e8a7905ea9abbd1f384f05f36a4458682cd4697,7e8a7905ea9abbd1f384f05f36a4458682cd4697,['CWE-287'],CVE-2018-1106
PackageKit,https://github.com/hughsie/PackageKit/commit/f176976e24e8c17b80eff222572275517c16bdad,f176976e24e8c17b80eff222572275517c16bdad,['CWE-287'],CVE-2018-1106
qpdf,https://github.com/qpdf/qpdf/commit/b4d6cf6836ce025ba1811b7bbec52680c7204223,b4d6cf6836ce025ba1811b7bbec52680c7204223,"['CWE-399', 'CWE-674']",
ImageMagick6,https://github.com/ImageMagick/ImageMagick6/commit/9eda4b36a8695e4a0cd27bea28b9c173c68a01ec,9eda4b36a8695e4a0cd27bea28b9c173c68a01ec,['CWE-835'],CVE-2018-10177
ceph,https://github.com/ceph/ceph/commit/5ead97120e07054d80623dada90a5cc764c28468,5ead97120e07054d80623dada90a5cc764c28468,"['CWE-287', 'CWE-284']",
ceph,https://github.com/ceph/ceph/commit/8f396cf35a3826044b089141667a196454c0a587,8f396cf35a3826044b089141667a196454c0a587,"['CWE-287', 'CWE-284']",
abcm2ps,https://github.com/leesavide/abcm2ps/commit/dc0372993674d0b50fedfbf7b9fad1239b8efc5f,dc0372993674d0b50fedfbf7b9fad1239b8efc5f,['CWE-787'],CVE-2018-10771
pdns,https://github.com/PowerDNS/pdns/commit/f9c57c98da1b1007a51680629b667d57d9b702b8,f9c57c98da1b1007a51680629b667d57d9b702b8,['CWE-787'],CVE-2018-1046
libjpeg-turbo,https://github.com/libjpeg-turbo/libjpeg-turbo/commit/82923eb93a2eacf4a593e00e3e672bbb86a8a3a0,82923eb93a2eacf4a593e00e3e672bbb86a8a3a0,['CWE-369'],CVE-2018-11212
linux,https://github.com/torvalds/linux/commit/237bbd29f7a049d310d907f4b2716a7feef9abf3,237bbd29f7a049d310d907f4b2716a7feef9abf3,['CWE-703'],
upx,https://github.com/upx/upx/commit/d9288213ec156dffc435566b9d393d23e87c6914,d9288213ec156dffc435566b9d393d23e87c6914,['CWE-415'],CVE-2018-11243
ImageMagick,https://github.com/ImageMagick/ImageMagick/commit/73fbc6a557b4f63af18b2debe83f817859ef7481,73fbc6a557b4f63af18b2debe83f817859ef7481,['CWE-125'],CVE-2018-11251
git,https://github.com/git/git/commit/11a9f4d807a0d71dc6eff51bb87baf4ca2cccf1d,11a9f4d807a0d71dc6eff51bb87baf4ca2cccf1d,['CWE-125'],CVE-2018-11233
ImageMagick6,https://github.com/ImageMagick/ImageMagick6/commit/172d82afe89d3499ef0cab06dc58d380cc1ab946,172d82afe89d3499ef0cab06dc58d380cc1ab946,['CWE-416'],CVE-2018-11624
ImageMagick,https://github.com/ImageMagick/ImageMagick/commit/5294966898532a6bd54699fbf04edf18902513ac,5294966898532a6bd54699fbf04edf18902513ac,['CWE-125'],CVE-2018-11625
slurm,https://github.com/SchedMD/slurm/commit/033dc0d1d28b8d2ba1a5187f564a01c15187eb4e,033dc0d1d28b8d2ba1a5187f564a01c15187eb4e,['CWE-20'],CVE-2018-10995
slurm,https://github.com/SchedMD/slurm/commit/df545955e4f119974c278bff0c47155257d5afc7,df545955e4f119974c278bff0c47155257d5afc7,['CWE-20'],CVE-2018-10995
liblouis,https://github.com/liblouis/liblouis/commit/d4fc803687e38a5355fb686bf98cc082951f3043,d4fc803687e38a5355fb686bf98cc082951f3043,['CWE-787'],CVE-2018-11683
liblouis,https://github.com/liblouis/liblouis/commit/fb2bfce4ed49ac4656a8f7e5b5526e4838da1dde,fb2bfce4ed49ac4656a8f7e5b5526e4838da1dde,['CWE-787'],CVE-2018-11684
liblouis,https://github.com/liblouis/liblouis/commit/b5049cb17ae3d15b2b26890de0e24d0fecc080f5,b5049cb17ae3d15b2b26890de0e24d0fecc080f5,['CWE-787'],CVE-2018-11685
libsass,https://github.com/sass/libsass/commit/8f40dc03e5ab5a8b2ebeb72b31f8d1adbb2fd6ae,8f40dc03e5ab5a8b2ebeb72b31f8d1adbb2fd6ae,['CWE-125'],CVE-2018-11698
libsass,https://github.com/sass/libsass/commit/eb15533b07773c30dc03c9d742865604f47120ef,eb15533b07773c30dc03c9d742865604f47120ef,['CWE-125'],CVE-2018-11697
libsass,https://github.com/sass/libsass/commit/38f4c3699d06b64128bebc7cf1e8b3125be74dc4,38f4c3699d06b64128bebc7cf1e8b3125be74dc4,['CWE-476'],CVE-2018-11696
libsass,https://github.com/sass/libsass/commit/0bc35e3d26922229d5a3e3308860cf0fcee5d1cf,0bc35e3d26922229d5a3e3308860cf0fcee5d1cf,['CWE-476'],CVE-2018-11695
libsass,https://github.com/sass/libsass/commit/b3374e3fd1a0c3658644d2bad24e4a0ff2e0dcea,b3374e3fd1a0c3658644d2bad24e4a0ff2e0dcea,['CWE-125'],CVE-2018-11693
libjpeg-turbo,https://github.com/libjpeg-turbo/libjpeg-turbo/commit/909a8cfc7bca9b2e6707425bdb74da997e8fa499,909a8cfc7bca9b2e6707425bdb74da997e8fa499,['CWE-834'],CVE-2018-11813
librsvg,https://github.com/ImageMagick/librsvg/commit/f9d69eadd2b16b00d1a1f9f286122123f8e547dd,f9d69eadd2b16b00d1a1f9f286122123f8e547dd,['CWE-522'],
liblouis,https://github.com/liblouis/liblouis/commit/dbfa58bb128cae86729578ac596056b3385817ef,dbfa58bb128cae86729578ac596056b3385817ef,['CWE-787'],CVE-2018-12085
libgcrypt,https://github.com/gpg/libgcrypt/commit/9010d1576e278a4274ad3f4aa15776c28f6ba965,9010d1576e278a4274ad3f4aa15776c28f6ba965,['CWE-203'],CVE-2018-0495
LibRaw,https://github.com/LibRaw/LibRaw/commit/9f26ce37f5be86ea11bfc6831366558650b1f6ff,9f26ce37f5be86ea11bfc6831366558650b1f6ff,"['CWE-369', 'CWE-704']",
passenger,https://github.com/phusion/passenger/commit/207870f5b7f5cc240587ab0977d6046782ae1d86,207870f5b7f5cc240587ab0977d6046782ae1d86,['CWE-362'],CVE-2018-12029
ImageMagick6,https://github.com/ImageMagick/ImageMagick6/commit/081f518eb9cb38e683b8b9ccb9e4ab5c52f82c2f,081f518eb9cb38e683b8b9ccb9e4ab5c52f82c2f,['CWE-787'],CVE-2018-12599
ImageMagick,https://github.com/ImageMagick/ImageMagick/commit/ae04fa4be910255e5d363edebd77adeee99a525d,ae04fa4be910255e5d363edebd77adeee99a525d,['CWE-787'],CVE-2018-12599
ImageMagick6,https://github.com/ImageMagick/ImageMagick6/commit/ae71c12bbaa34d942e036824ff389c22b7dacade,ae71c12bbaa34d942e036824ff389c22b7dacade,['CWE-787'],CVE-2018-12600
ImageMagick,https://github.com/ImageMagick/ImageMagick/commit/921f208c2ea3cc45847f380257f270ff424adfff,921f208c2ea3cc45847f380257f270ff424adfff,['CWE-787'],CVE-2018-12600
passenger,https://github.com/phusion/passenger/commit/4e97fdb86d0a0141ec9a052c6e691fcd07bb45c8,4e97fdb86d0a0141ec9a052c6e691fcd07bb45c8,"['CWE-284', 'CWE-732']",
linux,https://github.com/torvalds/linux/commit/727ba748e110b4de50d142edca9d6a9b7e6111d8,727ba748e110b4de50d142edca9d6a9b7e6111d8,['CWE-284'],
cantata,https://github.com/CDrummond/cantata/commit/afc4f8315d3e96574925fb530a7004cc9e6ce3d3,afc4f8315d3e96574925fb530a7004cc9e6ce3d3,"['CWE-20', 'CWE-22']",
ImageMagick,https://github.com/ImageMagick/ImageMagick/commit/4ab4849d667e26df0e63ece9d63ae23bc7ab0fa1,4ab4849d667e26df0e63ece9d63ae23bc7ab0fa1,['CWE-772'],CVE-2018-13153
ImageMagick6,https://github.com/ImageMagick/ImageMagick6/commit/6ce6d25b47caf9b6b2979a510b6202ce0f3dd2d4,6ce6d25b47caf9b6b2979a510b6202ce0f3dd2d4,['CWE-772'],CVE-2018-13153
libpng,https://github.com/glennrp/libpng/commit/2dca15686fadb1b8951cb29b02bad4cae73448da,2dca15686fadb1b8951cb29b02bad4cae73448da,['CWE-369'],CVE-2018-13785
libfuse,https://github.com/libfuse/libfuse/commit/28bdae3d113ef479c1660a581ef720cdc33bf466,28bdae3d113ef479c1660a581ef720cdc33bf466,['CWE-269'],CVE-2018-10906
libfuse,https://github.com/libfuse/libfuse/commit/5018a0c016495155ee598b7e0167b43d5d902414,5018a0c016495155ee598b7e0167b43d5d902414,['CWE-269'],CVE-2018-10906
sddm,https://github.com/sddm/sddm/commit/147cec383892d143b5e02daa70f1e7def50f5d98,147cec383892d143b5e02daa70f1e7def50f5d98,"['CWE-613', 'CWE-287', 'CWE-284']",
mod_h2,https://github.com/icing/mod_h2/commit/83a2e3866918ce6567a683eb4c660688d047ee81,83a2e3866918ce6567a683eb4c660688d047ee81,['CWE-400'],CVE-2018-1333
mod_md,https://github.com/icing/mod_md/commit/e71001955809247b3aa4d269e1e0741b4fe0fc3d,e71001955809247b3aa4d269e1e0741b4fe0fc3d,['CWE-476'],CVE-2018-8011
cups,https://github.com/apple/cups/commit/07428f6a640ff93aa0b4cc69ca372e2cf8490e41,07428f6a640ff93aa0b4cc69ca372e2cf8490e41,['CWE-93'],CVE-2017-15400
ImageMagick,https://github.com/ImageMagick/ImageMagick/commit/98a2cceae0dceccbfe54051167c2c80be1f13c3f,98a2cceae0dceccbfe54051167c2c80be1f13c3f,['CWE-772'],CVE-2018-14434
ImageMagick6,https://github.com/ImageMagick/ImageMagick6/commit/e8f4f5e776002aa6ed490d7c6f65e10fa67359dd,e8f4f5e776002aa6ed490d7c6f65e10fa67359dd,['CWE-772'],CVE-2018-14435
ImageMagick,https://github.com/ImageMagick/ImageMagick/commit/957b6397b958a5881005df27eb97319b3175a3c9,957b6397b958a5881005df27eb97319b3175a3c9,['CWE-772'],CVE-2018-14435
ImageMagick6,https://github.com/ImageMagick/ImageMagick6/commit/ae3eecad2f59e27123c1a6c891be75d06fc03656,ae3eecad2f59e27123c1a6c891be75d06fc03656,['CWE-772'],CVE-2018-14436
ImageMagick,https://github.com/ImageMagick/ImageMagick/commit/4b352c0be410ad900469a079e389178f878aded8,4b352c0be410ad900469a079e389178f878aded8,['CWE-772'],CVE-2018-14436
ImageMagick6,https://github.com/ImageMagick/ImageMagick6/commit/0812674565df667b1b3e4122ad259096de311c6c,0812674565df667b1b3e4122ad259096de311c6c,['CWE-772'],CVE-2018-14437
ImageMagick,https://github.com/ImageMagick/ImageMagick/commit/082223fb992448dbb574747deac9a30f986c116e,082223fb992448dbb574747deac9a30f986c116e,['CWE-772'],CVE-2018-14437
LibRaw,https://github.com/LibRaw/LibRaw/commit/4554e24ce24beaef5d0ef48372801cfd91039076,4554e24ce24beaef5d0ef48372801cfd91039076,['CWE-190'],CVE-2018-5815
lftp,https://github.com/lavv17/lftp/commit/a27e07d90a4608ceaf928b1babb27d4d803e1992,a27e07d90a4608ceaf928b1babb27d4d803e1992,"['CWE-20', 'CWE-401']",
ImageMagick6,https://github.com/ImageMagick/ImageMagick6/commit/db7a4be592328af06d776ce3bab24b8c6de5be20,db7a4be592328af06d776ce3bab24b8c6de5be20,['CWE-787'],CVE-2018-14551
ImageMagick,https://github.com/ImageMagick/ImageMagick/commit/389ecc365a7c61404ba078a72c3fa5a3cf1b4101,389ecc365a7c61404ba078a72c3fa5a3cf1b4101,['CWE-787'],CVE-2018-14551
ImageMagick6,https://github.com/ImageMagick/ImageMagick6/commit/e806bc5559474b19114faf235266dbb8f6b206ee,e806bc5559474b19114faf235266dbb8f6b206ee,['CWE-787'],CVE-2018-14551
php-src,https://github.com/php/php-src/commit/0e097f2c96ce31b16fa371981045f224e5a37160,0e097f2c96ce31b16fa371981045f224e5a37160,['CWE-476'],CVE-2018-14884
lxc,https://github.com/lxc/lxc/commit/5eb45428b312e978fb9e294dde16efb14dd9fa4d,5eb45428b312e978fb9e294dde16efb14dd9fa4d,['CWE-417'],CVE-2018-6556
lxc,https://github.com/lxc/lxc/commit/c1cf54ebf251fdbad1e971679614e81649f1c032,c1cf54ebf251fdbad1e971679614e81649f1c032,['CWE-417'],CVE-2018-6556
libgd,https://github.com/libgd/libgd/commit/ac16bdf2d41724b5a65255d4c28fb0ec46bc42f5,ac16bdf2d41724b5a65255d4c28fb0ec46bc42f5,['CWE-415'],CVE-2018-1000222
curl,https://github.com/curl/curl/commit/57d299a499155d4b327e341c6024e293b0418243,57d299a499155d4b327e341c6024e293b0418243,['CWE-190'],CVE-2018-14618
ImageMagick,https://github.com/ImageMagick/ImageMagick/commit/23acdce3651447328c6ef71ede20ee60637ba39d,23acdce3651447328c6ef71ede20ee60637ba39d,['CWE-400'],CVE-2018-15607
ImageMagick6,https://github.com/ImageMagick/ImageMagick6/commit/d5e7c2b5ba384e7d0d8ddac6c9ae2319cb74b9c5,d5e7c2b5ba384e7d0d8ddac6c9ae2319cb74b9c5,['CWE-400'],CVE-2018-15607
ImageMagick,https://github.com/ImageMagick/ImageMagick/commit/107ce8577e818cf4801e5a59641cb769d645cc95,107ce8577e818cf4801e5a59641cb769d645cc95,['CWE-476'],CVE-2018-16328
ImageMagick,https://github.com/ImageMagick/ImageMagick/commit/2c75f301d9ac84f91071393b02d8c88c8341c91c,2c75f301d9ac84f91071393b02d8c88c8341c91c,['CWE-476'],CVE-2018-16329
ImageMagick6,https://github.com/ImageMagick/ImageMagick6/commit/5bf7ff59c8ada957d6a681a0a2cc29f3813ad4bc,5bf7ff59c8ada957d6a681a0a2cc29f3813ad4bc,['CWE-476'],CVE-2018-16329
ImageMagick,https://github.com/ImageMagick/ImageMagick/commit/216d117f05bff87b9dc4db55a1b1fadb38bcb786,216d117f05bff87b9dc4db55a1b1fadb38bcb786,"['CWE-200', 'CWE-703']",
exiv2,https://github.com/Exiv2/exiv2/commit/35b3e596edacd2437c2c5d3dd2b5c9502626163d,35b3e596edacd2437c2c5d3dd2b5c9502626163d,['CWE-125'],CVE-2018-16336
ImageMagick6,https://github.com/ImageMagick/ImageMagick6/commit/4745eb1047617330141e9abfd5ae01236a71ae12,4745eb1047617330141e9abfd5ae01236a71ae12,['CWE-125'],CVE-2018-16412
ImageMagick,https://github.com/ImageMagick/ImageMagick/commit/17a1a6f97fd088a71931bdc422f4e96bb6ffc549,17a1a6f97fd088a71931bdc422f4e96bb6ffc549,['CWE-125'],CVE-2018-16412
openjpeg,https://github.com/uclouvain/openjpeg/commit/c22cbd8bdf8ff2ae372f94391a4be2d322b36b41,c22cbd8bdf8ff2ae372f94391a4be2d322b36b41,['CWE-787'],CVE-2018-16375
zziplib,https://github.com/gdraheim/zziplib/commit/0e1dadb05c1473b9df2d7b8f298dab801778ef99,0e1dadb05c1473b9df2d7b8f298dab801778ef99,['CWE-772'],CVE-2018-16548
zziplib,https://github.com/gdraheim/zziplib/commit/d2e5d5c53212e54a97ad64b793a4389193fec687,d2e5d5c53212e54a97ad64b793a4389193fec687,['CWE-772'],CVE-2018-16548
zziplib,https://github.com/gdraheim/zziplib/commit/9411bde3e4a70a81ff3ffd256b71927b2d90dcbb,9411bde3e4a70a81ff3ffd256b71927b2d90dcbb,['CWE-772'],CVE-2018-16548
ImageMagick6,https://github.com/ImageMagick/ImageMagick6/commit/3449a06f0122d4d9e68b4739417a3eaad0b24265,3449a06f0122d4d9e68b4739417a3eaad0b24265,['CWE-772'],CVE-2018-16640
ImageMagick6,https://github.com/ImageMagick/ImageMagick6/commit/11d9dac3d991c62289d1ef7a097670166480e76c,11d9dac3d991c62289d1ef7a097670166480e76c,['CWE-252'],CVE-2018-16643
ImageMagick,https://github.com/ImageMagick/ImageMagick/commit/33d1b9590c401d4aee666ffd10b16868a38cf705,33d1b9590c401d4aee666ffd10b16868a38cf705,['CWE-772'],CVE-2018-16750
ImageMagick6,https://github.com/ImageMagick/ImageMagick6/commit/359331c61193138ce2b85331df25235b81499cfc,359331c61193138ce2b85331df25235b81499cfc,['CWE-772'],CVE-2018-16750
OpenSC,https://github.com/OpenSC/OpenSC/commit/360e95d45ac4123255a4c796db96337f332160ad,360e95d45ac4123255a4c796db96337f332160ad,"['CWE-415', 'CWE-119']",
bro,https://github.com/bro/bro/commit/c2b18849f8bb833253538f5dfedb4ed1dc176a30,c2b18849f8bb833253538f5dfedb4ed1dc176a30,['CWE-20'],
exiv2,https://github.com/Exiv2/exiv2/commit/afb98cbc6e288dc8ea75f3394a347fb9b37abc55,afb98cbc6e288dc8ea75f3394a347fb9b37abc55,['CWE-787'],CVE-2018-17229
exiv2,https://github.com/Exiv2/exiv2/commit/670fb73dd5ee8acab90971c4878de29f9fc43a02,670fb73dd5ee8acab90971c4878de29f9fc43a02,['CWE-476'],CVE-2018-17282
ovs,https://github.com/openvswitch/ovs/commit/9237a63c47bd314b807cda0bd2216264e82edbe8,9237a63c47bd314b807cda0bd2216264e82edbe8,['CWE-125'],
mesos,https://github.com/apache/mesos/commit/2c282f19755ea7518caf6f43e729524b1c6bdb23,2c282f19755ea7518caf6f43e729524b1c6bdb23,['CWE-200'],CVE-2018-8023
udisks,https://github.com/pothos/udisks/commit/e369a9b4b08e9373c814c05328b366c938284eb5,e369a9b4b08e9373c814c05328b366c938284eb5,['CWE-134'],CVE-2018-17336
exiv2,https://github.com/Exiv2/exiv2/commit/b3d077dcaefb6747fff8204490f33eba5a144edb,b3d077dcaefb6747fff8204490f33eba5a144edb,['CWE-400'],CVE-2018-17581
ImageMagick,https://github.com/ImageMagick/ImageMagick/commit/df8a62fe4938aa41a39e815937c58bc0ed21b664,df8a62fe4938aa41a39e815937c58bc0ed21b664,['CWE-772'],CVE-2018-18016
ImageMagick,https://github.com/ImageMagick/ImageMagick/commit/74f8b6cb2d31651cd34d2830f570979f7db882e0,74f8b6cb2d31651cd34d2830f570979f7db882e0,['CWE-772'],CVE-2018-17966
ImageMagick,https://github.com/ImageMagick/ImageMagick/commit/e92492afac23315358850e5e050144930049e9cb,e92492afac23315358850e5e050144930049e9cb,['CWE-772'],CVE-2018-17965
git,https://github.com/git/git/commit/98afac7a7cefdca0d2c4917dd8066a59f7088265,98afac7a7cefdca0d2c4917dd8066a59f7088265,['CWE-88'],CVE-2018-17456
git,https://github.com/git/git/commit/f6adec4e329ef0e25e14c63b735a5956dc67b8bc,f6adec4e329ef0e25e14c63b735a5956dc67b8bc,['CWE-88'],CVE-2018-17456
git,https://github.com/git/git/commit/273c61496f88c6495b886acb1041fe57965151da,273c61496f88c6495b886acb1041fe57965151da,['CWE-88'],CVE-2018-17456
ImageMagick6,https://github.com/ImageMagick/ImageMagick6/commit/a5db4873626f702d2ddd8bc293573493e0a412c0,a5db4873626f702d2ddd8bc293573493e0a412c0,['CWE-125'],CVE-2018-18023
ImageMagick,https://github.com/ImageMagick/ImageMagick/commit/948f1c86d649a29df08a38d2ff8b91cdf3e92b82,948f1c86d649a29df08a38d2ff8b91cdf3e92b82,['CWE-835'],CVE-2018-18024
ImageMagick6,https://github.com/ImageMagick/ImageMagick6/commit/b268ce7a59440972f4476b9fd98104b6a836d971,b268ce7a59440972f4476b9fd98104b6a836d971,['CWE-835'],CVE-2018-18024
ceph,https://github.com/ceph/ceph/commit/a2acedd2a7e12d58af6db35edbd8a9d29c557578,a2acedd2a7e12d58af6db35edbd8a9d29c557578,['CWE-285'],CVE-2018-14662
systemd,https://github.com/systemd/systemd/commit/4dac5eaba4e419b29c97da38a8b1f82336c2c892,4dac5eaba4e419b29c97da38a8b1f82336c2c892,['CWE-120'],CVE-2018-15688
systemd,https://github.com/systemd/systemd/commit/f5a8c43f39937d97c9ed75e3fe8621945b42b0db,f5a8c43f39937d97c9ed75e3fe8621945b42b0db,['CWE-120'],CVE-2018-15688
ImageMagick,https://github.com/ImageMagick/ImageMagick/commit/c9c4ef4e7ca83d8a00effd16723f37946e89fbad,c9c4ef4e7ca83d8a00effd16723f37946e89fbad,['CWE-772'],CVE-2018-18544
ImageMagick6,https://github.com/ImageMagick/ImageMagick6/commit/bb77f9e905597c7ab1e92042c7de418d999b00bf,bb77f9e905597c7ab1e92042c7de418d999b00bf,['CWE-772'],CVE-2018-18544
curl,https://github.com/curl/curl/commit/5d0ba70e17bde74d9a9108c38558f6491d2b5c4d,5d0ba70e17bde74d9a9108c38558f6491d2b5c4d,['CWE-125'],CVE-2018-16842
curl,https://github.com/curl/curl/commit/481e0de00a9003b9c5220b120e3fc302d9b0932d,481e0de00a9003b9c5220b120e3fc302d9b0932d,['CWE-125'],CVE-2018-16842
curl,https://github.com/curl/curl/commit/70b1900dd13d16f2e83f571407a614541d5ac9ba,70b1900dd13d16f2e83f571407a614541d5ac9ba,['CWE-125'],CVE-2018-16842
ceph,https://github.com/ceph/ceph/commit/ab29bed2fc9f961fe895de1086a8208e21ddaddc,ab29bed2fc9f961fe895de1086a8208e21ddaddc,['CWE-770'],CVE-2018-16846
squid,https://github.com/squid-cache/squid/commit/983c5c36e5f109512ed1af38a329d0b5d0967498,983c5c36e5f109512ed1af38a329d0b5d0967498,['CWE-772'],CVE-2018-19132
squid,https://github.com/squid-cache/squid/commit/bc9786119f058a76ddf0625424bc33d36460b9a2,bc9786119f058a76ddf0625424bc33d36460b9a2,['CWE-772'],CVE-2018-19132
exiv2,https://github.com/Exiv2/exiv2/commit/ae49250942f4395639961abeed3c15920fcd7241,ae49250942f4395639961abeed3c15920fcd7241,['CWE-835'],CVE-2018-18915
jasper,https://github.com/jasper-software/jasper/commit/12db8078ba17a8ffc5cc2429fb506988f0f11b44,12db8078ba17a8ffc5cc2429fb506988f0f11b44,['CWE-476'],CVE-2018-18873
icu,https://github.com/unicode-org/icu/commit/53d8c8f3d181d87a6aa925b449b51c4a2c922a51,53d8c8f3d181d87a6aa925b449b51c4a2c922a51,['CWE-190'],
perl5,https://github.com/Perl/perl5/commit/34716e2a6ee2af96078d62b065b7785c001194be,34716e2a6ee2af96078d62b065b7785c001194be,"['CWE-119', 'CWE-703', 'CWE-787']",
perl5,https://github.com/Perl/perl5/commit/43b2f4ef399e2fd7240b4eeb0658686ad95f8e62,43b2f4ef399e2fd7240b4eeb0658686ad95f8e62,['CWE-125'],
amanda,https://github.com/zmanda/amanda/commit/2ba9a5fb84ba2faaeb95695a03bd7f26cbdfedb8,2ba9a5fb84ba2faaeb95695a03bd7f26cbdfedb8,['CWE-77'],CVE-2016-10729
amanda,https://github.com/zmanda/amanda/commit/29bae2e271093cd8d06ea98f73a474c685c5a314,29bae2e271093cd8d06ea98f73a474c685c5a314,['CWE-77'],CVE-2016-10729
amanda,https://github.com/zmanda/amanda/commit/4bf5b9b356848da98560ffbb3a07a9cb5c4ea6d7,4bf5b9b356848da98560ffbb3a07a9cb5c4ea6d7,['CWE-264'],CVE-2016-10730
lighttpd1.4,https://github.com/lighttpd/lighttpd1.4/commit/2105dae0f9d7a964375ce681e53cb165375f84c1,2105dae0f9d7a964375ce681e53cb165375f84c1,['CWE-22'],
exiv2,https://github.com/Exiv2/exiv2/commit/68966932510213b5656fcf433ab6d7e26f48e23b,68966932510213b5656fcf433ab6d7e26f48e23b,['CWE-125'],CVE-2018-19107
exiv2,https://github.com/Exiv2/exiv2/commit/b7c71f3ad0386cd7af3b73443c0615ada073f0d5,b7c71f3ad0386cd7af3b73443c0615ada073f0d5,['CWE-125'],CVE-2018-19107
poppler,https://github.com/freedesktop/poppler/commit/f162ecdea0dda5dbbdb45503c1d55d9afaa41d44,f162ecdea0dda5dbbdb45503c1d55d9afaa41d44,['CWE-476'],CVE-2018-19149
keepalived,https://github.com/acassen/keepalived/commit/ac8e2ef053de273ce7a0cf0cb611e599dca4b298,ac8e2ef053de273ce7a0cf0cb611e599dca4b298,['CWE-200'],CVE-2018-19046
keepalived,https://github.com/acassen/keepalived/commit/26c8d6374db33bcfcdcd758b1282f12ceef4b94f,26c8d6374db33bcfcdcd758b1282f12ceef4b94f,['CWE-200'],CVE-2018-19046
keepalived,https://github.com/acassen/keepalived/commit/17f944144b3d9c5131569b1cc988cc90fd676671,17f944144b3d9c5131569b1cc988cc90fd676671,['CWE-200'],CVE-2018-19046
uriparser,https://github.com/uriparser/uriparser/commit/f58c25069cf4a986fe17a80c5b38687e31feb539,f58c25069cf4a986fe17a80c5b38687e31feb539,['CWE-476'],
libsndfile,https://github.com/erikd/libsndfile/commit/6f3266277bed16525f0ac2f0f03ff4626f1923e5,6f3266277bed16525f0ac2f0f03ff4626f1923e5,['CWE-476'],CVE-2018-19432
libsndfile,https://github.com/erikd/libsndfile/commit/aaea680337267bfb6d2544da878890ee7f1c5077,aaea680337267bfb6d2544da878890ee7f1c5077,['CWE-476'],CVE-2018-19432
sysstat,https://github.com/sysstat/sysstat/commit/fbc691eaaa10d0bcea6741d5a223dc3906106548,fbc691eaaa10d0bcea6741d5a223dc3906106548,['CWE-125'],CVE-2018-19416
systemd,https://github.com/systemd/systemd/commit/084eeb865ca63887098e0945fb4e93c852b91b0f,084eeb865ca63887098e0945fb4e93c852b91b0f,['CWE-770'],CVE-2018-16864
systemd,https://github.com/systemd/systemd/commit/052c57f132f04a3cf4148f87561618da1a6908b4,052c57f132f04a3cf4148f87561618da1a6908b4,['CWE-770'],CVE-2018-16865
systemd,https://github.com/systemd/systemd/commit/ef4d6abe7c7fab6cbff975b32e76b09feee56074,ef4d6abe7c7fab6cbff975b32e76b09feee56074,['CWE-770'],CVE-2018-16865
systemd,https://github.com/systemd/systemd/commit/a6aadf4ae0bae185dc4c414d492a4a781c80ffe5,a6aadf4ae0bae185dc4c414d492a4a781c80ffe5,['CWE-125'],CVE-2018-16866
systemd,https://github.com/systemd/systemd/commit/8595102d3ddde6d25c282f965573a6de34ab4421,8595102d3ddde6d25c282f965573a6de34ab4421,['CWE-125'],CVE-2018-16866
exiv2,https://github.com/Exiv2/exiv2/commit/6e42c1b55e0fc4f360cc56010b0ffe19aa6062d9,6e42c1b55e0fc4f360cc56010b0ffe19aa6062d9,['CWE-476'],CVE-2018-19607
linux,https://github.com/torvalds/linux/commit/f43f39958beb206b53292801e216d9b8a660f087,f43f39958beb206b53292801e216d9b8a660f087,['CWE-200'],
rsyslog,https://github.com/rsyslog/rsyslog/commit/0381a0de64a5a048c3d48b79055bd9848d0c7fc2,0381a0de64a5a048c3d48b79055bd9848d0c7fc2,['CWE-190'],CVE-2018-16881
jasper,https://github.com/jasper-software/jasper/commit/243749e5a6384acdb9f0a59515c0b85dfd62bd5b,243749e5a6384acdb9f0a59515c0b85dfd62bd5b,['CWE-617'],CVE-2018-19539
android_kernel_xiaomi_msm8996,https://github.com/LineageOS/android_kernel_xiaomi_msm8996/commit/4e624aeb719ba0a13390f70b18f2388372614b94,4e624aeb719ba0a13390f70b18f2388372614b94,['CWE-732'],CVE-2017-13168
libsndfile,https://github.com/erikd/libsndfile/commit/42132c543358cee9f7c3e9e9b15bb6c1063a608e,42132c543358cee9f7c3e9e9b15bb6c1063a608e,['CWE-125'],CVE-2018-19758
mosquitto,https://github.com/eclipse/mosquitto/commit/9097577b49b7fdcf45d30975976dd93808ccc0c4,9097577b49b7fdcf45d30975976dd93808ccc0c4,"['CWE-200', 'CWE-732', 'CWE-254']",
libvncserver,https://github.com/LibVNC/libvncserver/commit/502821828ed00b4a2c4bef90683d0fd88ce495de,502821828ed00b4a2c4bef90683d0fd88ce495de,['CWE-787'],CVE-2018-15127
libvncserver,https://github.com/LibVNC/libvncserver/commit/73cb96fec028a576a5a24417b57723b55854ad7b,73cb96fec028a576a5a24417b57723b55854ad7b,['CWE-416'],CVE-2018-15126
libvncserver,https://github.com/LibVNC/libvncserver/commit/a83439b9fbe0f03c48eb94ed05729cb016f8b72f,a83439b9fbe0f03c48eb94ed05729cb016f8b72f,['CWE-787'],CVE-2018-20019
libvncserver,https://github.com/LibVNC/libvncserver/commit/7b1ef0ffc4815cab9a96c7278394152bdc89dc4d,7b1ef0ffc4815cab9a96c7278394152bdc89dc4d,['CWE-787'],CVE-2018-20020
libvncserver,https://github.com/LibVNC/libvncserver/commit/c3115350eb8bb635d0fdb4dbbb0d0541f38ed19c,c3115350eb8bb635d0fdb4dbbb0d0541f38ed19c,['CWE-835'],CVE-2018-20021
libvncserver,https://github.com/LibVNC/libvncserver/commit/79d938c16bf7a14b6d6ee290bcfef3c01f9c4f02,79d938c16bf7a14b6d6ee290bcfef3c01f9c4f02,['CWE-835'],CVE-2018-20021
libvncserver,https://github.com/LibVNC/libvncserver/commit/2f5b2ad1c6c99b1ac6482c95844a84d66bb52838,2f5b2ad1c6c99b1ac6482c95844a84d66bb52838,['CWE-665'],CVE-2018-20022
libvncserver,https://github.com/LibVNC/libvncserver/commit/8b06f835e259652b0ff026898014fc7297ade858,8b06f835e259652b0ff026898014fc7297ade858,['CWE-665'],CVE-2018-20023
libvncserver,https://github.com/LibVNC/libvncserver/commit/4a21bbd097ef7c44bb000c3bd0907f96a10e4ce7,4a21bbd097ef7c44bb000c3bd0907f96a10e4ce7,['CWE-476'],CVE-2018-20024
libvncserver,https://github.com/LibVNC/libvncserver/commit/ca2a5ac02fbbadd0a21fabba779c1ea69173d10b,ca2a5ac02fbbadd0a21fabba779c1ea69173d10b,['CWE-416'],CVE-2018-6307
LibRaw,https://github.com/LibRaw/LibRaw/commit/fd6330292501983ac75fe4162275794b18445bd9,fd6330292501983ac75fe4162275794b18445bd9,"['CWE-125', 'CWE-787']",
LibRaw,https://github.com/LibRaw/LibRaw/commit/fbf60377c006eaea8d3eca3f5e4c654909dcdfd2,fbf60377c006eaea8d3eca3f5e4c654909dcdfd2,['CWE-787'],CVE-2018-20337
LibRaw,https://github.com/LibRaw/LibRaw/commit/e67a9862d10ebaa97712f532eca1eb5e2e410a22,e67a9862d10ebaa97712f532eca1eb5e2e410a22,['CWE-400'],CVE-2018-5819
libexif,https://github.com/libexif/libexif/commit/6aa11df549114ebda520dde4cdaea2f9357b2c89,6aa11df549114ebda520dde4cdaea2f9357b2c89,"['CWE-400', 'CWE-703']",
gnupg,https://github.com/gpg/gnupg/commit/4a4bb874f63741026bd26264c43bb32b1099f060,4a4bb874f63741026bd26264c43bb32b1099f060,['CWE-352'],CVE-2018-1000858
aria2,https://github.com/aria2/aria2/commit/37368130ca7de5491a75fd18a20c5c5cc641824a,37368130ca7de5491a75fd18a20c5c5cc641824a,['CWE-532'],CVE-2019-3500
radare2,https://github.com/radare/radare2/commit/df167c7db545953bb7f71c72e98e7a3ca0c793bf,df167c7db545953bb7f71c72e98e7a3ca0c793bf,"['CWE-119', 'CWE-787']",
radare2,https://github.com/radare/radare2/commit/a1bc65c3db593530775823d6d7506a457ed95267,a1bc65c3db593530775823d6d7506a457ed95267,"['CWE-125', 'CWE-787']",
cpython,https://github.com/python/cpython/commit/a4ae828ee416a66d8c7bf5ee71d653c2cc6a26dd,a4ae828ee416a66d8c7bf5ee71d653c2cc6a26dd,"['CWE-190', 'CWE-369']",
ImageMagick6,https://github.com/ImageMagick/ImageMagick6/commit/4dd53a3f790147aaf18b2dd4d15f2a19f9432d3f,4dd53a3f790147aaf18b2dd4d15f2a19f9432d3f,['CWE-835'],CVE-2018-20467
jasper,https://github.com/jasper-software/jasper/commit/aa8516b28344aa1263ee538bb7366c4679a0e1a5,aa8516b28344aa1263ee538bb7366c4679a0e1a5,['CWE-772'],CVE-2018-20622
jasper,https://github.com/jasper-software/jasper/commit/03db7c81f6a8a92d896249bc673877749987fd7a,03db7c81f6a8a92d896249bc673877749987fd7a,['CWE-125'],CVE-2018-20570
runc,https://github.com/opencontainers/runc/commit/0a8e4117e7f715d5fbeef398405813ce8e88558b,0a8e4117e7f715d5fbeef398405813ce8e88558b,"['CWE-78', 'CWE-216']",CVE-2019-5736
nagioscore,https://github.com/NagiosEnterprises/nagioscore/commit/b1a92a3b52d292ccb601e77a0b29cb1e67ac9d76,b1a92a3b52d292ccb601e77a0b29cb1e67ac9d76,['CWE-476'],CVE-2018-13441
libjpeg-turbo,https://github.com/libjpeg-turbo/libjpeg-turbo/commit/3d9c64e9f8aa1ee954d1d0bb3390fc894bb84da3,3d9c64e9f8aa1ee954d1d0bb3390fc894bb84da3,['CWE-787'],CVE-2018-20330
krb5,https://github.com/krb5/krb5/commit/94e5eda5bb94d1d44733a49c3d9b6d1e42c74def,94e5eda5bb94d1d44733a49c3d9b6d1e42c74def,['CWE-617'],CVE-2018-20217
qemu,https://github.com/qemu/qemu/commit/b05b267840515730dbf6753495d5b7bd8b04ad1c,b05b267840515730dbf6753495d5b7bd8b04ad1c,['CWE-125'],CVE-2019-3812
uriparser,https://github.com/uriparser/uriparser/commit/cef25028de5ff872c2e1f0a6c562eb3ea9ecbce4,cef25028de5ff872c2e1f0a6c562eb3ea9ecbce4,['CWE-125'],
systemd,https://github.com/systemd/systemd/commit/6d586a13717ae057aa1b4127400c3de61cd5b9e7,6d586a13717ae057aa1b4127400c3de61cd5b9e7,['CWE-787'],CVE-2019-6454
systemd,https://github.com/systemd/systemd/commit/83d4ab55336ff8a0643c6aa627b31e351a24040a,83d4ab55336ff8a0643c6aa627b31e351a24040a,['CWE-863'],CVE-2019-3842
rdesktop,https://github.com/rdesktop/rdesktop/commit/766ebcf6f23ccfe8323ac10242ae6e127d4505d2,766ebcf6f23ccfe8323ac10242ae6e127d4505d2,['CWE-787'],CVE-2018-8794
libsass,https://github.com/sass/libsass/commit/210fdff7a65370c2ae24e022a2b35da8c423cc5f,210fdff7a65370c2ae24e022a2b35da8c423cc5f,"['CWE-400', 'CWE-703']",
libgd,https://github.com/libgd/libgd/commit/553702980ae89c83f2d6e254d62cf82e204956d0,553702980ae89c83f2d6e254d62cf82e204956d0,['CWE-415'],
libvncserver,https://github.com/LibVNC/libvncserver/commit/15bb719c03cc70f14c36a843dcb16ed69b405707,15bb719c03cc70f14c36a843dcb16ed69b405707,['CWE-787'],CVE-2018-20749
libvncserver,https://github.com/LibVNC/libvncserver/commit/09e8fc02f59f16e2583b34fe1a270c238bd9ffec,09e8fc02f59f16e2583b34fe1a270c238bd9ffec,"['CWE-200', 'CWE-787']",
libvncserver,https://github.com/LibVNC/libvncserver/commit/a64c3b37af9a6c8f8009d7516874b8d266b42bae,a64c3b37af9a6c8f8009d7516874b8d266b42bae,['CWE-787'],CVE-2018-20748
libvncserver,https://github.com/LibVNC/libvncserver/commit/c2c4b81e6cb3b485fb1ec7ba9e7defeb889f6ba7,c2c4b81e6cb3b485fb1ec7ba9e7defeb889f6ba7,['CWE-787'],CVE-2018-20748
libvncserver,https://github.com/LibVNC/libvncserver/commit/c5ba3fee85a7ecbbca1df5ffd46d32b92757bc2a,c5ba3fee85a7ecbbca1df5ffd46d32b92757bc2a,['CWE-787'],CVE-2018-20748
libvncserver,https://github.com/LibVNC/libvncserver/commit/e34bcbb759ca5bef85809967a268fdf214c1ad2c,e34bcbb759ca5bef85809967a268fdf214c1ad2c,['CWE-787'],CVE-2018-20748
ImageMagick,https://github.com/ImageMagick/ImageMagick/commit/9cf2f738f714eba6d47be1127ed255acd2b51750,9cf2f738f714eba6d47be1127ed255acd2b51750,['CWE-401'],CVE-2019-7398
ImageMagick6,https://github.com/ImageMagick/ImageMagick6/commit/dfa1e752bce7b6994765897fb6606d6069345442,dfa1e752bce7b6994765897fb6606d6069345442,['CWE-401'],CVE-2019-7398
ImageMagick6,https://github.com/ImageMagick/ImageMagick6/commit/3b28c8d93aa469f6d90c8b3c05fe3d88c2584e32,3b28c8d93aa469f6d90c8b3c05fe3d88c2584e32,['CWE-401'],CVE-2019-7397
ImageMagick,https://github.com/ImageMagick/ImageMagick/commit/748a03651e5b138bcaf160d15133de2f4b1b89ce,748a03651e5b138bcaf160d15133de2f4b1b89ce,"['CWE-399', 'CWE-401']",
flatpak,https://github.com/flatpak/flatpak/commit/cd2142888fc4c199723a0dfca1f15ea8788a5483,cd2142888fc4c199723a0dfca1f15ea8788a5483,['CWE-668'],CVE-2019-8308
libsndfile,https://github.com/erikd/libsndfile/commit/6d7ce94c020cc720a6b28719d1a7879181790008,6d7ce94c020cc720a6b28719d1a7879181790008,['CWE-125'],CVE-2019-3832
file,https://github.com/file/file/commit/d65781527c8134a1202b2649695d48d5701ac60b,d65781527c8134a1202b2649695d48d5701ac60b,['CWE-787'],CVE-2019-8907
file,https://github.com/file/file/commit/94b7501f48e134e77716e7ebefc73d6bbe72ba55,94b7501f48e134e77716e7ebefc73d6bbe72ba55,['CWE-125'],CVE-2019-8904
vim,https://github.com/vim/vim/commit/cd929f7ba8cc5b6d6dcf35c8b34124e969fed6b8,cd929f7ba8cc5b6d6dcf35c8b34124e969fed6b8,['CWE-476'],CVE-2018-20786
advancecomp,https://github.com/amadvance/advancecomp/commit/7894a6e684ce68ddff9f4f4919ab8e3911ac8040,7894a6e684ce68ddff9f4f4919ab8e3911ac8040,['CWE-125'],CVE-2019-9210
systemd,https://github.com/systemd/systemd/commit/f69567cbe26d09eac9d387c0be0fc32c65a83ada,f69567cbe26d09eac9d387c0be0fc32c65a83ada,['CWE-269'],CVE-2019-3843
systemd,https://github.com/systemd/systemd/commit/9d880b70ba5c6ca83c82952f4c90e86e56c7b70c,9d880b70ba5c6ca83c82952f4c90e86e56c7b70c,['CWE-269'],CVE-2019-3843
systemd,https://github.com/systemd/systemd/commit/bf65b7e0c9fc215897b676ab9a7c9d1c688143ba,bf65b7e0c9fc215897b676ab9a7c9d1c688143ba,['CWE-269'],CVE-2019-3843
openj9,https://github.com/eclipse/openj9/commit/0971f22d88f42cf7332364ad7430e9bd8681c970,0971f22d88f42cf7332364ad7430e9bd8681c970,['CWE-119'],CVE-2018-12547
edk2,https://github.com/tianocore/edk2/commit/ffe5f7a6b4e978dffbe1df228963adc914451106,ffe5f7a6b4e978dffbe1df228963adc914451106,['CWE-787'],CVE-2018-12181
edk2,https://github.com/tianocore/edk2/commit/89910a39dcfd788057caa5d88b7e76e112d187b5,89910a39dcfd788057caa5d88b7e76e112d187b5,['CWE-787'],CVE-2018-12181
libssh2,https://github.com/libssh2/libssh2/commit/dc109a7f518757741590bb993c0c8412928ccec2,dc109a7f518757741590bb993c0c8412928ccec2,['CWE-787'],CVE-2019-3855
ImageMagick6,https://github.com/ImageMagick/ImageMagick6/commit/ffedc1feed46ae5dfad2aeaf4bd9c42174ec0ad1,ffedc1feed46ae5dfad2aeaf4bd9c42174ec0ad1,['CWE-401'],CVE-2019-7175
cronie,https://github.com/cronie-crond/cronie/commit/a6576769f01325303b11edc3e0cfb05ef382ce56,a6576769f01325303b11edc3e0cfb05ef382ce56,['CWE-476'],CVE-2019-9704
libcaca,https://github.com/cacalabs/libcaca/commit/84bd155087b93ab2d8d7cb5b1ac94ecd4cf4f93c,84bd155087b93ab2d8d7cb5b1ac94ecd4cf4f93c,['CWE-369'],CVE-2018-20544
php-src,https://github.com/php/php-src/commit/46e79c93518365c7bda894bc512f4be282a29d48,46e79c93518365c7bda894bc512f4be282a29d48,['CWE-908'],CVE-2019-9641
ImageMagick,https://github.com/ImageMagick/ImageMagick/commit/34a6a5a45e83a4af852090b4e43f168a380df979,34a6a5a45e83a4af852090b4e43f168a380df979,['CWE-787'],CVE-2019-9956
ImageMagick6,https://github.com/ImageMagick/ImageMagick6/commit/90401e430840c5ff31ad870f4370bbda1318ac94,90401e430840c5ff31ad870f4370bbda1318ac94,['CWE-787'],CVE-2019-9956
znc,https://github.com/znc/znc/commit/64613bc8b6b4adf1e32231f9844d99cd512b8973,64613bc8b6b4adf1e32231f9844d99cd512b8973,['CWE-20'],
edk2,https://github.com/tianocore/edk2/commit/acebdf14c985c5c9f50b37ece0b15ada87767359,acebdf14c985c5c9f50b37ece0b15ada87767359,['CWE-787'],CVE-2019-0161
edk2,https://github.com/tianocore/edk2/commit/72750e3bf9174f15c17e78f0f117b5e7311bb49f,72750e3bf9174f15c17e78f0f117b5e7311bb49f,['CWE-787'],CVE-2019-0161
edk2,https://github.com/tianocore/edk2/commit/0a0d5296e448fc350de1594c49b9c0deff7fad60,0a0d5296e448fc350de1594c49b9c0deff7fad60,['CWE-787'],CVE-2018-12183
mod_h2,https://github.com/icing/mod_h2/commit/576ed4866e88dfca432b2b92576a7590d6118a79,576ed4866e88dfca432b2b92576a7590d6118a79,['CWE-416'],CVE-2019-0196
mod_h2,https://github.com/icing/mod_h2/commit/825de6a46027b2f4c30d7ff5a0c8b852d639c207,825de6a46027b2f4c30d7ff5a0c8b852d639c207,['CWE-444'],CVE-2019-0197
bwa,https://github.com/lh3/bwa/commit/20d0a13092aa4cb73230492b05f9697d5ef0b88e,20d0a13092aa4cb73230492b05f9697d5ef0b88e,['CWE-787'],CVE-2019-10269
freeradius-server,https://github.com/FreeRADIUS/freeradius-server/commit/85497b5ff37ccb656895b826b88585898c209586,85497b5ff37ccb656895b826b88585898c209586,['CWE-345'],CVE-2019-11235
freeradius-server,https://github.com/FreeRADIUS/freeradius-server/commit/ab4c767099f263a7cd4109bcdca80ee74210a769,ab4c767099f263a7cd4109bcdca80ee74210a769,['CWE-345'],CVE-2019-11235
libqb,https://github.com/ClusterLabs/libqb/commit/e322e98dc264bc5911d6fe1d371e55ac9f95a71e,e322e98dc264bc5911d6fe1d371e55ac9f95a71e,['CWE-59'],CVE-2019-12779
libqb,https://github.com/ClusterLabs/libqb/commit/7cd7b06d52ac80c343f362c7e39ef75495439dfc,7cd7b06d52ac80c343f362c7e39ef75495439dfc,['CWE-59'],CVE-2019-12779
flatpak,https://github.com/flatpak/flatpak/commit/902fb713990a8f968ea4350c7c2a27ff46f1a6c4,902fb713990a8f968ea4350c7c2a27ff46f1a6c4,['CWE-20'],CVE-2019-10063
flatpak,https://github.com/flatpak/flatpak/commit/a9107feeb4b8275b78965b36bf21b92d5724699e,a9107feeb4b8275b78965b36bf21b92d5724699e,['CWE-20'],CVE-2019-10063
ImageMagick6,https://github.com/ImageMagick/ImageMagick6/commit/e3417aebe17cbe274b7361aa92c83226ca5b646b,e3417aebe17cbe274b7361aa92c83226ca5b646b,['CWE-401'],CVE-2019-10649
ImageMagick6,https://github.com/ImageMagick/ImageMagick6/commit/d8d844c6f23f4d90d8fe893fe9225dd78fc1e6ef,d8d844c6f23f4d90d8fe893fe9225dd78fc1e6ef,['CWE-125'],CVE-2019-10650
ImageMagick,https://github.com/ImageMagick/ImageMagick/commit/b0fe1aa7c2ed7becb892f121abdd68a6e6e0ce0b,b0fe1aa7c2ed7becb892f121abdd68a6e6e0ce0b,['CWE-125'],CVE-2019-10650
ImageMagick6,https://github.com/ImageMagick/ImageMagick6/commit/7ccc28ee4c777d915f95919ac3bcf8adf93037a7,7ccc28ee4c777d915f95919ac3bcf8adf93037a7,['CWE-193'],CVE-2019-10131
snapd,https://github.com/snapcore/snapd/commit/bdbfeebef03245176ae0dc323392bb0522a339b1,bdbfeebef03245176ae0dc323392bb0522a339b1,"['CWE-59', 'CWE-703']",
ImageMagick,https://github.com/ImageMagick/ImageMagick/commit/f06925afeabe3f01045db33d5a33d55e64378ebc,f06925afeabe3f01045db33d5a33d55e64378ebc,['CWE-125'],CVE-2019-11597
ImageMagick6,https://github.com/ImageMagick/ImageMagick6/commit/1d6c036f0388d7857c725342f7212b60e39a14c1,1d6c036f0388d7857c725342f7212b60e39a14c1,['CWE-125'],CVE-2019-11597
ImageMagick,https://github.com/ImageMagick/ImageMagick/commit/c111ed9b035532c2c81ea569f2d22fded9517287,c111ed9b035532c2c81ea569f2d22fded9517287,['CWE-125'],CVE-2019-11598
ImageMagick6,https://github.com/ImageMagick/ImageMagick6/commit/e2a21735e3a3f3930bd431585ec36334c4c2eb77,e2a21735e3a3f3930bd431585ec36334c4c2eb77,['CWE-125'],CVE-2019-11598
libsass,https://github.com/sass/libsass/commit/25c9b4952f5838b615da996035453967d0420f57,25c9b4952f5838b615da996035453967d0420f57,['CWE-674'],CVE-2018-20822
libsass,https://github.com/sass/libsass/commit/f2db04883e5fff4e03777dcc1eb60d4373c45be1,f2db04883e5fff4e03777dcc1eb60d4373c45be1,['CWE-674'],CVE-2018-20821
linux,https://github.com/torvalds/linux/commit/f2e5ddcc0d12f9c4c7b254358ad245c9dddce13b,f2e5ddcc0d12f9c4c7b254358ad245c9dddce13b,"['CWE-400', 'CWE-703']",
ImageMagick,https://github.com/ImageMagick/ImageMagick/commit/ab3e2be9b387919ef5c25977c4c054fb9dc089a6,ab3e2be9b387919ef5c25977c4c054fb9dc089a6,['CWE-369'],CVE-2019-11472
ImageMagick6,https://github.com/ImageMagick/ImageMagick6/commit/a0473b29add9521ffd4c74f6f623b418811762b0,a0473b29add9521ffd4c74f6f623b418811762b0,['CWE-400'],CVE-2019-11470
sqlite,https://github.com/sqlite/sqlite/commit/4ded26a53c4df312e9fd06facbbf70377e969983,4ded26a53c4df312e9fd06facbbf70377e969983,['CWE-416'],CVE-2019-5018
ImageMagick6,https://github.com/ImageMagick/ImageMagick6/commit/4a8a6274f5e690f9106a998de9b8a8f3929402bc,4a8a6274f5e690f9106a998de9b8a8f3929402bc,['CWE-400'],CVE-2017-12806
ImageMagick,https://github.com/ImageMagick/ImageMagick/commit/5fcb3321ae36c4dda0f460a0defc99b5b4db55ef,5fcb3321ae36c4dda0f460a0defc99b5b4db55ef,['CWE-400'],CVE-2017-12805
ImageMagick6,https://github.com/ImageMagick/ImageMagick6/commit/0701e59f00194897494fa2be74cee8ca626d8f6f,0701e59f00194897494fa2be74cee8ca626d8f6f,['CWE-400'],CVE-2017-12805
ImageMagick6,https://github.com/ImageMagick/ImageMagick6/commit/9c31c956a1b2d65d0be0636d2eab3cd787897d35,9c31c956a1b2d65d0be0636d2eab3cd787897d35,['CWE-400'],CVE-2017-12805
advancecomp,https://github.com/amadvance/advancecomp/commit/78a56b21340157775be2462a19276b4d31d2bd01,78a56b21340157775be2462a19276b4d31d2bd01,['CWE-119'],CVE-2019-8383
imagick,https://github.com/mkoppanen/imagick/commit/7187b37250b87edb75160c7beda980f2fa308f5d,7187b37250b87edb75160c7beda980f2fa308f5d,['CWE-787'],CVE-2019-11037
sqlite,https://github.com/sqlite/sqlite/commit/e41fd72acc7a06ce5a6a7d28154db1ffe8ba37a8,e41fd72acc7a06ce5a6a7d28154db1ffe8ba37a8,['CWE-125'],CVE-2019-8457
cyrus-imapd,https://github.com/cyrusimap/cyrus-imapd/commit/a5779db8163b99463e25e7c476f9cbba438b65f3,a5779db8163b99463e25e7c476f9cbba438b65f3,['CWE-787'],CVE-2019-11356
ibus,https://github.com/ibus/ibus/commit/3d442dbf936d197aa11ca0a71663c2bc61696151,3d442dbf936d197aa11ca0a71663c2bc61696151,['CWE-862'],CVE-2019-14822
vim,https://github.com/vim/vim/commit/53575521406739cf20bbe4e384d88e7dca11f040,53575521406739cf20bbe4e384d88e7dca11f040,['CWE-78'],CVE-2019-12735
radare2,https://github.com/radare/radare2/commit/93af319e0af787ede96537d46210369f5c24240c,93af319e0af787ede96537d46210369f5c24240c,['CWE-416'],CVE-2019-12802
radare2,https://github.com/radare/radare2/commit/e710401ebb4a892a87b0c709d709af8b5dcbbb01,e710401ebb4a892a87b0c709d709af8b5dcbbb01,['CWE-125'],CVE-2019-12790
redis,https://github.com/antirez/redis/commit/e216ceaf0e099536fe3658a29dcb725d812364e0,e216ceaf0e099536fe3658a29dcb725d812364e0,['CWE-787'],CVE-2019-10192
redis,https://github.com/antirez/redis/commit/9f13b2bd4967334b1701c6eccdf53760cb13f79e,9f13b2bd4967334b1701c6eccdf53760cb13f79e,['CWE-787'],CVE-2019-10192
mongoose,https://github.com/cesanta/mongoose/commit/b3e0f780c34cea88f057a62213c012aa88fe2deb,b3e0f780c34cea88f057a62213c012aa88fe2deb,"['CWE-119', 'CWE-284', 'CWE-787']",
mod_auth_mellon,https://github.com/Uninett/mod_auth_mellon/commit/9d28908e28ef70a12196c215503fb0075e1fd7f3,9d28908e28ef70a12196c215503fb0075e1fd7f3,['CWE-601'],CVE-2019-13038
ImageMagick6,https://github.com/ImageMagick/ImageMagick6/commit/210474b2fac6a661bfa7ed563213920e93e76395,210474b2fac6a661bfa7ed563213920e93e76395,['CWE-401'],CVE-2019-13133
ImageMagick,https://github.com/ImageMagick/ImageMagick/commit/35ccb468ee2dcbe8ce9cf1e2f1957acc27f54c34,35ccb468ee2dcbe8ce9cf1e2f1957acc27f54c34,"['CWE-399', 'CWE-401']",
ImageMagick,https://github.com/ImageMagick/ImageMagick/commit/a5eeacb1bd5536f4f53f36e4ad6fa50b4b1261ca,a5eeacb1bd5536f4f53f36e4ad6fa50b4b1261ca,['CWE-401'],CVE-2019-13137
ImageMagick6,https://github.com/ImageMagick/ImageMagick6/commit/1e59b29e520d2beab73e8c78aacd5f1c0d76196d,1e59b29e520d2beab73e8c78aacd5f1c0d76196d,"['CWE-20', 'CWE-908']",
redis,https://github.com/antirez/redis/commit/a4b90be9fcd5e1668ac941cabce3b1ab38dbe326,a4b90be9fcd5e1668ac941cabce3b1ab38dbe326,['CWE-787'],CVE-2019-10193
ImageMagick,https://github.com/ImageMagick/ImageMagick/commit/7c2c5ba5b8e3a0b2b82f56c71dfab74ed4006df7,7c2c5ba5b8e3a0b2b82f56c71dfab74ed4006df7,['CWE-125'],
unzip,https://github.com/madler/unzip/commit/41beb477c5744bc396fa1162ee0c14218ec12213,41beb477c5744bc396fa1162ee0c14218ec12213,['CWE-400'],CVE-2019-13232
unzip,https://github.com/madler/unzip/commit/47b3ceae397d21bf822bc2ac73052a4b1daf8e1c,47b3ceae397d21bf822bc2ac73052a4b1daf8e1c,['CWE-400'],CVE-2019-13232
unzip,https://github.com/madler/unzip/commit/6d351831be705cc26d897db44f878a978f4138fc,6d351831be705cc26d897db44f878a978f4138fc,['CWE-400'],CVE-2019-13232
ImageMagick,https://github.com/ImageMagick/ImageMagick/commit/1ddcf2e4f28029a888cadef2e757509ef5047ad8,1ddcf2e4f28029a888cadef2e757509ef5047ad8,['CWE-369'],
exiv2,https://github.com/Exiv2/exiv2/commit/8cd95e221889e41e9cc153e2cfb5a7b41c7bc7a4,8cd95e221889e41e9cc153e2cfb5a7b41c7bc7a4,['CWE-190'],CVE-2019-13108
exiv2,https://github.com/Exiv2/exiv2/commit/491c3ebe3b3faa6d8f75fb28146186792c2439da,491c3ebe3b3faa6d8f75fb28146186792c2439da,['CWE-190'],CVE-2019-13109
exiv2,https://github.com/Exiv2/exiv2/commit/6fa2e31206127bd8bcac0269311f3775a8d6ea21,6fa2e31206127bd8bcac0269311f3775a8d6ea21,['CWE-190'],CVE-2019-13109
exiv2,https://github.com/Exiv2/exiv2/commit/9628f82084ed30d494ddd4f7360d233801e22967,9628f82084ed30d494ddd4f7360d233801e22967,['CWE-125'],CVE-2019-13110
exiv2,https://github.com/Exiv2/exiv2/commit/c0ecc2ae36f34462be98623deb85ba1747ae2175,c0ecc2ae36f34462be98623deb85ba1747ae2175,['CWE-125'],CVE-2019-13110
exiv2,https://github.com/Exiv2/exiv2/commit/c73d1e27198a389ce7caf52ac30f8e2120acdafd,c73d1e27198a389ce7caf52ac30f8e2120acdafd,['CWE-190'],CVE-2019-13111
exiv2,https://github.com/Exiv2/exiv2/commit/caa4e6745a76a23bb80127cf54c0d65096ae684c,caa4e6745a76a23bb80127cf54c0d65096ae684c,['CWE-190'],CVE-2019-13111
exiv2,https://github.com/Exiv2/exiv2/commit/43f154f44b838e6b232193ccbd48e5a2e94bdd35,43f154f44b838e6b232193ccbd48e5a2e94bdd35,['CWE-770'],CVE-2019-13112
exiv2,https://github.com/Exiv2/exiv2/commit/6212806b7637be683a56c769a8d905153996d933,6212806b7637be683a56c769a8d905153996d933,['CWE-617'],CVE-2019-13113
exiv2,https://github.com/Exiv2/exiv2/commit/ccde30afa8ca787a3fe17388a15977f107a53b72,ccde30afa8ca787a3fe17388a15977f107a53b72,['CWE-476'],CVE-2019-13114
exiv2,https://github.com/Exiv2/exiv2/commit/ae20c30805b330275b2aa0303a42e1f2bbd53661,ae20c30805b330275b2aa0303a42e1f2bbd53661,['CWE-476'],CVE-2019-13114
openjpeg,https://github.com/uclouvain/openjpeg/commit/e1740e7ce79d0a1676db4da0f4189b64e85f52cb,e1740e7ce79d0a1676db4da0f4189b64e85f52cb,['CWE-20'],CVE-2018-20846
exiv2,https://github.com/Exiv2/exiv2/commit/bd0afe0390439b2c424d881c8c6eb0c5624e31d9,bd0afe0390439b2c424d881c8c6eb0c5624e31d9,['CWE-125'],CVE-2019-13504
exiv2,https://github.com/Exiv2/exiv2/commit/edb4bf78ca5820f2c7a852c8f2df11e6aba45704,edb4bf78ca5820f2c7a852c8f2df11e6aba45704,['CWE-125'],CVE-2019-13504
ImageMagick,https://github.com/ImageMagick/ImageMagick/commit/4a334bbf5584de37c6f5a47c380a531c8c4b140a,4a334bbf5584de37c6f5a47c380a531c8c4b140a,"['CWE-399', 'CWE-401']",
ImageMagick,https://github.com/ImageMagick/ImageMagick/commit/5f21230b657ccd65452dd3d94c5b5401ba691a2d,5f21230b657ccd65452dd3d94c5b5401ba691a2d,"['CWE-399', 'CWE-401']",
ImageMagick,https://github.com/ImageMagick/ImageMagick/commit/61135001a625364e29bdce83832f043eebde7b5a,61135001a625364e29bdce83832f043eebde7b5a,"['CWE-119', 'CWE-703', 'CWE-787']",
ImageMagick,https://github.com/ImageMagick/ImageMagick/commit/025e77fcb2f45b21689931ba3bf74eac153afa48,025e77fcb2f45b21689931ba3bf74eac153afa48,"['CWE-119', 'CWE-787']",
ImageMagick,https://github.com/ImageMagick/ImageMagick/commit/e92040ea6ee2a844ebfd2344174076795a4787bd,e92040ea6ee2a844ebfd2344174076795a4787bd,"['CWE-119', 'CWE-787']",
ImageMagick,https://github.com/ImageMagick/ImageMagick/commit/29efd648f38b73a64d73f14cd2019d869a585888,29efd648f38b73a64d73f14cd2019d869a585888,"['CWE-119', 'CWE-787']",
ImageMagick6,https://github.com/ImageMagick/ImageMagick6/commit/bfa3b9610c83227894c92b0d312ad327fceb6241,bfa3b9610c83227894c92b0d312ad327fceb6241,"['CWE-119', 'CWE-787']",
ImageMagick6,https://github.com/ImageMagick/ImageMagick6/commit/0b7d3675438cbcde824e751895847a0794406e08,0b7d3675438cbcde824e751895847a0794406e08,['CWE-401'],CVE-2019-13301
ImageMagick,https://github.com/ImageMagick/ImageMagick/commit/a906fe9298bf89e01d5272023db687935068849a,a906fe9298bf89e01d5272023db687935068849a,"['CWE-476', 'CWE-119', 'CWE-787']",
ImageMagick,https://github.com/ImageMagick/ImageMagick/commit/933bf025119f0de25ee589b706c09c8bb46d5a48,933bf025119f0de25ee589b706c09c8bb46d5a48,['CWE-125'],CVE-2019-13299
ImageMagick,https://github.com/ImageMagick/ImageMagick/commit/8187d2d8fd010d2d6b1a3a8edd935beec404dddc,8187d2d8fd010d2d6b1a3a8edd935beec404dddc,"['CWE-20', 'CWE-125']",
ImageMagick,https://github.com/ImageMagick/ImageMagick/commit/604588fc35c7585abb7a9e71f69bb82e4389fefc,604588fc35c7585abb7a9e71f69bb82e4389fefc,['CWE-125'],
ImageMagick6,https://github.com/ImageMagick/ImageMagick6/commit/55e6dc49f1a381d9d511ee2f888fdc3e3c3e3953,55e6dc49f1a381d9d511ee2f888fdc3e3c3e3953,['CWE-125'],
ImageMagick6,https://github.com/ImageMagick/ImageMagick6/commit/b4391bdd60df0a77e97a6ef1674f2ffef0e19e24,b4391bdd60df0a77e97a6ef1674f2ffef0e19e24,['CWE-476'],CVE-2019-12974
ImageMagick,https://github.com/ImageMagick/ImageMagick/commit/b4dd4d266f2d450a2996abf5294671d888991132,b4dd4d266f2d450a2996abf5294671d888991132,['CWE-476'],CVE-2019-12974
ImageMagick6,https://github.com/ImageMagick/ImageMagick6/commit/b9c3aa197020ca091a21145cf46855afd4ddcb07,b9c3aa197020ca091a21145cf46855afd4ddcb07,['CWE-401'],CVE-2019-12975
ImageMagick,https://github.com/ImageMagick/ImageMagick/commit/ee5b9c56b9ca18ed0750f8a15e0d1a6da92a6e99,ee5b9c56b9ca18ed0750f8a15e0d1a6da92a6e99,['CWE-401'],CVE-2019-12975
ImageMagick6,https://github.com/ImageMagick/ImageMagick6/commit/ff840181f631b1b7f29160cae24d792fcd176bae,ff840181f631b1b7f29160cae24d792fcd176bae,['CWE-401'],CVE-2019-12976
ImageMagick,https://github.com/ImageMagick/ImageMagick/commit/c0fe488e7052f68d4eb7768805a857ef6fef928d,c0fe488e7052f68d4eb7768805a857ef6fef928d,['CWE-401'],CVE-2019-12976
ImageMagick,https://github.com/ImageMagick/ImageMagick/commit/90c4afcde1bf3ad5aead4477716161c350b049f8,90c4afcde1bf3ad5aead4477716161c350b049f8,['CWE-665'],CVE-2019-12977
ImageMagick6,https://github.com/ImageMagick/ImageMagick6/commit/e6103897fae2ed47e24b9cf7de719eea877b0504,e6103897fae2ed47e24b9cf7de719eea877b0504,['CWE-665'],CVE-2019-12977
ImageMagick,https://github.com/ImageMagick/ImageMagick/commit/ee60b346b8fce70eb3b239a78e2486fba9615069,ee60b346b8fce70eb3b239a78e2486fba9615069,['CWE-665'],CVE-2019-12978
ImageMagick6,https://github.com/ImageMagick/ImageMagick6/commit/ae1ded6140bfa8ae9f6dcba5413b72d98ed94614,ae1ded6140bfa8ae9f6dcba5413b72d98ed94614,['CWE-665'],CVE-2019-12978
ImageMagick,https://github.com/ImageMagick/ImageMagick/commit/ee3dae8624e69261760754442827aea4d0254a6f,ee3dae8624e69261760754442827aea4d0254a6f,['CWE-665'],CVE-2019-12979
ImageMagick6,https://github.com/ImageMagick/ImageMagick6/commit/27b1c74979ac473a430e266ff6c4b645664bc805,27b1c74979ac473a430e266ff6c4b645664bc805,['CWE-665'],CVE-2019-12979
libpng,https://github.com/glennrp/libpng/commit/347538efbdc21b8df684ebd92d37400b3ce85d55,347538efbdc21b8df684ebd92d37400b3ce85d55,['CWE-20'],CVE-2017-12652
Sigil,https://github.com/Sigil-Ebook/Sigil/commit/04e2f280cc4a0766bedcc7b9eb56449ceecc2ad4,04e2f280cc4a0766bedcc7b9eb56449ceecc2ad4,['CWE-22'],
Sigil,https://github.com/Sigil-Ebook/Sigil/commit/369eebe936e4a8c83cc54662a3412ce8bef189e4,369eebe936e4a8c83cc54662a3412ce8bef189e4,"['CWE-522', 'CWE-22']",
Sigil,https://github.com/Sigil-Ebook/Sigil/commit/0979ba8d10c96ebca330715bfd4494ea0e019a8f,0979ba8d10c96ebca330715bfd4494ea0e019a8f,['CWE-22'],
CImg,https://github.com/dtschump/CImg/commit/ac8003393569aba51048c9d67e1491559877b1d1,ac8003393569aba51048c9d67e1491559877b1d1,"['CWE-119', 'CWE-787']",CVE-2019-13568
freeradius-server,https://github.com/FreeRADIUS/freeradius-server/commit/3ea2a5a026e73d81cd9a3e9bbd4300c433004bfa,3ea2a5a026e73d81cd9a3e9bbd4300c433004bfa,"['CWE-200', 'CWE-284', 'CWE-203']",
cups,https://github.com/apple/cups/commit/f24e6cf6a39300ad0c3726a41a4aab51ad54c109,f24e6cf6a39300ad0c3726a41a4aab51ad54c109,['CWE-120'],CVE-2019-8675
pigeonhole,https://github.com/dovecot/pigeonhole/commit/7ce9990a5e6ba59e89b7fe1c07f574279aed922c,7ce9990a5e6ba59e89b7fe1c07f574279aed922c,['CWE-787'],CVE-2019-11500
pigeonhole,https://github.com/dovecot/pigeonhole/commit/4a299840cdb51f61f8d1ebc0210b19c40dfbc1cc,4a299840cdb51f61f8d1ebc0210b19c40dfbc1cc,['CWE-787'],CVE-2019-11500
mod_h2,https://github.com/icing/mod_h2/commit/dd05d49abe0f67512ce9ed5ba422d7711effecfb,dd05d49abe0f67512ce9ed5ba422d7711effecfb,['CWE-770'],CVE-2019-9516
linux,https://github.com/torvalds/linux/commit/7caac62ed598a196d6ddf8d9c121e12e082cac3a,7caac62ed598a196d6ddf8d9c121e12e082cac3a,"['CWE-120', 'CWE-787']",
mongo,https://github.com/mongodb/mongo/commit/e55d6e2292e5dbe2f97153251d8193d1cc89f5d7,e55d6e2292e5dbe2f97153251d8193d1cc89f5d7,['CWE-613'],CVE-2019-2386
mongo,https://github.com/mongodb/mongo/commit/6dfb92b1299de04677d0bd2230e89a52eb01003c,6dfb92b1299de04677d0bd2230e89a52eb01003c,['CWE-613'],CVE-2019-2386
mongo,https://github.com/mongodb/mongo/commit/db19e7ce84cfd702a4ba9983ee2ea5019f470f82,db19e7ce84cfd702a4ba9983ee2ea5019f470f82,['CWE-613'],CVE-2019-2386
mongo,https://github.com/mongodb/mongo/commit/64d8e9e1b12d16b54d6a592bae8110226c491b4e,64d8e9e1b12d16b54d6a592bae8110226c491b4e,['CWE-613'],CVE-2019-2386
irssi,https://github.com/irssi/irssi/commit/5a4e7ab659aba2855895c9f43e9a7a131f4e89b3,5a4e7ab659aba2855895c9f43e9a7a131f4e89b3,['CWE-416'],CVE-2019-15717
curl,https://github.com/curl/curl/commit/9069838b30fb3b48af0123e39f664cea683254a5,9069838b30fb3b48af0123e39f664cea683254a5,['CWE-415'],CVE-2019-5481
curl,https://github.com/curl/curl/commit/facb0e4662415b5f28163e853dc6742ac5fafb3d,facb0e4662415b5f28163e853dc6742ac5fafb3d,['CWE-787'],CVE-2019-5482
opencv,https://github.com/opencv/opencv/commit/321c74ccd6077bdea1d47450ca4fe955cb5b6330,321c74ccd6077bdea1d47450ca4fe955cb5b6330,['CWE-125'],CVE-2019-14491
envoy,https://github.com/envoyproxy/envoy/commit/afc39bea36fd436e54262f150c009e8d72db5014,afc39bea36fd436e54262f150c009e8d72db5014,"['CWE-400', 'CWE-703']",
memcached,https://github.com/memcached/memcached/commit/554b56687a19300a75ec24184746b5512580c819,554b56687a19300a75ec24184746b5512580c819,['CWE-125'],
varnish-cache,https://github.com/varnishcache/varnish-cache/commit/406b583fe54634afd029e7a41e35b3cf9ccac28a,406b583fe54634afd029e7a41e35b3cf9ccac28a,['CWE-617'],CVE-2019-15892
nbdkit,https://github.com/libguestfs/nbdkit/commit/c05686f9577fa91b6a3a4d8c065954ca6fc3fd62,c05686f9577fa91b6a3a4d8c065954ca6fc3fd62,['CWE-406'],CVE-2019-14850
nbdkit,https://github.com/libguestfs/nbdkit/commit/a6b88b195a959b17524d1c8353fd425d4891dc5f,a6b88b195a959b17524d1c8353fd425d4891dc5f,['CWE-406'],CVE-2019-14850
nbdkit,https://github.com/libguestfs/nbdkit/commit/e06cde00659ff97182173d0e33fff784041bcb4a,e06cde00659ff97182173d0e33fff784041bcb4a,['CWE-406'],CVE-2019-14850
nbdkit,https://github.com/libguestfs/nbdkit/commit/bf0d61883a2f02f4388ec10dc92d4c61c093679e,bf0d61883a2f02f4388ec10dc92d4c61c093679e,['CWE-406'],CVE-2019-14850
nbdkit,https://github.com/libguestfs/nbdkit/commit/22b30adb796bb6dca264a38598f80b8a234ff978,22b30adb796bb6dca264a38598f80b8a234ff978,['CWE-406'],CVE-2019-14850
nbdkit,https://github.com/libguestfs/nbdkit/commit/b2bc6683ea3cd1f6be694e8a681dfa411b7d15f3,b2bc6683ea3cd1f6be694e8a681dfa411b7d15f3,['CWE-406'],CVE-2019-14850
ast,https://github.com/att/ast/commit/c7de8b641266bac7c77942239ac659edfee9ecd2,c7de8b641266bac7c77942239ac659edfee9ecd2,"['CWE-77', 'CWE-74']",CVE-2019-14868
ImageMagick,https://github.com/ImageMagick/ImageMagick/commit/c5d012a46ae22be9444326aa37969a3f75daa3ba,c5d012a46ae22be9444326aa37969a3f75daa3ba,"['CWE-416', 'CWE-399']",
exiv2,https://github.com/Exiv2/exiv2/commit/278a72570696f0c4793cc602691435f1ea292ae4,278a72570696f0c4793cc602691435f1ea292ae4,['CWE-190'],CVE-2019-14982
ImageMagick,https://github.com/ImageMagick/ImageMagick/commit/a77d8d97f5a7bced0468f0b08798c83fb67427bc,a77d8d97f5a7bced0468f0b08798c83fb67427bc,['CWE-369'],
edk2,https://github.com/tianocore/edk2/commit/322ac05f8bbc1bce066af1dabd1b70ccdbe28891,322ac05f8bbc1bce066af1dabd1b70ccdbe28891,['CWE-787'],CVE-2019-14563
mod_auth_openidc,https://github.com/zmartzone/mod_auth_openidc/commit/5c15dfb08106c2451c2c44ce7ace6813c216ba75,5c15dfb08106c2451c2c44ce7ace6813c216ba75,['CWE-601'],
mod_auth_openidc,https://github.com/zmartzone/mod_auth_openidc/commit/ce37080c6aea30aabae8b4a9b4eea7808445cc8e,ce37080c6aea30aabae8b4a9b4eea7808445cc8e,['CWE-601'],
linux,https://github.com/torvalds/linux/commit/05fd5c2c61732152a6bddc318aae62d7e436629b,05fd5c2c61732152a6bddc318aae62d7e436629b,['CWE-416'],CVE-2019-15920
kernel,https://github.com/openSUSE/kernel/commit/72be029e947510dd6cbbbaf51879622af26e4200,72be029e947510dd6cbbbaf51879622af26e4200,['CWE-665'],CVE-2019-16921
aspell,https://github.com/GNUAspell/aspell/commit/de29341638833ba7717bd6b5e6850998454b044b,de29341638833ba7717bd6b5e6850998454b044b,['CWE-125'],CVE-2019-20433
libidn2,https://github.com/libidn/libidn2/commit/e4d1558aa2c1c04a05066ee8600f37603890ba8c,e4d1558aa2c1c04a05066ee8600f37603890ba8c,['CWE-787'],
file,https://github.com/file/file/commit/46a8443f76cec4b41ec736eca396984c74664f84,46a8443f76cec4b41ec736eca396984c74664f84,['CWE-787'],CVE-2019-18218
gdal,https://github.com/OSGeo/gdal/commit/148115fcc40f1651a5d15fa34c9a8c528e7147bb,148115fcc40f1651a5d15fa34c9a8c528e7147bb,['CWE-415'],
aspell,https://github.com/GNUAspell/aspell/commit/80fa26c74279fced8d778351cff19d1d8f44fe4e,80fa26c74279fced8d778351cff19d1d8f44fe4e,['CWE-125'],
ncurses,https://github.com/mirror/ncurses/commit/b025434573f466efe27862656a6a9d41dd2bd609,b025434573f466efe27862656a6a9d41dd2bd609,['CWE-125'],CVE-2019-17595
ImageMagick,https://github.com/ImageMagick/ImageMagick/commit/ecf7c6b288e11e7e7f75387c5e9e93e423b98397,ecf7c6b288e11e7e7f75387c5e9e93e423b98397,['CWE-416'],
ImageMagick,https://github.com/ImageMagick/ImageMagick/commit/39f226a9c137f547e12afde972eeba7551124493,39f226a9c137f547e12afde972eeba7551124493,['CWE-416'],
ImageMagick6,https://github.com/ImageMagick/ImageMagick6/commit/c1a5aa3f4214ad6e4748de84dad44398959014e1,c1a5aa3f4214ad6e4748de84dad44398959014e1,['CWE-416'],CVE-2019-17541
ImageMagick,https://github.com/ImageMagick/ImageMagick/commit/a903bb5faf8993f5904643ec7e329dca6ff6ed99,a903bb5faf8993f5904643ec7e329dca6ff6ed99,['CWE-125'],CVE-2019-15141
ImageMagick6,https://github.com/ImageMagick/ImageMagick6/commit/6d46f0a046a58e7c4567a86ba1b9cb847d5b1968,6d46f0a046a58e7c4567a86ba1b9cb847d5b1968,['CWE-125'],CVE-2019-15139
ImageMagick6,https://github.com/ImageMagick/ImageMagick6/commit/5caef6e97f3f575cf7bea497865a4c1e624b8010,5caef6e97f3f575cf7bea497865a4c1e624b8010,['CWE-416'],CVE-2019-15140
mutt,https://github.com/muttmua/mutt/commit/6d0624411a979e2e1d76af4dd97d03f47679ea4a,6d0624411a979e2e1d76af4dd97d03f47679ea4a,['CWE-668'],CVE-2005-2351
fribidi,https://github.com/fribidi/fribidi/commit/034c6e9a1d296286305f4cfd1e0072b879f52568,034c6e9a1d296286305f4cfd1e0072b879f52568,"['CWE-120', 'CWE-787']",
fribidi,https://github.com/fribidi/fribidi/commit/d989590e124ad995de3598800c8835d819fadf80,d989590e124ad995de3598800c8835d819fadf80,['CWE-120'],CVE-2019-18397
sysstat,https://github.com/sysstat/sysstat/commit/edbf507678bf10914e9804ff8a06737fdcb2e781,edbf507678bf10914e9804ff8a06737fdcb2e781,['CWE-787'],CVE-2019-16167
oniguruma,https://github.com/kkos/oniguruma/commit/4097828d7cc87589864fecf452f2cd46c5f37180,4097828d7cc87589864fecf452f2cd46c5f37180,"['CWE-400', 'CWE-399', 'CWE-674']",
Onigmo,https://github.com/k-takata/Onigmo/commit/00cc7e28a3ed54b3b512ef3b58ea737a57acf1f9,00cc7e28a3ed54b3b512ef3b58ea737a57acf1f9,['CWE-476'],CVE-2019-16161
oniguruma,https://github.com/kkos/oniguruma/commit/410f5916429e7d2920e1d4867388514f605413b8,410f5916429e7d2920e1d4867388514f605413b8,['CWE-476'],CVE-2019-16161
oniguruma,https://github.com/kkos/oniguruma/commit/850bd9b0d8186eb1637722b46b12656814ab4ad2,850bd9b0d8186eb1637722b46b12656814ab4ad2,['CWE-476'],CVE-2019-16161
libvips,https://github.com/libvips/libvips/commit/ce684dd008532ea0bf9d4a1d89bacb35f4a83f4d,ce684dd008532ea0bf9d4a1d89bacb35f4a83f4d,['CWE-416'],
matio,https://github.com/tbeu/matio/commit/651a8e28099edb5fbb9e4e1d4d3238848f446c9a,651a8e28099edb5fbb9e4e1d4d3238848f446c9a,"['CWE-703', 'CWE-125', 'CWE-908']",
libarchive,https://github.com/libarchive/libarchive/commit/b8592ecba2f9e451e1f5cb7ab6dcee8b8e7b3f60,b8592ecba2f9e451e1f5cb7ab6dcee8b8e7b3f60,['CWE-416'],
envoy,https://github.com/envoyproxy/envoy/commit/c8de199e2971f79cbcbc6b5eadc8c566b28705d1,c8de199e2971f79cbcbc6b5eadc8c566b28705d1,['CWE-835'],CVE-2019-18836
radare2,https://github.com/radareorg/radare2/commit/dd739f5a45b3af3d1f65f00fe19af1dbfec7aea7,dd739f5a45b3af3d1f65f00fe19af1dbfec7aea7,['CWE-78'],
libjpeg-turbo,https://github.com/libjpeg-turbo/libjpeg-turbo/commit/2a9e3bd7430cfda1bc812d139e0609c6aca0b884,2a9e3bd7430cfda1bc812d139e0609c6aca0b884,['CWE-787'],CVE-2019-2201
libjpeg-turbo,https://github.com/libjpeg-turbo/libjpeg-turbo/commit/c30b1e72dac76343ef9029833d1561de07d29bad,c30b1e72dac76343ef9029833d1561de07d29bad,['CWE-787'],CVE-2019-2201
linux,https://github.com/torvalds/linux/commit/ca7a03c4175366a92cee0ccc4fec0038c3266e26,ca7a03c4175366a92cee0ccc4fec0038c3266e26,"['CWE-772', 'CWE-401']",
psutil,https://github.com/giampaolo/psutil/commit/7d512c8e4442a896d56505be3e78f1156f443465,7d512c8e4442a896d56505be3e78f1156f443465,['CWE-415'],CVE-2019-18874
psutil,https://github.com/giampaolo/psutil/commit/3a9bccfd2c6d2e6538298cd3892058b1204056e0,3a9bccfd2c6d2e6538298cd3892058b1204056e0,['CWE-415'],CVE-2019-18874
varnish-cache,https://github.com/varnishcache/varnish-cache/commit/bd7b3d6d47ccbb5e1747126f8e2a297f38e56b8c,bd7b3d6d47ccbb5e1747126f8e2a297f38e56b8c,['CWE-212'],CVE-2019-20637
ImageMagick,https://github.com/ImageMagick/ImageMagick/commit/31b842a218225cd7feddf65cbccf9d783c6cb526,31b842a218225cd7feddf65cbccf9d783c6cb526,['CWE-772'],CVE-2017-11166
ImageMagick6,https://github.com/ImageMagick/ImageMagick6/commit/5964475e21e7e3bdd27835b71aa17d1678c21d7c,5964475e21e7e3bdd27835b71aa17d1678c21d7c,['CWE-772'],CVE-2017-11166
linux,https://github.com/torvalds/linux/commit/728c1e2a05e4b5fc52fab3421dce772a806612a2,728c1e2a05e4b5fc52fab3421dce772a806612a2,"['CWE-400', 'CWE-401']",
linux,https://github.com/torvalds/linux/commit/853acf7caf10b828102d92d05b5c101666a6142b,853acf7caf10b828102d92d05b5c101666a6142b,"['CWE-400', 'CWE-401']",
linux,https://github.com/torvalds/linux/commit/96c5c6e6a5b6db592acae039fed54b5c8844cd35,96c5c6e6a5b6db592acae039fed54b5c8844cd35,"['CWE-400', 'CWE-284', 'CWE-401']",
linux,https://github.com/torvalds/linux/commit/d563131ef23cbc756026f839a82598c8445bc45f,d563131ef23cbc756026f839a82598c8445bc45f,"['CWE-400', 'CWE-401']",
linux,https://github.com/torvalds/linux/commit/d3b0ffa1d75d5305ebe34735598993afbb8a869d,d3b0ffa1d75d5305ebe34735598993afbb8a869d,"['CWE-400', 'CWE-401']",CVE-2019-19070
linux,https://github.com/torvalds/linux/commit/fc739a058d99c9297ef6bfd923b809d85855b9a9,fc739a058d99c9297ef6bfd923b809d85855b9a9,"['CWE-400', 'CWE-401']",
linux,https://github.com/torvalds/linux/commit/a2cdd07488e666aa93a49a3fc9c9b1299e27ef3c,a2cdd07488e666aa93a49a3fc9c9b1299e27ef3c,"['CWE-400', 'CWE-401']",
linux,https://github.com/torvalds/linux/commit/57be09c6e8747bf48704136d9e3f92bfb93f5725,57be09c6e8747bf48704136d9e3f92bfb93f5725,"['CWE-400', 'CWE-401']",CVE-2019-19067
linux,https://github.com/torvalds/linux/commit/27d461333459d282ffa4a2bdb6b215a59d493a8f,27d461333459d282ffa4a2bdb6b215a59d493a8f,"['CWE-400', 'CWE-401']",
linux,https://github.com/torvalds/linux/commit/0e62395da2bd5166d7c9e14cbc7503b256a34cb0,0e62395da2bd5166d7c9e14cbc7503b256a34cb0,"['CWE-400', 'CWE-401']",
linux,https://github.com/torvalds/linux/commit/29cd13cfd7624726d9e6becbae9aa419ef35af7f,29cd13cfd7624726d9e6becbae9aa419ef35af7f,"['CWE-400', 'CWE-401']",
linux,https://github.com/torvalds/linux/commit/c8c2a057fdc7de1cd16f4baa51425b932a42eb39,c8c2a057fdc7de1cd16f4baa51425b932a42eb39,"['CWE-400', 'CWE-401']",
linux,https://github.com/torvalds/linux/commit/4aa7afb0ee20a97fbf0c5bab3df028d5fb85fdab,4aa7afb0ee20a97fbf0c5bab3df028d5fb85fdab,"['CWE-400', 'CWE-401']",CVE-2019-19046
linux,https://github.com/torvalds/linux/commit/c7ed6d0183d5ea9bc31bcaeeba4070bd62546471,c7ed6d0183d5ea9bc31bcaeeba4070bd62546471,"['CWE-400', 'CWE-401']",
linux,https://github.com/torvalds/linux/commit/e0b0cb9388642c104838fac100a4af32745621e2,e0b0cb9388642c104838fac100a4af32745621e2,"['CWE-400', 'CWE-703', 'CWE-401']",
linux,https://github.com/torvalds/linux/commit/e13de8fe0d6a51341671bbe384826d527afe8d44,e13de8fe0d6a51341671bbe384826d527afe8d44,['CWE-401'],CVE-2019-19049
linux,https://github.com/torvalds/linux/commit/c03b04dcdba1da39903e23cc4d072abf8f68f2dd,c03b04dcdba1da39903e23cc4d072abf8f68f2dd,"['CWE-400', 'CWE-284', 'CWE-401']",
linux,https://github.com/torvalds/linux/commit/34b3be18a04ecdc610aae4c48e5d1b799d8689f6,34b3be18a04ecdc610aae4c48e5d1b799d8689f6,"['CWE-400', 'CWE-401']",CVE-2019-19065
linux,https://github.com/torvalds/linux/commit/6f3ef5c25cc762687a7341c18cbea5af54461407,6f3ef5c25cc762687a7341c18cbea5af54461407,"['CWE-400', 'CWE-401']",
linux,https://github.com/torvalds/linux/commit/fb5be6a7b4863ecc44963bb80ca614584b6c7817,fb5be6a7b4863ecc44963bb80ca614584b6c7817,"['CWE-400', 'CWE-401']",
linux,https://github.com/torvalds/linux/commit/057b8945f78f76d0b04eeb5c27cd9225e5e7ad86,057b8945f78f76d0b04eeb5c27cd9225e5e7ad86,"['CWE-400', 'CWE-401']",CVE-2019-19064
linux,https://github.com/torvalds/linux/commit/3f93616951138a598d930dcaec40f2bfd9ce43bb,3f93616951138a598d930dcaec40f2bfd9ce43bb,"['CWE-400', 'CWE-401']",
linux,https://github.com/torvalds/linux/commit/ffdde5932042600c6807d46c1550b28b0db6a3bc,ffdde5932042600c6807d46c1550b28b0db6a3bc,"['CWE-400', 'CWE-401']",
linux,https://github.com/torvalds/linux/commit/9c0530e898f384c5d279bfcebd8bb17af1105873,9c0530e898f384c5d279bfcebd8bb17af1105873,"['CWE-400', 'CWE-401']",
linux,https://github.com/torvalds/linux/commit/ab612b1daf415b62c58e130cb3d0f30b255a14d0,ab612b1daf415b62c58e130cb3d0f30b255a14d0,"['CWE-400', 'CWE-401']",
linux,https://github.com/torvalds/linux/commit/0f4f199443faca715523b0659aa536251d8b978f,0f4f199443faca715523b0659aa536251d8b978f,"['CWE-400', 'CWE-401']",
linux,https://github.com/torvalds/linux/commit/b4b814fec1a5a849383f7b3886b654a13abbda7d,b4b814fec1a5a849383f7b3886b654a13abbda7d,"['CWE-400', 'CWE-401']",
linux,https://github.com/torvalds/linux/commit/d10dcb615c8e29d403a24d35f8310a7a53e3050c,d10dcb615c8e29d403a24d35f8310a7a53e3050c,"['CWE-400', 'CWE-200', 'CWE-401']",
linux,https://github.com/torvalds/linux/commit/bbe692e349e2a1edf3fe0a29a0e05899c9c94d51,bbe692e349e2a1edf3fe0a29a0e05899c9c94d51,"['CWE-400', 'CWE-401']",
linux,https://github.com/torvalds/linux/commit/a7b2df76b42bdd026e3106cf2ba97db41345a177,a7b2df76b42bdd026e3106cf2ba97db41345a177,"['CWE-400', 'CWE-401']",
linux,https://github.com/torvalds/linux/commit/1399c59fa92984836db90538cf92397fe7caaa57,1399c59fa92984836db90538cf92397fe7caaa57,"['CWE-400', 'CWE-401']",CVE-2019-19055
linux,https://github.com/torvalds/linux/commit/db8fd2cde93227e566a412cf53173ffa227998bc,db8fd2cde93227e566a412cf53173ffa227998bc,"['CWE-400', 'CWE-401']",
linux,https://github.com/torvalds/linux/commit/4a9d46a9fe14401f21df69cea97c62396d5fb053,4a9d46a9fe14401f21df69cea97c62396d5fb053,"['CWE-400', 'CWE-401']",
linux,https://github.com/torvalds/linux/commit/09ba3bc9dd150457c506e4661380a6183af651c1,09ba3bc9dd150457c506e4661380a6183af651c1,"['CWE-476', 'CWE-284']",
linux,https://github.com/torvalds/linux/commit/b8d17e7d93d2beb89e4f34c59996376b8b544792,b8d17e7d93d2beb89e4f34c59996376b8b544792,"['CWE-400', 'CWE-401']",
linux,https://github.com/torvalds/linux/commit/a21b7f0cff1906a93a0130b74713b15a0b36481d,a21b7f0cff1906a93a0130b74713b15a0b36481d,"['CWE-400', 'CWE-703', 'CWE-401']",
linux,https://github.com/torvalds/linux/commit/8572cea1461a006bce1d06c0c4b0575869125fa4,8572cea1461a006bce1d06c0c4b0575869125fa4,"['CWE-400', 'CWE-401']",
linux,https://github.com/torvalds/linux/commit/8ce39eb5a67aee25d9f05b40b673c95b23502e3e,8ce39eb5a67aee25d9f05b40b673c95b23502e3e,"['CWE-400', 'CWE-401']",
unbound,https://github.com/NLnetLabs/unbound/commit/34e52a4313d59b9d57e928c44300fd81e1a48910,34e52a4313d59b9d57e928c44300fd81e1a48910,['CWE-78'],CVE-2019-18934
linux,https://github.com/torvalds/linux/commit/104c307147ad379617472dd91a5bcb368d72bd6d,104c307147ad379617472dd91a5bcb368d72bd6d,"['CWE-400', 'CWE-401']",
linux,https://github.com/torvalds/linux/commit/055e547478a11a6360c7ce05e2afc3e366968a12,055e547478a11a6360c7ce05e2afc3e366968a12,"['CWE-400', 'CWE-703', 'CWE-401']",
linux,https://github.com/torvalds/linux/commit/6402939ec86eaf226c8b8ae00ed983936b164908,6402939ec86eaf226c8b8ae00ed983936b164908,"['CWE-400', 'CWE-401']",
linux,https://github.com/torvalds/linux/commit/78beef629fd95be4ed853b2d37b832f766bd96ca,78beef629fd95be4ed853b2d37b832f766bd96ca,"['CWE-400', 'CWE-401']",CVE-2019-19076
linux,https://github.com/torvalds/linux/commit/128c66429247add5128c03dc1e144ca56f05a4e2,128c66429247add5128c03dc1e144ca56f05a4e2,"['CWE-400', 'CWE-401']",
linux,https://github.com/torvalds/linux/commit/2289adbfa559050d2a38bcd9caac1c18b800e928,2289adbfa559050d2a38bcd9caac1c18b800e928,"['CWE-400', 'CWE-401']",
linux,https://github.com/torvalds/linux/commit/45c1380358b12bf2d1db20a5874e9544f56b34ab,45c1380358b12bf2d1db20a5874e9544f56b34ab,"['CWE-400', 'CWE-401']",
linux,https://github.com/torvalds/linux/commit/c0a333d842ef67ac04adc72ff79dc1ccc3dca4ed,c0a333d842ef67ac04adc72ff79dc1ccc3dca4ed,"['CWE-400', 'CWE-401']",
oniguruma,https://github.com/kkos/oniguruma/commit/d3e402928b6eb3327f8f7d59a9edfa622fec557b,d3e402928b6eb3327f8f7d59a9edfa622fec557b,['CWE-125'],
oniguruma,https://github.com/kkos/oniguruma/commit/4d461376bd85e7994835677b2ff453a43c49cd28,4d461376bd85e7994835677b2ff453a43c49cd28,['CWE-125'],CVE-2019-19246
sqlite,https://github.com/sqlite/sqlite/commit/e59c562b3f6894f84c715772c4b116d7b5c01348,e59c562b3f6894f84c715772c4b116d7b5c01348,['CWE-20'],
sqlite,https://github.com/sqlite/sqlite/commit/57f7ece78410a8aae86aa4625fb7556897db384c,57f7ece78410a8aae86aa4625fb7556897db384c,['CWE-476'],
libyang,https://github.com/CESNET/libyang/commit/f6d684ade99dd37b21babaa8a856f64faa1e2e0d,f6d684ade99dd37b21babaa8a856f64faa1e2e0d,['CWE-787'],CVE-2019-19333
libyang,https://github.com/CESNET/libyang/commit/6980afae2ff9fcd6d67508b0a3f694d75fd059d6,6980afae2ff9fcd6d67508b0a3f694d75fd059d6,['CWE-787'],CVE-2019-19334
git,https://github.com/git/git/commit/0060fd1511b94c918928fa3708f69a3f33895a4a,0060fd1511b94c918928fa3708f69a3f33895a4a,['CWE-20'],CVE-2019-1349
Onigmo,https://github.com/k-takata/Onigmo/commit/d4cf99d30bd5f6a8a4ababd0b9d7b06f3a479a24,d4cf99d30bd5f6a8a4ababd0b9d7b06f3a479a24,['CWE-125'],CVE-2019-16162
git,https://github.com/git/git/commit/6d8684161ee9c03bed5cb69ae76dfdddb85a0003,6d8684161ee9c03bed5cb69ae76dfdddb85a0003,['CWE-20'],CVE-2019-1350
git,https://github.com/git/git/commit/7c3745fc6185495d5765628b4dfe1bd2c25a2981,7c3745fc6185495d5765628b4dfe1bd2c25a2981,['CWE-20'],CVE-2019-1352
git,https://github.com/git/git/commit/e904deb89d9a9669a76a426182506a084d3f6308,e904deb89d9a9669a76a426182506a084d3f6308,['CWE-78'],CVE-2019-19604
sqlite,https://github.com/sqlite/sqlite/commit/c72f2fb7feff582444b8ffdc6c900c69847ce8a9,c72f2fb7feff582444b8ffdc6c900c69847ce8a9,['CWE-787'],CVE-2019-13734
sqlite,https://github.com/sqlite/sqlite/commit/70d1a1a3ed64d7bd82fd90268e4c9cf208ca1be0,70d1a1a3ed64d7bd82fd90268e4c9cf208ca1be0,['CWE-908'],CVE-2019-13751
sqlite,https://github.com/sqlite/sqlite/commit/94febb3a77a8c79bc090119585fc7878f44bbf38,94febb3a77a8c79bc090119585fc7878f44bbf38,['CWE-125'],CVE-2019-13752
sqlite,https://github.com/sqlite/sqlite/commit/fd6bf04bba8035836e8f92771d277a4e868c6299,fd6bf04bba8035836e8f92771d277a4e868c6299,['CWE-125'],CVE-2019-13753
OpenSC,https://github.com/OpenSC/OpenSC/commit/c3f23b836e5a1766c36617fe1da30d22f7b63de2,c3f23b836e5a1766c36617fe1da30d22f7b63de2,['CWE-125'],
OpenSC,https://github.com/OpenSC/OpenSC/commit/6ce6152284c47ba9b1d4fe8ff9d2e6a3f5ee02c7,6ce6152284c47ba9b1d4fe8ff9d2e6a3f5ee02c7,['CWE-672'],
OpenSC,https://github.com/OpenSC/OpenSC/commit/630d6adf32cecaab0ee184618f56497bd50400fb,630d6adf32cecaab0ee184618f56497bd50400fb,['CWE-672'],CVE-2019-19480
OpenSC,https://github.com/OpenSC/OpenSC/commit/b75c002cfb1fd61cd20ec938ff4937d7b1a94278,b75c002cfb1fd61cd20ec938ff4937d7b1a94278,"['CWE-119', 'CWE-787']",
sqlite,https://github.com/sqlite/sqlite/commit/38096961c7cd109110ac21d3ed7dad7e0cb0ae06,38096961c7cd109110ac21d3ed7dad7e0cb0ae06,"['CWE-674', 'CWE-787']",
sqlite,https://github.com/sqlite/sqlite/commit/522ebfa7cee96fb325a22ea3a2464a63485886a8,522ebfa7cee96fb325a22ea3a2464a63485886a8,"['CWE-20', 'CWE-703', 'CWE-681']",
linux,https://github.com/torvalds/linux/commit/59c4bd853abcea95eccc167a7d7fd5f1a5f47b98,59c4bd853abcea95eccc167a7d7fd5f1a5f47b98,"['CWE-119', 'CWE-732', 'CWE-787']",
sysstat,https://github.com/sysstat/sysstat/commit/a5c8abd4a481ee6e27a3acf00e6d9b0f023e20ed,a5c8abd4a481ee6e27a3acf00e6d9b0f023e20ed,['CWE-415'],CVE-2019-19725
linux,https://github.com/torvalds/linux/commit/4ea99936a1630f51fc3a2d61a58ec4a1c4b7d55a,4ea99936a1630f51fc3a2d61a58ec4a1c4b7d55a,"['CWE-416', 'CWE-401']",
rabbitmq-c,https://github.com/alanxz/rabbitmq-c/commit/fc85be7123050b91b054e45b91c78d3241a5047a,fc85be7123050b91b054e45b91c78d3241a5047a,"['CWE-20', 'CWE-190', 'CWE-787']",
libspiro,https://github.com/fontforge/libspiro/commit/35233450c922787dad42321e359e5229ff470a1e,35233450c922787dad42321e359e5229ff470a1e,['CWE-787'],CVE-2019-19847
sqlite,https://github.com/sqlite/sqlite/commit/926f796e8feec15f3836aa0a060ed906f8ae04d3,926f796e8feec15f3836aa0a060ed906f8ae04d3,['CWE-754'],
sqlite,https://github.com/sqlite/sqlite/commit/ebd70eedd5d6e6a890a670b5ee874a5eae86b4dd,ebd70eedd5d6e6a890a670b5ee874a5eae86b4dd,['CWE-754'],
cyrus-imapd,https://github.com/cyrusimap/cyrus-imapd/commit/673ebd96e2efbb8895d08648983377262f35b3f7,673ebd96e2efbb8895d08648983377262f35b3f7,['CWE-269'],CVE-2019-19783
sqlite,https://github.com/sqlite/sqlite/commit/75e95e1fcd52d3ec8282edb75ac8cd0814095d54,75e95e1fcd52d3ec8282edb75ac8cd0814095d54,['CWE-476'],
linux,https://github.com/torvalds/linux/commit/da2311a6385c3b499da2ed5d9be59ce331fa93e9,da2311a6385c3b499da2ed5d9be59ce331fa93e9,"['CWE-200', 'CWE-908']",
sqlite,https://github.com/sqlite/sqlite/commit/8654186b0236d556aa85528c2573ee0b6ab71be3,8654186b0236d556aa85528c2573ee0b6ab71be3,['CWE-755'],
sqlite,https://github.com/sqlite/sqlite/commit/396afe6f6aa90a31303c183e11b2b2d4b7956b35,396afe6f6aa90a31303c183e11b2b2d4b7956b35,['CWE-476'],
sqlite,https://github.com/sqlite/sqlite/commit/54d501092d88c0cf89bec4279951f548fb0b8618,54d501092d88c0cf89bec4279951f548fb0b8618,['CWE-434'],
libvpx,https://github.com/webmproject/libvpx/commit/46e17f0cb4a80b36755c84b8bf15731d3386c08f,46e17f0cb4a80b36755c84b8bf15731d3386c08f,['CWE-125'],CVE-2019-9232
libvpx,https://github.com/webmproject/libvpx/commit/52add5896661d186dec284ed646a4b33b607d2c7,52add5896661d186dec284ed646a4b33b607d2c7,['CWE-20'],CVE-2019-9433
libvpx,https://github.com/webmproject/libvpx/commit/0681cff1ad36b3ef8ec242f59b5a6c4234ccfb88,0681cff1ad36b3ef8ec242f59b5a6c4234ccfb88,['CWE-125'],CVE-2019-9325
libvpx,https://github.com/webmproject/libvpx/commit/34d54b04e98dd0bac32e9aab0fbda0bf501bc742,34d54b04e98dd0bac32e9aab0fbda0bf501bc742,['CWE-20'],CVE-2019-9371
libvpx,https://github.com/webmproject/libvpx/commit/f00890eecdf8365ea125ac16769a83aa6b68792d,f00890eecdf8365ea125ac16769a83aa6b68792d,['CWE-20'],CVE-2019-9371
libvpx,https://github.com/webmproject/libvpx/commit/6a7c84a2449dcc70de2525df209afea908622399,6a7c84a2449dcc70de2525df209afea908622399,['CWE-415'],CVE-2019-2126
libexif,https://github.com/libexif/libexif/commit/75aa73267fdb1e0ebfbc00369e7312bac43d0566,75aa73267fdb1e0ebfbc00369e7312bac43d0566,"['CWE-190', 'CWE-787']",CVE-2019-9278
sqlite,https://github.com/sqlite/sqlite/commit/8428b3b437569338a9d1e10c4cd8154acbe33089,8428b3b437569338a9d1e10c4cd8154acbe33089,['CWE-476'],
vim,https://github.com/vim/vim/commit/ec66c41d84e574baf8009dbc0bd088d2bc5b2421,ec66c41d84e574baf8009dbc0bd088d2bc5b2421,['CWE-416'],CVE-2019-20079
Pillow,https://github.com/python-pillow/Pillow/commit/a09acd0decd8a87ccce939d5ff65dab59e7d365b,a09acd0decd8a87ccce939d5ff65dab59e7d365b,"['CWE-125', 'CWE-787']",
Pillow,https://github.com/python-pillow/Pillow/commit/93b22b846e0269ee9594ff71a72bec02d2bea8fd,93b22b846e0269ee9594ff71a72bec02d2bea8fd,"['CWE-120', 'CWE-787']",
Pillow,https://github.com/python-pillow/Pillow/commit/a79b65c47c7dc6fe623aadf09aa6192fc54548f3,a79b65c47c7dc6fe623aadf09aa6192fc54548f3,"['CWE-120', 'CWE-787']",
Pillow,https://github.com/python-pillow/Pillow/commit/4e2def2539ec13e53a82e06c4b3daf00454100c4,4e2def2539ec13e53a82e06c4b3daf00454100c4,"['CWE-190', 'CWE-787']",
Pillow,https://github.com/python-pillow/Pillow/commit/f0436a4ddc954541fa10a531e2d9ea0c5ae2065d,f0436a4ddc954541fa10a531e2d9ea0c5ae2065d,['CWE-190'],CVE-2020-5310
tigervnc,https://github.com/CendioOssman/tigervnc/commit/d61a767d6842b530ffb532ddd5a3d233119aad40,d61a767d6842b530ffb532ddd5a3d233119aad40,['CWE-672'],
fontforge,https://github.com/fontforge/fontforge/commit/048a91e2682c1a8936ae34dbc7bd70291ec05410,048a91e2682c1a8936ae34dbc7bd70291ec05410,['CWE-416'],CVE-2020-5395
linux,https://github.com/torvalds/linux/commit/453393369dc9806d2455151e329c599684762428,453393369dc9806d2455151e329c599684762428,['CWE-125'],
linux,https://github.com/torvalds/linux/commit/a66477b0efe511d98dde3e4aaeb189790e6f0a39,a66477b0efe511d98dde3e4aaeb189790e6f0a39,['CWE-125'],
linux,https://github.com/torvalds/linux/commit/ac1e516d5a4c56bf0cb4a3dfc0672f689131cfd4,ac1e516d5a4c56bf0cb4a3dfc0672f689131cfd4,['CWE-125'],CVE-2019-19927
e2fsprogs,https://github.com/tytso/e2fsprogs/commit/8dd73c149f418238f19791f9d666089ef9734dff,8dd73c149f418238f19791f9d666089ef9734dff,['CWE-787'],CVE-2019-5188
e2fsprogs,https://github.com/tytso/e2fsprogs/commit/71ba13755337e19c9a826dfc874562a36e1b24d3,71ba13755337e19c9a826dfc874562a36e1b24d3,['CWE-787'],CVE-2019-5188
opencv,https://github.com/opencv/opencv/commit/f42d5399aac80d371b17d689851406669c9b9111,f42d5399aac80d371b17d689851406669c9b9111,['CWE-787'],CVE-2019-5063
nginx,https://github.com/nginx/nginx/commit/c1be55f97211d38b69ac0c2027e6812ab8b1b94e,c1be55f97211d38b69ac0c2027e6812ab8b1b94e,"['CWE-444', 'CWE-787']",
tigervnc,https://github.com/CendioOssman/tigervnc/commit/b4ada8d0c6dac98c8b91fc64d112569a8ae5fb95,b4ada8d0c6dac98c8b91fc64d112569a8ae5fb95,['CWE-787'],
tigervnc,https://github.com/CendioOssman/tigervnc/commit/0943c006c7d900dfc0281639e992791d6c567438,0943c006c7d900dfc0281639e992791d6c567438,"['CWE-20', 'CWE-787']",
sqlite,https://github.com/sqlite/sqlite/commit/a6c1a71cde082e09750465d5675699062922e387,a6c1a71cde082e09750465d5675699062922e387,['CWE-755'],
ceph,https://github.com/ceph/ceph/commit/ff72c50a2c43c57aead933eb4903ad1ca6d1748a,ff72c50a2c43c57aead933eb4903ad1ca6d1748a,['CWE-400'],CVE-2020-1700
ImageMagick,https://github.com/ImageMagick/ImageMagick/commit/916d7bbd2c66a286d379dbd94bc6035c8fab937c,916d7bbd2c66a286d379dbd94bc6035c8fab937c,['CWE-416'],CVE-2019-19952
ImageMagick,https://github.com/ImageMagick/ImageMagick/commit/d17c047f7bff7c0edbf304470cd2ab9d02fbf617,d17c047f7bff7c0edbf304470cd2ab9d02fbf617,['CWE-125'],CVE-2019-19949
ImageMagick6,https://github.com/ImageMagick/ImageMagick6/commit/34adc98afd5c7e7fb774d2ebdaea39e831c24dce,34adc98afd5c7e7fb774d2ebdaea39e831c24dce,['CWE-125'],CVE-2019-19949
linux,https://github.com/torvalds/linux/commit/de53fd7aedb100f03e5d2231cfce0e4993282425,de53fd7aedb100f03e5d2231cfce0e4993282425,"['CWE-400', 'CWE-703']",
ImageMagick6,https://github.com/ImageMagick/ImageMagick6/commit/9e7db22f8c374301db3f968757f0d08070fd4e54,9e7db22f8c374301db3f968757f0d08070fd4e54,['CWE-787'],CVE-2019-19948
ImageMagick,https://github.com/ImageMagick/ImageMagick/commit/6ae32a9038e360b3491969d5d03d490884f02b4c,6ae32a9038e360b3491969d5d03d490884f02b4c,['CWE-787'],CVE-2019-19948
libyang,https://github.com/CESNET/libyang/commit/32fb4993bc8bb49e93e84016af3c10ea53964be5,32fb4993bc8bb49e93e84016af3c10ea53964be5,['CWE-119'],CVE-2019-20392
libyang,https://github.com/CESNET/libyang/commit/4e610ccd87a2ba9413819777d508f71163fcc237,4e610ccd87a2ba9413819777d508f71163fcc237,"['CWE-400', 'CWE-674']",CVE-2019-20395
libyang,https://github.com/CESNET/libyang/commit/88bd6c548ba79bce176cd875e9b56e7e0ef4d8d4,88bd6c548ba79bce176cd875e9b56e7e0ef4d8d4,['CWE-415'],CVE-2019-20397
libyang,https://github.com/CESNET/libyang/commit/a1f17693904ed6fecc8902c747fc50a8f20e6af8,a1f17693904ed6fecc8902c747fc50a8f20e6af8,"['CWE-20', 'CWE-119']",CVE-2019-20396
libyang,https://github.com/CESNET/libyang/commit/d9feacc4a590d35dbc1af21caf9080008b4450ed,d9feacc4a590d35dbc1af21caf9080008b4450ed,['CWE-415'],CVE-2019-20393
libyang,https://github.com/CESNET/libyang/commit/6cc51b1757dfbb7cff92de074ada65e8523289a6,6cc51b1757dfbb7cff92de074ada65e8523289a6,['CWE-415'],CVE-2019-20394
libyang,https://github.com/CESNET/libyang/commit/bdb596ddc07596fa212f231135b87d0b9178f6f8,bdb596ddc07596fa212f231135b87d0b9178f6f8,['CWE-119'],CVE-2019-20391
libyang,https://github.com/CESNET/libyang/commit/7852b272ef77f8098c35deea6c6f09cb78176f08,7852b272ef77f8098c35deea6c6f09cb78176f08,['CWE-476'],CVE-2019-20398
systemd,https://github.com/systemd/systemd/commit/b2774a3ae692113e1f47a336a6c09bac9cfb49ad,b2774a3ae692113e1f47a336a6c09bac9cfb49ad,"['CWE-772', 'CWE-401']",
systemd,https://github.com/systemd/systemd/commit/637486261528e8aa3da9f26a4487dc254f4b7abb,637486261528e8aa3da9f26a4487dc254f4b7abb,['CWE-416'],
systemd,https://github.com/systemd/systemd/commit/bc130b6858327b382b07b3985cf48e2aa9016b2d,bc130b6858327b382b07b3985cf48e2aa9016b2d,"['CWE-20', 'CWE-416']",
pure-ftpd,https://github.com/jedisct1/pure-ftpd/commit/aea56f4bcb9948d456f3fae4d044fd3fa2e19706,aea56f4bcb9948d456f3fae4d044fd3fa2e19706,"['CWE-400', 'CWE-703']",
linux,https://github.com/torvalds/linux/commit/d0cb50185ae942b03c4327be322055d622dc79f6,d0cb50185ae942b03c4327be322055d622dc79f6,"['CWE-416', 'CWE-284']",
sudo,https://github.com/sudo-project/sudo/commit/fa8ffeb17523494f0e8bb49a25e53635f4509078,fa8ffeb17523494f0e8bb49a25e53635f4509078,['CWE-787'],CVE-2019-18634
libsolv,https://github.com/openSUSE/libsolv/commit/fdb9c9c03508990e4583046b590c30d958f272da,fdb9c9c03508990e4583046b590c30d958f272da,['CWE-125'],
opencv,https://github.com/opencv/opencv/commit/5691d998ead1d9b0542bcfced36c2dceb3a59023,5691d998ead1d9b0542bcfced36c2dceb3a59023,['CWE-476'],CVE-2019-14493
src,https://github.com/openbsd/src/commit/9dcfda045474d8903224d175907bfc29761dcb45,9dcfda045474d8903224d175907bfc29761dcb45,"['CWE-78', 'CWE-252']",
linux,https://github.com/torvalds/linux/commit/7b09c2d052db4b4ad0b27b97918b46a7746966fa,7b09c2d052db4b4ad0b27b97918b46a7746966fa,['CWE-755'],
ipmitool,https://github.com/ipmitool/ipmitool/commit/e824c23316ae50beb7f7488f2055ac65e8b341f2,e824c23316ae50beb7f7488f2055ac65e8b341f2,"['CWE-120', 'CWE-787']",
ipmitool,https://github.com/ipmitool/ipmitool/commit/7ccea283dd62a05a320c1921e3d8d71a87772637,7ccea283dd62a05a320c1921e3d8d71a87772637,['CWE-120'],CVE-2020-5208
ipmitool,https://github.com/ipmitool/ipmitool/commit/d45572d71e70840e0d4c50bf48218492b79c1a10,d45572d71e70840e0d4c50bf48218492b79c1a10,['CWE-120'],CVE-2020-5208
ipmitool,https://github.com/ipmitool/ipmitool/commit/9452be87181a6e83cfcc768b3ed8321763db50e4,9452be87181a6e83cfcc768b3ed8321763db50e4,['CWE-120'],CVE-2020-5208
ipmitool,https://github.com/ipmitool/ipmitool/commit/41d7026946fafbd4d1ec0bcaca3ea30a6e8eed22,41d7026946fafbd4d1ec0bcaca3ea30a6e8eed22,['CWE-120'],CVE-2020-5208
ipmitool,https://github.com/ipmitool/ipmitool/commit/840fb1cbb4fb365cb9797300e3374d4faefcdb10,840fb1cbb4fb365cb9797300e3374d4faefcdb10,['CWE-120'],CVE-2020-5208
postgres,https://github.com/postgres/postgres/commit/b048f558dd7c26a0c630a2cff29d3d8981eaf6b9,b048f558dd7c26a0c630a2cff29d3d8981eaf6b9,['CWE-862'],CVE-2020-1720
http-parser,https://github.com/nodejs/http-parser/commit/7d5c99d09f6743b055d53fc3f642746d9801479b,7d5c99d09f6743b055d53fc3f642746d9801479b,['CWE-444'],CVE-2019-15605
llhttp,https://github.com/nodejs/llhttp/commit/e19af786a172a8ba71a3d13fccc0fd4dfe4b1b94,e19af786a172a8ba71a3d13fccc0fd4dfe4b1b94,['CWE-444'],CVE-2019-15605
openjpeg,https://github.com/rouault/openjpeg/commit/05f9b91e60debda0e83977e5e63b2e66486f7074,05f9b91e60debda0e83977e5e63b2e66486f7074,['CWE-787'],CVE-2020-8112
ppp,https://github.com/paulusmack/ppp/commit/8d7970b8f3db727fe798b65f3377fe6787575426,8d7970b8f3db727fe798b65f3377fe6787575426,"['CWE-120', 'CWE-787']",
NetHack,https://github.com/NetHack/NetHack/commit/f3def5c0b999478da2d0a8f0b6a7c370a2065f77,f3def5c0b999478da2d0a8f0b6a7c370a2065f77,"['CWE-120', 'CWE-269']",
sqlite,https://github.com/sqlite/sqlite/commit/39df24a3f02495e5ef6bb5ea8ce029a2c1e377e6,39df24a3f02495e5ef6bb5ea8ce029a2c1e377e6,['CWE-125'],CVE-2020-6405
libarchive,https://github.com/libarchive/libarchive/commit/22b1db9d46654afc6f0c28f90af8cdc84a199f41,22b1db9d46654afc6f0c28f90af8cdc84a199f41,['CWE-125'],
ImageMagick6,https://github.com/ImageMagick/ImageMagick6/commit/ebe38274941908892c32b7244fa4e0fe7497e528,ebe38274941908892c32b7244fa4e0fe7497e528,['CWE-401'],CVE-2019-16709
ImageMagick6,https://github.com/ImageMagick/ImageMagick6/commit/13801f5d0bd7a6fdb119682d34946636afdb2629,13801f5d0bd7a6fdb119682d34946636afdb2629,['CWE-401'],CVE-2019-16708
ImageMagick,https://github.com/ImageMagick/ImageMagick/commit/ba21957ed064e1960f39a0d3aac762f39ddc614a,ba21957ed064e1960f39a0d3aac762f39ddc614a,['CWE-401'],CVE-2019-16710
ImageMagick6,https://github.com/ImageMagick/ImageMagick6/commit/80deac0626d2d69e1da836d7d893db1e022b10fc,80deac0626d2d69e1da836d7d893db1e022b10fc,['CWE-401'],CVE-2019-16710
ImageMagick,https://github.com/ImageMagick/ImageMagick/commit/ba0e05ee5a983c202f1030c7901ed6b3ed7d652c,ba0e05ee5a983c202f1030c7901ed6b3ed7d652c,['CWE-401'],CVE-2019-16711
ImageMagick6,https://github.com/ImageMagick/ImageMagick6/commit/448f301a781405a45717bb53578475de06df973a,448f301a781405a45717bb53578475de06df973a,['CWE-401'],CVE-2019-16711
ImageMagick,https://github.com/ImageMagick/ImageMagick/commit/f050a9b18ba537952abf20db2e18d62f07b4956e,f050a9b18ba537952abf20db2e18d62f07b4956e,['CWE-401'],CVE-2019-16713
ImageMagick6,https://github.com/ImageMagick/ImageMagick6/commit/6954a3f7f1bf1dad417260c5965f2c30a64fa25e,6954a3f7f1bf1dad417260c5965f2c30a64fa25e,['CWE-401'],CVE-2019-16713
oniguruma,https://github.com/kkos/oniguruma/commit/0463e21432515631a9bc925ce5eb95b097c73719,0463e21432515631a9bc925ce5eb95b097c73719,['CWE-125'],CVE-2019-19012
oniguruma,https://github.com/kkos/oniguruma/commit/db64ef3189f54917a5008a02bdb000adc514a90a,db64ef3189f54917a5008a02bdb000adc514a90a,['CWE-125'],CVE-2019-19012
oniguruma,https://github.com/kkos/oniguruma/commit/bfc36d3d8139b8be4d3df630d625c58687b0c7d4,bfc36d3d8139b8be4d3df630d625c58687b0c7d4,['CWE-125'],CVE-2019-19012
oniguruma,https://github.com/kkos/oniguruma/commit/778a43dd56925ed58bbe26e3a7bb8202d72c3f3f,778a43dd56925ed58bbe26e3a7bb8202d72c3f3f,['CWE-125'],CVE-2019-19012
oniguruma,https://github.com/kkos/oniguruma/commit/b6cb7580a7e0c56fc325fe9370b9d34044910aed,b6cb7580a7e0c56fc325fe9370b9d34044910aed,['CWE-125'],CVE-2019-19012
oniguruma,https://github.com/kkos/oniguruma/commit/aa0188eaedc056dca8374ac03d0177429b495515,aa0188eaedc056dca8374ac03d0177429b495515,['CWE-125'],CVE-2019-19203
oniguruma,https://github.com/kkos/oniguruma/commit/6eb4aca6a7f2f60f473580576d86686ed6a6ebec,6eb4aca6a7f2f60f473580576d86686ed6a6ebec,['CWE-125'],CVE-2019-19204
Onigmo,https://github.com/k-takata/Onigmo/commit/29e7e6aedebafd5efbbd90655c8e0d495035d7b4,29e7e6aedebafd5efbbd90655c8e0d495035d7b4,['CWE-125'],CVE-2019-19204
weechat,https://github.com/weechat/weechat/commit/6f4f147d8e86adf9ad34a8ffd7e7f1f23a7e74da,6f4f147d8e86adf9ad34a8ffd7e7f1f23a7e74da,"['CWE-120', 'CWE-787']",
icu,https://github.com/unicode-org/icu/commit/b7d08bc04a4296982fcef8b6b8a354a9e4e7afca,b7d08bc04a4296982fcef8b6b8a354a9e4e7afca,"['CWE-190', 'CWE-787']",
cpython,https://github.com/python/cpython/commit/a4d78362397fc3bced6ea80fbc7b5f4827aec55e,a4d78362397fc3bced6ea80fbc7b5f4827aec55e,['CWE-125'],
cpython,https://github.com/python/cpython/commit/dcfcd146f8e6fc5c2fc16a4c192a0c5f5ca8c53c,dcfcd146f8e6fc5c2fc16a4c192a0c5f5ca8c53c,['CWE-125'],
typed_ast,https://github.com/python/typed_ast/commit/dc317ac9cff859aa84eeabe03fb5004982545b3b,dc317ac9cff859aa84eeabe03fb5004982545b3b,['CWE-125'],CVE-2019-19274
linux,https://github.com/torvalds/linux/commit/2e90ca68b0d2f5548804f22f0dd61145516171e3,2e90ca68b0d2f5548804f22f0dd61145516171e3,['CWE-125'],
ceph,https://github.com/ceph/ceph/commit/20b7bb685c5ea74c651ca1ea547ac66b0fee7035,20b7bb685c5ea74c651ca1ea547ac66b0fee7035,['CWE-323'],CVE-2020-1759
ceph,https://github.com/ceph/ceph/commit/dfd1d81cec62e21e21696dc87d4db5f920e51a67,dfd1d81cec62e21e21696dc87d4db5f920e51a67,['CWE-323'],CVE-2020-1759
ceph,https://github.com/ceph/ceph/commit/47c7e623546a7a33bd6bbddfb899fa9c9a40f40a,47c7e623546a7a33bd6bbddfb899fa9c9a40f40a,['CWE-323'],CVE-2020-1759
sleuthkit,https://github.com/sleuthkit/sleuthkit/commit/459ae818fc8dae717549810150de4d191ce158f1,459ae818fc8dae717549810150de4d191ce158f1,"['CWE-125', 'CWE-787']",
libvncserver,https://github.com/LibVNC/libvncserver/commit/54220248886b5001fbbb9fa73c4e1a2cb9413fed,54220248886b5001fbbb9fa73c4e1a2cb9413fed,['CWE-787'],
ceph,https://github.com/ceph/ceph/commit/8f90658c731499722d5f4393c8ad70b971d05f77,8f90658c731499722d5f4393c8ad70b971d05f77,['CWE-79'],CVE-2020-1760
ceph,https://github.com/ceph/ceph/commit/92da834cababc4dddd5dbbab5837310478d1e6d4,92da834cababc4dddd5dbbab5837310478d1e6d4,['CWE-79'],CVE-2020-1760
ceph,https://github.com/ceph/ceph/commit/be7679007c3dfab3e19c22c38c36ccac91828e3b,be7679007c3dfab3e19c22c38c36ccac91828e3b,['CWE-79'],CVE-2020-1760
ceph,https://github.com/ceph/ceph/commit/fce0b267446d6f3f631bb4680ebc3527bbbea002,fce0b267446d6f3f631bb4680ebc3527bbbea002,['CWE-79'],CVE-2020-1760
ceph,https://github.com/ceph/ceph/commit/87a63d1743ec6428b43cc5a5977fa5e90f50b7ed,87a63d1743ec6428b43cc5a5977fa5e90f50b7ed,['CWE-79'],CVE-2020-1760
ceph,https://github.com/ceph/ceph/commit/c7da604cb101cbe78a257a29498a98c69964e0a6,c7da604cb101cbe78a257a29498a98c69964e0a6,['CWE-79'],CVE-2020-1760
ceph,https://github.com/ceph/ceph/commit/ba0790a01ba5252db1ebc299db6e12cd758d0ff9,ba0790a01ba5252db1ebc299db6e12cd758d0ff9,['CWE-79'],CVE-2020-1760
ceph,https://github.com/ceph/ceph/commit/607a65fccd8a80c2f2c74853a6dc5c14ed8a75c1,607a65fccd8a80c2f2c74853a6dc5c14ed8a75c1,['CWE-79'],CVE-2020-1760
ceph,https://github.com/ceph/ceph/commit/9ca5b3628245e2878426602bb24f1a4e45edc850,9ca5b3628245e2878426602bb24f1a4e45edc850,['CWE-79'],CVE-2020-1760
libvpx,https://github.com/webmproject/libvpx/commit/45daecb4f73a47ab3236a29a3a48c52324cbf19a,45daecb4f73a47ab3236a29a3a48c52324cbf19a,['CWE-125'],CVE-2020-0034
ImageMagick,https://github.com/ImageMagick/ImageMagick/commit/868aad754ee599eb7153b84d610f2ecdf7b339f6,868aad754ee599eb7153b84d610f2ecdf7b339f6,['CWE-125'],CVE-2020-10251
ImageMagick6,https://github.com/ImageMagick/ImageMagick6/commit/3456724dff047db5adb32f8cf70c903c1b7d16d4,3456724dff047db5adb32f8cf70c903c1b7d16d4,['CWE-125'],CVE-2020-10251
varnish-cache,https://github.com/varnishcache/varnish-cache/commit/2d8fc1a784a1e26d78c30174923a2b14ee2ebf62,2d8fc1a784a1e26d78c30174923a2b14ee2ebf62,['CWE-617'],CVE-2020-11653
libreswan,https://github.com/libreswan/libreswan/commit/471a3e41a449d7c753bc4edbba4239501bb62ba8,471a3e41a449d7c753bc4edbba4239501bb62ba8,['CWE-125'],CVE-2020-1763
freeradius-server,https://github.com/FreeRADIUS/freeradius-server/commit/6b522f8780813726799e6b8cf0f1f8e0ce2c8ebf,6b522f8780813726799e6b8cf0f1f8e0ce2c8ebf,['CWE-662'],CVE-2019-17185
ImageMagick,https://github.com/ImageMagick/ImageMagick/commit/ec9c8944af2bfc65c697ca44f93a727a99b405f1,ec9c8944af2bfc65c697ca44f93a727a99b405f1,"['CWE-20', 'CWE-674', 'CWE-787']",
ImageMagick6,https://github.com/ImageMagick/ImageMagick6/commit/6ba5e4b1673d75988d8dde38118b495a342823c8,6ba5e4b1673d75988d8dde38118b495a342823c8,['CWE-674'],CVE-2019-18853
linux,https://github.com/torvalds/linux/commit/cb222aed03d798fc074be55e59d9a112338ee784,cb222aed03d798fc074be55e59d9a112338ee784,"['CWE-703', 'CWE-787']",
linux,https://github.com/torvalds/linux/commit/a246b4d547708f33ff4d4b9a7a5dbac741dc89d8,a246b4d547708f33ff4d4b9a7a5dbac741dc89d8,['CWE-476'],
linux,https://github.com/torvalds/linux/commit/b9258a2cece4ec1f020715fe3554bc2e360f6264,b9258a2cece4ec1f020715fe3554bc2e360f6264,"['CWE-200', 'CWE-909', 'CWE-908']",
re2c,https://github.com/skvadrik/re2c/commit/c4603ba5ce229db83a2a4fb93e6d4b4e3ec3776a,c4603ba5ce229db83a2a4fb93e6d4b4e3ec3776a,['CWE-787'],
ceph,https://github.com/ceph/ceph/commit/375d926a4f2720a29b079c216bafb884eef985c3,375d926a4f2720a29b079c216bafb884eef985c3,['CWE-476'],CVE-2020-12059
ruby,https://github.com/ruby/ruby/commit/36e9ed7fef6eb2d14becf6c52452e4ab16e4bf01,36e9ed7fef6eb2d14becf6c52452e4ab16e4bf01,['CWE-20'],CVE-2020-10663
libgit2,https://github.com/libgit2/libgit2/commit/3f7851eadca36a99627ad78cbe56a40d3776ed01,3f7851eadca36a99627ad78cbe56a40d3776ed01,"['CWE-20', 'CWE-706']",
libgit2,https://github.com/libgit2/libgit2/commit/e1832eb20a7089f6383cfce474f213157f5300cb,e1832eb20a7089f6383cfce474f213157f5300cb,"['CWE-20', 'CWE-706']",
libgit2,https://github.com/libgit2/libgit2/commit/64c612cc3e25eff5fb02c59ef5a66ba7a14751e4,64c612cc3e25eff5fb02c59ef5a66ba7a14751e4,"['CWE-20', 'CWE-706']",
teeworlds,https://github.com/teeworlds/teeworlds/commit/c68402fa7e279d42886d5951d1ea8ac2facc1ea5,c68402fa7e279d42886d5951d1ea8ac2facc1ea5,"['CWE-20', 'CWE-703', 'CWE-400']",
pure-ftpd,https://github.com/jedisct1/pure-ftpd/commit/8d0d42542e2cb7a56d645fbe4d0ef436e38bcefa,8d0d42542e2cb7a56d645fbe4d0ef436e38bcefa,['CWE-824'],
linux,https://github.com/torvalds/linux/commit/b102f0c522cf668c8382c56a4f771b37d011cda2,b102f0c522cf668c8382c56a4f771b37d011cda2,"['CWE-120', 'CWE-787']",
FFmpeg,https://github.com/FFmpeg/FFmpeg/commit/1812352d767ccf5431aa440123e2e260a4db2726,1812352d767ccf5431aa440123e2e260a4db2726,['CWE-787'],
linux,https://github.com/torvalds/linux/commit/056ad39ee9253873522f6469c3364964a322912b,056ad39ee9253873522f6469c3364964a322912b,['CWE-416'],
docker-credential-helpers,https://github.com/docker/docker-credential-helpers/commit/87c80bfba583eadc087810d17aa631ef4e405efc,87c80bfba583eadc087810d17aa631ef4e405efc,['CWE-415'],CVE-2019-1020014
linux,https://github.com/torvalds/linux/commit/28d76df18f0ad5bcf5fa48510b225f0ed262a99b,28d76df18f0ad5bcf5fa48510b225f0ed262a99b,"['CWE-362', 'CWE-369']",
linux,https://github.com/torvalds/linux/commit/b70261a288ea4d2f4ac7cd04be08a9f0f2de4f4d,b70261a288ea4d2f4ac7cd04be08a9f0f2de4f4d,"['CWE-269', 'CWE-787']",
linux,https://github.com/torvalds/linux/commit/3a9b153c5591548612c3955c9600a98150c81875,3a9b153c5591548612c3955c9600a98150c81875,['CWE-787'],
linux,https://github.com/torvalds/linux/commit/d0c7feaf87678371c2c09b3709400be416b2dc62,d0c7feaf87678371c2c09b3709400be416b2dc62,"['CWE-400', 'CWE-703', 'CWE-835']",
linux,https://github.com/torvalds/linux/commit/2f95fa5c955d0a9987ffdc3a095e2f4e62c5f2a9,2f95fa5c955d0a9987ffdc3a095e2f4e62c5f2a9,['CWE-416'],
linux,https://github.com/torvalds/linux/commit/99e3a236dd43d06c65af0a2ef9cb44306aef6e02,99e3a236dd43d06c65af0a2ef9cb44306aef6e02,"['CWE-416', 'CWE-787']",
ruby,https://github.com/ruby/ruby/commit/61b7f86248bd121be2e83768be71ef289e8e5b90,61b7f86248bd121be2e83768be71ef289e8e5b90,['CWE-908'],CVE-2020-10933
edk2,https://github.com/tianocore/edk2/commit/c32be82e99ef272e7fa742c2f06ff9a4c3756613,c32be82e99ef272e7fa742c2f06ff9a4c3756613,['CWE-416'],CVE-2019-14586
linux,https://github.com/torvalds/linux/commit/998912346c0da53a6dbb71fab3a138586b596b30,998912346c0da53a6dbb71fab3a138586b596b30,['CWE-476'],
linux,https://github.com/torvalds/linux/commit/485b06aadb933190f4bc44e006076bc27a23f205,485b06aadb933190f4bc44e006076bc27a23f205,['CWE-476'],
FreeRDP,https://github.com/FreeRDP/FreeRDP/commit/6b2bc41935e53b0034fe5948aeeab4f32e80f30f,6b2bc41935e53b0034fe5948aeeab4f32e80f30f,['CWE-125'],CVE-2020-11042
FreeRDP,https://github.com/FreeRDP/FreeRDP/commit/67c2aa52b2ae0341d469071d1bc8aab91f8d2ed8,67c2aa52b2ae0341d469071d1bc8aab91f8d2ed8,['CWE-415'],CVE-2020-11044
FreeRDP,https://github.com/FreeRDP/FreeRDP/commit/f8890a645c221823ac133dbf991f8a65ae50d637,f8890a645c221823ac133dbf991f8a65ae50d637,['CWE-125'],
FreeRDP,https://github.com/FreeRDP/FreeRDP/commit/ed53cd148f43cbab905eaa0f5308c2bf3c48cc37,ed53cd148f43cbab905eaa0f5308c2bf3c48cc37,"['CWE-119', 'CWE-125']",
FreeRDP,https://github.com/FreeRDP/FreeRDP/commit/f5e73cc7c9cd973b516a618da877c87b80950b65,f5e73cc7c9cd973b516a618da877c87b80950b65,['CWE-125'],CVE-2020-11047
FreeRDP,https://github.com/FreeRDP/FreeRDP/commit/9301bfe730c66180263248b74353daa99f5a969b,9301bfe730c66180263248b74353daa99f5a969b,['CWE-125'],
FreeRDP,https://github.com/FreeRDP/FreeRDP/commit/3627aaf7d289315b614a584afb388f04abfb5bbf,3627aaf7d289315b614a584afb388f04abfb5bbf,"['CWE-119', 'CWE-125']",
FreeRDP,https://github.com/FreeRDP/FreeRDP/commit/17f547ae11835bb11baa3d045245dc1694866845,17f547ae11835bb11baa3d045245dc1694866845,['CWE-125'],CVE-2020-11521
FreeRDP,https://github.com/FreeRDP/FreeRDP/commit/907640a924fa7a9a99c80a48ac225e9d8e41548b,907640a924fa7a9a99c80a48ac225e9d8e41548b,['CWE-125'],
FreeRDP,https://github.com/FreeRDP/FreeRDP/commit/7b1d4b49391b4512402840431757703a96946820,7b1d4b49391b4512402840431757703a96946820,['CWE-787'],CVE-2020-11524
FreeRDP,https://github.com/FreeRDP/FreeRDP/commit/ce21b9d7ecd967e0bc98ed31a6b3757848aa6c9e,ce21b9d7ecd967e0bc98ed31a6b3757848aa6c9e,['CWE-190'],CVE-2020-11523
FreeRDP,https://github.com/FreeRDP/FreeRDP/commit/0b6b92a25a77d533b8a92d6acc840a81e103684e,0b6b92a25a77d533b8a92d6acc840a81e103684e,['CWE-125'],CVE-2020-11525
FreeRDP,https://github.com/FreeRDP/FreeRDP/commit/192856cb59974ee4d7d3e72cbeafa676aa7565cf,192856cb59974ee4d7d3e72cbeafa676aa7565cf,['CWE-125'],CVE-2020-11526
transmission,https://github.com/transmission/transmission/commit/2123adf8e5e1c2b48791f9d22fc8c747e974180e,2123adf8e5e1c2b48791f9d22fc8c747e974180e,"['CWE-416', 'CWE-284']",
unbound,https://github.com/NLnetLabs/unbound/commit/ba0f382eee814e56900a535778d13206b86b6d49,ba0f382eee814e56900a535778d13206b86b6d49,['CWE-400'],CVE-2020-12662
php-src,https://github.com/php/php-src/commit/a3924ab6542a358a3099de992b63b932a9570add,a3924ab6542a358a3099de992b63b932a9570add,['CWE-190'],CVE-2019-11048
OpenSC,https://github.com/OpenSC/OpenSC/commit/c246f6f69a749d4f68626b40795a4f69168008f4,c246f6f69a749d4f68626b40795a4f69168008f4,['CWE-415'],
perl5,https://github.com/perl/perl5/commit/897d1f7fd515b828e4b198d8b8bef76c6faf03ed,897d1f7fd515b828e4b198d8b8bef76c6faf03ed,"['CWE-190', 'CWE-787']",
perl5,https://github.com/perl/perl5/commit/0a320d753fe7fca03df259a4dfd8e641e51edaa8,0a320d753fe7fca03df259a4dfd8e641e51edaa8,['CWE-190'],
perl5,https://github.com/perl/perl5/commit/3295b48defa0f8570114877b063fe546dd348b3c,3295b48defa0f8570114877b063fe546dd348b3c,['CWE-190'],CVE-2020-10878
perl5,https://github.com/perl/perl5/commit/66bbb51b93253a3f87d11c2695cfb7bdb782184a,66bbb51b93253a3f87d11c2695cfb7bdb782184a,['CWE-120'],CVE-2020-12723
mariadb-connector-c,https://github.com/mariadb-corporation/mariadb-connector-c/commit/2759b87d72926b7c9b5426437a7c8dd15ff57945,2759b87d72926b7c9b5426437a7c8dd15ff57945,['CWE-20'],
libexif,https://github.com/libexif/libexif/commit/435e21f05001fb03f9f186fa7cbc69454afd00d1,435e21f05001fb03f9f186fa7cbc69454afd00d1,['CWE-125'],
libexif,https://github.com/libexif/libexif/commit/ec412aa4583ad71ecabb967d3c77162760169d1f,ec412aa4583ad71ecabb967d3c77162760169d1f,"['CWE-416', 'CWE-908']",
libexif,https://github.com/libexif/libexif/commit/e6a38a1a23ba94d139b1fa2cd4519fdcfe3c9bab,e6a38a1a23ba94d139b1fa2cd4519fdcfe3c9bab,"['CWE-400', 'CWE-703', 'CWE-770']",
ceph,https://github.com/ceph/ceph/commit/46817f30cee60bc5df8354ab326762e7c783fe2c,46817f30cee60bc5df8354ab326762e7c783fe2c,['CWE-113'],CVE-2020-10753
FreeRDP,https://github.com/FreeRDP/FreeRDP/commit/48361c411e50826cb602c7aab773a8a20e1da6bc,48361c411e50826cb602c7aab773a8a20e1da6bc,['CWE-125'],
FreeRDP,https://github.com/FreeRDP/FreeRDP/commit/d6cd14059b257318f176c0ba3ee0a348826a9ef8,d6cd14059b257318f176c0ba3ee0a348826a9ef8,"['CWE-125', 'CWE-787']",
FreeRDP,https://github.com/FreeRDP/FreeRDP/commit/8305349a943c68b1bc8c158f431dc607655aadea,8305349a943c68b1bc8c158f431dc607655aadea,['CWE-787'],
linux,https://github.com/torvalds/linux/commit/2e7682ebfc750177a4944eeb56e97a3f05734528,2e7682ebfc750177a4944eeb56e97a3f05734528,['CWE-476'],
vim,https://github.com/vim/vim/commit/8c62a08faf89663e5633dc5036cd8695c80f1075,8c62a08faf89663e5633dc5036cd8695c80f1075,['CWE-78'],CVE-2019-20807
FreeRDP,https://github.com/FreeRDP/FreeRDP/commit/b73143cf7ee5fe4cdabcbf56908aa15d8a883821,b73143cf7ee5fe4cdabcbf56908aa15d8a883821,['CWE-125'],
FreeRDP,https://github.com/FreeRDP/FreeRDP/commit/c098f21fdaadca57ff649eee1674f6cc321a2ec4,c098f21fdaadca57ff649eee1674f6cc321a2ec4,['CWE-125'],
FreeRDP,https://github.com/FreeRDP/FreeRDP/commit/8241ab42fdf0cc89cf69fc574bf6360c9977a0d4,8241ab42fdf0cc89cf69fc574bf6360c9977a0d4,['CWE-125'],
FreeRDP,https://github.com/FreeRDP/FreeRDP/commit/8fa38359634a9910b91719818ab02f23c320dbae,8fa38359634a9910b91719818ab02f23c320dbae,['CWE-125'],
FreeRDP,https://github.com/FreeRDP/FreeRDP/commit/6b485b146a1b9d6ce72dfd7b5f36456c166e7a16,6b485b146a1b9d6ce72dfd7b5f36456c166e7a16,['CWE-125'],
FreeRDP,https://github.com/FreeRDP/FreeRDP/commit/795842f4096501fcefc1a7f535ccc8132feb31d7,795842f4096501fcefc1a7f535ccc8132feb31d7,"['CWE-415', 'CWE-125']",
envoy,https://github.com/envoyproxy/envoy/commit/0e49a495826ea9e29134c1bd54fdeb31a034f40c,0e49a495826ea9e29134c1bd54fdeb31a034f40c,['CWE-400'],CVE-2020-12603
envoy,https://github.com/envoyproxy/envoy/commit/7ca28ff7d46454ae930e193d97b7d08156b1ba59,7ca28ff7d46454ae930e193d97b7d08156b1ba59,['CWE-770'],CVE-2020-12605
envoy,https://github.com/envoyproxy/envoy/commit/dfddb529e914d794ac552e906b13d71233609bf7,dfddb529e914d794ac552e906b13d71233609bf7,['CWE-400'],CVE-2020-8663
envoy,https://github.com/envoyproxy/envoy/commit/542f84c66e9f6479bc31c6f53157c60472b25240,542f84c66e9f6479bc31c6f53157c60472b25240,['CWE-400'],CVE-2020-8663
envoy,https://github.com/envoyproxy/envoy/commit/5eba69a1f375413fb93fab4173f9c393ac8c2818,5eba69a1f375413fb93fab4173f9c393ac8c2818,['CWE-401'],CVE-2020-12604
systemd,https://github.com/systemd/systemd/commit/156a5fd297b61bce31630d7a52c15614bf784843,156a5fd297b61bce31630d7a52c15614bf784843,['CWE-269'],CVE-2020-13776
libexif,https://github.com/libexif/libexif/commit/ce03ad7ef4e8aeefce79192bf5b6f69fae396f0c,ce03ad7ef4e8aeefce79192bf5b6f69fae396f0c,['CWE-190'],CVE-2020-0181
libjpeg-turbo,https://github.com/libjpeg-turbo/libjpeg-turbo/commit/3de15e0c344d11d4b90f4a47136467053eb2d09a,3de15e0c344d11d4b90f4a47136467053eb2d09a,['CWE-125'],
FreeRDP,https://github.com/FreeRDP/FreeRDP/commit/0332cad015fdf7fac7e5c6863484f18a554e0fcf,0332cad015fdf7fac7e5c6863484f18a554e0fcf,['CWE-125'],CVE-2020-11019
FreeRDP,https://github.com/FreeRDP/FreeRDP/commit/06c32f170093a6ecde93e3bc07fed6a706bfbeb3,06c32f170093a6ecde93e3bc07fed6a706bfbeb3,['CWE-190'],CVE-2020-11038
FreeRDP,https://github.com/FreeRDP/FreeRDP/commit/9f77fc3dd2394373e1be753952b00dafa1a9b7da,9f77fc3dd2394373e1be753952b00dafa1a9b7da,['CWE-190'],CVE-2020-11039
FreeRDP,https://github.com/FreeRDP/FreeRDP/commit/363d7046dfec4003b91aecf7867e3b05905f3843,363d7046dfec4003b91aecf7867e3b05905f3843,['CWE-125'],CVE-2020-11040
FreeRDP,https://github.com/FreeRDP/FreeRDP/commit/3a06ce058f690b7fc1edad2f352c453376c2ebfe,3a06ce058f690b7fc1edad2f352c453376c2ebfe,['CWE-125'],CVE-2020-11043
mutt,https://github.com/muttmua/mutt/commit/3e88866dc60b5fa6aaba6fd7c1710c12c1c3cd01,3e88866dc60b5fa6aaba6fd7c1710c12c1c3cd01,"['CWE-200', 'CWE-319']",
jbig2dec,https://github.com/ArtifexSoftware/jbig2dec/commit/0726320a4b55078e9d8deb590e477d598b3da66e,0726320a4b55078e9d8deb590e477d598b3da66e,['CWE-787'],
redis,https://github.com/antirez/redis/commit/ef764dde1cca2f25d00686673d1bc89448819571,ef764dde1cca2f25d00686673d1bc89448819571,"['CWE-61', 'CWE-190', 'CWE-787']",
mongo,https://github.com/mongodb/mongo/commit/521e56b407ac72bc69a97a24d1253f51a5b6e81b,521e56b407ac72bc69a97a24d1253f51a5b6e81b,['CWE-863'],CVE-2020-7921
mongo,https://github.com/mongodb/mongo/commit/fb87cc88ecb5d300f14cda7bc238d7d5132118f5,fb87cc88ecb5d300f14cda7bc238d7d5132118f5,['CWE-863'],CVE-2020-7921
mongo,https://github.com/mongodb/mongo/commit/a93cfd354467981c9cf944a4ada748d0226fdfb0,a93cfd354467981c9cf944a4ada748d0226fdfb0,['CWE-863'],CVE-2020-7921
libvirt,https://github.com/libvirt/libvirt/commit/a5b064bf4b17a9884d7d361733737fb614ad8979,a5b064bf4b17a9884d7d361733737fb614ad8979,['CWE-212'],CVE-2020-14301
libvirt,https://github.com/libvirt/libvirt/commit/524de6cc35d3b222f0e940bb0fd027f5482572c5,524de6cc35d3b222f0e940bb0fd027f5482572c5,['CWE-212'],CVE-2020-14301
upx,https://github.com/upx/upx/commit/8be9da8280dfa69d5df4417d4d81bda1cab78010,8be9da8280dfa69d5df4417d4d81bda1cab78010,"['CWE-476', 'CWE-190']",
ImageMagick,https://github.com/ImageMagick/ImageMagick/commit/824f344ceb823e156ad6e85314d79c087933c2a0,824f344ceb823e156ad6e85314d79c087933c2a0,['CWE-125'],CVE-2020-13902
samba,https://github.com/samba-team/samba/commit/d8b9bb274b7e7a390cf3bda9cd732cb2227bdbde,d8b9bb274b7e7a390cf3bda9cd732cb2227bdbde,['CWE-476'],CVE-2020-10730
samba,https://github.com/samba-team/samba/commit/cc3a67760cf9faaad3af73b1eed9e2ef85276633,cc3a67760cf9faaad3af73b1eed9e2ef85276633,['CWE-400'],CVE-2020-10745
samba,https://github.com/samba-team/samba/commit/32c333def9ad5a1c67abee320cf5f3c4f2cb1e5c,32c333def9ad5a1c67abee320cf5f3c4f2cb1e5c,['CWE-416'],CVE-2020-10760
libvncserver,https://github.com/LibVNC/libvncserver/commit/3fd03977c9b35800d73a865f167338cb4d05b0c1,3fd03977c9b35800d73a865f167338cb4d05b0c1,"['CWE-120', 'CWE-787']",
libvncserver,https://github.com/LibVNC/libvncserver/commit/0cf1400c61850065de590d403f6d49e32882fd76,0cf1400c61850065de590d403f6d49e32882fd76,['CWE-787'],
neomutt,https://github.com/neomutt/neomutt/commit/fb013ec666759cb8a9e294347c7b4c1f597639cc,fb013ec666759cb8a9e294347c7b4c1f597639cc,"['CWE-94', 'CWE-74']",
net-snmp,https://github.com/net-snmp/net-snmp/commit/5f881d3bf24599b90d67a45cae7a3eb099cd71c9,5f881d3bf24599b90d67a45cae7a3eb099cd71c9,['CWE-415'],
samba,https://github.com/samba-team/samba/commit/3cc0f1eeda5f133532dda31eef9fc1b394127e50,3cc0f1eeda5f133532dda31eef9fc1b394127e50,['CWE-834'],CVE-2020-14303
ImageMagick6,https://github.com/ImageMagick/ImageMagick6/commit/26538669546730c5b2dc36e7d48850f1f6928f94,26538669546730c5b2dc36e7d48850f1f6928f94,['CWE-787'],CVE-2020-19667
LibRaw,https://github.com/LibRaw/LibRaw/commit/55f0a0c08974b8b79ebfa7762b555a1704b25fb2,55f0a0c08974b8b79ebfa7762b555a1704b25fb2,['CWE-787'],CVE-2020-15365
libvncserver,https://github.com/LibVNC/libvncserver/commit/aac95a9dcf4bbba87b76c72706c3221a842ca433,aac95a9dcf4bbba87b76c72706c3221a842ca433,['CWE-787'],
libexif,https://github.com/libexif/libexif/commit/5ae5973bed1947f4d447dc80b76d5cefadd90133,5ae5973bed1947f4d447dc80b76d5cefadd90133,['CWE-125'],CVE-2020-0093
libexif,https://github.com/libexif/libexif/commit/f9bb9f263fb00f0603ecbefa8957cad24168cbff,f9bb9f263fb00f0603ecbefa8957cad24168cbff,['CWE-125'],CVE-2020-0182
LibRaw,https://github.com/LibRaw/LibRaw/commit/20ad21c0d87ca80217aee47533d91e633ce1864d,20ad21c0d87ca80217aee47533d91e633ce1864d,"['CWE-20', 'CWE-125']",
libvncserver,https://github.com/LibVNC/libvncserver/commit/d01e1bb4246323ba6fcee3b82ef1faa9b1dac82a,d01e1bb4246323ba6fcee3b82ef1faa9b1dac82a,"['CWE-665', 'CWE-772']",
FreeRDP,https://github.com/FreeRDP/FreeRDP/commit/c0fd449ec0870b050d350d6d844b1ea6dad4bc7d,c0fd449ec0870b050d350d6d844b1ea6dad4bc7d,"['CWE-703', 'CWE-125']",
FreeRDP,https://github.com/FreeRDP/FreeRDP/commit/b8beb55913471952f92770c90c372139d78c16c0,b8beb55913471952f92770c90c372139d78c16c0,['CWE-125'],
FreeRDP,https://github.com/FreeRDP/FreeRDP/commit/733ee3208306b1ea32697b356c0215180fc3f049,733ee3208306b1ea32697b356c0215180fc3f049,"['CWE-20', 'CWE-125']",
FreeRDP,https://github.com/FreeRDP/FreeRDP/commit/e7bffa64ef5ed70bac94f823e2b95262642f5296,e7bffa64ef5ed70bac94f823e2b95262642f5296,"['CWE-703', 'CWE-681']",
FreeRDP,https://github.com/FreeRDP/FreeRDP/commit/0a98c450c58ec150e44781c89aa6f8e7e0f571f5,0a98c450c58ec150e44781c89aa6f8e7e0f571f5,['CWE-125'],
FreeRDP,https://github.com/FreeRDP/FreeRDP/commit/6d86e20e1e7caaab4f0c7f89e36d32914dbccc52,6d86e20e1e7caaab4f0c7f89e36d32914dbccc52,"['CWE-416', 'CWE-703']",
FreeRDP,https://github.com/FreeRDP/FreeRDP/commit/05cd9ea2290d23931f615c1b004d4b2e69074e27,05cd9ea2290d23931f615c1b004d4b2e69074e27,"['CWE-190', 'CWE-125']",
FreeRDP,https://github.com/FreeRDP/FreeRDP/commit/6ade7b4cbfd71c54b3d724e8f2d6ac76a58e879a,6ade7b4cbfd71c54b3d724e8f2d6ac76a58e879a,['CWE-125'],
FreeRDP,https://github.com/FreeRDP/FreeRDP/commit/58a3122250d54de3a944c487776bcd4d1da4721e,58a3122250d54de3a944c487776bcd4d1da4721e,"['CWE-190', 'CWE-125']",
MilkyTracker,https://github.com/milkytracker/MilkyTracker/commit/7afd55c42ad80d01a339197a2d8b5461d214edaf,7afd55c42ad80d01a339197a2d8b5461d214edaf,['CWE-416'],
clamav-devel,https://github.com/Cisco-Talos/clamav-devel/commit/8bb3716be9c7ab7c6a3a1889267b1072f48af87b,8bb3716be9c7ab7c6a3a1889267b1072f48af87b,['CWE-476'],CVE-2020-3481
FreeRDP,https://github.com/FreeRDP/FreeRDP/commit/e08a23f93136f59a52651f66d064b8d4303872e1,e08a23f93136f59a52651f66d064b8d4303872e1,['CWE-190'],CVE-2020-15103
FreeRDP,https://github.com/FreeRDP/FreeRDP/commit/40393700642ad38437982e8a3afc34ff33ccf28e,40393700642ad38437982e8a3afc34ff33ccf28e,['CWE-190'],CVE-2020-15103
ghostpdl,https://github.com/ArtifexSoftware/ghostpdl/commit/5d499272b95a6b890a1397e11d20937de000d31b,5d499272b95a6b890a1397e11d20937de000d31b,"['CWE-119', 'CWE-787']",
lua,https://github.com/lua/lua/commit/6298903e35217ab69c279056f925fb72900ce0b7,6298903e35217ab69c279056f925fb72900ce0b7,"['CWE-416', 'CWE-125', 'CWE-787']",
lua,https://github.com/lua/lua/commit/eb41999461b6f428186c55abd95f4ce1a76217d5,eb41999461b6f428186c55abd95f4ce1a76217d5,"['CWE-416', 'CWE-125', 'CWE-787']",
lua,https://github.com/lua/lua/commit/127e7a6c8942b362aa3c6627f44d660a4fb75312,127e7a6c8942b362aa3c6627f44d660a4fb75312,['CWE-125'],
LuaJIT,https://github.com/LuaJIT/LuaJIT/commit/53f82e6e2e858a0a62fd1a2ff47e9866693382e6,53f82e6e2e858a0a62fd1a2ff47e9866693382e6,['CWE-125'],CVE-2020-15890
libvncserver,https://github.com/LibVNC/libvncserver/commit/8937203441ee241c4ace85da687b7d6633a12365,8937203441ee241c4ace85da687b7d6633a12365,"['CWE-703', 'CWE-770']",
libvncserver,https://github.com/LibVNC/libvncserver/commit/33441d90a506d5f3ae9388f2752901227e430553,33441d90a506d5f3ae9388f2752901227e430553,['CWE-476'],
libvncserver,https://github.com/LibVNC/libvncserver/commit/38e98ee61d74f5f5ab4aa4c77146faad1962d6d0,38e98ee61d74f5f5ab4aa4c77146faad1962d6d0,['CWE-476'],
libvncserver,https://github.com/LibVNC/libvncserver/commit/57433015f856cc12753378254ce4f1c78f5d9c7b,57433015f856cc12753378254ce4f1c78f5d9c7b,"['CWE-703', 'CWE-835']",
libvncserver,https://github.com/LibVNC/libvncserver/commit/a6788d1da719ae006605b78d22f5a9f170b423af,a6788d1da719ae006605b78d22f5a9f170b423af,"['CWE-190', 'CWE-787']",
lua,https://github.com/lua/lua/commit/a2195644d89812e5b157ce7bac35543e06db05e3,a2195644d89812e5b157ce7bac35543e06db05e3,['CWE-703'],
net-snmp,https://github.com/net-snmp/net-snmp/commit/4fd9a450444a434a993bc72f7c3486ccce41f602,4fd9a450444a434a993bc72f7c3486ccce41f602,"['CWE-59', 'CWE-61']",
linux,https://github.com/torvalds/linux/commit/f227e3ec3b5cad859ad15666874405e8c1bbc1d4,f227e3ec3b5cad859ad15666874405e8c1bbc1d4,"['CWE-200', 'CWE-330']",
librepo,https://github.com/rpm-software-management/librepo/commit/7daea2a2429a54dad68b1de9b37a5f65c5cf2600,7daea2a2429a54dad68b1de9b37a5f65c5cf2600,['CWE-22'],CVE-2020-14352
mod_h2,https://github.com/icing/mod_h2/commit/b8a8c5061eada0ce3339b24ba1d587134552bc0c,b8a8c5061eada0ce3339b24ba1d587134552bc0c,['CWE-444'],CVE-2020-9490
c-ares,https://github.com/c-ares/c-ares/commit/1cc7e83c3bdfaafbc5919c95025592d8de3a170e,1cc7e83c3bdfaafbc5919c95025592d8de3a170e,"['CWE-416', 'CWE-310', 'CWE-415']",
lua,https://github.com/lua/lua/commit/ae5b5ba529753c7a653901ffc29b5ea24c3fdf3a,ae5b5ba529753c7a653901ffc29b5ea24c3fdf3a,"['CWE-476', 'CWE-787']",
lua,https://github.com/lua/lua/commit/a585eae6e7ada1ca9271607a4f48dfb17868ab7b,a585eae6e7ada1ca9271607a4f48dfb17868ab7b,['CWE-191'],
lua,https://github.com/lua/lua/commit/a6da1472c0c5e05ff249325f979531ad51533110,a6da1472c0c5e05ff249325f979531ad51533110,['CWE-763'],
LuaJIT,https://github.com/LuaJIT/LuaJIT/commit/12ab596997b9cb27846a5b254d11230c3f9c50c8,12ab596997b9cb27846a5b254d11230c3f9c50c8,['CWE-125'],CVE-2020-24372
LuaJIT,https://github.com/LuaJIT/LuaJIT/commit/e296f56b825c688c3530a981dc6b495d972f3d01,e296f56b825c688c3530a981dc6b495d972f3d01,['CWE-125'],CVE-2020-24372
mongo,https://github.com/mongodb/mongo/commit/c8ced6df8f620daaa2e539f192f2eef356c63e9c,c8ced6df8f620daaa2e539f192f2eef356c63e9c,['CWE-755'],CVE-2020-7923
squid,https://github.com/squid-cache/squid/commit/9c8e2a71aa1d3c159a319d9365c346c48dc783a5,9c8e2a71aa1d3c159a319d9365c346c48dc783a5,['CWE-444'],CVE-2020-15810
squid,https://github.com/squid-cache/squid/commit/fd68382860633aca92065e6c343cfd1b12b126e7,fd68382860633aca92065e6c343cfd1b12b126e7,['CWE-444'],CVE-2020-15811
nasm,https://github.com/netwide-assembler/nasm/commit/6ac6ac57e3d01ea8ed4ea47706eb724b59176461,6ac6ac57e3d01ea8ed4ea47706eb724b59176461,['CWE-416'],CVE-2020-24241
net-snmp,https://github.com/net-snmp/net-snmp/commit/77f6c60f57dba0aaea5d8ef1dd94bcd0c8e6d205,77f6c60f57dba0aaea5d8ef1dd94bcd0c8e6d205,['CWE-269'],
lua,https://github.com/lua/lua/commit/34affe7a63fc5d842580a9f23616d057e17dfe27,34affe7a63fc5d842580a9f23616d057e17dfe27,"['CWE-119', 'CWE-787']",
unbound,https://github.com/NLnetLabs/unbound/commit/ad387832979b6ce4c93f64fe706301cd7d034e87,ad387832979b6ce4c93f64fe706301cd7d034e87,['CWE-59'],CVE-2020-28935
brotli,https://github.com/google/brotli/commit/223d80cfbec8fd346e32906c732c8ede21f0cea6,223d80cfbec8fd346e32906c732c8ede21f0cea6,['CWE-120'],CVE-2020-8927
linux,https://github.com/torvalds/linux/commit/973c096f6a85e5b5f2a295126ba6928d9a6afd45,973c096f6a85e5b5f2a295126ba6928d9a6afd45,['CWE-125'],
ark,https://github.com/KDE/ark/commit/8bf8c5ef07b0ac5e914d752681e470dea403a5bd,8bf8c5ef07b0ac5e914d752681e470dea403a5bd,"['CWE-59', 'CWE-61']",
linux,https://github.com/torvalds/linux/commit/26896f01467a28651f7a536143fe5ac8449d4041,26896f01467a28651f7a536143fe5ac8449d4041,"['CWE-276', 'CWE-703']",
oniguruma,https://github.com/kkos/oniguruma/commit/cbe9f8bd9cfc6c3c87a60fbae58fa1a85db59df0,cbe9f8bd9cfc6c3c87a60fbae58fa1a85db59df0,['CWE-787'],CVE-2020-26159
bluez,https://github.com/bluez/bluez/commit/1cd644db8c23a2f530ddb93cebed7dacc5f5721a,1cd644db8c23a2f530ddb93cebed7dacc5f5721a,['CWE-415'],
OpenSC,https://github.com/OpenSC/OpenSC/commit/6903aebfddc466d966c7b865fae34572bf3ed23e,6903aebfddc466d966c7b865fae34572bf3ed23e,['CWE-787'],
OpenSC,https://github.com/OpenSC/OpenSC/commit/ed55fcd2996930bf58b9bb57e9ba7b1f3a753c43,ed55fcd2996930bf58b9bb57e9ba7b1f3a753c43,['CWE-787'],CVE-2020-26571
OpenSC,https://github.com/OpenSC/OpenSC/commit/9d294de90d1cc66956389856e60b6944b27b4817,9d294de90d1cc66956389856e60b6944b27b4817,['CWE-787'],
spice-vd_agent,https://github.com/freedesktop/spice-vd_agent/commit/1a8b93ca6ac0b690339ab7f0afc6fc45d198d332,1a8b93ca6ac0b690339ab7f0afc6fc45d198d332,['CWE-770'],CVE-2020-25650
spice-vd_agent,https://github.com/freedesktop/spice-vd_agent/commit/9d35d8a86fb310fc1f29d428c0a96995948d2357,9d35d8a86fb310fc1f29d428c0a96995948d2357,['CWE-770'],CVE-2020-25650
spice-vd_agent,https://github.com/freedesktop/spice-vd_agent/commit/e4bfd1b632b6c14e8411dbe3565115a78cd3d256,e4bfd1b632b6c14e8411dbe3565115a78cd3d256,['CWE-200'],CVE-2020-25651
spice-vd_agent,https://github.com/freedesktop/spice-vd_agent/commit/b7db1c20c9f80154fb54392eb44add3486d3e427,b7db1c20c9f80154fb54392eb44add3486d3e427,['CWE-200'],CVE-2020-25651
spice-vd_agent,https://github.com/freedesktop/spice-vd_agent/commit/91caa9223857708475d29df1768208fed1675340,91caa9223857708475d29df1768208fed1675340,['CWE-770'],CVE-2020-25652
spice-vd_agent,https://github.com/freedesktop/spice-vd_agent/commit/812ca777469a377c84b9861d7d326bfc72563304,812ca777469a377c84b9861d7d326bfc72563304,['CWE-770'],CVE-2020-25652
spice-vd_agent,https://github.com/freedesktop/spice-vd_agent/commit/51c415df82a52e9ec033225783c77df95f387891,51c415df82a52e9ec033225783c77df95f387891,['CWE-362'],CVE-2020-25653
spice-vd_agent,https://github.com/freedesktop/spice-vd_agent/commit/5c50131797e985d0a5654c1fd7000ae945ed29a7,5c50131797e985d0a5654c1fd7000ae945ed29a7,['CWE-362'],CVE-2020-25653
libarchive,https://github.com/libarchive/libarchive/commit/4f085eea879e2be745f4d9bf57e8513ae48157f4,4f085eea879e2be745f4d9bf57e8513ae48157f4,['CWE-787'],
linux,https://github.com/torvalds/linux/commit/5b9fbeb75b6a98955f628e205ac26689bcb1383e,5b9fbeb75b6a98955f628e205ac26689bcb1383e,"['CWE-119', 'CWE-681', 'CWE-787']",
edk2,https://github.com/tianocore/edk2/commit/26442d11e620a9e81c019a24a4ff38441c64ba10,26442d11e620a9e81c019a24a4ff38441c64ba10,['CWE-476'],CVE-2019-14584
hermes,https://github.com/facebook/hermes/commit/b2021df620824627f5a8c96615edbd1eb7fdddfc,b2021df620824627f5a8c96615edbd1eb7fdddfc,"['CWE-670', 'CWE-703']",
ceph,https://github.com/ceph/ceph/commit/6c14c2fb5650426285428dfe6ca1597e5ea1d07d,6c14c2fb5650426285428dfe6ca1597e5ea1d07d,['CWE-294'],CVE-2020-25660
ceph,https://github.com/ceph/ceph/commit/1316c82aae8c51b3fe10d8a8f0a87b60db54ee16,1316c82aae8c51b3fe10d8a8f0a87b60db54ee16,['CWE-294'],CVE-2020-25660
ceph,https://github.com/ceph/ceph/commit/bafdfec8f974f1a3f7d404bcfd0a4cfad784937d,bafdfec8f974f1a3f7d404bcfd0a4cfad784937d,['CWE-294'],CVE-2020-25660
ceph,https://github.com/ceph/ceph/commit/2927fd91d41e505237cc73f9700e5c6a63e5cb4f,2927fd91d41e505237cc73f9700e5c6a63e5cb4f,['CWE-294'],CVE-2020-25660
ceph,https://github.com/ceph/ceph/commit/4c11203122d729c832a645c9e3f5092db4963840,4c11203122d729c832a645c9e3f5092db4963840,['CWE-294'],CVE-2020-25660
ceph,https://github.com/ceph/ceph/commit/bb5d3d58bfcae96d2e5f796eaa74fc0987f79e77,bb5d3d58bfcae96d2e5f796eaa74fc0987f79e77,['CWE-294'],CVE-2020-25660
ImageMagick,https://github.com/ImageMagick/ImageMagick/commit/ef59bd764f88d893f1219fee8ba696a5d3f8c1c4,ef59bd764f88d893f1219fee8ba696a5d3f8c1c4,"['CWE-399', 'CWE-369']",
fastd,https://github.com/NeoRaider/fastd/commit/737925113363b6130879729cdff9ccc46c33eaea,737925113363b6130879729cdff9ccc46c33eaea,"['CWE-617', 'CWE-119', 'CWE-284']",
linux,https://github.com/torvalds/linux/commit/e99502f76271d6bc4e374fe368c50c67a1fd3070,e99502f76271d6bc4e374fe368c50c67a1fd3070,"['CWE-400', 'CWE-703']",
linux,https://github.com/torvalds/linux/commit/073d0552ead5bfc7a3a9c01de590e924f11b5dd2,073d0552ead5bfc7a3a9c01de590e924f11b5dd2,"['CWE-362', 'CWE-476']",
ImageMagick,https://github.com/ImageMagick/ImageMagick/commit/a47e7a994766b92b10d4a87df8c1c890c8b170f3,a47e7a994766b92b10d4a87df8c1c890c8b170f3,['CWE-416'],CVE-2020-25663
ImageMagick,https://github.com/ImageMagick/ImageMagick/commit/1f450bb5ba53d275de6d1cd086c98a0b549ad393,1f450bb5ba53d275de6d1cd086c98a0b549ad393,['CWE-787'],CVE-2020-25664
ImageMagick,https://github.com/ImageMagick/ImageMagick/commit/cfd829bd3581b092e0a267b3deba46fa90b9bc88,cfd829bd3581b092e0a267b3deba46fa90b9bc88,['CWE-125'],CVE-2020-25665
ImageMagick,https://github.com/ImageMagick/ImageMagick/commit/94691f00839dbdf43edb1508af945ab19b388573,94691f00839dbdf43edb1508af945ab19b388573,['CWE-190'],CVE-2020-25666
ImageMagick,https://github.com/ImageMagick/ImageMagick/commit/986b5dff173413fa712db27eb677cdef15f0bab6,986b5dff173413fa712db27eb677cdef15f0bab6,['CWE-125'],CVE-2020-25667
ImageMagick,https://github.com/ImageMagick/ImageMagick/commit/67b871032183a29d3ca0553db6ce1ae80fddb9aa,67b871032183a29d3ca0553db6ce1ae80fddb9aa,['CWE-125'],CVE-2020-25674
ImageMagick,https://github.com/ImageMagick/ImageMagick/commit/64dc80b2e1907f7f20bf34d4df9483f938b0de71,64dc80b2e1907f7f20bf34d4df9483f938b0de71,['CWE-190'],CVE-2020-25675
ImageMagick,https://github.com/ImageMagick/ImageMagick/commit/406da3af9e09649cda152663c179902edf5ab3ac,406da3af9e09649cda152663c179902edf5ab3ac,['CWE-190'],CVE-2020-25676
ImageMagick,https://github.com/ImageMagick/ImageMagick/commit/a81ca9a1b46a96be83682af3389f0a6f3d0d389d,a81ca9a1b46a96be83682af3389f0a6f3d0d389d,['CWE-369'],CVE-2020-27750
ImageMagick,https://github.com/ImageMagick/ImageMagick/commit/f60d59cc3a7e3402d403361e0985ffa56f746a82,f60d59cc3a7e3402d403361e0985ffa56f746a82,['CWE-190'],CVE-2020-27751
linux,https://github.com/torvalds/linux/commit/77e70d351db7de07a46ac49b87a6c3c7a60fca7e,77e70d351db7de07a46ac49b87a6c3c7a60fca7e,['CWE-416'],
tmux,https://github.com/tmux/tmux/commit/a868bacb46e3c900530bed47a1c6f85b0fbe701c,a868bacb46e3c900530bed47a1c6f85b0fbe701c,['CWE-787'],
ImageMagick,https://github.com/ImageMagick/ImageMagick/commit/a9d563d3d73874312080d30dc4ba07cecad56192,a9d563d3d73874312080d30dc4ba07cecad56192,['CWE-787'],CVE-2020-27752
ImageMagick,https://github.com/ImageMagick/ImageMagick/commit/bb3acad195de95db86c7509d8072db01890470e0,bb3acad195de95db86c7509d8072db01890470e0,['CWE-401'],CVE-2020-27753
ImageMagick6,https://github.com/ImageMagick/ImageMagick6/commit/d5df600d43c8706df513a3273d09aee6f54a9233,d5df600d43c8706df513a3273d09aee6f54a9233,['CWE-190'],CVE-2020-27754
ImageMagick,https://github.com/ImageMagick/ImageMagick/commit/f28e9e56e1b56d4e1f09d2a56d70892ae295d6a4,f28e9e56e1b56d4e1f09d2a56d70892ae295d6a4,['CWE-401'],CVE-2020-27755
ImageMagick,https://github.com/ImageMagick/ImageMagick/commit/f35eca82b0c294ff9d0ccad104a881c3ae2ba913,f35eca82b0c294ff9d0ccad104a881c3ae2ba913,['CWE-369'],CVE-2020-27756
ImageMagick,https://github.com/ImageMagick/ImageMagick/commit/e88532bd4418e95b70cbc415fe911d22ab27a5fd,e88532bd4418e95b70cbc415fe911d22ab27a5fd,['CWE-190'],CVE-2020-27757
ImageMagick,https://github.com/ImageMagick/ImageMagick/commit/f0a8d407b2801174fd8923941a9e7822f7f9a506,f0a8d407b2801174fd8923941a9e7822f7f9a506,['CWE-190'],CVE-2020-27758
ImageMagick,https://github.com/ImageMagick/ImageMagick/commit/d44f8a35558951a21367d306a42e5a097f3a43fe,d44f8a35558951a21367d306a42e5a097f3a43fe,['CWE-190'],CVE-2020-27759
ImageMagick,https://github.com/ImageMagick/ImageMagick/commit/c5fcdea6a6ae27cf3db20c28b176e87b1a584e06,c5fcdea6a6ae27cf3db20c28b176e87b1a584e06,['CWE-369'],CVE-2020-27760
ImageMagick,https://github.com/ImageMagick/ImageMagick/commit/db5e12e24f1378ce8c93a5c35991dcdd23a67bb0,db5e12e24f1378ce8c93a5c35991dcdd23a67bb0,['CWE-190'],CVE-2020-27761
ImageMagick,https://github.com/ImageMagick/ImageMagick/commit/7db3fa20893d557259da6e99e111954de83d2495,7db3fa20893d557259da6e99e111954de83d2495,['CWE-190'],CVE-2020-27762
ImageMagick,https://github.com/ImageMagick/ImageMagick/commit/43539e67a47d2f8de832d33a5b26dc2a7a12294f,43539e67a47d2f8de832d33a5b26dc2a7a12294f,['CWE-369'],CVE-2020-27763
ImageMagick6,https://github.com/ImageMagick/ImageMagick6/commit/3e21bc8a58b4ae38d24c7e283837cc279f35b6a5,3e21bc8a58b4ae38d24c7e283837cc279f35b6a5,"['CWE-399', 'CWE-190']",
ImageMagick,https://github.com/ImageMagick/ImageMagick/commit/a4c89f2a61069ad7637bc7749cc1a839de442526,a4c89f2a61069ad7637bc7749cc1a839de442526,['CWE-369'],CVE-2020-27765
ImageMagick,https://github.com/ImageMagick/ImageMagick/commit/564f2a35e523e2b6cce9485018157f03ec05a947,564f2a35e523e2b6cce9485018157f03ec05a947,['CWE-190'],CVE-2020-27767
ImageMagick,https://github.com/ImageMagick/ImageMagick/commit/95d4e94e0353e503b71a53f5e6fad173c7c70c90,95d4e94e0353e503b71a53f5e6fad173c7c70c90,['CWE-190'],CVE-2020-27768
ImageMagick,https://github.com/ImageMagick/ImageMagick/commit/7b058696133c6d36e0b48a454e357482db71982e,7b058696133c6d36e0b48a454e357482db71982e,['CWE-190'],CVE-2020-27769
ImageMagick,https://github.com/ImageMagick/ImageMagick/commit/be90a5395695f0d19479a5d46b06c678be7f7927,be90a5395695f0d19479a5d46b06c678be7f7927,['CWE-190'],CVE-2020-27770
percona-xtradb-cluster,https://github.com/percona/percona-xtradb-cluster/commit/8a338477c9184dd0e03a5c661e9c3a79456de8a4,8a338477c9184dd0e03a5c661e9c3a79456de8a4,['CWE-77'],CVE-2020-15180
percona-xtradb-cluster,https://github.com/percona/percona-xtradb-cluster/commit/e9c63ff4bd34404fd3fde6802013ffeac950c0d1,e9c63ff4bd34404fd3fde6802013ffeac950c0d1,['CWE-77'],CVE-2020-15180
mysql-wsrep,https://github.com/codership/mysql-wsrep/commit/4ea4b0c6a318209ac09b15aaa906c7b4a13b988c,4ea4b0c6a318209ac09b15aaa906c7b4a13b988c,['CWE-77'],CVE-2020-15180
tcpdump,https://github.com/the-tcpdump-group/tcpdump/commit/32027e199368dad9508965aae8cd8de5b6ab5231,32027e199368dad9508965aae8cd8de5b6ab5231,"['CWE-703', 'CWE-770']",
raptor,https://github.com/dajobe/raptor/commit/590681e546cd9aa18d57dc2ea1858cb734a3863f,590681e546cd9aa18d57dc2ea1858cb734a3863f,['CWE-787'],CVE-2017-18926
lldpd,https://github.com/vincentbernat/lldpd/commit/793526f8884455f43daecd0a2c46772388417a00,793526f8884455f43daecd0a2c46772388417a00,"['CWE-617', 'CWE-703']",
lldpd,https://github.com/vincentbernat/lldpd/commit/9221b5c249f9e4843f77c7f888d5705348d179c0,9221b5c249f9e4843f77c7f888d5705348d179c0,"['CWE-617', 'CWE-703']",
lldpd,https://github.com/vincentbernat/lldpd/commit/dd4f16e7e816f2165fba76e3d162cd8d2978dcb2,dd4f16e7e816f2165fba76e3d162cd8d2978dcb2,"['CWE-120', 'CWE-787']",
libvncserver,https://github.com/LibVNC/libvncserver/commit/673c07a75ed844d74676f3ccdcfdc706a7052dba,673c07a75ed844d74676f3ccdcfdc706a7052dba,['CWE-369'],CVE-2020-25708
slurm,https://github.com/SchedMD/slurm/commit/c3142dd87e06621ff148791c3d2f298b5c0b3a81,c3142dd87e06621ff148791c3d2f298b5c0b3a81,['CWE-120'],CVE-2020-27745
slurm,https://github.com/SchedMD/slurm/commit/07309deb45c33e735e191faf9dd31cca1054a15c,07309deb45c33e735e191faf9dd31cca1054a15c,['CWE-362'],CVE-2020-27746
ImageMagick,https://github.com/ImageMagick/ImageMagick/commit/872ffe6d0131beec8b47568a4874ffaca91a872e,872ffe6d0131beec8b47568a4874ffaca91a872e,['CWE-190'],CVE-2020-27771
ImageMagick,https://github.com/ImageMagick/ImageMagick/commit/9dd1c7e1f8f6c137bfd3293be2554f59456c7b62,9dd1c7e1f8f6c137bfd3293be2554f59456c7b62,['CWE-190'],CVE-2020-27771
ImageMagick,https://github.com/ImageMagick/ImageMagick/commit/a1142af44f61c038ad3eccc099c5b9548b507846,a1142af44f61c038ad3eccc099c5b9548b507846,['CWE-190'],CVE-2020-27772
ImageMagick,https://github.com/ImageMagick/ImageMagick/commit/3d71aa8265ffaaf686021a6fbd54c037f71ee3a2,3d71aa8265ffaaf686021a6fbd54c037f71ee3a2,['CWE-369'],CVE-2020-27773
ImageMagick,https://github.com/ImageMagick/ImageMagick/commit/29cee9152d1b5487cfd19443ca48935eea0cabe2,29cee9152d1b5487cfd19443ca48935eea0cabe2,['CWE-190'],CVE-2020-27774
ImageMagick,https://github.com/ImageMagick/ImageMagick/commit/a2166bfb1049bac4c0f7b8b5d3ef86a1f48470b2,a2166bfb1049bac4c0f7b8b5d3ef86a1f48470b2,['CWE-190'],CVE-2020-27775
c-ares,https://github.com/c-ares/c-ares/commit/0d252eb3b2147179296a3bdb4ef97883c97c54d3,0d252eb3b2147179296a3bdb4ef97883c97c54d3,['CWE-400'],CVE-2020-8277
linux,https://github.com/torvalds/linux/commit/d4122754442799187d5d537a9c039a49a67e57f1,d4122754442799187d5d537a9c039a49a67e57f1,"['CWE-362', 'CWE-763']",
libvips,https://github.com/libvips/libvips/commit/2ab5aa7bf515135c2b02d42e9a72e4c98e17031a,2ab5aa7bf515135c2b02d42e9a72e4c98e17031a,"['CWE-369', 'CWE-908']",
pdfresurrect,https://github.com/enferex/pdfresurrect/commit/1b422459f07353adce2878806d5247d9e91fb397,1b422459f07353adce2878806d5247d9e91fb397,['CWE-787'],
neomutt,https://github.com/neomutt/neomutt/commit/9c36717a3e2af1f2c1b7242035455ec8112b4b06,9c36717a3e2af1f2c1b7242035455ec8112b4b06,"['CWE-522', 'CWE-287', 'CWE-755']",
mongo,https://github.com/mongodb/mongo/commit/0a076417d1d7fba3632b73349a1fd29a83e68816,0a076417d1d7fba3632b73349a1fd29a83e68816,['CWE-835'],CVE-2018-20803
mongo,https://github.com/mongodb/mongo/commit/f8f55e1825ee5c7bdb3208fc7c5b54321d172732,f8f55e1825ee5c7bdb3208fc7c5b54321d172732,['CWE-754'],CVE-2019-20924
mongo,https://github.com/mongodb/mongo/commit/35c1b1f588f04926a958ad2fe4d9c59d79f81e8b,35c1b1f588f04926a958ad2fe4d9c59d79f81e8b,['CWE-20'],CVE-2018-20804
mongo,https://github.com/mongodb/mongo/commit/94d0e046baa64d1aa1a6af97e2d19bb466cc1ff5,94d0e046baa64d1aa1a6af97e2d19bb466cc1ff5,['CWE-834'],CVE-2018-20805
mongo,https://github.com/mongodb/mongo/commit/75f7184eafa78006a698cda4c4adfb57f1290047,75f7184eafa78006a698cda4c4adfb57f1290047,['CWE-755'],CVE-2020-7926
mongo,https://github.com/mongodb/mongo/commit/c7f14b7be4a1f622fe81ef60f946a5aac17f3d0e,c7f14b7be4a1f622fe81ef60f946a5aac17f3d0e,['CWE-20'],CVE-2020-7925
mongo,https://github.com/mongodb/mongo/commit/21d8699ed6c517b45e1613e20231cd8eba894985,21d8699ed6c517b45e1613e20231cd8eba894985,['CWE-190'],CVE-2019-2392
mongo,https://github.com/mongodb/mongo/commit/d6133a3a5464fac202f512b0310dfeb200c126f9,d6133a3a5464fac202f512b0310dfeb200c126f9,['CWE-416'],CVE-2019-2393
krb5,https://github.com/krb5/krb5/commit/57415dda6cf04e73ffc3723be518eddfae599bfd,57415dda6cf04e73ffc3723be518eddfae599bfd,"['CWE-674', 'CWE-787']",
mongo,https://github.com/mongodb/mongo/commit/1411cf602a21e45a5ef42b6869c480eb420976ee,1411cf602a21e45a5ef42b6869c480eb420976ee,['CWE-697'],CVE-2019-20925
linux,https://github.com/torvalds/linux/commit/e8d5f92b8d30bb4ade76494490c3c065e12411b1,e8d5f92b8d30bb4ade76494490c3c065e12411b1,['CWE-416'],
openjpeg,https://github.com/uclouvain/openjpeg/commit/15cf3d95814dc931ca0ecb132f81cb152e051bae,15cf3d95814dc931ca0ecb132f81cb152e051bae,['CWE-122'],CVE-2020-27814
openjpeg,https://github.com/uclouvain/openjpeg/commit/eaa098b59b346cb88e4d10d505061f669d7134fc,eaa098b59b346cb88e4d10d505061f669d7134fc,['CWE-122'],CVE-2020-27814
nanopb,https://github.com/nanopb/nanopb/commit/4fe23595732b6f1254cfc11a9b8d6da900b55b0c,4fe23595732b6f1254cfc11a9b8d6da900b55b0c,"['CWE-20', 'CWE-119']",
linux,https://github.com/torvalds/linux/commit/b4e00444cab4c3f3fec876dc0cccc8cbb0d1a948,b4e00444cab4c3f3fec876dc0cccc8cbb0d1a948,"['CWE-665', 'CWE-362']",
c-blosc2,https://github.com/Blosc/c-blosc2/commit/c4c6470e88210afc95262c8b9fcc27e30ca043ee,c4c6470e88210afc95262c8b9fcc27e30ca043ee,['CWE-787'],
p11-kit,https://github.com/p11-glue/p11-kit/commit/2617f3ef888e103324a28811886b99ed0a56346d,2617f3ef888e103324a28811886b99ed0a56346d,['CWE-787'],CVE-2020-29363
p11-kit,https://github.com/p11-glue/p11-kit/commit/5307a1d21a50cacd06f471a873a018d23ba4b963,5307a1d21a50cacd06f471a873a018d23ba4b963,['CWE-190'],CVE-2020-29361
p11-kit,https://github.com/p11-glue/p11-kit/commit/bd670b1d4984b27d6a397b9ddafaf89ab26e4e7f,bd670b1d4984b27d6a397b9ddafaf89ab26e4e7f,['CWE-190'],CVE-2020-29361
jasper,https://github.com/jasper-software/jasper/commit/4cd52b5daac62b00a0a328451544807ddecf775f,4cd52b5daac62b00a0a328451544807ddecf775f,['CWE-20'],CVE-2020-27828
389-ds-base,https://github.com/389ds/389-ds-base/commit/cc0f69283abc082488824702dae485b8eae938bc,cc0f69283abc082488824702dae485b8eae938bc,"['CWE-399', 'CWE-203']",
389-ds-base,https://github.com/389ds/389-ds-base/commit/b6aae4d8e7c8a6ddd21646f94fef1bf7f22c3f32,b6aae4d8e7c8a6ddd21646f94fef1bf7f22c3f32,"['CWE-200', 'CWE-203']",
openjpeg,https://github.com/uclouvain/openjpeg/commit/b2072402b7e14d22bba6fb8cde2a1e9996e9a919,b2072402b7e14d22bba6fb8cde2a1e9996e9a919,['CWE-787'],CVE-2020-27823
ImageMagick,https://github.com/ImageMagick/ImageMagick/commit/89a1c73ee2693ded91a72d00bdf3aba410f349f1,89a1c73ee2693ded91a72d00bdf3aba410f349f1,['CWE-91'],CVE-2020-29599
ImageMagick,https://github.com/ImageMagick/ImageMagick/commit/68154c05cf40a80b6f2e2dd9fdc4428570f875f0,68154c05cf40a80b6f2e2dd9fdc4428570f875f0,['CWE-91'],CVE-2020-29599
ImageMagick,https://github.com/ImageMagick/ImageMagick/commit/a9e63436aa04c805fe3f9e2ed242dfa4621df823,a9e63436aa04c805fe3f9e2ed242dfa4621df823,['CWE-91'],CVE-2020-29599
openjpeg,https://github.com/rouault/openjpeg/commit/00383e162ae2f8fc951f5745bf1011771acb8dce,00383e162ae2f8fc951f5745bf1011771acb8dce,['CWE-122'],CVE-2020-27841
openjpeg,https://github.com/uclouvain/openjpeg/commit/73fdf28342e4594019af26eb6a347a34eceb6296,73fdf28342e4594019af26eb6a347a34eceb6296,['CWE-20'],CVE-2020-27844
openjpeg,https://github.com/uclouvain/openjpeg/commit/4edb8c83374f52cd6a8f2c7c875e8ffacccb5fa5,4edb8c83374f52cd6a8f2c7c875e8ffacccb5fa5,['CWE-20'],CVE-2020-27844
openjpeg,https://github.com/uclouvain/openjpeg/commit/8f5aff1dff510a964d3901d0fba281abec98ab63,8f5aff1dff510a964d3901d0fba281abec98ab63,['CWE-125'],CVE-2020-27845
ovs,https://github.com/openvswitch/ovs/commit/79349cbab0b2a755140eedb91833ad2760520a83,79349cbab0b2a755140eedb91833ad2760520a83,['CWE-400'],CVE-2020-35498
ovs,https://github.com/openvswitch/ovs/commit/abd7a457652e6734902720fe6a5dddb3fc0d1e3b,abd7a457652e6734902720fe6a5dddb3fc0d1e3b,['CWE-400'],CVE-2020-35498
ovs,https://github.com/openvswitch/ovs/commit/48ceca0446b1c2c2c03e7551048c5b19ed23cc97,48ceca0446b1c2c2c03e7551048c5b19ed23cc97,['CWE-400'],CVE-2020-35498
ovs,https://github.com/openvswitch/ovs/commit/35c280072c1c3ed58202745b7d27fbbd0736999b,35c280072c1c3ed58202745b7d27fbbd0736999b,['CWE-400'],CVE-2020-35498
ovs,https://github.com/openvswitch/ovs/commit/ad0d22f6435b43ecfc30c0e877d490d36721f200,ad0d22f6435b43ecfc30c0e877d490d36721f200,['CWE-400'],CVE-2020-35498
ovs,https://github.com/openvswitch/ovs/commit/354e7d860e444fd1472541b0fdc3b8678aa74828,354e7d860e444fd1472541b0fdc3b8678aa74828,['CWE-400'],CVE-2020-35498
flac,https://github.com/xiph/flac/commit/2e7931c27eb15e387da440a37f12437e35b22dd4,2e7931c27eb15e387da440a37f12437e35b22dd4,['CWE-125'],CVE-2020-0499
postsrsd,https://github.com/roehling/postsrsd/commit/4733fb11f6bec6524bb8518c5e1a699288c26bac,4733fb11f6bec6524bb8518c5e1a699288c26bac,"['CWE-400', 'CWE-703', 'CWE-834']",
kitty,https://github.com/kovidgoyal/kitty/commit/82c137878c2b99100a3cdc1c0f0efea069313901,82c137878c2b99100a3cdc1c0f0efea069313901,['CWE-787'],
src,https://github.com/openbsd/src/commit/79a034b4aed29e965f45a13409268290c9910043,79a034b4aed29e965f45a13409268290c9910043,"['CWE-772', 'CWE-401']",
src,https://github.com/openbsd/src/commit/6c3220444ed06b5796dedfd53a0f4becd903c0d1,6c3220444ed06b5796dedfd53a0f4becd903c0d1,['CWE-476'],
WavPack,https://github.com/dbry/WavPack/commit/89df160596132e3bd666322e1c20b2ebd4b92cd0,89df160596132e3bd666322e1c20b2ebd4b92cd0,['CWE-787'],CVE-2020-35738
nokogiri,https://github.com/sparklemotion/nokogiri/commit/9c87439d9afa14a365ff13e73adc809cb2c3d97b,9c87439d9afa14a365ff13e73adc809cb2c3d97b,"['CWE-611', 'CWE-703']",
linux,https://github.com/torvalds/linux/commit/5c455c5ab332773464d02ba17015acdca198f03d,5c455c5ab332773464d02ba17015acdca198f03d,"['CWE-120', 'CWE-787']",
php-src,https://github.com/php/php-src/commit/2d3d72412a6734e19a38ed10f385227a6238e4a6,2d3d72412a6734e19a38ed10f385227a6238e4a6,['CWE-20'],CVE-2020-7071
php-src,https://github.com/php/php-src/commit/4a89e726bd4d0571991dc22a9a1ad4509e8fe347,4a89e726bd4d0571991dc22a9a1ad4509e8fe347,['CWE-20'],CVE-2020-7071
php-src,https://github.com/php/php-src/commit/9c673083cd46ee2a954a62156acbe4b6e657c048,9c673083cd46ee2a954a62156acbe4b6e657c048,['CWE-20'],CVE-2020-7071
redcarpet,https://github.com/vmg/redcarpet/commit/a699c82292b17c8e6a62e1914d5eccc252272793,a699c82292b17c8e6a62e1914d5eccc252272793,"['CWE-79', 'CWE-74']",
Pillow,https://github.com/python-pillow/Pillow/commit/eb8c1206d6b170d4e798a00db7432e023853da5c,eb8c1206d6b170d4e798a00db7432e023853da5c,['CWE-787'],CVE-2020-35654
ImageMagick,https://github.com/ImageMagick/ImageMagick/commit/fbd9a963db1ae5551c45dc8af57db0abd7695774,fbd9a963db1ae5551c45dc8af57db0abd7695774,['CWE-369'],CVE-2021-20176
ImageMagick6,https://github.com/ImageMagick/ImageMagick6/commit/90255f0834eead08d59f46b0bda7b1580451cc0f,90255f0834eead08d59f46b0bda7b1580451cc0f,['CWE-369'],CVE-2021-20176
flatpak,https://github.com/flatpak/flatpak/commit/6d1773d2a54dde9b099043f07a2094a4f1c2f486,6d1773d2a54dde9b099043f07a2094a4f1c2f486,"['CWE-94', 'CWE-74']",
flatpak,https://github.com/flatpak/flatpak/commit/aeb6a7ab0abaac4a8f4ad98b3df476d9de6b8bd4,aeb6a7ab0abaac4a8f4ad98b3df476d9de6b8bd4,"['CWE-94', 'CWE-74']",
flatpak,https://github.com/flatpak/flatpak/commit/cc1401043c075268ecc652eac557ef8076b5eaba,cc1401043c075268ecc652eac557ef8076b5eaba,['CWE-74'],CVE-2021-21261
flatpak,https://github.com/flatpak/flatpak/commit/e2c4ded323161f47609d0af97d00019d04a635f1,e2c4ded323161f47609d0af97d00019d04a635f1,['CWE-74'],CVE-2021-21261
flatpak,https://github.com/flatpak/flatpak/commit/b0aea9c0533f8338ead9acb8dd2a65e6339b9a99,b0aea9c0533f8338ead9acb8dd2a65e6339b9a99,['CWE-74'],CVE-2021-21261
flatpak,https://github.com/flatpak/flatpak/commit/4108e022452303093d8b90c838695a0476cb09c7,4108e022452303093d8b90c838695a0476cb09c7,['CWE-74'],CVE-2021-21261
flatpak,https://github.com/flatpak/flatpak/commit/c4a58d5822e86f82bbf9e2e7702153a51cc6841b,c4a58d5822e86f82bbf9e2e7702153a51cc6841b,['CWE-74'],CVE-2021-21261
flatpak,https://github.com/flatpak/flatpak/commit/9a61d2c44f0a58cebcb9b2787ae88db07ca68bb0,9a61d2c44f0a58cebcb9b2787ae88db07ca68bb0,['CWE-74'],CVE-2021-21261
flatpak,https://github.com/flatpak/flatpak/commit/fb473cad801c6b61706353256cab32330557374a,fb473cad801c6b61706353256cab32330557374a,['CWE-74'],CVE-2021-21261
sudo,https://github.com/sudo-project/sudo/commit/1f8638577d0c80a4ff864a2aad80a0d95488e9a8,1f8638577d0c80a4ff864a2aad80a0d95488e9a8,['CWE-193'],CVE-2021-3156
sudo,https://github.com/sudo-project/sudo/commit/b301b46b79c6e2a76d530fa36d05992e74952ee8,b301b46b79c6e2a76d530fa36d05992e74952ee8,['CWE-193'],CVE-2021-3156
sudo,https://github.com/sudo-project/sudo/commit/c4d384082fdbc8406cf19e08d05db4cded920a55,c4d384082fdbc8406cf19e08d05db4cded920a55,['CWE-193'],CVE-2021-3156
gssproxy,https://github.com/gssapi/gssproxy/commit/cb761412e299ef907f22cd7c4146d50c8a792003,cb761412e299ef907f22cd7c4146d50c8a792003,['CWE-667'],CVE-2020-12658
jasper,https://github.com/jasper-software/jasper/commit/49174ab592cdfa6f1a929a2ee3d4b4976f9459fd,49174ab592cdfa6f1a929a2ee3d4b4976f9459fd,['CWE-125'],CVE-2021-3272
jasper,https://github.com/jasper-software/jasper/commit/41f214b121b837fa30d9ca5f2430212110f5cd9b,41f214b121b837fa30d9ca5f2430212110f5cd9b,"['CWE-476', 'CWE-125']",
lldpd,https://github.com/lldpd/lldpd/commit/a8d3c90feca548fc0656d95b5d278713db86ff61,a8d3c90feca548fc0656d95b5d278713db86ff61,['CWE-400'],CVE-2020-27827
ovs,https://github.com/openvswitch/ovs/commit/78e712c0b1dacc2f12d2a03d98f083d8672867f0,78e712c0b1dacc2f12d2a03d98f083d8672867f0,['CWE-400'],CVE-2020-27827
ImageMagick,https://github.com/ImageMagick/ImageMagick/commit/6ee5059cd3ac8d82714a1ab1321399b88539abf0,6ee5059cd3ac8d82714a1ab1321399b88539abf0,"['CWE-703', 'CWE-122']",
stunnel,https://github.com/mtrojnar/stunnel/commit/ebad9ddc4efb2635f37174c9d800d06206f1edf9,ebad9ddc4efb2635f37174c9d800d06206f1edf9,['CWE-295'],
rpm,https://github.com/rpm-software-management/rpm/commit/8f4b3c3cab8922a2022b9e47c71f1ecf906077ef,8f4b3c3cab8922a2022b9e47c71f1ecf906077ef,['CWE-125'],CVE-2021-20266
rpm,https://github.com/rpm-software-management/rpm/commit/d6a86b5e69e46cc283b1e06c92343319beb42e21,d6a86b5e69e46cc283b1e06c92343319beb42e21,"['CWE-347', 'CWE-345']",
LibRaw,https://github.com/LibRaw/LibRaw/commit/4feaed4dea636cee4fee010f615881ccf76a096d,4feaed4dea636cee4fee010f615881ccf76a096d,['CWE-787'],
ImageMagick,https://github.com/ImageMagick/ImageMagick/commit/8d25d94a363b104acd6ff23df7470aeedb806c51,8d25d94a363b104acd6ff23df7470aeedb806c51,['CWE-369'],CVE-2021-20246
ImageMagick6,https://github.com/ImageMagick/ImageMagick6/commit/a78d92dc0f468e79c3d761aae9707042952cdaca,a78d92dc0f468e79c3d761aae9707042952cdaca,['CWE-369'],CVE-2021-20245
ImageMagick,https://github.com/ImageMagick/ImageMagick/commit/329dd528ab79531d884c0ba131e97d43f872ab5d,329dd528ab79531d884c0ba131e97d43f872ab5d,['CWE-369'],CVE-2021-20244
openexr,https://github.com/AcademySoftwareFoundation/openexr/commit/74504503cff86e986bac441213c403b0ba28d58f,74504503cff86e986bac441213c403b0ba28d58f,['CWE-476'],
openexr,https://github.com/AcademySoftwareFoundation/openexr/commit/8b5370c688a7362673c3a5256d93695617a4cd9a,8b5370c688a7362673c3a5256d93695617a4cd9a,"['CWE-94', 'CWE-787']",
openexr,https://github.com/AcademySoftwareFoundation/openexr/commit/6bb36714528a9563dd3b92720c5063a1284b86f8,6bb36714528a9563dd3b92720c5063a1284b86f8,"['CWE-125', 'CWE-787']",
redis,https://github.com/redis/redis/commit/d32f2e9999ce003bad0bd2c3bca29f64dcce4433,d32f2e9999ce003bad0bd2c3bca29f64dcce4433,['CWE-190'],CVE-2021-21309
x11vnc,https://github.com/LibVNC/x11vnc/commit/69eeb9f7baa14ca03b16c9de821f9876def7a36a,69eeb9f7baa14ca03b16c9de821f9876def7a36a,"['CWE-862', 'CWE-284', 'CWE-732']",
Pillow,https://github.com/python-pillow/Pillow/commit/3fee28eb9479bf7d59e0fa08068f9cc4a6e2f04c,3fee28eb9479bf7d59e0fa08068f9cc4a6e2f04c,['CWE-787'],CVE-2021-25289
Pillow,https://github.com/python-pillow/Pillow/commit/86f02f7c70862a0954bfe8133736d352db978eaa,86f02f7c70862a0954bfe8133736d352db978eaa,['CWE-787'],CVE-2021-25290
Pillow,https://github.com/python-pillow/Pillow/commit/cbdce6c5d054fccaf4af34b47f212355c64ace7a,cbdce6c5d054fccaf4af34b47f212355c64ace7a,['CWE-125'],CVE-2021-25291
Pillow,https://github.com/python-pillow/Pillow/commit/4853e522bddbec66022c0915b9a56255d0188bf9,4853e522bddbec66022c0915b9a56255d0188bf9,['CWE-125'],CVE-2021-25293
mongo,https://github.com/mongodb/mongo/commit/722f06f3217c029ef9c50062c8cc775966fd7ead,722f06f3217c029ef9c50062c8cc775966fd7ead,['CWE-20'],CVE-2018-25004
mongo,https://github.com/mongodb/mongo/commit/d315547544d7146b93a8e6e94cc4b88cd0d19c95,d315547544d7146b93a8e6e94cc4b88cd0d19c95,['CWE-20'],CVE-2018-25004
mongo,https://github.com/mongodb/mongo/commit/5c7c6729c37514760fd34da462b6961a2e385417,5c7c6729c37514760fd34da462b6961a2e385417,['CWE-20'],CVE-2018-25004
openssh-portable,https://github.com/openssh/openssh-portable/commit/e04fd6dde16de1cdc5a4d9946397ff60d96568db,e04fd6dde16de1cdc5a4d9946397ff60d96568db,"['CWE-399', 'CWE-415']",
libjpeg-turbo,https://github.com/libjpeg-turbo/libjpeg-turbo/commit/1719d12e51641cce5c77e259516649ba5ef6303c,1719d12e51641cce5c77e259516649ba5ef6303c,['CWE-369'],CVE-2021-20205
pjproject,https://github.com/pjsip/pjproject/commit/67e46c1ac45ad784db5b9080f5ed8b133c122872,67e46c1ac45ad784db5b9080f5ed8b133c122872,"['CWE-297', 'CWE-295']",
pjproject,https://github.com/pjsip/pjproject/commit/97b3d7addbaa720b7ddb0af9bf6f3e443e664365,97b3d7addbaa720b7ddb0af9bf6f3e443e664365,"['CWE-400', 'CWE-200', 'CWE-754']",
leptonica,https://github.com/DanBloomberg/leptonica/commit/5ee24b398bb67666f6d173763eaaedd9c36fb1e5,5ee24b398bb67666f6d173763eaaedd9c36fb1e5,['CWE-125'],
openexr,https://github.com/AcademySoftwareFoundation/openexr/commit/b0c63c0b96eb9b0d3998f603e12f9f414fb0d44a,b0c63c0b96eb9b0d3998f603e12f9f414fb0d44a,['CWE-476'],CVE-2021-20296
openexr,https://github.com/AcademySoftwareFoundation/openexr/commit/c3ed4a1db1f39bf4524a644cb2af81dc8cfab33f,c3ed4a1db1f39bf4524a644cb2af81dc8cfab33f,['CWE-190'],CVE-2021-3474
openexr,https://github.com/AcademySoftwareFoundation/openexr/commit/2a18ed424a854598c2a20b5dd7e782b436a1e753,2a18ed424a854598c2a20b5dd7e782b436a1e753,['CWE-190'],CVE-2021-3475
openexr,https://github.com/AcademySoftwareFoundation/openexr/commit/eec0dba242bedd2778c973ae4af112107b33d9c9,eec0dba242bedd2778c973ae4af112107b33d9c9,['CWE-190'],CVE-2021-3476
openexr,https://github.com/AcademySoftwareFoundation/openexr/commit/d80f11f4f55100d007ae80a162bf257ec291612c,d80f11f4f55100d007ae80a162bf257ec291612c,['CWE-770'],CVE-2021-3479
openexr,https://github.com/AcademySoftwareFoundation/openexr/commit/ed560b8a932c78d5e8e5990ce36fe7808b35d9f0,ed560b8a932c78d5e8e5990ce36fe7808b35d9f0,['CWE-190'],CVE-2021-20300
openexr,https://github.com/AcademySoftwareFoundation/openexr/commit/25e9515b06a6bc293d871622b8cafaee7af84e0f,25e9515b06a6bc293d871622b8cafaee7af84e0f,['CWE-476'],CVE-2021-20299
openexr,https://github.com/AcademySoftwareFoundation/openexr/commit/85fd638ae0d5fa132434f4cbf32590261c1dba97,85fd638ae0d5fa132434f4cbf32590261c1dba97,['CWE-787'],CVE-2021-20298
openexr,https://github.com/AcademySoftwareFoundation/openexr/commit/51a92d67f53c08230734e74564c807043cbfe41e,51a92d67f53c08230734e74564c807043cbfe41e,['CWE-190'],CVE-2021-20304
openexr,https://github.com/AcademySoftwareFoundation/openexr/commit/467be80b75642efbbe6bdace558079f68c16acb1,467be80b75642efbbe6bdace558079f68c16acb1,['CWE-125'],CVE-2021-3477
openexr,https://github.com/AcademySoftwareFoundation/openexr/commit/bc88cdb6c97fbf5bc5d11ad8ca55306da931283a,bc88cdb6c97fbf5bc5d11ad8ca55306da931283a,['CWE-770'],CVE-2021-3478
leptonica,https://github.com/DanBloomberg/leptonica/commit/8d6e1755518cfb98536d6c3daf0601f226d16842,8d6e1755518cfb98536d6c3daf0601f226d16842,['CWE-125'],
leptonica,https://github.com/DanBloomberg/leptonica/commit/3c18c43b6a3f753f0dfff99610d46ad46b8bfac4,3c18c43b6a3f753f0dfff99610d46ad46b8bfac4,['CWE-125'],
leptonica,https://github.com/DanBloomberg/leptonica/commit/5ba34b1fe741d69d43a6c8cf767756997eadd87c,5ba34b1fe741d69d43a6c8cf767756997eadd87c,['CWE-125'],
jasper,https://github.com/jasper-software/jasper/commit/f94e7499a8b1471a4905c4f9c9e12e60fe88264b,f94e7499a8b1471a4905c4f9c9e12e60fe88264b,['CWE-476'],CVE-2021-3443
libtpms,https://github.com/stefanberger/libtpms/commit/32c159ab53db703749a8f90430cdc7b20b00975e,32c159ab53db703749a8f90430cdc7b20b00975e,['CWE-330'],CVE-2021-3446
varnish-modules,https://github.com/varnish/varnish-modules/commit/2c120e576ebb73bc247790184702ba58dc0afc39,2c120e576ebb73bc247790184702ba58dc0afc39,['CWE-476'],CVE-2021-28543
squid,https://github.com/squid-cache/squid/commit/dfd818595b54942cb1adc45f6aed95c9b706e3a8,dfd818595b54942cb1adc45f6aed95c9b706e3a8,['CWE-20'],CVE-2020-25097
samba,https://github.com/samba-team/samba/commit/fab6b79b7724f0b636963be528483e3e946884aa,fab6b79b7724f0b636963be528483e3e946884aa,['CWE-787'],CVE-2021-20277
curl,https://github.com/curl/curl/commit/7214288898f5625a6cc196e22a74232eada7861c,7214288898f5625a6cc196e22a74232eada7861c,['CWE-200'],CVE-2021-22876
curl,https://github.com/curl/curl/commit/b09c8ee15771c614c4bf3ddac893cdb12187c844,b09c8ee15771c614c4bf3ddac893cdb12187c844,['CWE-290'],CVE-2021-22890
jasper,https://github.com/jasper-software/jasper/commit/c4144a6fdb2660794136d1daaa80682ee40b138b,c4144a6fdb2660794136d1daaa80682ee40b138b,['CWE-476'],CVE-2021-3467
kopano-core,https://github.com/Kopano-dev/kopano-core/commit/512457466b87039c6a8d25887fdaca6173619546,512457466b87039c6a8d25887fdaca6173619546,['CWE-770'],CVE-2021-28994
redis,https://github.com/redis/redis/commit/9824fe3e392caa04dc1b4071886e9ac402dd6d95,9824fe3e392caa04dc1b4071886e9ac402dd6d95,['CWE-787'],CVE-2021-3470
mumble,https://github.com/mumble-voip/mumble/commit/e59ee87abe249f345908c7d568f6879d16bfd648,e59ee87abe249f345908c7d568f6879d16bfd648,"['CWE-59', 'CWE-61']",
ImageMagick,https://github.com/ImageMagick/ImageMagick/commit/94174beff065cb5683d09d79e992c3ebbdead311,94174beff065cb5683d09d79e992c3ebbdead311,['CWE-369'],CVE-2021-20309
ImageMagick6,https://github.com/ImageMagick/ImageMagick6/commit/f1e68d22d1b35459421710587a0dcbab6900b51f,f1e68d22d1b35459421710587a0dcbab6900b51f,['CWE-369'],CVE-2021-20309
ImageMagick,https://github.com/ImageMagick/ImageMagick/commit/75f6f5032690077cae3eaeda3c0165cc765eaeb5,75f6f5032690077cae3eaeda3c0165cc765eaeb5,['CWE-369'],CVE-2021-20310
ImageMagick,https://github.com/ImageMagick/ImageMagick/commit/70aa86f5d5d8aa605a918ed51f7574f433a18482,70aa86f5d5d8aa605a918ed51f7574f433a18482,['CWE-369'],CVE-2021-20311
linux,https://github.com/torvalds/linux/commit/4edbe1d7bcffcd6269f3b5eb63f710393ff2ec7a,4edbe1d7bcffcd6269f3b5eb63f710393ff2ec7a,['CWE-787'],
openexr,https://github.com/AcademySoftwareFoundation/openexr/commit/ae6d203892cc9311917a7f4f05354ef792b3e58e,ae6d203892cc9311917a7f4f05354ef792b3e58e,['CWE-787'],CVE-2021-23169
upx,https://github.com/upx/upx/commit/90279abdfcd235172eab99651043051188938dcc,90279abdfcd235172eab99651043051188938dcc,"['CWE-476', 'CWE-415']",
hivex,https://github.com/libguestfs/hivex/commit/8f1935733b10d974a1a4176d38dd151ed98cf381,8f1935733b10d974a1a4176d38dd151ed98cf381,['CWE-125'],CVE-2021-3504
libtpms,https://github.com/stefanberger/libtpms/commit/625171be0c8225824740b5d0fb7e8562f6a1c6a8,625171be0c8225824740b5d0fb7e8562f6a1c6a8,['CWE-331'],CVE-2021-3505
libtpms,https://github.com/stefanberger/libtpms/commit/c1f7bf55099fcd427715aa65e130475c6e836a6b,c1f7bf55099fcd427715aa65e130475c6e836a6b,['CWE-331'],CVE-2021-3505
envoy,https://github.com/envoyproxy/envoy/commit/5333b928d8bcffa26ab19bf018369a835f697585,5333b928d8bcffa26ab19bf018369a835f697585,['CWE-22'],CVE-2021-29492
pdfresurrect,https://github.com/enferex/pdfresurrect/commit/7e35d1806e111fd28610ccc86bb33f54792ac370,7e35d1806e111fd28610ccc86bb33f54792ac370,['CWE-835'],CVE-2021-3508
389-ds-base,https://github.com/389ds/389-ds-base/commit/d7eef2fcfbab2ef8aa6ee0bf60f0a9b16ede66e0,d7eef2fcfbab2ef8aa6ee0bf60f0a9b16ede66e0,['CWE-476'],CVE-2021-3514
389-ds-base,https://github.com/389ds/389-ds-base/commit/2e5b526012612d1d6ccace46398bee679a730271,2e5b526012612d1d6ccace46398bee679a730271,['CWE-476'],CVE-2021-3514
exiv2,https://github.com/Exiv2/exiv2/commit/f6ee71526eef5649a529ac6da3f2843e3b63e227,f6ee71526eef5649a529ac6da3f2843e3b63e227,['CWE-125'],CVE-2021-29470
unbound,https://github.com/NLnetLabs/unbound/commit/226298bbd36f1f0fd9608e98c2ae85988b7bbdb8,226298bbd36f1f0fd9608e98c2ae85988b7bbdb8,['CWE-190'],CVE-2019-25032
unbound,https://github.com/NLnetLabs/unbound/commit/09707fc403a7e0d7f5ef0029c597c2645ba49dd5,09707fc403a7e0d7f5ef0029c597c2645ba49dd5,['CWE-190'],CVE-2019-25033
unbound,https://github.com/NLnetLabs/unbound/commit/a3545867fcdec50307c776ce0af28d07046a52dd,a3545867fcdec50307c776ce0af28d07046a52dd,['CWE-190'],CVE-2019-25034
unbound,https://github.com/NLnetLabs/unbound/commit/fa23ee8f31ba9a018c720ea822faaee639dc7a9c,fa23ee8f31ba9a018c720ea822faaee639dc7a9c,['CWE-787'],CVE-2019-25035
unbound,https://github.com/NLnetLabs/unbound/commit/d2eb78e871153f22332d30c6647f3815148f21e5,d2eb78e871153f22332d30c6647f3815148f21e5,['CWE-617'],CVE-2019-25037
unbound,https://github.com/NLnetLabs/unbound/commit/02080f6b180232f43b77f403d0c038e9360a460f,02080f6b180232f43b77f403d0c038e9360a460f,['CWE-190'],CVE-2019-25038
unbound,https://github.com/NLnetLabs/unbound/commit/2d444a5037acff6024630b88092d9188f2f5d8fe,2d444a5037acff6024630b88092d9188f2f5d8fe,['CWE-835'],CVE-2019-25040
unbound,https://github.com/NLnetLabs/unbound/commit/6c3a0b54ed8ace93d5b5ca7b8078dc87e75cd640,6c3a0b54ed8ace93d5b5ca7b8078dc87e75cd640,['CWE-787'],CVE-2019-25042
ceph,https://github.com/ceph/ceph/commit/f44a8ae8aa27ecef69528db9aec220f12492810e,f44a8ae8aa27ecef69528db9aec220f12492810e,['CWE-617'],CVE-2021-3531
fluent-bit,https://github.com/fluent/fluent-bit/commit/cadff53c093210404aed01c4cf586adb8caa07af,cadff53c093210404aed01c4cf586adb8caa07af,['CWE-787'],
samurai,https://github.com/michaelforney/samurai/commit/d2af3bc375e2a77139c3a28d6128c60cd8d08655,d2af3bc375e2a77139c3a28d6128c60cd8d08655,"['CWE-476', 'CWE-284']",
samurai,https://github.com/michaelforney/samurai/commit/e84b6d99c85043fa1ba54851ee500540ec206918,e84b6d99c85043fa1ba54851ee500540ec206918,"['CWE-476', 'CWE-284']",
mongo,https://github.com/mongodb/mongo/commit/cd583b6c4d8aa2364f255992708b9bb54e110cf4,cd583b6c4d8aa2364f255992708b9bb54e110cf4,['CWE-732'],CVE-2021-20326
mongo,https://github.com/mongodb/mongo/commit/0c7f643a2dfe4000ac9630ed5dace0cb40ec9740,0c7f643a2dfe4000ac9630ed5dace0cb40ec9740,['CWE-732'],CVE-2021-20326
redis,https://github.com/redis/redis/commit/92e3b1802f72ca0c5b0bde97f01d9b57a758d85c,92e3b1802f72ca0c5b0bde97f01d9b57a758d85c,['CWE-190'],CVE-2021-29477
redis,https://github.com/redis/redis/commit/394614a5f91d88380f480c4610926a865b5b0f16,394614a5f91d88380f480c4610926a865b5b0f16,['CWE-190'],CVE-2021-29477
redis,https://github.com/redis/redis/commit/789f10156009b404950ad717642a9496ed887083,789f10156009b404950ad717642a9496ed887083,['CWE-190'],CVE-2021-29478
neomutt,https://github.com/neomutt/neomutt/commit/fa1db5785e5cfd9d3cd27b7571b9fe268d2ec2dc,fa1db5785e5cfd9d3cd27b7571b9fe268d2ec2dc,['CWE-125'],
Pillow,https://github.com/python-pillow/Pillow/commit/3bf5eddb89afdf690eceaa52bc4d3546ba9a5f87,3bf5eddb89afdf690eceaa52bc4d3546ba9a5f87,['CWE-125'],CVE-2021-25287
Pillow,https://github.com/python-pillow/Pillow/commit/bb6c11fb889e6c11b0ee122b828132ee763b5856,bb6c11fb889e6c11b0ee122b828132ee763b5856,['CWE-835'],CVE-2021-28676
exif,https://github.com/libexif/exif/commit/f6334d9d32437ef13dc902f0a88a2be0063d9d1c,f6334d9d32437ef13dc902f0a88a2be0063d9d1c,['CWE-476'],
cyrus-imapd,https://github.com/cyrusimap/cyrus-imapd/commit/621f9e41465b521399f691c241181300fab55995,621f9e41465b521399f691c241181300fab55995,['CWE-732'],CVE-2021-32056
squid,https://github.com/squid-cache/squid/commit/6c9c44d0e9cf7b72bb233360c5308aa063af3d69,6c9c44d0e9cf7b72bb233360c5308aa063af3d69,['CWE-20'],CVE-2021-33620
squid,https://github.com/squid-cache/squid/commit/1e05a85bd28c22c9ca5d3ac9f5e86d6269ec0a8c,1e05a85bd28c22c9ca5d3ac9f5e86d6269ec0a8c,['CWE-20'],CVE-2021-33620
radare2,https://github.com/radareorg/radare2/commit/049de62730f4954ef9a642f2eeebbca30a8eccdc,049de62730f4954ef9a642f2eeebbca30a8eccdc,['CWE-415'],CVE-2021-32613
squid,https://github.com/squid-cache/squid/commit/47a085ff06598b64817875769022b8707a0af7db,47a085ff06598b64817875769022b8707a0af7db,['CWE-401'],CVE-2021-28651
squid,https://github.com/squid-cache/squid/commit/26e65059bc06ebce508737b5cd0866478691566a,26e65059bc06ebce508737b5cd0866478691566a,['CWE-401'],CVE-2021-28652
squid,https://github.com/squid-cache/squid/commit/0003e3518dc95e4b5ab46b5140af79b22253048e,0003e3518dc95e4b5ab46b5140af79b22253048e,['CWE-401'],CVE-2021-28652
squid,https://github.com/squid-cache/squid/commit/051824924c709bd6162a378f746fb859454c674e,051824924c709bd6162a378f746fb859454c674e,"['CWE-116', 'CWE-79']",
libsolv,https://github.com/openSUSE/libsolv/commit/0077ef29eb46d2e1df2f230fc95a1d9748d49dec,0077ef29eb46d2e1df2f230fc95a1d9748d49dec,['CWE-120'],CVE-2021-3200
squid,https://github.com/squid-cache/squid/commit/7024fb734a59409889e53df2257b3fc817809fb4,7024fb734a59409889e53df2257b3fc817809fb4,['CWE-116'],CVE-2021-31806
squid,https://github.com/squid-cache/squid/commit/e7cf864f938f24eea8af0692c04d16790983c823,e7cf864f938f24eea8af0692c04d16790983c823,['CWE-116'],CVE-2021-31806
curl,https://github.com/curl/curl/commit/7f4a9a9b2a49547eae24d2e19bc5c346e9026479,7f4a9a9b2a49547eae24d2e19bc5c346e9026479,"['CWE-416', 'CWE-295']",
cracklib,https://github.com/cracklib/cracklib/commit/33d7fa4585247cd2247a1ffa032ad245836c6edb,33d7fa4585247cd2247a1ffa032ad245836c6edb,['CWE-787'],CVE-2016-6318
libyang,https://github.com/CESNET/libyang/commit/a3917d95d516e3de267d3cfa5d4d3715a90e8777,a3917d95d516e3de267d3cfa5d4d3715a90e8777,['CWE-252'],
libyang,https://github.com/CESNET/libyang/commit/298b30ea4ebee137226acf9bb38678bd82704582,298b30ea4ebee137226acf9bb38678bd82704582,['CWE-674'],CVE-2021-28903
libyang,https://github.com/CESNET/libyang/commit/59a0bff1a5a2f0a0eac07e4bf94d4aea9dd3708d,59a0bff1a5a2f0a0eac07e4bf94d4aea9dd3708d,['CWE-252'],CVE-2021-28904
libyang,https://github.com/CESNET/libyang/commit/5ce30801f9ccc372bbe9b7c98bb5324b15fb010a,5ce30801f9ccc372bbe9b7c98bb5324b15fb010a,['CWE-617'],CVE-2021-28905
libtpms,https://github.com/stefanberger/libtpms/commit/505ef841c00b4c096b1977c667cb957bec3a1d8b,505ef841c00b4c096b1977c667cb957bec3a1d8b,['CWE-787'],CVE-2021-3569
tpm2-tools,https://github.com/tpm2-software/tpm2-tools/commit/c069e4f179d5e6653a84fb236816c375dca82515,c069e4f179d5e6653a84fb236816c375dca82515,['CWE-798'],CVE-2021-3565
curl,https://github.com/curl/curl/commit/39ce47f219b09c380b81f89fe54ac586c8db6bde,39ce47f219b09c380b81f89fe54ac586c8db6bde,"['CWE-200', 'CWE-909']",
curl,https://github.com/curl/curl/commit/bbb71507b7bab52002f9b1e0880bed6a32834511,bbb71507b7bab52002f9b1e0880bed6a32834511,['CWE-668'],CVE-2021-22897
linux,https://github.com/torvalds/linux/commit/f8be156be163a052a067306417cd0ff679068c97,f8be156be163a052a067306417cd0ff679068c97,['CWE-119'],CVE-2021-22543
httpd,https://github.com/apache/httpd/commit/3b6431eb9c9dba603385f70a2131ab4a01bf0d3b,3b6431eb9c9dba603385f70a2131ab4a01bf0d3b,['CWE-787'],CVE-2020-35452
httpd,https://github.com/apache/httpd/commit/67bd9bfe6c38831e14fe7122f1d84391472498f8,67bd9bfe6c38831e14fe7122f1d84391472498f8,['CWE-476'],CVE-2021-26690
httpd,https://github.com/apache/httpd/commit/7e09dd714fc62c08c5b0319ed7b9702594faf49b,7e09dd714fc62c08c5b0319ed7b9702594faf49b,['CWE-787'],CVE-2021-26691
htmldoc,https://github.com/michaelrsweet/htmldoc/commit/369b2ea1fd0d0537ba707f20a2f047b6afd2fbdc,369b2ea1fd0d0537ba707f20a2f047b6afd2fbdc,"['CWE-476', 'CWE-415', 'CWE-787']",
htmldoc,https://github.com/michaelrsweet/htmldoc/commit/19c582fb32eac74b57e155cffbb529377a9e751a,19c582fb32eac74b57e155cffbb529377a9e751a,['CWE-476'],
httpd,https://github.com/apache/httpd/commit/f990e5ecad40b100a8a5c7c1033c46044a9cb244,f990e5ecad40b100a8a5c7c1033c46044a9cb244,['CWE-476'],CVE-2021-31618
linux,https://github.com/torvalds/linux/commit/8cae8cd89f05f6de223d63e6d15e31c8ba9cf53b,8cae8cd89f05f6de223d63e6d15e31c8ba9cf53b,"['CWE-120', 'CWE-787']",
ImageMagick,https://github.com/ImageMagick/ImageMagick/commit/43dfb1894761c4929d5d5c98dc80ba4e59a0d114,43dfb1894761c4929d5d5c98dc80ba4e59a0d114,['CWE-476'],
linux,https://github.com/torvalds/linux/commit/e2cb6b891ad2b8caa9131e3be70f45243df82a80,e2cb6b891ad2b8caa9131e3be70f45243df82a80,['CWE-362'],
openexr,https://github.com/AcademySoftwareFoundation/openexr/commit/25259a84827234a283f6f9db72978198c7a3f268,25259a84827234a283f6f9db72978198c7a3f268,['CWE-119'],CVE-2021-3605
linux,https://github.com/torvalds/linux/commit/298a58e165e447ccfaae35fe9f651f9d7e15166f,298a58e165e447ccfaae35fe9f651f9d7e15166f,['CWE-125'],
ImageMagick,https://github.com/ImageMagick/ImageMagick/commit/930ff0d1a9bc42925a7856e9ea53f5fc9f318bf3,930ff0d1a9bc42925a7856e9ea53f5fc9f318bf3,"['CWE-125', 'CWE-787']",
zziplib,https://github.com/gdraheim/zziplib/commit/ac9ae39ef419e9f0f83da1e583314d8c7cda34a6,ac9ae39ef419e9f0f83da1e583314d8c7cda34a6,['CWE-835'],CVE-2020-18442
cluster-glue,https://github.com/ClusterLabs/cluster-glue/commit/3d7b464439ee0271da76e0ee9480f3dc14005879,3d7b464439ee0271da76e0ee9480f3dc14005879,['CWE-287'],CVE-2010-2496
matio,https://github.com/tbeu/matio/commit/a47b7cd3aca70e9a0bddf8146eb4ab0cbd19c2c3,a47b7cd3aca70e9a0bddf8146eb4ab0cbd19c2c3,['CWE-401'],CVE-2019-20052
sssd,https://github.com/SSSD/sssd/commit/7ab83f97e1cbefb78ece17232185bdd2985f0bbe,7ab83f97e1cbefb78ece17232185bdd2985f0bbe,['CWE-78'],CVE-2021-3621
hivex,https://github.com/libguestfs/hivex/commit/771728218dac2fbf6997a7e53225e75a4c6b7255,771728218dac2fbf6997a7e53225e75a4c6b7255,['CWE-400'],CVE-2021-3622
postsrsd,https://github.com/roehling/postsrsd/commit/077be98d8c8a9847e4ae0c7dc09e7474cbe27db2,077be98d8c8a9847e4ae0c7dc09e7474cbe27db2,['CWE-703'],
libvirt,https://github.com/libvirt/libvirt/commit/15073504dbb624d3f6c911e85557019d3620fdb2,15073504dbb624d3f6c911e85557019d3620fdb2,['CWE-732'],
exiv2,https://github.com/Exiv2/exiv2/commit/783b3a6ff15ed6f82a8f8e6c8a6f3b84a9b04d4b,783b3a6ff15ed6f82a8f8e6c8a6f3b84a9b04d4b,"['CWE-703', 'CWE-125']",
exiv2,https://github.com/Exiv2/exiv2/commit/f9308839198aca5e68a65194f151a1de92398f54,f9308839198aca5e68a65194f151a1de92398f54,"['CWE-703', 'CWE-787']",
php-src,https://github.com/php/php-src/commit/a5538c62293fa782fcc382d0635cfc0c8b9190e3,a5538c62293fa782fcc382d0635cfc0c8b9190e3,['CWE-20'],CVE-2021-21705
php-src,https://github.com/php/php-src/commit/08da7c73726f7b86b67d6f0ff87c73c585a7834a,08da7c73726f7b86b67d6f0ff87c73c585a7834a,['CWE-787'],CVE-2021-21704
libuv,https://github.com/libuv/libuv/commit/b7466e31e4bee160d82a68fca11b1f61d46debae,b7466e31e4bee160d82a68fca11b1f61d46debae,['CWE-125'],CVE-2021-22918
selinux,https://github.com/SELinuxProject/selinux/commit/f34d3d30c8325e4847a6b696fe7a3936a8a361f3,f34d3d30c8325e4847a6b696fe7a3936a8a361f3,['CWE-416'],CVE-2021-36084
selinux,https://github.com/SELinuxProject/selinux/commit/2d35fcc7e9e976a2346b1de20e54f8663e8a6cba,2d35fcc7e9e976a2346b1de20e54f8663e8a6cba,['CWE-416'],CVE-2021-36085
selinux,https://github.com/SELinuxProject/selinux/commit/c49a8ea09501ad66e799ea41b8154b6770fec2c8,c49a8ea09501ad66e799ea41b8154b6770fec2c8,['CWE-416'],CVE-2021-36086
selinux,https://github.com/SELinuxProject/selinux/commit/340f0eb7f3673e8aacaf0a96cbfcd4d12a405521,340f0eb7f3673e8aacaf0a96cbfcd4d12a405521,['CWE-125'],CVE-2021-36087
linux,https://github.com/torvalds/linux/commit/0c18f29aae7ce3dadd26d8ee3505d07cc982df75,0c18f29aae7ce3dadd26d8ee3505d07cc982df75,"['CWE-362', 'CWE-347']",
htslib,https://github.com/samtools/htslib/commit/dcd4b7304941a8832fba2d0fc4c1e716e7a4e72c,dcd4b7304941a8832fba2d0fc4c1e716e7a4e72c,['CWE-787'],
libavif,https://github.com/AOMediaCodec/libavif/commit/0a8e7244d494ae98e9756355dfbfb6697ded2ff9,0a8e7244d494ae98e9756355dfbfb6697ded2ff9,"['CWE-703', 'CWE-787']",
cockpit,https://github.com/cockpit-project/cockpit/commit/46f6839d1af4e662648a85f3e54bba2d57f39f0e,46f6839d1af4e662648a85f3e54bba2d57f39f0e,['CWE-1021'],CVE-2021-3660
Pillow,https://github.com/python-pillow/Pillow/commit/518ee3722a99d7f7d890db82a20bd81c1c0327fb,518ee3722a99d7f7d890db82a20bd81c1c0327fb,['CWE-120'],CVE-2021-34552
Pillow,https://github.com/python-pillow/Pillow/commit/5f4504bb03f4edeeef8c2633dc5ba03a4c2a8a97,5f4504bb03f4edeeef8c2633dc5ba03a4c2a8a97,['CWE-120'],CVE-2021-34552
varnish-cache,https://github.com/varnishcache/varnish-cache/commit/d4c67d2a1a05304598895c24663c58a2e2932708,d4c67d2a1a05304598895c24663c58a2e2932708,['CWE-444'],CVE-2021-36740
389-ds-base,https://github.com/389ds/389-ds-base/commit/aeb90eb0c41fc48541d983f323c627b2e6c328c7,aeb90eb0c41fc48541d983f323c627b2e6c328c7,['CWE-284'],
krb5,https://github.com/krb5/krb5/commit/fc98f520caefff2e5ee9a0026fdf5109944b3562,fc98f520caefff2e5ee9a0026fdf5109944b3562,['CWE-476'],
gdal,https://github.com/OSGeo/gdal/commit/767e3a56144f676ca738ef8f700e0e56035bd05a,767e3a56144f676ca738ef8f700e0e56035bd05a,['CWE-787'],
gdal,https://github.com/OSGeo/gdal/commit/27b9bf644bcf1208f7d6594bdd104cc8a8bb0646,27b9bf644bcf1208f7d6594bdd104cc8a8bb0646,['CWE-787'],
ovs,https://github.com/openvswitch/ovs/commit/77cccc74deede443e8b9102299efc869a52b65b2,77cccc74deede443e8b9102299efc869a52b65b2,['CWE-416'],CVE-2021-36980
qpdf,https://github.com/qpdf/qpdf/commit/dc92574c10f3e2516ec6445b88c5d584f40df4e5,dc92574c10f3e2516ec6445b88c5d584f40df4e5,['CWE-787'],
bluez,https://github.com/bluez/bluez/commit/b497b5942a8beb8f89ca1c359c54ad67ec843055,b497b5942a8beb8f89ca1c359c54ad67ec843055,"['CWE-862', 'CWE-863']",
unicorn,https://github.com/unicorn-engine/unicorn/commit/bf1713d9e011b55ca1f502a6779fc4722b4bb077,bf1713d9e011b55ca1f502a6779fc4722b4bb077,"['CWE-295', 'CWE-787']",
open62541,https://github.com/open62541/open62541/commit/c800e2987b10bb3af6ef644b515b5d6392f8861d,c800e2987b10bb3af6ef644b515b5d6392f8861d,"['CWE-703', 'CWE-787']",
libass,https://github.com/libass/libass/commit/017137471d0043e0321e377ed8da48e45a3ec632,017137471d0043e0321e377ed8da48e45a3ec632,"['CWE-369', 'CWE-787']",
libheif,https://github.com/strukturag/libheif/commit/2710c930918609caaf0a664e9c7bc3dce05d5b58,2710c930918609caaf0a664e9c7bc3dce05d5b58,['CWE-703'],
libheif,https://github.com/strukturag/libheif/commit/f7399b62d7fbc596f1b2871578c1d2053bedf1dd,f7399b62d7fbc596f1b2871578c1d2053bedf1dd,['CWE-125'],
matio,https://github.com/tbeu/matio/commit/5fa49ef9fc4368fe3d19b5fdaa36d8fa5e7f4606,5fa49ef9fc4368fe3d19b5fdaa36d8fa5e7f4606,"['CWE-190', 'CWE-401']",
mod_auth_openidc,https://github.com/zmartzone/mod_auth_openidc/commit/375407c16c61a70b56fdbe13b0d2c8f11398e92c,375407c16c61a70b56fdbe13b0d2c8f11398e92c,['CWE-330'],
mod_auth_openidc,https://github.com/zmartzone/mod_auth_openidc/commit/55ea0a085290cd2c8cdfdd960a230cbc38ba8b56,55ea0a085290cd2c8cdfdd960a230cbc38ba8b56,['CWE-79'],
mod_auth_openidc,https://github.com/zmartzone/mod_auth_openidc/commit/00c315cb0c8ab77c67be4a2ac08a71a83ac58751,00c315cb0c8ab77c67be4a2ac08a71a83ac58751,['CWE-79'],
pjproject,https://github.com/pjsip/pjproject/commit/d5f95aa066f878b0aef6a64e60b61e8626e664cd,d5f95aa066f878b0aef6a64e60b61e8626e664cd,"['CWE-362', 'CWE-703']",
util-linux,https://github.com/karelzak/util-linux/commit/1c9143d0c1f979c3daf10e1c37b5b1e916c22a1c,1c9143d0c1f979c3daf10e1c37b5b1e916c22a1c,['CWE-190'],CVE-2021-37600
radare2,https://github.com/radareorg/radare2/commit/d7ea20fb2e1433ebece9f004d87ad8f2377af23d,d7ea20fb2e1433ebece9f004d87ad8f2377af23d,['CWE-252'],CVE-2021-3673
atomicparsley,https://github.com/wez/atomicparsley/commit/d72ccf06c98259d7261e0f3ac4fd8717778782c1,d72ccf06c98259d7261e0f3ac4fd8717778782c1,['CWE-787'],
exiv2,https://github.com/Exiv2/exiv2/commit/9b7a19f957af53304655ed1efe32253a1b11a8d0,9b7a19f957af53304655ed1efe32253a1b11a8d0,['CWE-190'],CVE-2021-31292
linux,https://github.com/torvalds/linux/commit/dd99e9f98fbf423ff6d365b37a98e8879170f17c,dd99e9f98fbf423ff6d365b37a98e8879170f17c,['CWE-703'],
linux,https://github.com/torvalds/linux/commit/60b7ed54a41b550d50caf7f2418db4a7e75b5bdc,60b7ed54a41b550d50caf7f2418db4a7e75b5bdc,['CWE-476'],
linux,https://github.com/torvalds/linux/commit/6d1c0f3d28f98ea2736128ed3e46821496dc3a8c,6d1c0f3d28f98ea2736128ed3e46821496dc3a8c,"['CWE-119', 'CWE-787']",
linux,https://github.com/torvalds/linux/commit/1cb3db1cf383a3c7dbda1aa0ce748b0958759947,1cb3db1cf383a3c7dbda1aa0ce748b0958759947,"['CWE-703', 'CWE-667']",
linux,https://github.com/torvalds/linux/commit/b5fdf5c6e6bee35837e160c00ac89327bdad031b,b5fdf5c6e6bee35837e160c00ac89327bdad031b,['CWE-416'],
linux,https://github.com/torvalds/linux/commit/d0d62baa7f505bd4c59cd169692ff07ec49dde37,d0d62baa7f505bd4c59cd169692ff07ec49dde37,"['CWE-703', 'CWE-824']",
linux,https://github.com/torvalds/linux/commit/bddc0c411a45d3718ac535a070f349be8eca8d48,bddc0c411a45d3718ac535a070f349be8eca8d48,['CWE-476'],
linux,https://github.com/torvalds/linux/commit/c364df2489b8ef2f5e3159b1dff1ff1fdb16040d,c364df2489b8ef2f5e3159b1dff1ff1fdb16040d,"['CWE-120', 'CWE-787']",
linux,https://github.com/torvalds/linux/commit/2671fa4dc0109d3fb581bc3078fdf17b5d9080f6,2671fa4dc0109d3fb581bc3078fdf17b5d9080f6,['CWE-203'],
linux,https://github.com/torvalds/linux/commit/ef299cc3fa1a9e1288665a9fdc8bff55629fd359,ef299cc3fa1a9e1288665a9fdc8bff55629fd359,"['CWE-416', 'CWE-200']",
qtbase,https://github.com/qt/qtbase/commit/6b400e3147dcfd8cc3a393ace1bd118c93762e0c,6b400e3147dcfd8cc3a393ace1bd118c93762e0c,['CWE-787'],CVE-2021-38593
linux,https://github.com/torvalds/linux/commit/427215d85e8d1476da1a86b8d67aceb485eb3631,427215d85e8d1476da1a86b8d67aceb485eb3631,['CWE-200'],
krb5,https://github.com/krb5/krb5/commit/d775c95af7606a51bf79547a94fa52ddd1cb7f49,d775c95af7606a51bf79547a94fa52ddd1cb7f49,['CWE-476'],
libtpms,https://github.com/stefanberger/libtpms/commit/ea62fd9679f8c6fc5e79471b33cfbd8227bfed72,ea62fd9679f8c6fc5e79471b33cfbd8227bfed72,['CWE-119'],CVE-2021-3746
squashfs-tools,https://github.com/plougher/squashfs-tools/commit/79b5a555058eef4e1e7ff220c344d39f8cd09646,79b5a555058eef4e1e7ff220c344d39f8cd09646,['CWE-22'],
linux,https://github.com/torvalds/linux/commit/2287a51ba822384834dafc1c798453375d1107c7,2287a51ba822384834dafc1c798453375d1107c7,"['CWE-200', 'CWE-362', 'CWE-125']",
mod_auth_openidc,https://github.com/zmartzone/mod_auth_openidc/commit/03e6bfb446f4e3f27c003d30d6a433e5dd8e2b3d,03e6bfb446f4e3f27c003d30d6a433e5dd8e2b3d,['CWE-601'],
wireshark,https://github.com/wireshark/wireshark/commit/0137c24d60934f131b25506a88c9464e4dc827de,0137c24d60934f131b25506a88c9464e4dc827de,['CWE-835'],CVE-2021-22222
wireshark,https://github.com/wireshark/wireshark/commit/0d8be1fb797b3d65f1c2c204da76af8e8de6d3cc,0d8be1fb797b3d65f1c2c204da76af8e8de6d3cc,['CWE-835'],CVE-2021-22222
vim,https://github.com/vim/vim/commit/b7081e135a16091c93f6f5f7525a5c58fb7ca9f9,b7081e135a16091c93f6f5f7525a5c58fb7ca9f9,['CWE-122'],CVE-2021-3770
libmobi,https://github.com/bfabiszewski/libmobi/commit/ab5bf0e37e540eac682a14e628853b918626e72b,ab5bf0e37e540eac682a14e628853b918626e72b,['CWE-787'],
vim,https://github.com/vim/vim/commit/65b605665997fad54ef39a93199e305af2fe4d7f,65b605665997fad54ef39a93199e305af2fe4d7f,['CWE-122'],CVE-2021-3778
vim,https://github.com/vim/vim/commit/35a9a00afcb20897d462a766793ff45534810dc3,35a9a00afcb20897d462a766793ff45534810dc3,['CWE-416'],CVE-2021-3796
squashfs-tools,https://github.com/plougher/squashfs-tools/commit/e0485802ec72996c20026da320650d8362f555bd,e0485802ec72996c20026da320650d8362f555bd,"['CWE-200', 'CWE-59', 'CWE-22']",
httpd,https://github.com/apache/httpd/commit/fa7b2a5250e54363b3a6c8ac3aaa7de4e8da9b2e,fa7b2a5250e54363b3a6c8ac3aaa7de4e8da9b2e,['CWE-476'],CVE-2021-34798
linux,https://github.com/torvalds/linux/commit/30e29a9a2bc6a4888335a6ede968b75cd329657a,30e29a9a2bc6a4888335a6ede968b75cd329657a,"['CWE-190', 'CWE-787']",
redis,https://github.com/redis/redis/commit/0215324a66af949be39b34be2d55143232c1cb71,0215324a66af949be39b34be2d55143232c1cb71,"['CWE-190', 'CWE-680']",CVE-2021-32762
redis,https://github.com/redis/redis/commit/a30d367a71b7017581cf1ca104242a3c644dec0f,a30d367a71b7017581cf1ca104242a3c644dec0f,['CWE-190'],CVE-2021-32687
redis,https://github.com/redis/redis/commit/5674b0057ff2903d43eaff802017eddf37c360f8,5674b0057ff2903d43eaff802017eddf37c360f8,['CWE-770'],CVE-2021-32675
redis,https://github.com/redis/redis/commit/6ac3c0b7abd35f37201ed2d6298ecef4ea1ae1dd,6ac3c0b7abd35f37201ed2d6298ecef4ea1ae1dd,"['CWE-703', 'CWE-125']",
redis,https://github.com/redis/redis/commit/f6a40570fa63d5afdd596c78083d754081d80ae3,f6a40570fa63d5afdd596c78083d754081d80ae3,['CWE-190'],CVE-2021-32628
redis,https://github.com/redis/redis/commit/666ed7facf4524bf6d19b11b20faa2cf93fdf591,666ed7facf4524bf6d19b11b20faa2cf93fdf591,['CWE-787'],CVE-2021-32626
redis,https://github.com/redis/redis/commit/24cc0b984d4ed5045c6ff125b0e619b6ce5ea9c6,24cc0b984d4ed5045c6ff125b0e619b6ce5ea9c6,['CWE-190'],CVE-2021-41099
heimdal,https://github.com/heimdal/heimdal/commit/04171147948d0a3636bc6374181926f0fb2ec83a,04171147948d0a3636bc6374181926f0fb2ec83a,['CWE-476'],CVE-2021-3671
puma,https://github.com/puma/puma/commit/acdc3ae571dfae0e045cf09a295280127db65c7f,acdc3ae571dfae0e045cf09a295280127db65c7f,['CWE-444'],CVE-2021-41136
vim,https://github.com/vim/vim/commit/35a319b77f897744eec1155b736e9372c9c5575f,35a319b77f897744eec1155b736e9372c9c5575f,['CWE-122'],CVE-2021-3875
libmobi,https://github.com/bfabiszewski/libmobi/commit/bec783e6212439a335ba6e8df7ab8ed610ca9a21,bec783e6212439a335ba6e8df7ab8ed610ca9a21,"['CWE-119', 'CWE-125']",CVE-2021-3881
stb,https://github.com/nothings/stb/commit/5ba0baaa269b3fd681828e0e3b3ac0f1472eaf40,5ba0baaa269b3fd681828e0e3b3ac0f1472eaf40,['CWE-787'],CVE-2021-28021
vim,https://github.com/vim/vim/commit/826bfe4bbd7594188e3d74d2539d9707b1c6a14b,826bfe4bbd7594188e3d74d2539d9707b1c6a14b,['CWE-122'],CVE-2021-3872
libmobi,https://github.com/bfabiszewski/libmobi/commit/c78e186739b50d156cb3da5d08d70294f0490853,c78e186739b50d156cb3da5d08d70294f0490853,['CWE-119'],CVE-2021-3888
php-src,https://github.com/php/php-src/commit/fadb1f8c1d08ae62b4f0a16917040fde57a3b93b,fadb1f8c1d08ae62b4f0a16917040fde57a3b93b,['CWE-787'],CVE-2021-21703
vim,https://github.com/vim/vim/commit/777e7c21b7627be80961848ac560cb0a9978ff43,777e7c21b7627be80961848ac560cb0a9978ff43,['CWE-122'],CVE-2021-3903
libmysofa,https://github.com/hoene/libmysofa/commit/890400ebd092c574707d0c132124f8ff047e20e1,890400ebd092c574707d0c132124f8ff047e20e1,['CWE-787'],CVE-2021-3756
ovs,https://github.com/openvswitch/ovs/commit/803ed12e31b0377c37d7aa8c94b3b92f2081e349,803ed12e31b0377c37d7aa8c94b3b92f2081e349,['CWE-401'],
openexr,https://github.com/AcademySoftwareFoundation/openexr/commit/5db6f7aee79e3e75e8c3780b18b28699614dd08e,5db6f7aee79e3e75e8c3780b18b28699614dd08e,['CWE-190'],CVE-2021-3933
linux,https://github.com/torvalds/linux/commit/fa40d9734a57bcbfa79a280189799f76c88f7bb0,fa40d9734a57bcbfa79a280189799f76c88f7bb0,['CWE-20'],CVE-2021-43267
vim,https://github.com/vim/vim/commit/0b5b06cb4777d1401fdf83e7d48d287662236e7e,0b5b06cb4777d1401fdf83e7d48d287662236e7e,['CWE-122'],CVE-2021-3927
vim,https://github.com/vim/vim/commit/15d9890eee53afc61eb0a03b878a19cb5672f732,15d9890eee53afc61eb0a03b878a19cb5672f732,['CWE-457'],CVE-2021-3928
ImageMagick,https://github.com/ImageMagick/ImageMagick/commit/82775af03bbb10a0a1d0e15c0156c75673b4525e,82775af03bbb10a0a1d0e15c0156c75673b4525e,['CWE-416'],CVE-2021-3962
uclibc-ng,https://github.com/wbx-github/uclibc-ng/commit/0f822af0445e5348ce7b7bd8ce1204244f31d174,0f822af0445e5348ce7b7bd8ce1204244f31d174,['CWE-79'],CVE-2021-43523
libarchive,https://github.com/libarchive/libarchive/commit/b41daecb5ccb4c8e3b2c53fd6147109fc12c3043,b41daecb5ccb4c8e3b2c53fd6147109fc12c3043,"['CWE-59', 'CWE-269']",
libarchive,https://github.com/libarchive/libarchive/commit/e2ad1a2c3064fa9eba6274b3641c4c1beed25c0b,e2ad1a2c3064fa9eba6274b3641c4c1beed25c0b,['CWE-59'],CVE-2021-31566
libarchive,https://github.com/libarchive/libarchive/commit/8a1bd5c18e896f0411a991240ce0d772bb02c840,8a1bd5c18e896f0411a991240ce0d772bb02c840,['CWE-59'],CVE-2021-31566
libarchive,https://github.com/libarchive/libarchive/commit/ede459d2ebb879f5eedb6f7abea203be0b334230,ede459d2ebb879f5eedb6f7abea203be0b334230,['CWE-59'],CVE-2021-31566
libarchive,https://github.com/libarchive/libarchive/commit/fba4f123cc456d2b2538f811bb831483bf336bad,fba4f123cc456d2b2538f811bb831483bf336bad,"['CWE-59', 'CWE-61']",
libvirt,https://github.com/libvirt/libvirt/commit/1ac703a7d0789e46833f4013a3876c2e3af18ec7,1ac703a7d0789e46833f4013a3876c2e3af18ec7,['CWE-416'],CVE-2021-3975
util-linux,https://github.com/util-linux/util-linux/commit/166e87368ae88bf31112a30e078cceae637f4cdb,166e87368ae88bf31112a30e078cceae637f4cdb,"['CWE-552', 'CWE-703']",
util-linux,https://github.com/util-linux/util-linux/commit/57202f5713afa2af20ffbb6ab5331481d0396f8d,57202f5713afa2af20ffbb6ab5331481d0396f8d,"['CWE-552', 'CWE-703']",
systemd,https://github.com/systemd/systemd/commit/5b1cf7a9be37e20133c0208005274ce4a5b5c6a1,5b1cf7a9be37e20133c0208005274ce4a5b5c6a1,['CWE-674'],
vim,https://github.com/vim/vim/commit/a062006b9de0b2947ab5fb376c6e67ef92a8cd69,a062006b9de0b2947ab5fb376c6e67ef92a8cd69,['CWE-122'],CVE-2021-3968
vim,https://github.com/vim/vim/commit/615ddd5342b50a6878a907062aa471740bd9a847,615ddd5342b50a6878a907062aa471740bd9a847,['CWE-122'],CVE-2021-3973
vim,https://github.com/vim/vim/commit/64066b9acd9f8cffdf4840f797748f938a13f2d6,64066b9acd9f8cffdf4840f797748f938a13f2d6,['CWE-416'],CVE-2021-3974
dpdk,https://github.com/DPDK/dpdk/commit/6442c329b9d2ded0f44b27d2016aaba8ba5844c5,6442c329b9d2ded0f44b27d2016aaba8ba5844c5,"['CWE-125', 'CWE-787']",
mongo,https://github.com/mongodb/mongo/commit/f3604b901d688c194de5e430c7fbab060c9dc8e0,f3604b901d688c194de5e430c7fbab060c9dc8e0,['CWE-617'],CVE-2021-32037
mongo,https://github.com/mongodb/mongo/commit/a5e2f9b0a236462a6d1ca129583c617f111367b4,a5e2f9b0a236462a6d1ca129583c617f111367b4,['CWE-617'],CVE-2021-32037
linux,https://github.com/torvalds/linux/commit/f7d8a19f9a056a05c5c509fa65af472a322abfee,f7d8a19f9a056a05c5c509fa65af472a322abfee,"['CWE-703', 'CWE-459']",
vim,https://github.com/vim/vim/commit/2de9b7c7c8791da8853a9a7ca9c467867465b655,2de9b7c7c8791da8853a9a7ca9c467867465b655,"['CWE-122', 'CWE-787']",
vim,https://github.com/vim/vim/commit/bd228fd097b41a798f90944b5d1245eddd484142,bd228fd097b41a798f90944b5d1245eddd484142,"['CWE-122', 'CWE-787']",
vim,https://github.com/vim/vim/commit/e031fe90cf2e375ce861ff5e5e281e4ad229ebb9,e031fe90cf2e375ce861ff5e5e281e4ad229ebb9,['CWE-416'],
389-ds-base,https://github.com/389ds/389-ds-base/commit/a3c298f8140d3e4fa1bd5a670f1bb965a21a9b7b,a3c298f8140d3e4fa1bd5a670f1bb965a21a9b7b,['CWE-415'],CVE-2021-4091
linux,https://github.com/torvalds/linux/commit/cbcf01128d0a92e131bd09f1688fe032480b65ca,cbcf01128d0a92e131bd09f1688fe032480b65ca,['CWE-362'],
rizin,https://github.com/rizinorg/rizin/commit/aa6917772d2f32e5a7daab25a46c72df0b5ea406,aa6917772d2f32e5a7daab25a46c72df0b5ea406,['CWE-787'],CVE-2021-43814
libvirt,https://github.com/libvirt/libvirt/commit/5c5df5310f72be4878a71ace47074c54e0d1a27d,5c5df5310f72be4878a71ace47074c54e0d1a27d,"['CWE-703', 'CWE-667']",
libvirt,https://github.com/libvirt/libvirt/commit/a7a03324d86e111f81687b5315b8f296dde84340,a7a03324d86e111f81687b5315b8f296dde84340,"['CWE-703', 'CWE-667']",
linux,https://github.com/torvalds/linux/commit/3b0462726e7ef281c35a7a4ae33e93ee2bc9975b,3b0462726e7ef281c35a7a4ae33e93ee2bc9975b,['CWE-416'],
vim,https://github.com/vim/vim/commit/605ec91e5a7330d61be313637e495fa02a6dc264,605ec91e5a7330d61be313637e495fa02a6dc264,"['CWE-122', 'CWE-787']",
mongo,https://github.com/mongodb/mongo/commit/cbec187266a9f902b3906ae8ccef2bbda0c5b27b,cbec187266a9f902b3906ae8ccef2bbda0c5b27b,['CWE-20'],CVE-2021-20330
mongo,https://github.com/mongodb/mongo/commit/865eccaf35aca29d1b71764d50227cdf853752d0,865eccaf35aca29d1b71764d50227cdf853752d0,['CWE-20'],CVE-2021-20330
pjproject,https://github.com/pjsip/pjproject/commit/15663e3f37091069b8c98a7fce680dc04bc8e865,15663e3f37091069b8c98a7fce680dc04bc8e865,['CWE-191'],CVE-2021-37706
pjproject,https://github.com/pjsip/pjproject/commit/8b621f192cae14456ee0b0ade52ce6c6f258af1e,8b621f192cae14456ee0b0ade52ce6c6f258af1e,['CWE-125'],CVE-2021-43804
vim,https://github.com/vim/vim/commit/6f98371532fcff911b462d51bc64f2ce8a6ae682,6f98371532fcff911b462d51bc64f2ce8a6ae682,"['CWE-416', 'CWE-125']",
vim,https://github.com/vim/vim/commit/9c23f9bb5fe435b28245ba8ac65aa0ca6b902c04,9c23f9bb5fe435b28245ba8ac65aa0ca6b902c04,['CWE-416'],
vim,https://github.com/vim/vim/commit/4bf1006cae7e87259ccd5219128c3dba75774441,4bf1006cae7e87259ccd5219128c3dba75774441,"['CWE-416', 'CWE-415']",
linux,https://github.com/torvalds/linux/commit/105cd17a866017b45f3c45901b394c711c97bf40,105cd17a866017b45f3c45901b394c711c97bf40,"['CWE-476', 'CWE-703']",
linux,https://github.com/torvalds/linux/commit/683412ccf61294d727ead4a73d97397396e69a6b,683412ccf61294d727ead4a73d97397396e69a6b,['CWE-459'],
vim,https://github.com/vim/vim/commit/4c13e5e6763c6eb36a343a2b8235ea227202e952,4c13e5e6763c6eb36a343a2b8235ea227202e952,['CWE-416'],
vim,https://github.com/vim/vim/commit/94f3192b03ed27474db80b4d3a409e107140738b,94f3192b03ed27474db80b4d3a409e107140738b,"['CWE-125', 'CWE-787']",
bluez,https://github.com/bluez/bluez/commit/591c546c536b42bef696d027f64aa22434f8c3f0,591c546c536b42bef696d027f64aa22434f8c3f0,"['CWE-476', 'CWE-119', 'CWE-787']",
vim,https://github.com/vim/vim/commit/9f1a39a5d1cd7989ada2d1cb32f97d84360e050f,9f1a39a5d1cd7989ada2d1cb32f97d84360e050f,['CWE-416'],
vim,https://github.com/vim/vim/commit/143367256836b0f69881dc0c65ff165ae091dbc5,143367256836b0f69881dc0c65ff165ae091dbc5,['CWE-416'],CVE-2022-0156
vim,https://github.com/vim/vim/commit/5f25c3855071bd7e26255c68bf458b1b5cf92f39,5f25c3855071bd7e26255c68bf458b1b5cf92f39,"['CWE-200', 'CWE-122']",
linux,https://github.com/torvalds/linux/commit/722d94847de29310e8aa03fcbdb41fc92c521756,722d94847de29310e8aa03fcbdb41fc92c521756,['CWE-787'],
aide,https://github.com/aide/aide/commit/175d1f2626f4500b4fc5ecb7167bba9956b174bc,175d1f2626f4500b4fc5ecb7167bba9956b174bc,['CWE-787'],CVE-2021-45417
gerbv,https://github.com/gerbv/gerbv/commit/672214abb47a802fc000125996e6e0a46c623a4e,672214abb47a802fc000125996e6e0a46c623a4e,['CWE-787'],CVE-2021-40391
pure-ftpd,https://github.com/jedisct1/pure-ftpd/commit/37ad222868e52271905b94afea4fc780d83294b4,37ad222868e52271905b94afea4fc780d83294b4,['CWE-434'],
vim,https://github.com/vim/vim/commit/de05bb25733c3319e18dca44e9b59c6ee389eb26,de05bb25733c3319e18dca44e9b59c6ee389eb26,"['CWE-200', 'CWE-122']",
ldns,https://github.com/NLnetLabs/ldns/commit/15d96206996bea969fbc918eb0a4a346f514b9f3,15d96206996bea969fbc918eb0a4a346f514b9f3,['CWE-125'],CVE-2020-19860
vim,https://github.com/vim/vim/commit/9f8c304c8a390ade133bac29963dc8e56ab14cbc,9f8c304c8a390ade133bac29963dc8e56ab14cbc,"['CWE-416', 'CWE-787']",
vim,https://github.com/vim/vim/commit/d3a117814d6acbf0dca3eff1a7626843b9b3734a,d3a117814d6acbf0dca3eff1a7626843b9b3734a,['CWE-125'],
vim,https://github.com/vim/vim/commit/57df9e8a9f9ae1aafdde9b86b10ad907627a87dc,57df9e8a9f9ae1aafdde9b86b10ad907627a87dc,"['CWE-122', 'CWE-787']",
ImageMagick,https://github.com/ImageMagick/ImageMagick/commit/e50f19fd73c792ebe912df8ab83aa51a243a3da7,e50f19fd73c792ebe912df8ab83aa51a243a3da7,['CWE-125'],CVE-2022-0284
vim,https://github.com/vim/vim/commit/fe6fb267e6ee5c5da2f41889e4e0e0ac5bf4b89d,fe6fb267e6ee5c5da2f41889e4e0e0ac5bf4b89d,"['CWE-786', 'CWE-119', 'CWE-787']",
linux,https://github.com/torvalds/linux/commit/d6d86830705f173fca6087a3e67ceaf68db80523,d6d86830705f173fca6087a3e67ceaf68db80523,"['CWE-200', 'CWE-909']",
vim,https://github.com/vim/vim/commit/85b6747abc15a7a81086db31289cf1b8b17e6cb1,85b6747abc15a7a81086db31289cf1b8b17e6cb1,"['CWE-122', 'CWE-787']",
openexr,https://github.com/AcademySoftwareFoundation/openexr/commit/7d0ef6617f5b5622276458cc5a21d8b859ca7c5b,7d0ef6617f5b5622276458cc5a21d8b859ca7c5b,['CWE-787'],CVE-2021-45942
vim,https://github.com/vim/vim/commit/8d02ce1ed75d008c34a5c9aaa51b67cbb9d33baa,8d02ce1ed75d008c34a5c9aaa51b67cbb9d33baa,"['CWE-125', 'CWE-787']",
vim,https://github.com/vim/vim/commit/06f15416bb8d5636200a10776f1752c4d6e49f31,06f15416bb8d5636200a10776f1752c4d6e49f31,"['CWE-121', 'CWE-787']",
vim,https://github.com/vim/vim/commit/37f47958b8a2a44abc60614271d9537e7f14e51a,37f47958b8a2a44abc60614271d9537e7f14e51a,['CWE-416'],
vim,https://github.com/vim/vim/commit/806d037671e133bd28a7864248763f643967973a,806d037671e133bd28a7864248763f643967973a,"['CWE-122', 'CWE-787']",
vim,https://github.com/vim/vim/commit/a4bc2dd7cccf5a4a9f78b58b6f35a45d17164323,a4bc2dd7cccf5a4a9f78b58b6f35a45d17164323,['CWE-125'],
minetest,https://github.com/minetest/minetest/commit/3693b6871eba268ecc79b3f52d00d3cefe761131,3693b6871eba268ecc79b3f52d00d3cefe761131,['CWE-276'],CVE-2022-24301
minetest,https://github.com/minetest/minetest/commit/b5956bde259faa240a81060ff4e598e25ad52dae,b5956bde259faa240a81060ff4e598e25ad52dae,['CWE-74'],CVE-2022-24300
vim,https://github.com/vim/vim/commit/dc5490e2cbc8c16022a23b449b48c1bd0083f366,dc5490e2cbc8c16022a23b449b48c1bd0083f366,"['CWE-122', 'CWE-787']",
vim,https://github.com/vim/vim/commit/652dee448618589de5528a9e9a36995803f5557a,652dee448618589de5528a9e9a36995803f5557a,"['CWE-122', 'CWE-787']",
vim,https://github.com/vim/vim/commit/9b4a80a66544f2782040b641498754bcb5b8d461,9b4a80a66544f2782040b641498754bcb5b8d461,['CWE-416'],
jhead,https://github.com/F-ZhaoYang/jhead/commit/5186ddcf9e35a7aa0ff0539489a930434a1325f4,5186ddcf9e35a7aa0ff0539489a930434a1325f4,['CWE-787'],CVE-2020-26208
pjproject,https://github.com/pjsip/pjproject/commit/22af44e68a0c7d190ac1e25075e1382f77e9397a,22af44e68a0c7d190ac1e25075e1382f77e9397a,['CWE-125'],CVE-2022-21722
pjproject,https://github.com/pjsip/pjproject/commit/077b465c33f0aec05a49cd2ca456f9a1b112e896,077b465c33f0aec05a49cd2ca456f9a1b112e896,['CWE-125'],CVE-2022-21723
radare2,https://github.com/radareorg/radare2/commit/feaa4e7f7399c51ee6f52deb84dc3f795b4035d6,feaa4e7f7399c51ee6f52deb84dc3f795b4035d6,['CWE-476'],CVE-2022-0419
linux,https://github.com/torvalds/linux/commit/24f6008564183aa120d07c03d9289519c2fe02af,24f6008564183aa120d07c03d9289519c2fe02af,"['CWE-287', 'CWE-269']",
iipsrv,https://github.com/ruven/iipsrv/commit/4ed59265fbbd636dc2fbbf325f8ea37ed300a6d9,4ed59265fbbd636dc2fbbf325f8ea37ed300a6d9,['CWE-190'],CVE-2021-46389
iipsrv,https://github.com/ruven/iipsrv/commit/882925b295a80ec992063deffc2a3b0d803c3195,882925b295a80ec992063deffc2a3b0d803c3195,['CWE-190'],CVE-2021-46389
util-linux,https://github.com/util-linux/util-linux/commit/faa5a3a83ad0cb5e2c303edbfd8cd823c9d94c17,faa5a3a83ad0cb5e2c303edbfd8cd823c9d94c17,['CWE-209'],CVE-2022-0563
arangodb,https://github.com/arangodb/arangodb/commit/d9b7f019d2435f107b19a59190bf9cc27d5f34dd,d9b7f019d2435f107b19a59190bf9cc27d5f34dd,['CWE-918'],CVE-2021-25939
arangodb,https://github.com/arangodb/arangodb/commit/d7b35a6884c6b2802d34d79fb2a79fb2c9ec2175,d7b35a6884c6b2802d34d79fb2a79fb2c9ec2175,['CWE-918'],CVE-2021-25939
haproxy,https://github.com/haproxy/haproxy/commit/bfb15ab34ead85f64cd6da0e9fb418c9cd14cee8,bfb15ab34ead85f64cd6da0e9fb418c9cd14cee8,"['CWE-703', 'CWE-835']",
vim,https://github.com/vim/vim/commit/6e28703a8e41f775f64e442c5d11ce1ff599aa3f,6e28703a8e41f775f64e442c5d11ce1ff599aa3f,['CWE-787'],
shapelib,https://github.com/OSGeo/shapelib/commit/c75b9281a5b9452d92e1682bdfe6019a13ed819f,c75b9281a5b9452d92e1682bdfe6019a13ed819f,['CWE-415'],CVE-2022-0699
radare2,https://github.com/radareorg/radare2/commit/6c4428f018d385fc80a33ecddcb37becea685dd5,6c4428f018d385fc80a33ecddcb37becea685dd5,"['CWE-119', 'CWE-788']",CVE-2022-0521
radare2,https://github.com/radareorg/radare2/commit/9650e3c352f675687bf6c6f65ff2c4a3d0e288fa,9650e3c352f675687bf6c6f65ff2c4a3d0e288fa,['CWE-787'],CVE-2022-0518
radare2,https://github.com/radareorg/radare2/commit/8525ad0b9fd596f4b251bb3d7b114e6dc7ce1ee8,8525ad0b9fd596f4b251bb3d7b114e6dc7ce1ee8,['CWE-416'],CVE-2022-0520
radare2,https://github.com/radareorg/radare2/commit/35482cb760db10f87a62569e2f8872dbd95e9269,35482cb760db10f87a62569e2f8872dbd95e9269,"['CWE-119', 'CWE-825']",CVE-2022-0523
radare2,https://github.com/radareorg/radare2/commit/b5cb90b28ec71fda3504da04e3cc94a362807f5e,b5cb90b28ec71fda3504da04e3cc94a362807f5e,['CWE-416'],CVE-2022-0559
linux,https://github.com/torvalds/linux/commit/75e5b4849b81e19e9efe1654b30d7f3151c33c2c,75e5b4849b81e19e9efe1654b30d7f3151c33c2c,['CWE-476'],CVE-2022-25258
vim,https://github.com/vim/vim/commit/34f8117dec685ace52cd9e578e2729db278163fc,34f8117dec685ace52cd9e578e2729db278163fc,"['CWE-121', 'CWE-787']",
dpdk,https://github.com/DPDK/dpdk/commit/af74f7db384ed149fe42b21dbd7975f8a54ef227,af74f7db384ed149fe42b21dbd7975f8a54ef227,['CWE-703'],
libexpat,https://github.com/libexpat/libexpat/commit/9b4ce651b26557f16103c3a366c91934ecd439ab,9b4ce651b26557f16103c3a366c91934ecd439ab,"['CWE-400', 'CWE-703']",
libexpat,https://github.com/libexpat/libexpat/commit/efcb347440ade24b9f1054671e6bd05e60b4cafd,efcb347440ade24b9f1054671e6bd05e60b4cafd,"['CWE-190', 'CWE-787']",
libexpat,https://github.com/libexpat/libexpat/commit/eb0362808b4f9f1e2345a0cf203b8cc196d776d9,eb0362808b4f9f1e2345a0cf203b8cc196d776d9,['CWE-190'],CVE-2022-25315
libexpat,https://github.com/libexpat/libexpat/commit/3f0a0cb644438d4d8e3294cd0b1245d0edb0c6c6,3f0a0cb644438d4d8e3294cd0b1245d0edb0c6c6,['CWE-116'],CVE-2022-25235
libexpat,https://github.com/libexpat/libexpat/commit/a2fe525e660badd64b6c557c2b1ec26ddc07f6e4,a2fe525e660badd64b6c557c2b1ec26ddc07f6e4,['CWE-668'],CVE-2022-25236
swtpm,https://github.com/stefanberger/swtpm/commit/9f740868fc36761de27df3935513bdebf8852d19,9f740868fc36761de27df3935513bdebf8852d19,['CWE-125'],
radare2,https://github.com/radareorg/radare2/commit/c84b7232626badd075caf3ae29661b609164bac6,c84b7232626badd075caf3ae29661b609164bac6,['CWE-787'],
vim,https://github.com/vim/vim/commit/0f6e28f686dbb59ab3b562408ab9b2234797b9b1,0f6e28f686dbb59ab3b562408ab9b2234797b9b1,['CWE-476'],CVE-2022-0696
radare2,https://github.com/radareorg/radare2/commit/515e592b9bea0612bc63d8e93239ff35bcf645c7,515e592b9bea0612bc63d8e93239ff35bcf645c7,['CWE-476'],
vim,https://github.com/vim/vim/commit/4e889f98e95ac05d7c8bd3ee933ab4d47820fdfa,4e889f98e95ac05d7c8bd3ee933ab4d47820fdfa,"['CWE-122', 'CWE-787']",
pjproject,https://github.com/pjsip/pjproject/commit/db3235953baa56d2fb0e276ca510fefca751643f,db3235953baa56d2fb0e276ca510fefca751643f,['CWE-416'],CVE-2022-23608
radare2,https://github.com/radareorg/radare2/commit/a35f89f86ed12161af09330e92e5a213014e46a1,a35f89f86ed12161af09330e92e5a213014e46a1,"['CWE-125', 'CWE-787']",
radare2,https://github.com/radareorg/radare2/commit/27fe8031782d3a06c3998eaa94354867864f9f1b,27fe8031782d3a06c3998eaa94354867864f9f1b,"['CWE-400', 'CWE-703']",
vim,https://github.com/vim/vim/commit/6456fae9ba8e72c74b2c0c499eaf09974604ff30,6456fae9ba8e72c74b2c0c499eaf09974604ff30,"['CWE-823', 'CWE-703']",
flac,https://github.com/xiph/flac/commit/e1575e4a7c5157cbf4e4a16dbd39b74f7174c7be,e1575e4a7c5157cbf4e4a16dbd39b74f7174c7be,['CWE-787'],
vim,https://github.com/vim/vim/commit/5921aeb5741fc6e84c870d68c7c35b93ad0c9f87,5921aeb5741fc6e84c870d68c7c35b93ad0c9f87,"['CWE-823', 'CWE-703']",
linux,https://github.com/torvalds/linux/commit/aa6f8dcbab473f3a3c7454b74caa46d36cdc5d13,aa6f8dcbab473f3a3c7454b74caa46d36cdc5d13,"['CWE-200', 'CWE-401']",
vim,https://github.com/vim/vim/commit/e3537aec2f8d6470010547af28dcbd83d41461b8,e3537aec2f8d6470010547af28dcbd83d41461b8,['CWE-823'],
radare2,https://github.com/radareorg/radare2/commit/634b886e84a5c568d243e744becc6b3223e089cf,634b886e84a5c568d243e744becc6b3223e089cf,"['CWE-400', 'CWE-703']",
frr,https://github.com/FRRouting/frr/commit/ac3133450de12ba86c051265fc0f1b12bc57b40c,ac3133450de12ba86c051265fc0f1b12bc57b40c,"['CWE-119', 'CWE-787']",
linux,https://github.com/torvalds/linux/commit/38ea1eac7d88072bbffb630e2b3db83ca649b826,38ea1eac7d88072bbffb630e2b3db83ca649b826,"['CWE-200', 'CWE-668']",
linux,https://github.com/torvalds/linux/commit/9d2231c5d74e13b2a0546fee6737ee4446017903,9d2231c5d74e13b2a0546fee6737ee4446017903,"['CWE-665', 'CWE-284']",
radare2,https://github.com/radareorg/radare2/commit/10517e3ff0e609697eb8cde60ec8dc999ee5ea24,10517e3ff0e609697eb8cde60ec8dc999ee5ea24,['CWE-416'],
linux,https://github.com/torvalds/linux/commit/ebe48d368e97d007bfeb76fcb065d6cfc4c96645,ebe48d368e97d007bfeb76fcb065d6cfc4c96645,['CWE-787'],CVE-2022-27666
abcm2ps,https://github.com/leesavide/abcm2ps/commit/3169ace6d63f6f517a64e8df0298f44a490c4a15,3169ace6d63f6f517a64e8df0298f44a490c4a15,"['CWE-125', 'CWE-787']",
abcm2ps,https://github.com/leesavide/abcm2ps/commit/2f56e1179cab6affeb8afa9d6c324008fe40d8e3,2f56e1179cab6affeb8afa9d6c324008fe40d8e3,"['CWE-703', 'CWE-125']",
vim,https://github.com/vim/vim/commit/5c68617d395f9d7b824f68475b24ce3e38d653a3,5c68617d395f9d7b824f68475b24ce3e38d653a3,"['CWE-122', 'CWE-787']",
linux,https://github.com/torvalds/linux/commit/4fbcc1a4cb20fe26ad0225679c536c80f1648221,4fbcc1a4cb20fe26ad0225679c536c80f1648221,['CWE-120'],CVE-2022-26490
WavPack,https://github.com/dbry/WavPack/commit/773f9d0803c6888ae7d5391878d7337f24216f4a,773f9d0803c6888ae7d5391878d7337f24216f4a,['CWE-125'],
linux,https://github.com/torvalds/linux/commit/7f14c7227f342d9932f9b918893c8814f86d2a0d,7f14c7227f342d9932f9b918893c8814f86d2a0d,"['CWE-20', 'CWE-129']",
swaylock,https://github.com/swaywm/swaylock/commit/1d1c75b6316d21933069a9d201f966d84099f6ca,1d1c75b6316d21933069a9d201f966d84099f6ca,['CWE-703'],
radare2,https://github.com/radareorg/radare2/commit/a7ce29647fcb38386d7439696375e16e093d6acb,a7ce29647fcb38386d7439696375e16e093d6acb,['CWE-416'],
pjproject,https://github.com/pjsip/pjproject/commit/560a1346f87aabe126509bb24930106dea292b00,560a1346f87aabe126509bb24930106dea292b00,"['CWE-121', 'CWE-120', 'CWE-787']",
openjpeg,https://github.com/uclouvain/openjpeg/commit/0afbdcf3e6d0d2bd2e16a0c4d513ee3cf86e460d,0afbdcf3e6d0d2bd2e16a0c4d513ee3cf86e460d,['CWE-824'],CVE-2022-1122
zlib,https://github.com/madler/zlib/commit/5c44459c3b28a9bd3283aaceab7c615f8020c531,5c44459c3b28a9bd3283aaceab7c615f8020c531,"['CWE-284', 'CWE-787']",
radare2,https://github.com/radareorg/radare2/commit/0052500c1ed5bf8263b26b9fd7773dbdc6f170c4,0052500c1ed5bf8263b26b9fd7773dbdc6f170c4,"['CWE-125', 'CWE-787']",
radare2,https://github.com/radareorg/radare2/commit/d4ce40b516ffd70cf2e9e36832d8de139117d522,d4ce40b516ffd70cf2e9e36832d8de139117d522,['CWE-787'],
linux,https://github.com/torvalds/linux/commit/817b8b9c5396d2b2d92311b46719aad5d3339dbe,817b8b9c5396d2b2d92311b46719aad5d3339dbe,"['CWE-200', 'CWE-401']",
linux,https://github.com/torvalds/linux/commit/7ec37d1cbe17d8189d9562178d8b29167fe1c31a,7ec37d1cbe17d8189d9562178d8b29167fe1c31a,['CWE-476'],
linux,https://github.com/torvalds/linux/commit/00b5f37189d24ac3ed46cb7f11742094778c46ce,00b5f37189d24ac3ed46cb7f11742094778c46ce,['CWE-476'],
linux,https://github.com/torvalds/linux/commit/b1e34d325397a33d97d845e312d7cf2a8b646b44,b1e34d325397a33d97d845e312d7cf2a8b646b44,['CWE-476'],
linux,https://github.com/torvalds/linux/commit/2a8859f373b0a86f0ece8ec8312607eacf12485d,2a8859f373b0a86f0ece8ec8312607eacf12485d,['CWE-416'],CVE-2022-1158
linux,https://github.com/torvalds/linux/commit/f122dfe4476890d60b8c679128cd2259ec96a24c,f122dfe4476890d60b8c679128cd2259ec96a24c,['CWE-416'],CVE-2022-1158
linux,https://github.com/torvalds/linux/commit/04c2a47ffb13c29778e2a14e414ad4cb5a5db4b5,04c2a47ffb13c29778e2a14e414ad4cb5a5db4b5,['CWE-416'],
vim,https://github.com/vim/vim/commit/2bdad6126778f907c0b98002bfebf0e611a3f5db,2bdad6126778f907c0b98002bfebf0e611a3f5db,['CWE-122'],CVE-2022-1160
linux,https://github.com/torvalds/linux/commit/efe4186e6a1b54bf38b9e05450d43b0da1fd7739,efe4186e6a1b54bf38b9e05450d43b0da1fd7739,"['CWE-416', 'CWE-703']",
linux,https://github.com/torvalds/linux/commit/4e0f718daf97d47cf7dec122da1be970f145c809,4e0f718daf97d47cf7dec122da1be970f145c809,['CWE-476'],CVE-2022-1199
linux,https://github.com/torvalds/linux/commit/71171ac8eb34ce7fe6b3267dce27c313ab3cb3ac,71171ac8eb34ce7fe6b3267dce27c313ab3cb3ac,['CWE-476'],CVE-2022-1199
linux,https://github.com/torvalds/linux/commit/7ec02f5ac8a5be5a3f20611731243dc5e1d9ba10,7ec02f5ac8a5be5a3f20611731243dc5e1d9ba10,['CWE-476'],CVE-2022-1199
linux,https://github.com/torvalds/linux/commit/fc6d01ff9ef03b66d4a3a23b46fc3c3d8cf92009,fc6d01ff9ef03b66d4a3a23b46fc3c3d8cf92009,['CWE-476'],CVE-2022-1205
linux,https://github.com/torvalds/linux/commit/82e31755e55fbcea6a9dfaae5fe4860ade17cbc0,82e31755e55fbcea6a9dfaae5fe4860ade17cbc0,['CWE-476'],CVE-2022-1205
linux,https://github.com/torvalds/linux/commit/d01ffb9eee4af165d83b08dd73ebdf9fe94a519b,d01ffb9eee4af165d83b08dd73ebdf9fe94a519b,['CWE-416'],CVE-2022-1204
linux,https://github.com/torvalds/linux/commit/87563a043cef044fed5db7967a75741cc16ad2b1,87563a043cef044fed5db7967a75741cc16ad2b1,['CWE-416'],CVE-2022-1204
linux,https://github.com/torvalds/linux/commit/feef318c855a361a1eccd880f33e88c460eb63b4,feef318c855a361a1eccd880f33e88c460eb63b4,['CWE-416'],CVE-2022-1204
linux,https://github.com/torvalds/linux/commit/9fd75b66b8f68498454d685dc4ba13192ae069b0,9fd75b66b8f68498454d685dc4ba13192ae069b0,['CWE-416'],CVE-2022-1204
linux,https://github.com/torvalds/linux/commit/5352a761308397a0e6250fdc629bb3f615b94747,5352a761308397a0e6250fdc629bb3f615b94747,['CWE-416'],CVE-2022-1204
libarchive,https://github.com/libarchive/libarchive/commit/cfaa28168a07ea4a53276b63068f94fce37d6aff,cfaa28168a07ea4a53276b63068f94fce37d6aff,"['CWE-703', 'CWE-125']",
linux,https://github.com/torvalds/linux/commit/5593473a1e6c743764b08e3b6071cb43b5cfa6c4,5593473a1e6c743764b08e3b6071cb43b5cfa6c4,['CWE-476'],
vim,https://github.com/vim/vim/commit/b55986c52d4cd88a22d0b0b0e8a79547ba13e1d5,b55986c52d4cd88a22d0b0b0e8a79547ba13e1d5,['CWE-416'],CVE-2022-1154
linux,https://github.com/torvalds/linux/commit/c70222752228a62135cee3409dccefd494a24646,c70222752228a62135cee3409dccefd494a24646,['CWE-415'],
linux,https://github.com/torvalds/linux/commit/04c9b00ba83594a29813d6b1fb8fdc93a3915174,04c9b00ba83594a29813d6b1fb8fdc93a3915174,['CWE-415'],
linux,https://github.com/torvalds/linux/commit/3d3925ff6433f98992685a9679613a2cc97f3ce2,3d3925ff6433f98992685a9679613a2cc97f3ce2,['CWE-415'],
lua,https://github.com/lua/lua/commit/1f3c6f4534c6411313361697d98d1145a1f030fa,1f3c6f4534c6411313361697d98d1145a1f030fa,['CWE-125'],CVE-2022-28805
radare2,https://github.com/radareorg/radare2/commit/18d1d064bf599a255d55f09fca3104776fc34a67,18d1d064bf599a255d55f09fca3104776fc34a67,['CWE-476'],
linux,https://github.com/torvalds/linux/commit/cc16eecae687912238ee6efbff71ad31e2bc414e,cc16eecae687912238ee6efbff71ad31e2bc414e,['CWE-416'],
radare2,https://github.com/radareorg/radare2/commit/ca8d8b39f3e34a4fd943270330b80f1148129de4,ca8d8b39f3e34a4fd943270330b80f1148129de4,['CWE-787'],
radare2,https://github.com/radareorg/radare2/commit/2d782cdaa2112c10b8dd5e7a93c134b2ada9c1a6,2d782cdaa2112c10b8dd5e7a93c134b2ada9c1a6,"['CWE-20', 'CWE-129']",
radare2,https://github.com/radareorg/radare2/commit/c40a4f9862104ede15d0ba05ccbf805923070778,c40a4f9862104ede15d0ba05ccbf805923070778,"['CWE-805', 'CWE-787']",
radare2,https://github.com/radareorg/radare2/commit/2b77b277d67ce061ee6ef839e7139ebc2103c1e3,2b77b277d67ce061ee6ef839e7139ebc2103c1e3,"['CWE-703', 'CWE-122']",
radare2,https://github.com/radareorg/radare2/commit/605785b65dd356d46d4487faa41dbf90943b8bc1,605785b65dd356d46d4487faa41dbf90943b8bc1,['CWE-125'],
radare2,https://github.com/radareorg/radare2/commit/153bcdc29f11cd8c90e7d639a7405450f644ddb6,153bcdc29f11cd8c90e7d639a7405450f644ddb6,['CWE-125'],
radare2,https://github.com/radareorg/radare2/commit/0a557045476a2969c7079aec9eeb29d02f2809c6,0a557045476a2969c7079aec9eeb29d02f2809c6,['CWE-125'],
linux,https://github.com/torvalds/linux/commit/764f4eb6846f5475f1244767d24d25dd86528a4a,764f4eb6846f5475f1244767d24d25dd86528a4a,['CWE-703'],
cimg,https://github.com/dtschump/cimg/commit/619cb58dd90b4e03ac68286c70ed98acbefd1c90,619cb58dd90b4e03ac68286c70ed98acbefd1c90,['CWE-770'],CVE-2022-1325
bwm-ng,https://github.com/vgropp/bwm-ng/commit/9774f23bf78a6e6d3ae4cfe3d73bad34f2fdcd17,9774f23bf78a6e6d3ae4cfe3d73bad34f2fdcd17,['CWE-476'],
logrotate,https://github.com/logrotate/logrotate/commit/f46d0bdfc9c53515c13880c501f4d2e1e7dd8b25,f46d0bdfc9c53515c13880c501f4d2e1e7dd8b25,['CWE-732'],CVE-2022-1348
logrotate,https://github.com/logrotate/logrotate/commit/1f76a381e2caa0603ae3dbc51ed0f1aa0d6658b9,1f76a381e2caa0603ae3dbc51ed0f1aa0d6658b9,['CWE-732'],CVE-2022-1348
logrotate,https://github.com/logrotate/logrotate/commit/addbd293242b0b78aa54f054e6c1d249451f137d,addbd293242b0b78aa54f054e6c1d249451f137d,['CWE-732'],
linux,https://github.com/torvalds/linux/commit/8700af2cc18c919b2a83e74e0479038fd113c15d,8700af2cc18c919b2a83e74e0479038fd113c15d,['CWE-415'],
vim,https://github.com/vim/vim/commit/f50808ed135ab973296bca515ae4029b321afe47,f50808ed135ab973296bca515ae4029b321afe47,['CWE-122'],CVE-2022-1381
radare2,https://github.com/radareorg/radare2/commit/48f0ea79f99174fb0a62cb2354e13496ce5b7c44,48f0ea79f99174fb0a62cb2354e13496ce5b7c44,['CWE-476'],
radare2,https://github.com/radareorg/radare2/commit/1dd65336f0f0c351d6ea853efcf73cf9c0030862,1dd65336f0f0c351d6ea853efcf73cf9c0030862,['CWE-787'],
vim,https://github.com/vim/vim/commit/8b91e71441069b1dde9ac9ff9d9a829b1b4aecca,8b91e71441069b1dde9ac9ff9d9a829b1b4aecca,['CWE-823'],
radare2,https://github.com/radareorg/radare2/commit/669a404b6d98d5db409a5ebadae4e94b34ef5136,669a404b6d98d5db409a5ebadae4e94b34ef5136,['CWE-787'],
pcre2,https://github.com/PCRE2Project/pcre2/commit/50a51cb7e67268e6ad417eb07c9de9bfea5cc55a,50a51cb7e67268e6ad417eb07c9de9bfea5cc55a,['CWE-125'],
pcre2,https://github.com/PCRE2Project/pcre2/commit/03654e751e7f0700693526b67dfcadda6b42c9d0,03654e751e7f0700693526b67dfcadda6b42c9d0,"['CWE-703', 'CWE-125']",
linux,https://github.com/torvalds/linux/commit/e677edbcabee849bfdd43f1602bccbecf736a646,e677edbcabee849bfdd43f1602bccbecf736a646,['CWE-416'],
radare2,https://github.com/radareorg/radare2/commit/0927ed3ae99444e7b47b84e43118deb10fe37529,0927ed3ae99444e7b47b84e43118deb10fe37529,['CWE-125'],
radare2,https://github.com/radareorg/radare2/commit/ecc44b6a2f18ee70ac133365de0e509d26d5e168,ecc44b6a2f18ee70ac133365de0e509d26d5e168,['CWE-125'],
matio,https://github.com/tbeu/matio/commit/b53b62b756920f4c1509f4ee06427f66c3b5c9c4,b53b62b756920f4c1509f4ee06427f66c3b5c9c4,"['CWE-200', 'CWE-401']",
chafa,https://github.com/hpjansson/chafa/commit/e4b777c7b7c144cd16a0ea96108267b1004fe6c9,e4b777c7b7c144cd16a0ea96108267b1004fe6c9,['CWE-476'],
libmobi,https://github.com/bfabiszewski/libmobi/commit/eafc415bc6067e72577f70d6dd5acbf057ce6e6f,eafc415bc6067e72577f70d6dd5acbf057ce6e6f,"['CWE-125', 'CWE-787']",
libmobi,https://github.com/bfabiszewski/libmobi/commit/fb1ab50e448ddbed746fd27ae07469bc506d838b,fb1ab50e448ddbed746fd27ae07469bc506d838b,"['CWE-703', 'CWE-125']",
linux,https://github.com/torvalds/linux/commit/233087ca063686964a53c829d547c7571e3f67bf,233087ca063686964a53c829d547c7571e3f67bf,['CWE-416'],
libxmljs,https://github.com/libxmljs/libxmljs/commit/2501807bde9b38cfaed06d1e140487516d91379d,2501807bde9b38cfaed06d1e140487516d91379d,['CWE-400'],CVE-2022-21144
linux,https://github.com/torvalds/linux/commit/32452a3eb8b64e01e2be717f518c0be046975b9d,32452a3eb8b64e01e2be717f518c0be046975b9d,"['CWE-909', 'CWE-94']",
qcad,https://github.com/qcad/qcad/commit/1eeffc5daf5a06cf6213ffc19e95923cdebb2eb8,1eeffc5daf5a06cf6213ffc19e95923cdebb2eb8,['CWE-191'],CVE-2021-21897
cifs-utils,https://github.com/piastry/cifs-utils/commit/8acc963a2e7e9d63fe1f2e7f73f5a03f83d9c379,8acc963a2e7e9d63fe1f2e7f73f5a03f83d9c379,"['CWE-200', 'CWE-668']",
SDL_ttf,https://github.com/libsdl-org/SDL_ttf/commit/db1b41ab8bde6723c24b866e466cad78c2fa0448,db1b41ab8bde6723c24b866e466cad78c2fa0448,"['CWE-190', 'CWE-787']",
squirrel,https://github.com/albertodemichelis/squirrel/commit/a6413aa690e0bdfef648c68693349a7b878fe60d,a6413aa690e0bdfef648c68693349a7b878fe60d,"['CWE-703', 'CWE-787']",
ecdsautils,https://github.com/freifunk-gluon/ecdsautils/commit/1d4b091abdf15ad7b2312535b5b95ad70f6dbd08,1d4b091abdf15ad7b2312535b5b95ad70f6dbd08,['CWE-347'],
vim,https://github.com/vim/vim/commit/d88934406c5375d88f8f1b65331c9f0cab68cc6c,d88934406c5375d88f8f1b65331c9f0cab68cc6c,['CWE-416'],
vim,https://github.com/vim/vim/commit/ef02f16609ff0a26ffc6e20263523424980898fe,ef02f16609ff0a26ffc6e20263523424980898fe,"['CWE-122', 'CWE-787']",
vim,https://github.com/vim/vim/commit/8e4b76da1d7e987d43ca960dfbc372d1c617466f,8e4b76da1d7e987d43ca960dfbc372d1c617466f,['CWE-476'],
ImageMagick6,https://github.com/ImageMagick/ImageMagick6/commit/e6ea5876e0228165ee3abc6e959aa174cee06680,e6ea5876e0228165ee3abc6e959aa174cee06680,"['CWE-120', 'CWE-787']",
ImageMagick,https://github.com/ImageMagick/ImageMagick/commit/ca3654ebf7a439dc736f56f083c9aa98e4464b7f,ca3654ebf7a439dc736f56f083c9aa98e4464b7f,"['CWE-120', 'CWE-787']",
admesh,https://github.com/admesh/admesh/commit/e84d8353f1347e1f26f0a95770d92ba14e6ede38,e84d8353f1347e1f26f0a95770d92ba14e6ede38,['CWE-125'],CVE-2018-25033
radare2,https://github.com/radareorg/radare2/commit/a5aafb99c3965259c84ddcf45a91144bf7eb4cf1,a5aafb99c3965259c84ddcf45a91144bf7eb4cf1,"['CWE-476', 'CWE-787']",
vim,https://github.com/vim/vim/commit/7c824682d2028432ee082703ef0ab399867a089b,7c824682d2028432ee082703ef0ab399867a089b,['CWE-787'],
vim,https://github.com/vim/vim/commit/53a70289c2712808e6d4e88927e03cac01b470dd,53a70289c2712808e6d4e88927e03cac01b470dd,"['CWE-126', 'CWE-787']",
linux,https://github.com/torvalds/linux/commit/da5c0f119203ad9728920456a0f52a6d850c01cd,da5c0f119203ad9728920456a0f52a6d850c01cd,['CWE-416'],CVE-2022-1974
linux,https://github.com/torvalds/linux/commit/cefa91b2332d7009bc0be5d951d6cbbf349f90f8,cefa91b2332d7009bc0be5d951d6cbbf349f90f8,"['CWE-362', 'CWE-787']",
linux,https://github.com/torvalds/linux/commit/ee1fee900537b5d9560e9f937402de5ddc8412f3,ee1fee900537b5d9560e9f937402de5ddc8412f3,"['CWE-276', 'CWE-703', 'CWE-863']",
vim,https://github.com/vim/vim/commit/a59f2dfd0cf9ee1a584d3de5b7c2d47648e79060,a59f2dfd0cf9ee1a584d3de5b7c2d47648e79060,['CWE-476'],CVE-2022-1674
radare2,https://github.com/radareorg/radare2/commit/3ecdbf8e21186a9c5a4d3cfa3b1e9fd27045340e,3ecdbf8e21186a9c5a4d3cfa3b1e9fd27045340e,['CWE-787'],
linux,https://github.com/torvalds/linux/commit/d270453a0d9ec10bb8a802a142fb1b3601a83098,d270453a0d9ec10bb8a802a142fb1b3601a83098,['CWE-416'],CVE-2022-1734
vim,https://github.com/vim/vim/commit/4748c4bd64610cf943a431d215bb1aad51f8d0b4,4748c4bd64610cf943a431d215bb1aad51f8d0b4,"['CWE-126', 'CWE-703']",
vim,https://github.com/vim/vim/commit/60ae0e71490c97f2871a6344aca61cacf220f813,60ae0e71490c97f2871a6344aca61cacf220f813,['CWE-787'],
vim,https://github.com/vim/vim/commit/7ce5b2b590256ce53d6af28c1d203fb3bc1d2d97,7ce5b2b590256ce53d6af28c1d203fb3bc1d2d97,['CWE-120'],CVE-2022-1735
vim,https://github.com/vim/vim/commit/51f0bfb88a3554ca2dde777d78a59880d1ee37a8,51f0bfb88a3554ca2dde777d78a59880d1ee37a8,"['CWE-674', 'CWE-787']",
vim,https://github.com/vim/vim/commit/e2bd8600b873d2cd1f9d667c28cba8b1dba18839,e2bd8600b873d2cd1f9d667c28cba8b1dba18839,['CWE-787'],CVE-2022-1785
vim,https://github.com/vim/vim/commit/28d032cc688ccfda18c5bbcab8b50aba6e18cde5,28d032cc688ccfda18c5bbcab8b50aba6e18cde5,['CWE-416'],
radare2,https://github.com/radareorg/radare2/commit/919e3ac1a13f753c73e7a8e8d8bb4a143218732d,919e3ac1a13f753c73e7a8e8d8bb4a143218732d,"['CWE-284', 'CWE-824']",
linux,https://github.com/torvalds/linux/commit/fee060cd52d69c114b62d1a2948ea9648b5131f9,fee060cd52d69c114b62d1a2948ea9648b5131f9,['CWE-476'],CVE-2022-1852
linux,https://github.com/torvalds/linux/commit/9f46c187e2e680ecd9de7983e4d081c3391acc76,9f46c187e2e680ecd9de7983e4d081c3391acc76,['CWE-476'],CVE-2022-1789
vim,https://github.com/vim/vim/commit/78d52883e10d71f23ab72a3d8b9733b00da8c9ad,78d52883e10d71f23ab72a3d8b9733b00da8c9ad,['CWE-125'],
vim,https://github.com/vim/vim/commit/e2fa213cf571041dbd04ab0329303ffdc980678a,e2fa213cf571041dbd04ab0329303ffdc980678a,['CWE-416'],
vim,https://github.com/vim/vim/commit/338f1fc0ee3ca929387448fe464579d6113fa76a,338f1fc0ee3ca929387448fe464579d6113fa76a,['CWE-787'],
vim,https://github.com/vim/vim/commit/4d97a565ae8be0d4debba04ebd2ac3e75a0c8010,4d97a565ae8be0d4debba04ebd2ac3e75a0c8010,"['CWE-126', 'CWE-703']",
liblouis,https://github.com/liblouis/liblouis/commit/2e4772befb2b1c37cb4b9d6572945115ee28630a,2e4772befb2b1c37cb4b9d6572945115ee28630a,['CWE-787'],
unicorn,https://github.com/unicorn-engine/unicorn/commit/3d3deac5e6d38602b689c4fef5dac004f07a2e63,3d3deac5e6d38602b689c4fef5dac004f07a2e63,['CWE-476'],
libmobi,https://github.com/bfabiszewski/libmobi/commit/612562bc1ea38f1708b044e7a079c47a05b1291d,612562bc1ea38f1708b044e7a079c47a05b1291d,['CWE-125'],CVE-2022-1987
libmobi,https://github.com/bfabiszewski/libmobi/commit/ce0ab6586069791b1e8e2a42f44318e581c39939,ce0ab6586069791b1e8e2a42f44318e581c39939,['CWE-476'],
firejail,https://github.com/netblue30/firejail/commit/27cde3d7d1e4e16d4190932347c7151dc2a84c50,27cde3d7d1e4e16d4190932347c7151dc2a84c50,"['CWE-269', 'CWE-94']",
firejail,https://github.com/netblue30/firejail/commit/dab835e7a0eb287822016f5ae4e87f46e1d363e7,dab835e7a0eb287822016f5ae4e87f46e1d363e7,"['CWE-269', 'CWE-94']",
firejail,https://github.com/netblue30/firejail/commit/1884ea22a90d225950d81c804f1771b42ae55f54,1884ea22a90d225950d81c804f1771b42ae55f54,"['CWE-269', 'CWE-94']",
vim,https://github.com/vim/vim/commit/44a3f3353e0407e9fffee138125a6927d1c9e7e5,44a3f3353e0407e9fffee138125a6927d1c9e7e5,['CWE-787'],
linux,https://github.com/torvalds/linux/commit/8e1278444446fc97778a5e5c99bca1ce0bbc5ec9,8e1278444446fc97778a5e5c99bca1ce0bbc5ec9,"['CWE-284', 'CWE-120']",
vim,https://github.com/vim/vim/commit/2813f38e021c6e6581c0c88fcf107e41788bc835,2813f38e021c6e6581c0c88fcf107e41788bc835,['CWE-416'],
php-src,https://github.com/php/php-src/commit/58006537fc5f133ae8549efe5118cde418b3ace9,58006537fc5f133ae8549efe5118cde418b3ace9,['CWE-120'],CVE-2022-31626
chafa,https://github.com/hpjansson/chafa/commit/e6ce3746cdcf0836b9dae659a5aed15d73a080d8,e6ce3746cdcf0836b9dae659a5aed15d73a080d8,"['CWE-125', 'CWE-787']",
vim,https://github.com/vim/vim/commit/2f074f4685897ab7212e25931eeeb0212292829f,2f074f4685897ab7212e25931eeeb0212292829f,"['CWE-126', 'CWE-125', 'CWE-787']",
vim,https://github.com/vim/vim/commit/d6211a52ab9f53b82f884561ed43d2fe4d24ff7d,d6211a52ab9f53b82f884561ed43d2fe4d24ff7d,['CWE-787'],
vim,https://github.com/vim/vim/commit/0e8e938d497260dd57be67b4966cb27a5f72376f,0e8e938d497260dd57be67b4966cb27a5f72376f,"['CWE-122', 'CWE-787']",
vim,https://github.com/vim/vim/commit/156d3911952d73b03d7420dc3540215247db0fe8,156d3911952d73b03d7420dc3540215247db0fe8,"['CWE-125', 'CWE-787']",
vim,https://github.com/vim/vim/commit/395bd1f6d3edc9f7edb5d1f2d7deaf5a9e3ab93c,395bd1f6d3edc9f7edb5d1f2d7deaf5a9e3ab93c,"['CWE-126', 'CWE-787']",
libjpeg-turbo,https://github.com/libjpeg-turbo/libjpeg-turbo/commit/f35fd27ec641c42d6b115bfa595e483ec58188d2,f35fd27ec641c42d6b115bfa595e483ec58188d2,"['CWE-200', 'CWE-787']",
squid,https://github.com/squid-cache/squid/commit/780c4ea1b4c9d2fb41f6962aa6ed73ae57f74b2b,780c4ea1b4c9d2fb41f6962aa6ed73ae57f74b2b,['CWE-400'],CVE-2021-46784
vim,https://github.com/vim/vim/commit/6046aded8da002b08d380db29de2ba0268b6616e,6046aded8da002b08d380db29de2ba0268b6616e,"['CWE-126', 'CWE-787']",
libdwarf-code,https://github.com/davea42/libdwarf-code/commit/7ef09e1fc9ba07653dd078edb2408631c7969162,7ef09e1fc9ba07653dd078edb2408631c7969162,"['CWE-703', 'CWE-125']",
vim,https://github.com/vim/vim/commit/f7c7c3fad6d2135d558f3b36d0d1a943118aeb5e,f7c7c3fad6d2135d558f3b36d0d1a943118aeb5e,"['CWE-284', 'CWE-122']",
vim,https://github.com/vim/vim/commit/8eba2bd291b347e3008aa9e565652d51ad638cfa,8eba2bd291b347e3008aa9e565652d51ad638cfa,['CWE-125'],
vim,https://github.com/vim/vim/commit/79481367a457951aabd9501b510fd7e3eb29c3d8,79481367a457951aabd9501b510fd7e3eb29c3d8,['CWE-476'],
vim,https://github.com/vim/vim/commit/c101abff4c6756db4f5e740fde289decb9452efa,c101abff4c6756db4f5e740fde289decb9452efa,['CWE-787'],
vim,https://github.com/vim/vim/commit/cd38bb4d83c942c4bad596835c6766cbf32e5195,cd38bb4d83c942c4bad596835c6766cbf32e5195,['CWE-476'],
vim,https://github.com/vim/vim/commit/0971c7a4e537ea120a6bb2195960be8d0815e97b,0971c7a4e537ea120a6bb2195960be8d0815e97b,"['CWE-122', 'CWE-787']",
vim,https://github.com/vim/vim/commit/e178af5a586ea023622d460779fdcabbbfac0908,e178af5a586ea023622d460779fdcabbbfac0908,"['CWE-125', 'CWE-787']",
linux,https://github.com/torvalds/linux/commit/1680939e9ecf7764fba8689cfb3429c2fe2bb23c,1680939e9ecf7764fba8689cfb3429c2fe2bb23c,['CWE-415'],
linux,https://github.com/torvalds/linux/commit/c2eecefec5df1306eafce28ccdf1ca159a552ecc,c2eecefec5df1306eafce28ccdf1ca159a552ecc,['CWE-415'],
vim,https://github.com/vim/vim/commit/083692d598139228e101b8c521aaef7bcf256e9a,083692d598139228e101b8c521aaef7bcf256e9a,['CWE-125'],CVE-2022-2257
libmobi,https://github.com/bfabiszewski/libmobi/commit/c0699c8693c47f14a2e57dec7292e862ac7adf9c,c0699c8693c47f14a2e57dec7292e862ac7adf9c,['CWE-476'],None
chafa,https://github.com/hpjansson/chafa/commit/56fabfa18a6880b4cb66047fa6557920078048d9,56fabfa18a6880b4cb66047fa6557920078048d9,['CWE-125'],
linux,https://github.com/torvalds/linux/commit/189b0ddc245139af81198d1a3637cac74f96e13a,189b0ddc245139af81198d1a3637cac74f96e13a,['CWE-362'],
vim,https://github.com/vim/vim/commit/3d51ce18ab1be4f9f6061568a4e7fabf00b21794,3d51ce18ab1be4f9f6061568a4e7fabf00b21794,"['CWE-122', 'CWE-787']",
vim,https://github.com/vim/vim/commit/27efc62f5d86afcb2ecb7565587fe8dea4b036fe,27efc62f5d86afcb2ecb7565587fe8dea4b036fe,"['CWE-190', 'CWE-787']",
vim,https://github.com/vim/vim/commit/f12129f1714f7d2301935bb21d896609bdac221c,f12129f1714f7d2301935bb21d896609bdac221c,['CWE-125'],
vim,https://github.com/vim/vim/commit/5e59ea54c0c37c2f84770f068d95280069828774,5e59ea54c0c37c2f84770f068d95280069828774,['CWE-125'],
vim,https://github.com/vim/vim/commit/c6fdb15d423df22e1776844811d082322475e48a,c6fdb15d423df22e1776844811d082322475e48a,['CWE-787'],
vim,https://github.com/vim/vim/commit/c5274dd12224421f2430b30c53b881b9403d649e,c5274dd12224421f2430b30c53b881b9403d649e,['CWE-416'],
vim,https://github.com/vim/vim/commit/d25f003342aca9889067f2e839963dfeccf1fe05,d25f003342aca9889067f2e839963dfeccf1fe05,"['CWE-122', 'CWE-787']",
linux,https://github.com/torvalds/linux/commit/9cc02ede696272c5271a401e4f27c262359bc2f6,9cc02ede696272c5271a401e4f27c262359bc2f6,['CWE-416'],
vim,https://github.com/vim/vim/commit/54e5fed6d27b747ff152cdb6edfb72ff60e70939,54e5fed6d27b747ff152cdb6edfb72ff60e70939,"['CWE-121', 'CWE-787']",
lua,https://github.com/lua/lua/commit/42d40581dd919fb134c07027ca1ce0844c670daf,42d40581dd919fb134c07027ca1ce0844c670daf,['CWE-787'],
dcmtk,https://github.com/DCMTK/dcmtk/commit/a9697dfeb672b0b9412c00c7d36d801e27ec85cb,a9697dfeb672b0b9412c00c7d36d801e27ec85cb,"['CWE-415', 'CWE-703', 'CWE-401']",
dcmtk,https://github.com/DCMTK/dcmtk/commit/5c14bf53fb42ceca12bbcc0016e8704b1580920d,5c14bf53fb42ceca12bbcc0016e8704b1580920d,"['CWE-476', 'CWE-787']",
xorg-xserver,https://github.com/freedesktop/xorg-xserver/commit/dd8caf39e9e15d8f302e54045dd08d8ebf1025dc,dd8caf39e9e15d8f302e54045dd08d8ebf1025dc,"['CWE-94', 'CWE-787']",
vim,https://github.com/vim/vim/commit/32acf1f1a72ebb9d8942b9c9d80023bf1bb668ea,32acf1f1a72ebb9d8942b9c9d80023bf1bb668ea,['CWE-416'],
vim,https://github.com/vim/vim/commit/caea66442d86e7bbba3bf3dc202c3c0d549b9853,caea66442d86e7bbba3bf3dc202c3c0d549b9853,"['CWE-122', 'CWE-787']",
vim,https://github.com/vim/vim/commit/baefde14550231f6468ac2ed2ed495bc381c0c92,baefde14550231f6468ac2ed2ed495bc381c0c92,"['CWE-122', 'CWE-787']",
php-src,https://github.com/php/php-src/commit/ca6d511fa54b34d5b75bf120a86482a1b9e1e686,ca6d511fa54b34d5b75bf120a86482a1b9e1e686,['CWE-787'],CVE-2022-31627
autotrace,https://github.com/autotrace/autotrace/commit/e96bffadc25ff0ba0e10745f8012efcc5f920ea9,e96bffadc25ff0ba0e10745f8012efcc5f920ea9,['CWE-787'],CVE-2022-32323
systemd,https://github.com/systemd/systemd/commit/d973d94dec349fb676fdd844f6fe2ada3538f27c,d973d94dec349fb676fdd844f6fe2ada3538f27c,"['CWE-416', 'CWE-703']",
sqlite,https://github.com/sqlite/sqlite/commit/effc07ec9c6e08d3bd17665f8800054770f8c643,effc07ec9c6e08d3bd17665f8800054770f8c643,['CWE-129'],CVE-2022-35737
WavPack,https://github.com/dbry/WavPack/commit/25b4a2725d8568212e7cf89ca05ca29d128af7ac,25b4a2725d8568212e7cf89ca05ca29d128af7ac,"['CWE-476', 'CWE-703']",
rizin,https://github.com/rizinorg/rizin/commit/e645e5827327d945307ddfde4f617ae4c36561fd,e645e5827327d945307ddfde4f617ae4c36561fd,['CWE-190'],CVE-2022-34612
vim,https://github.com/vim/vim/commit/b9e717367c395490149495cf375911b5d9de889e,b9e717367c395490149495cf375911b5d9de889e,['CWE-122'],CVE-2022-2522
linux,https://github.com/torvalds/linux/commit/ca4463bf8438b403596edd0ec961ca0d4fbe0220,ca4463bf8438b403596edd0ec961ca0d4fbe0220,"['CWE-416', 'CWE-362']",
linux,https://github.com/torvalds/linux/commit/6cd1ed50efd88261298577cd92a14f2768eddeeb,6cd1ed50efd88261298577cd92a14f2768eddeeb,"['CWE-362', 'CWE-703']",
squirrel,https://github.com/albertodemichelis/squirrel/commit/23a0620658714b996d20da3d4dd1a0dcf9b0bd98,23a0620658714b996d20da3d4dd1a0dcf9b0bd98,['CWE-125'],
MilkyTracker,https://github.com/milkytracker/MilkyTracker/commit/3a5474f9102cbdc10fbd9e7b1b2c8d3f3f45d91b,3a5474f9102cbdc10fbd9e7b1b2c8d3f3f45d91b,['CWE-787'],
linux,https://github.com/torvalds/linux/commit/96e8fc5818686d4a1591bb6907e7fdb64ef29884,96e8fc5818686d4a1591bb6907e7fdb64ef29884,['CWE-703'],
ImageMagick,https://github.com/ImageMagick/ImageMagick/commit/716496e6df0add89e9679d6da9c0afca814cfe49,716496e6df0add89e9679d6da9c0afca814cfe49,['CWE-617'],CVE-2022-2719
exim,https://github.com/Exim/exim/commit/d4bc023436e4cce7c23c5f8bb5199e178b4cc743,d4bc023436e4cce7c23c5f8bb5199e178b4cc743,['CWE-787'],
zlib,https://github.com/madler/zlib/commit/eff308af425b67093bab25f80f1ae950166bece1,eff308af425b67093bab25f80f1ae950166bece1,['CWE-787'],
unbound,https://github.com/NLnetLabs/unbound/commit/f6753a0f1018133df552347a199e0362fc1dac68,f6753a0f1018133df552347a199e0362fc1dac68,"['CWE-613', 'CWE-703']",
vim,https://github.com/vim/vim/commit/4e677b9c40ccbc5f090971b31dc2fe07bf05541d,4e677b9c40ccbc5f090971b31dc2fe07bf05541d,"['CWE-703', 'CWE-475']",
vim,https://github.com/vim/vim/commit/f50940531dd57135fe60aa393ac9d3281f352d88,f50940531dd57135fe60aa393ac9d3281f352d88,['CWE-125'],
vim,https://github.com/vim/vim/commit/1e56bda9048a9625bce6e660938c834c5c15b07d,1e56bda9048a9625bce6e660938c834c5c15b07d,"['CWE-125', 'CWE-122']",
vim,https://github.com/vim/vim/commit/a6f9e300161f4cb54713da22f65b261595e8e614,a6f9e300161f4cb54713da22f65b261595e8e614,"['CWE-122', 'CWE-787']",
varnish-cache,https://github.com/varnishcache/varnish-cache/commit/c5fd097e5cce8b461c6443af02b3448baef2491d,c5fd097e5cce8b461c6443af02b3448baef2491d,['CWE-703'],
jasper,https://github.com/jasper-software/jasper/commit/d99636fad60629785efd1ef72da772a8ef68f54c,d99636fad60629785efd1ef72da772a8ef68f54c,"['CWE-703', 'CWE-401']",
vim,https://github.com/vim/vim/commit/d1d8f6bacb489036d0fd479c9dd3c0102c988889,d1d8f6bacb489036d0fd479c9dd3c0102c988889,"['CWE-703', 'CWE-122']",
wkhtmltopdf,https://github.com/wkhtmltopdf/wkhtmltopdf/commit/2a5f25077895fb075812c0f599326f079a59d6cf,2a5f25077895fb075812c0f599326f079a59d6cf,['CWE-22'],CVE-2020-21365
vim,https://github.com/vim/vim/commit/dbdd16b62560413abcc3c8e893cc3010ccf31666,dbdd16b62560413abcc3c8e893cc3010ccf31666,['CWE-125'],
vim,https://github.com/vim/vim/commit/249e1b903a9c0460d618f6dcc59aeb8c03b24b20,249e1b903a9c0460d618f6dcc59aeb8c03b24b20,['CWE-416'],
linux,https://github.com/torvalds/linux/commit/690b2549b19563ec5ad53e5c82f6a944d910086e,690b2549b19563ec5ad53e5c82f6a944d910086e,"['CWE-120', 'CWE-131', 'CWE-703']",
exim,https://github.com/Exim/exim/commit/51be321b27825c01829dffd90f11bfff256f7e42,51be321b27825c01829dffd90f11bfff256f7e42,"['CWE-763', 'CWE-269']",
vim,https://github.com/vim/vim/commit/e98c88c44c308edaea5994b8ad4363e65030968c,e98c88c44c308edaea5994b8ad4363e65030968c,"['CWE-126', 'CWE-787']",
linux,https://github.com/torvalds/linux/commit/f85daf0e725358be78dfd208dea5fd665d8cb901,f85daf0e725358be78dfd208dea5fd665d8cb901,['CWE-703'],
vim,https://github.com/vim/vim/commit/91c7cbfe31bbef57d5fcf7d76989fc159f73ef15,91c7cbfe31bbef57d5fcf7d76989fc159f73ef15,['CWE-416'],
linux,https://github.com/torvalds/linux/commit/a06247c6804f1a7c86a2e5398a4c1f1db1471848,a06247c6804f1a7c86a2e5398a4c1f1db1471848,['CWE-416'],
radare2,https://github.com/radareorg/radare2/commit/4d3811681a80f92a53e795f6a64c4b0fc2c8dd22,4d3811681a80f92a53e795f6a64c4b0fc2c8dd22,"['CWE-703', 'CWE-908']",
vim,https://github.com/vim/vim/commit/6669de1b235843968e88844ca6d3c8dec4b01a9e,6669de1b235843968e88844ca6d3c8dec4b01a9e,"['CWE-476', 'CWE-787']",
vim,https://github.com/vim/vim/commit/adce965162dd89bf29ee0e5baf53652e7515762c,adce965162dd89bf29ee0e5baf53652e7515762c,['CWE-416'],
linux,https://github.com/torvalds/linux/commit/aa838896d87af561a33ecefea1caa4c15a68bc47,aa838896d87af561a33ecefea1caa4c15a68bc47,['CWE-787'],
vim,https://github.com/vim/vim/commit/f6d39c31d2177549a986d170e192d8351bd571e2,f6d39c31d2177549a986d170e192d8351bd571e2,"['CWE-122', 'CWE-787']",
vim,https://github.com/vim/vim/commit/1889f499a4f248cd84e0e0bf6d0d820016774494,1889f499a4f248cd84e0e0bf6d0d820016774494,['CWE-416'],
linux,https://github.com/torvalds/linux/commit/ba953a9d89a00c078b85f4b190bc1dde66fe16b5,ba953a9d89a00c078b85f4b190bc1dde66fe16b5,['CWE-362'],CVE-2022-3028
LibRaw,https://github.com/LibRaw/LibRaw/commit/11c4db253ef2c9bb44247b578f5caa57c66a1eeb,11c4db253ef2c9bb44247b578f5caa57c66a1eeb,"['CWE-125', 'CWE-787']",
LibRaw,https://github.com/LibRaw/LibRaw/commit/d75af00681a74dcc8b929207eb895611a6eceb68,d75af00681a74dcc8b929207eb895611a6eceb68,['CWE-125'],
LibRaw,https://github.com/LibRaw/LibRaw/commit/5ab45b085898e379fedc6b113e2e82a890602b1e,5ab45b085898e379fedc6b113e2e82a890602b1e,['CWE-125'],
LibRaw,https://github.com/LibRaw/LibRaw/commit/a6937d4046a7c4742b683a04c8564605fd9be4fb,a6937d4046a7c4742b683a04c8564605fd9be4fb,['CWE-125'],
LibRaw,https://github.com/LibRaw/LibRaw/commit/e41f331e90b383e3208cefb74e006df44bf3a4b8,e41f331e90b383e3208cefb74e006df44bf3a4b8,"['CWE-703', 'CWE-770']",
LibRaw,https://github.com/LibRaw/LibRaw/commit/c243f4539233053466c1309bde606815351bee81,c243f4539233053466c1309bde606815351bee81,['CWE-125'],
libjpeg-turbo,https://github.com/libjpeg-turbo/libjpeg-turbo/commit/9120a247436e84c0b4eea828cb11e8f665fcde30,9120a247436e84c0b4eea828cb11e8f665fcde30,['CWE-476'],
open62541,https://github.com/open62541/open62541/commit/b79db1ac78146fc06b0b8435773d3967de2d659c,b79db1ac78146fc06b0b8435773d3967de2d659c,"['CWE-703', 'CWE-770']",
vim,https://github.com/vim/vim/commit/4f1b083be43f351bc107541e7b0c9655a5d2c0bb,4f1b083be43f351bc107541e7b0c9655a5d2c0bb,['CWE-416'],
vim,https://github.com/vim/vim/commit/80525751c5ce9ed82c41d83faf9ef38667bf61b1,80525751c5ce9ed82c41d83faf9ef38667bf61b1,"['CWE-476', 'CWE-703']",
vim,https://github.com/vim/vim/commit/d6c67629ed05aae436164eec474832daf8ba7420,d6c67629ed05aae436164eec474832daf8ba7420,"['CWE-416', 'CWE-703']",
vim,https://github.com/vim/vim/commit/35d21c6830fc2d68aca838424a0e786821c5891c,35d21c6830fc2d68aca838424a0e786821c5891c,['CWE-416'],
libvncserver,https://github.com/LibVNC/libvncserver/commit/bef41f6ec4097a8ee094f90a1b34a708fbd757ec,bef41f6ec4097a8ee094f90a1b34a708fbd757ec,"['CWE-400', 'CWE-703']",
ImageMagick,https://github.com/ImageMagick/ImageMagick/commit/5af1dffa4b6ab984b5f13d1e91c95760d75f12a6,5af1dffa4b6ab984b5f13d1e91c95760d75f12a6,['CWE-190'],
ImageMagick6,https://github.com/ImageMagick/ImageMagick6/commit/553054c1cb1e4e05ec86237afef76a32cd7c464d,553054c1cb1e4e05ec86237afef76a32cd7c464d,['CWE-190'],
vim,https://github.com/vim/vim/commit/6d24a51b94beb1991cddce221f90b455e2d50db7,6d24a51b94beb1991cddce221f90b455e2d50db7,['CWE-416'],
mupdf,https://github.com/ArtifexSoftware/mupdf/commit/22c47acbd52949421f8c7cb46ea1556827d0fcbf,22c47acbd52949421f8c7cb46ea1556827d0fcbf,"['CWE-369', 'CWE-22']",
linux,https://github.com/torvalds/linux/commit/a09d2d00af53b43c6f11e6ab3cb58443c2cac8a7,a09d2d00af53b43c6f11e6ab3cb58443c2cac8a7,"['CWE-190', 'CWE-703']",
poppler,https://github.com/freedesktop/poppler/commit/27354e9d9696ee2bc063910a6c9a6b27c5184a52,27354e9d9696ee2bc063910a6c9a6b27c5184a52,"['CWE-476', 'CWE-190']",
ImageMagick6,https://github.com/ImageMagick/ImageMagick6/commit/cd7f9fb7751b0d59d5a74b12d971155caad5a792,cd7f9fb7751b0d59d5a74b12d971155caad5a792,['CWE-401'],
ImageMagick,https://github.com/ImageMagick/ImageMagick/commit/c6ad94fbb7b280f39c2fbbdc1c140e51b1b466e9,c6ad94fbb7b280f39c2fbbdc1c140e51b1b466e9,['CWE-401'],
rizin,https://github.com/rizinorg/rizin/commit/556ca2f9eef01ec0f4a76d1fbacfcf3a87a44810,556ca2f9eef01ec0f4a76d1fbacfcf3a87a44810,['CWE-787'],
linux,https://github.com/torvalds/linux/commit/6cd88243c7e03845a450795e134b488fc2afb736,6cd88243c7e03845a450795e134b488fc2afb736,['CWE-703'],
rizin,https://github.com/rizinorg/rizin/commit/1524f85211445e41506f98180f8f69f7bf115406,1524f85211445e41506f98180f8f69f7bf115406,['CWE-787'],
Singular,https://github.com/Singular/Singular/commit/5f28fbf066626fa9c4a8f0e6408c0bb362fb386c,5f28fbf066626fa9c4a8f0e6408c0bb362fb386c,['CWE-269'],
linux,https://github.com/torvalds/linux/commit/6ab55ec0a938c7f943a4edba3d6514f775983887,6ab55ec0a938c7f943a4edba3d6514f775983887,"['CWE-416', 'CWE-125']",
linux,https://github.com/torvalds/linux/commit/5934d9a0383619c14df91af8fd76261dc3de2f5f,5934d9a0383619c14df91af8fd76261dc3de2f5f,['CWE-125'],
vim,https://github.com/vim/vim/commit/ccfde4d028e891a41e3548323c3d47b06fb0b83e,ccfde4d028e891a41e3548323c3d47b06fb0b83e,['CWE-416'],
rizin,https://github.com/rizinorg/rizin/commit/38d8006cd609ac75de82b705891d3508d2c218d5,38d8006cd609ac75de82b705891d3508d2c218d5,['CWE-787'],CVE-2022-36040
rizin,https://github.com/rizinorg/rizin/commit/348b1447d1452f978b69631d6de5b08dd3bdf79d,348b1447d1452f978b69631d6de5b08dd3bdf79d,['CWE-787'],CVE-2022-36041
rizin,https://github.com/rizinorg/rizin/commit/58926dffbe819fe9ebf5062f7130e026351cae01,58926dffbe819fe9ebf5062f7130e026351cae01,['CWE-415'],CVE-2022-36043
rizin,https://github.com/rizinorg/rizin/commit/07b43bc8aa1ffebd9b68d60624c9610cf7e460c7,07b43bc8aa1ffebd9b68d60624c9610cf7e460c7,"['CWE-200', 'CWE-787']",
rizin,https://github.com/rizinorg/rizin/commit/05bbd147caccc60162d6fba9baaaf24befa281cd,05bbd147caccc60162d6fba9baaaf24befa281cd,"['CWE-200', 'CWE-787']",
vim,https://github.com/vim/vim/commit/1540d334a04d874c2aa9d26b82dbbcd4bc5a78de,1540d334a04d874c2aa9d26b82dbbcd4bc5a78de,['CWE-476'],
linux,https://github.com/torvalds/linux/commit/a53046291020ec41e09181396c1e829287b48d47,a53046291020ec41e09181396c1e829287b48d47,['CWE-476'],CVE-2022-3202
ImageMagick6,https://github.com/ImageMagick/ImageMagick6/commit/1aea203eb36409ce6903b9e41fe7cb70030e8750,1aea203eb36409ce6903b9e41fe7cb70030e8750,['CWE-787'],
ImageMagick,https://github.com/ImageMagick/ImageMagick/commit/30ccf9a0da1f47161b5935a95be854fe84e6c2a2,30ccf9a0da1f47161b5935a95be854fe84e6c2a2,"['CWE-703', 'CWE-787']",
linux,https://github.com/torvalds/linux/commit/9cb636b5f6a8cc6d1b50809ec8f8d33ae0c84c95,9cb636b5f6a8cc6d1b50809ec8f8d33ae0c84c95,"['CWE-416', 'CWE-200']",
frr,https://github.com/FRRouting/frr/commit/6d58272b4cf96f0daa846210dd2104877900f921,6d58272b4cf96f0daa846210dd2104877900f921,['CWE-125'],CVE-2022-37032
frr,https://github.com/FRRouting/frr/commit/ff6db1027f8f36df657ff2e5ea167773752537ed,ff6db1027f8f36df657ff2e5ea167773752537ed,['CWE-125'],
linux,https://github.com/torvalds/linux/commit/e02f0d3970404bfea385b6edb86f2d936db0ea2b,e02f0d3970404bfea385b6edb86f2d936db0ea2b,"['CWE-400', 'CWE-703']",
vim,https://github.com/vim/vim/commit/c249913edc35c0e666d783bfc21595cf9f7d9e0d,c249913edc35c0e666d783bfc21595cf9f7d9e0d,['CWE-122'],CVE-2022-3234
vim,https://github.com/vim/vim/commit/1c3dd8ddcba63c1af5112e567215b3cec2de11d0,1c3dd8ddcba63c1af5112e567215b3cec2de11d0,['CWE-416'],CVE-2022-3235
vim,https://github.com/vim/vim/commit/69082916c8b5d321545d60b9f5facad0a2dd5a4e,69082916c8b5d321545d60b9f5facad0a2dd5a4e,['CWE-476'],CVE-2022-3278
vim,https://github.com/vim/vim/commit/96b9bf8f74af8abf1e30054f996708db7dc285be,96b9bf8f74af8abf1e30054f996708db7dc285be,['CWE-787'],CVE-2022-3296
vim,https://github.com/vim/vim/commit/0ff01835a40f549c5c4a550502f62a2ac9ac447c,0ff01835a40f549c5c4a550502f62a2ac9ac447c,['CWE-416'],CVE-2022-3297
linux,https://github.com/torvalds/linux/commit/b67fbebd4cf980aecbcc750e1462128bffe8ae15,b67fbebd4cf980aecbcc750e1462128bffe8ae15,['CWE-362'],
linux,https://github.com/torvalds/linux/commit/47abea041f897d64dbd5777f0cf7745148f85d75,47abea041f897d64dbd5777f0cf7745148f85d75,['CWE-193'],CVE-2022-3103
ndjbdns,https://github.com/pjps/ndjbdns/commit/ef1875907a0e3cf632f66c3add91f08543c74f3c,ef1875907a0e3cf632f66c3add91f08543c74f3c,['CWE-362'],CVE-2008-4392
ndjbdns,https://github.com/pjps/ndjbdns/commit/847523271f3966cf4618c5689b905703c41dec1c,847523271f3966cf4618c5689b905703c41dec1c,['CWE-362'],CVE-2008-4392
ndjbdns,https://github.com/pjps/ndjbdns/commit/177b5522e9b3d25778001c8cebfddd4d2973fcfd,177b5522e9b3d25778001c8cebfddd4d2973fcfd,['CWE-362'],CVE-2008-4392
torque,https://github.com/adaptivecomputing/torque/commit/64da0af7ed27284f3397081313850bba270593db,64da0af7ed27284f3397081313850bba270593db,['CWE-94'],CVE-2013-4495
php-src,https://github.com/php/php-src/commit/ff261853223f887fb1964e6c68080f903ca1de06,ff261853223f887fb1964e6c68080f903ca1de06,['CWE-20'],CVE-2006-7243
linux,https://github.com/torvalds/linux/commit/cac9b50b0d75a1d50d6c056ff65c005f3224c8e0,cac9b50b0d75a1d50d6c056ff65c005f3224c8e0,"['CWE-476', 'CWE-703']",
ruby,https://github.com/ruby/ruby/commit/739782e37a6662fea379e7ef3ec89e851b04b46c,739782e37a6662fea379e7ef3ec89e851b04b46c,['CWE-326'],CVE-2016-7798
curl,https://github.com/curl/curl/commit/f78ae415d24b9bd89d6c121c556e411fdb21c6aa,f78ae415d24b9bd89d6c121c556e411fdb21c6aa,['CWE-284'],CVE-2015-3148
qemu,https://github.com/qemu/qemu/commit/fa18f36a461984eae50ab957e47ec78dae3c14fc,fa18f36a461984eae50ab957e47ec78dae3c14fc,['CWE-772'],CVE-2017-8379
qemu,https://github.com/qemu/qemu/commit/77b0359bf414ad666d1714dc9888f1017c08e283,77b0359bf414ad666d1714dc9888f1017c08e283,['CWE-772'],CVE-2017-8379
qemu,https://github.com/qemu/qemu/commit/51dbea77a29ea46173373a6dad4ebd95d4661f42,51dbea77a29ea46173373a6dad4ebd95d4661f42,['CWE-772'],CVE-2017-8379
qemu,https://github.com/qemu/qemu/commit/d3b0db6dfea6b3a9ee0d96aceb796bdcafa84314,d3b0db6dfea6b3a9ee0d96aceb796bdcafa84314,['CWE-772'],CVE-2017-8379
icu,https://github.com/unicode-org/icu/commit/71dd84d4ffd6600a70e5bca56a22b957e6642bd4,71dd84d4ffd6600a70e5bca56a22b957e6642bd4,['CWE-190'],CVE-2017-15422
firebird,https://github.com/FirebirdSQL/firebird/commit/56e9a73c16803c3544076edb2d6c4ca25815e541,56e9a73c16803c3544076edb2d6c4ca25815e541,['CWE-89'],CVE-2017-11509
sssd,https://github.com/SSSD/sssd/commit/ed90a20a0f0e936eb00d268080716c0384ffb01d,ed90a20a0f0e936eb00d268080716c0384ffb01d,['CWE-200'],CVE-2018-10852
pam-u2f,https://github.com/Yubico/pam-u2f/commit/aab0c31a3bfed8912a271685d6ec909f61380155,aab0c31a3bfed8912a271685d6ec909f61380155,['CWE-787'],CVE-2019-1221
MilkyTracker,https://github.com/milkytracker/MilkyTracker/commit/fd607a3439fcdd0992e5efded3c16fc79c804e34,fd607a3439fcdd0992e5efded3c16fc79c804e34,['CWE-787'],CVE-2019-14464
libffi,https://github.com/libffi/libffi/commit/44a6c28545186d78642487927952844156fc7ab5,44a6c28545186d78642487927952844156fc7ab5,['CWE-787'],CVE-2020-9391
libdxfrw,https://github.com/LibreCAD/libdxfrw/commit/ba3fa95648bef948e008dfbdd31a4d21badd71f0,ba3fa95648bef948e008dfbdd31a4d21badd71f0,['CWE-191'],CVE-2021-21897
libdxfrw,https://github.com/LibreCAD/libdxfrw/commit/6417118874333309aa10c4e59f954c3905a6e8b5,6417118874333309aa10c4e59f954c3905a6e8b5,['CWE-191'],CVE-2021-21897
libdxfrw,https://github.com/LibreCAD/libdxfrw/commit/fcd977cc7f8f6cc7f012e5b72d33cf7d77b3fa69,fcd977cc7f8f6cc7f012e5b72d33cf7d77b3fa69,['CWE-191'],CVE-2021-21897
mujs,https://github.com/ccxvii/mujs/commit/160ae29578054dc09fd91e5401ef040d52797e61,160ae29578054dc09fd91e5401ef040d52797e61,"['CWE-703', 'CWE-674']",
mujs,https://github.com/ccxvii/mujs/commit/f5b3c703e18725e380b83427004632e744f85a6f,f5b3c703e18725e380b83427004632e744f85a6f,['CWE-476'],CVE-2022-30975
gpac,https://github.com/gpac/gpac/commit/00194f5fe462123f70b0bae7987317b52898b868,00194f5fe462123f70b0bae7987317b52898b868,['CWE-476'],
cups,https://github.com/apple/cups/commit/0bc9dc4658c26920a3f66da7dd234be463ca572e,0bc9dc4658c26920a3f66da7dd234be463ca572e,['CWE-284'],
ImageMagick,https://github.com/ImageMagick/ImageMagick/commit/01faddbe2711a4156180c4a92837e2f23683cc68,01faddbe2711a4156180c4a92837e2f23683cc68,"['CWE-200', 'CWE-362']",
njs,https://github.com/nginx/njs/commit/222d6fdcf0c6485ec8e175f3a7b70d650c234b4e,222d6fdcf0c6485ec8e175f3a7b70d650c234b4e,"['CWE-703', 'CWE-754']",
Crow,https://github.com/CrowCpp/Crow/commit/79eec91f00b5fb7df890d4e84b2f048b0841e044,79eec91f00b5fb7df890d4e84b2f048b0841e044,['CWE-703'],
ImageMagick,https://github.com/ImageMagick/ImageMagick/commit/bd40cc5f53067322861b881485cbd70f509f3829,bd40cc5f53067322861b881485cbd70f509f3829,"['CWE-772', 'CWE-401']",
curl,https://github.com/curl/curl/commit/1890d59905414ab84a35892b2e45833654aa5c13,1890d59905414ab84a35892b2e45833654aa5c13,"['CWE-200', 'CWE-119']",
gpac,https://github.com/gpac/gpac/commit/87afe070cd6866df7fe80f11b26ef75161de85e0,87afe070cd6866df7fe80f11b26ef75161de85e0,['CWE-476'],
mruby,https://github.com/mruby/mruby/commit/da48e7dbb20024c198493b8724adae1b842083aa,da48e7dbb20024c198493b8724adae1b842083aa,"['CWE-476', 'CWE-703']",
tensorflow,https://github.com/tensorflow/tensorflow/commit/77dd114513d7796e1e2b8aece214a380af26fbf4,77dd114513d7796e1e2b8aece214a380af26fbf4,"['CWE-617', 'CWE-369']",
asylo,https://github.com/google/asylo/commit/a47ef55db2337d29de19c50cd29b0deb2871d31c,a47ef55db2337d29de19c50cd29b0deb2871d31c,"['CWE-200', 'CWE-668']",
njs,https://github.com/nginx/njs/commit/2e00e95473861846aa8538be87db07699d9f676d,2e00e95473861846aa8538be87db07699d9f676d,['CWE-703'],
mruby,https://github.com/mruby/mruby/commit/47068ae07a5fa3aa9a1879cdfe98a9ce0f339299,47068ae07a5fa3aa9a1879cdfe98a9ce0f339299,"['CWE-122', 'CWE-787']",
tensorflow,https://github.com/tensorflow/tensorflow/commit/204945b19e44b57906c9344c0d00120eeeae178a,204945b19e44b57906c9344c0d00120eeeae178a,"['CWE-703', 'CWE-787']",
epiphany,https://github.com/GNOME/epiphany/commit/486da133569ebfc436c959a7419565ab102e8525,486da133569ebfc436c959a7419565ab102e8525,['CWE-787'],
tensorflow,https://github.com/tensorflow/tensorflow/commit/2be2cdf3a123e231b16f766aa0e27d56b4606535,2be2cdf3a123e231b16f766aa0e27d56b4606535,['CWE-369'],
tensorflow,https://github.com/tensorflow/tensorflow/commit/44b7f486c0143f68b56c34e2d01e146ee445134a,44b7f486c0143f68b56c34e2d01e146ee445134a,"['CWE-125', 'CWE-369']",
squid,https://github.com/squid-cache/squid/commit/eeebf0f37a72a2de08348e85ae34b02c34e9a811,eeebf0f37a72a2de08348e85ae34b02c34e9a811,"['CWE-190', 'CWE-352']",
linux,https://github.com/torvalds/linux/commit/6a76f8c0ab19f215af2a3442870eeb5f0e81998d,6a76f8c0ab19f215af2a3442870eeb5f0e81998d,['CWE-703'],
tensorflow,https://github.com/tensorflow/tensorflow/commit/9e62869465573cb2d9b5053f1fa02a81fce21d69,9e62869465573cb2d9b5053f1fa02a81fce21d69,"['CWE-20', 'CWE-703']",
FreeRDP,https://github.com/FreeRDP/FreeRDP/commit/9fee4ae076b1ec97b97efb79ece08d1dab4df29a,9fee4ae076b1ec97b97efb79ece08d1dab4df29a,['CWE-401'],
tcpdump,https://github.com/the-tcpdump-group/tcpdump/commit/a152aebfd1114376ba266ed30416be596ef9d806,a152aebfd1114376ba266ed30416be596ef9d806,['CWE-787'],
gpac,https://github.com/gpac/gpac/commit/4e56ad72ac1afb4e049a10f2d99e7512d7141f9d,4e56ad72ac1afb4e049a10f2d99e7512d7141f9d,['CWE-787'],
inspircd,https://github.com/inspircd/inspircd/commit/74fafb7f11b06747f69f182ad5e3769b665eea7a,74fafb7f11b06747f69f182ad5e3769b665eea7a,"['CWE-284', 'CWE-264']",
tensorflow,https://github.com/tensorflow/tensorflow/commit/42459e4273c2e47a3232cc16c4f4fff3b3a35c38,42459e4273c2e47a3232cc16c4f4fff3b3a35c38,"['CWE-125', 'CWE-369']",
LibRaw,https://github.com/LibRaw/LibRaw/commit/f1394822a0152ceed77815eafa5cac4e8baab10a,f1394822a0152ceed77815eafa5cac4e8baab10a,"['CWE-119', 'CWE-125']",
tensorflow,https://github.com/tensorflow/tensorflow/commit/41727ff06111117bdf86b37db198217fd7a143cc,41727ff06111117bdf86b37db198217fd7a143cc,['CWE-787'],
acrn-hypervisor,https://github.com/projectacrn/acrn-hypervisor/commit/25c0e3817eb332660dd63d1d4522e63dcc94e79a,25c0e3817eb332660dd63d1d4522e63dcc94e79a,"['CWE-120', 'CWE-787']",
tensorflow,https://github.com/tensorflow/tensorflow/commit/744009c9e5cc5d0447f0dc39d055f917e1fd9e16,744009c9e5cc5d0447f0dc39d055f917e1fd9e16,['CWE-369'],
nDPI,https://github.com/ntop/nDPI/commit/1ec621c85b9411cc611652fd57a892cfef478af3,1ec621c85b9411cc611652fd57a892cfef478af3,['CWE-787'],
tensorflow,https://github.com/tensorflow/tensorflow/commit/030af767d357d1b4088c4a25c72cb3906abac489,030af767d357d1b4088c4a25c72cb3906abac489,"['CWE-476', 'CWE-843']",
tensorflow,https://github.com/tensorflow/tensorflow/commit/f94ef358bb3e91d517446454edff6535bcfe8e4a,f94ef358bb3e91d517446454edff6535bcfe8e4a,"['CWE-131', 'CWE-369']",
tensorflow,https://github.com/tensorflow/tensorflow/commit/5ecec9c6fbdbc6be03295685190a45e7eee726ab,5ecec9c6fbdbc6be03295685190a45e7eee726ab,['CWE-416'],
glibc,https://github.com/bminor/glibc/commit/2864e767053317538feafa815046fff89e5a16be,2864e767053317538feafa815046fff89e5a16be,"['CWE-190', 'CWE-252']",
pjproject,https://github.com/pjsip/pjproject/commit/11559e49e65bdf00922ad5ae28913ec6a198d508,11559e49e65bdf00922ad5ae28913ec6a198d508,"['CWE-200', 'CWE-787']",
mruby,https://github.com/mruby/mruby/commit/aaa28a508903041dd7399d4159a8ace9766b022f,aaa28a508903041dd7399d4159a8ace9766b022f,"['CWE-416', 'CWE-787']",
linux,https://github.com/torvalds/linux/commit/ce9f24cccdc019229b70a5c15e2b09ad9c0ab5d1,ce9f24cccdc019229b70a5c15e2b09ad9c0ab5d1,['CWE-703'],
tensorflow,https://github.com/tensorflow/tensorflow/commit/301ae88b331d37a2a16159b65b255f4f9eb39314,301ae88b331d37a2a16159b65b255f4f9eb39314,"['CWE-476', 'CWE-125']",
njs,https://github.com/nginx/njs/commit/6a07c2156a07ef307b6dcf3c2ca8571a5f1af7a6,6a07c2156a07ef307b6dcf3c2ca8571a5f1af7a6,['CWE-416'],
qemu,https://github.com/qemu/qemu/commit/ebf101955ce8f8d72fba103b5151115a4335de2c,ebf101955ce8f8d72fba103b5151115a4335de2c,['CWE-269'],
tensorflow,https://github.com/tensorflow/tensorflow/commit/22e07fb204386768e5bcbea563641ea11f96ceb8,22e07fb204386768e5bcbea563641ea11f96ceb8,"['CWE-20', 'CWE-476', 'CWE-908']",
tensorflow,https://github.com/tensorflow/tensorflow/commit/eb921122119a6b6e470ee98b89e65d721663179d,eb921122119a6b6e470ee98b89e65d721663179d,"['CWE-703', 'CWE-125']",
tensorflow,https://github.com/tensorflow/tensorflow/commit/3cbb917b4714766030b28eba9fb41bb97ce9ee02,3cbb917b4714766030b28eba9fb41bb97ce9ee02,"['CWE-703', 'CWE-122', 'CWE-787']",
tensorflow,https://github.com/tensorflow/tensorflow/commit/f4c364a5d6880557f6f5b6eb5cee2c407f0186b3,f4c364a5d6880557f6f5b6eb5cee2c407f0186b3,"['CWE-476', 'CWE-369']",
Bento4,https://github.com/axiomatic-systems/Bento4/commit/53499d8d4c69142137c7c7f0097a444783fdeb90,53499d8d4c69142137c7c7f0097a444783fdeb90,"['CWE-125', 'CWE-787']",
ImageMagick,https://github.com/ImageMagick/ImageMagick/commit/d5559407ce29f4371e5df9c1cbde65455fe5854c,d5559407ce29f4371e5df9c1cbde65455fe5854c,"['CWE-772', 'CWE-401']",
fdkaac,https://github.com/nu774/fdkaac/commit/4ec1422bd951a137225ffa4052da120e2ab0a0f4,4ec1422bd951a137225ffa4052da120e2ab0a0f4,['CWE-703'],
Bento4,https://github.com/axiomatic-systems/Bento4/commit/33331ce2d35d45d855af7441db6116b4a9e2b70f,33331ce2d35d45d855af7441db6116b4a9e2b70f,['CWE-703'],
gpac,https://github.com/gpac/gpac/commit/51cdb67ff7c5f1242ac58c5aa603ceaf1793b788,51cdb67ff7c5f1242ac58c5aa603ceaf1793b788,"['CWE-190', 'CWE-787']",
lsquic,https://github.com/litespeedtech/lsquic/commit/a74702c630e108125e71898398737baec8f02238,a74702c630e108125e71898398737baec8f02238,"['CWE-476', 'CWE-269']",
winscp,https://github.com/winscp/winscp/commit/faa96e8144e6925a380f94a97aa382c9427f688d,faa96e8144e6925a380f94a97aa382c9427f688d,['CWE-787'],
neomutt,https://github.com/neomutt/neomutt/commit/e27b65b3bf8defa34db58919496056caf3850cd4,e27b65b3bf8defa34db58919496056caf3850cd4,"['CWE-119', 'CWE-787']",
folly,https://github.com/facebook/folly/commit/8e927ee48b114c8a2f90d0cbd5ac753795a6761f,8e927ee48b114c8a2f90d0cbd5ac753795a6761f,"['CWE-119', 'CWE-787']",
fbthrift,https://github.com/facebook/fbthrift/commit/bfda1efa547dce11a38592820916db01b05b9339,bfda1efa547dce11a38592820916db01b05b9339,['CWE-763'],
samba,https://github.com/samba-team/samba/commit/22b4091924977f6437b59627f33a8e6f02b41011,22b4091924977f6437b59627f33a8e6f02b41011,['CWE-787'],
tensorflow,https://github.com/tensorflow/tensorflow/commit/d58c96946b2880991d63d1dacacb32f0a4dfa453,d58c96946b2880991d63d1dacacb32f0a4dfa453,"['CWE-20', 'CWE-787']",
tensorflow,https://github.com/tensorflow/tensorflow/commit/290bb05c80c327ed74fae1d089f1001b1e2a4ef7,290bb05c80c327ed74fae1d089f1001b1e2a4ef7,"['CWE-20', 'CWE-703']",
lua-nginx-module,https://github.com/openresty/lua-nginx-module/commit/9ab38e8ee35fc08a57636b1b6190dca70b0076fa,9ab38e8ee35fc08a57636b1b6190dca70b0076fa,['CWE-444'],
njs,https://github.com/nginx/njs/commit/5c6130a2a0b4c41ab415f6b8992aa323636338b9,5c6130a2a0b4c41ab415f6b8992aa323636338b9,['CWE-703'],
Bento4,https://github.com/axiomatic-systems/Bento4/commit/4d3f0bebd5f8518fd775f671c12bea58c68e814e,4d3f0bebd5f8518fd775f671c12bea58c68e814e,"['CWE-476', 'CWE-703']",
hermes,https://github.com/facebook/hermes/commit/d86e185e485b6330216dee8e854455c694e3a36e,d86e185e485b6330216dee8e854455c694e3a36e,"['CWE-416', 'CWE-703']",
envoy,https://github.com/envoyproxy/envoy/commit/e9f936d85dc1edc34fabd0a1725ec180f2316353,e9f936d85dc1edc34fabd0a1725ec180f2316353,"['CWE-362', 'CWE-295']",
ArduinoJson,https://github.com/bblanchon/ArduinoJson/commit/5e7b9ec688d79e7b16ec7064e1d37e8481a31e72,5e7b9ec688d79e7b16ec7064e1d37e8481a31e72,"['CWE-415', 'CWE-119']",
ImageMagick,https://github.com/ImageMagick/ImageMagick/commit/a6240a163cb787909703d9fc649cf861f60ddd7c,a6240a163cb787909703d9fc649cf861f60ddd7c,['CWE-125'],
gpac,https://github.com/gpac/gpac/commit/388ecce75d05e11fc8496aa4857b91245007d26e,388ecce75d05e11fc8496aa4857b91245007d26e,['CWE-787'],
LoRaMac-node,https://github.com/Lora-net/LoRaMac-node/commit/e3063a91daa7ad8a687223efa63079f0c24568e4,e3063a91daa7ad8a687223efa63079f0c24568e4,"['CWE-120', 'CWE-787']",
tensorflow,https://github.com/tensorflow/tensorflow/commit/ba424dd8f16f7110eea526a8086f1a155f14f22b,ba424dd8f16f7110eea526a8086f1a155f14f22b,"['CWE-703', 'CWE-787']",
libming,https://github.com/libming/libming/commit/a009a38dce1d9316cad1ab522b813b1d5ba4c62a,a009a38dce1d9316cad1ab522b813b1d5ba4c62a,"['CWE-190', 'CWE-703']",
FFmpeg,https://github.com/FFmpeg/FFmpeg/commit/b0a8b40294ea212c1938348ff112ef1b9bf16bb3,b0a8b40294ea212c1938348ff112ef1b9bf16bb3,['CWE-787'],
openscad,https://github.com/openscad/openscad/commit/770e3234cbfe66edbc0333f796b46d36a74aa652,770e3234cbfe66edbc0333f796b46d36a74aa652,['CWE-703'],
tensorflow,https://github.com/tensorflow/tensorflow/commit/ca38dab9d3ee66c5de06f11af9a4b1200da5ef75,ca38dab9d3ee66c5de06f11af9a4b1200da5ef75,['CWE-416'],
libxsmm,https://github.com/libxsmm/libxsmm/commit/3f417e5e0670b066d558052fd32fc8093c81ee94,3f417e5e0670b066d558052fd32fc8093c81ee94,['CWE-295'],
shellinabox,https://github.com/shellinabox/shellinabox/commit/4f0ecc31ac6f985e0dd3f5a52cbfc0e9251f6361,4f0ecc31ac6f985e0dd3f5a52cbfc0e9251f6361,"['CWE-400', 'CWE-703', 'CWE-835']",
tensorflow,https://github.com/tensorflow/tensorflow/commit/b761c9b652af2107cfbc33efd19be0ce41daa33e,b761c9b652af2107cfbc33efd19be0ce41daa33e,"['CWE-131', 'CWE-787']",
samba,https://github.com/samba-team/samba/commit/52dd9f8f835bc23415ec51dcc344478497e208c3,52dd9f8f835bc23415ec51dcc344478497e208c3,['CWE-288'],
cpp-peglib,https://github.com/yhirose/cpp-peglib/commit/b3b29ce8f3acf3a32733d930105a17d7b0ba347e,b3b29ce8f3acf3a32733d930105a17d7b0ba347e,['CWE-125'],
tensorflow,https://github.com/tensorflow/tensorflow/commit/ff70c47a396ef1e3cb73c90513da4f5cb71bebba,ff70c47a396ef1e3cb73c90513da4f5cb71bebba,"['CWE-476', 'CWE-369']",
xorg-xserver,https://github.com/freedesktop/xorg-xserver/commit/e56f61c79fc3cee26d83cda0f84ae56d5979f768,e56f61c79fc3cee26d83cda0f84ae56d5979f768,['CWE-787'],
linux,https://github.com/torvalds/linux/commit/ce40cd3fc7fa40a6119e5fe6c0f2bc0eb4541009,ce40cd3fc7fa40a6119e5fe6c0f2bc0eb4541009,['CWE-703'],
tensorflow,https://github.com/tensorflow/tensorflow/commit/8a6e874437670045e6c7dc6154c7412b4a2135e2,8a6e874437670045e6c7dc6154c7412b4a2135e2,"['CWE-617', 'CWE-369']",
tensorflow,https://github.com/tensorflow/tensorflow/commit/2c74674348a4708ced58ad6eb1b23354df8ee044,2c74674348a4708ced58ad6eb1b23354df8ee044,['CWE-369'],
gerbv,https://github.com/gerbv/gerbv/commit/b2c2f8da851f2ac8079a91ce9d498d87ff96abcf,b2c2f8da851f2ac8079a91ce9d498d87ff96abcf,['CWE-703'],
tensorflow,https://github.com/tensorflow/tensorflow/commit/5b048e87e4e55990dae6b547add4dae59f4e1c76,5b048e87e4e55990dae6b547add4dae59f4e1c76,"['CWE-476', 'CWE-369']",
radare2,https://github.com/radareorg/radare2/commit/30f4c7b52a4e2dc0d0b1bae487d90f5437c69d19,30f4c7b52a4e2dc0d0b1bae487d90f5437c69d19,['CWE-125'],
tinyexr,https://github.com/syoyo/tinyexr/commit/a685e3332f61cd4e59324bf3f669d36973d64270,a685e3332f61cd4e59324bf3f669d36973d64270,"['CWE-20', 'CWE-190']",
wolfssh,https://github.com/wolfSSL/wolfssh/commit/edb272e35ee57e7b89f3e127222c6981b6a1e730,edb272e35ee57e7b89f3e127222c6981b6a1e730,['CWE-190'],
linux,https://github.com/torvalds/linux/commit/e237ec37ec154564f8690c5bd1795339955eeef9,e237ec37ec154564f8690c5bd1795339955eeef9,"['CWE-119', 'CWE-703']",
samba,https://github.com/samba-team/samba/commit/3e8d6e681f8dbe79e4595549f78c42649b3573a2,3e8d6e681f8dbe79e4595549f78c42649b3573a2,['CWE-703'],
ok-file-formats,https://github.com/brackeen/ok-file-formats/commit/a9cc1711dd4ed6a215038f1c5c03af0ef52c3211,a9cc1711dd4ed6a215038f1c5c03af0ef52c3211,['CWE-787'],
ntfs-3g,https://github.com/tuxera/ntfs-3g/commit/60717a846deaaea47e50ce58872869f7bd1103b5,60717a846deaaea47e50ce58872869f7bd1103b5,['CWE-703'],
linux,https://github.com/torvalds/linux/commit/2896c93811e39d63a4d9b63ccf12a8fbc226e5e4,2896c93811e39d63a4d9b63ccf12a8fbc226e5e4,['CWE-22'],
ompl,https://github.com/ompl/ompl/commit/abb4fadcb4e4fe4c9cf41e5e7706143a66948eb7,abb4fadcb4e4fe4c9cf41e5e7706143a66948eb7,['CWE-703'],
cryptopp,https://github.com/weidai11/cryptopp/commit/9425e16437439e68c7d96abef922167d68fafaff,9425e16437439e68c7d96abef922167d68fafaff,"['CWE-200', 'CWE-399']",
libjpeg,https://github.com/thorfdbg/libjpeg/commit/51c3241b6da39df30f016b63f43f31c4011222c7,51c3241b6da39df30f016b63f43f31c4011222c7,['CWE-476'],
nDPI,https://github.com/ntop/nDPI/commit/3bbb0cd3296023f6f922c71d21a1c374d2b0a435,3bbb0cd3296023f6f922c71d21a1c374d2b0a435,"['CWE-125', 'CWE-787']",
proxygen,https://github.com/facebook/proxygen/commit/f43b134cc5c19d8532e7fb670a1c02e85f7a8d4f,f43b134cc5c19d8532e7fb670a1c02e85f7a8d4f,['CWE-416'],
libde265,https://github.com/strukturag/libde265/commit/8e89fe0e175d2870c39486fdd09250b230ec10b8,8e89fe0e175d2870c39486fdd09250b230ec10b8,['CWE-787'],
linux,https://github.com/torvalds/linux/commit/2d3916f3189172d5c69d33065c3c21119fe539fc,2d3916f3189172d5c69d33065c3c21119fe539fc,['CWE-703'],
jerryscript,https://github.com/jerryscript-project/jerryscript/commit/c2b662170245a16f46ce02eae68815c325d99821,c2b662170245a16f46ce02eae68815c325d99821,"['CWE-119', 'CWE-125', 'CWE-703']",
fmt,https://github.com/fmtlib/fmt/commit/8cf30aa2be256eba07bb1cefb998c52326e846e7,8cf30aa2be256eba07bb1cefb998c52326e846e7,"['CWE-134', 'CWE-119', 'CWE-787']",
linux,https://github.com/torvalds/linux/commit/64620e0a1e712a778095bd35cbb277dc2259281f,64620e0a1e712a778095bd35cbb277dc2259281f,['CWE-787'],
tensorflow,https://github.com/tensorflow/tensorflow/commit/faa76f39014ed3b5e2c158593b1335522e573c7f,faa76f39014ed3b5e2c158593b1335522e573c7f,"['CWE-476', 'CWE-703']",
tensorflow,https://github.com/tensorflow/tensorflow/commit/8a793b5d7f59e37ac7f3cd0954a750a2fe76bad4,8a793b5d7f59e37ac7f3cd0954a750a2fe76bad4,['CWE-369'],
libssh2,https://github.com/libssh2/libssh2/commit/dedcbd106f8e52d5586b0205bc7677e4c9868f9c,dedcbd106f8e52d5586b0205bc7677e4c9868f9c,"['CWE-190', 'CWE-703']",
tensorflow,https://github.com/tensorflow/tensorflow/commit/3ade2efec2e90c6237de32a19680caaa3ebc2845,3ade2efec2e90c6237de32a19680caaa3ebc2845,"['CWE-119', 'CWE-787']",
libsixel,https://github.com/saitoha/libsixel/commit/7808a06b88c11dbc502318cdd51fa374f8cd47ee,7808a06b88c11dbc502318cdd51fa374f8cd47ee,"['CWE-703', 'CWE-787']",
git,https://github.com/git/git/commit/c44088ecc4b0722636e0a305f9608d3047197282,c44088ecc4b0722636e0a305f9608d3047197282,['CWE-522'],
php-src,https://github.com/php/php-src/commit/3b8d4de300854b3517c7acb239b84f7726c1353c,3b8d4de300854b3517c7acb239b84f7726c1353c,['CWE-190'],
bro,https://github.com/bro/bro/commit/6cedd67c381ff22fde653adf02ee31caf66c81a0,6cedd67c381ff22fde653adf02ee31caf66c81a0,"['CWE-119', 'CWE-787']",
httpd,https://github.com/apache/httpd/commit/a6027e56924bb6227c1fdbf6f91e7e2438338be6,a6027e56924bb6227c1fdbf6f91e7e2438338be6,['CWE-20'],
doom-vanille,https://github.com/AXDOOMER/doom-vanille/commit/8a6d9a02fa991a91ff90ccdc73b5ceabaa6cb9ec,8a6d9a02fa991a91ff90ccdc73b5ceabaa6cb9ec,"['CWE-120', 'CWE-787']",
tensorflow,https://github.com/tensorflow/tensorflow/commit/953f28dca13c92839ba389c055587cfe6c723578,953f28dca13c92839ba389c055587cfe6c723578,['CWE-125'],
libarchive,https://github.com/libarchive/libarchive/commit/94821008d6eea81e315c5881cdf739202961040a,94821008d6eea81e315c5881cdf739202961040a,"['CWE-20', 'CWE-125']",
ImageMagick,https://github.com/ImageMagick/ImageMagick/commit/2ba8f335fa06daf1165e0878462686028e633a74,2ba8f335fa06daf1165e0878462686028e633a74,"['CWE-703', 'CWE-772']",
gpac,https://github.com/gpac/gpac/commit/093283e727f396130651280609e687cd4778e0d1,093283e727f396130651280609e687cd4778e0d1,['CWE-125'],
ytnef,https://github.com/Yeraze/ytnef/commit/f98f5d4adc1c4bd4033638f6167c1bb95d642f89,f98f5d4adc1c4bd4033638f6167c1bb95d642f89,"['CWE-190', 'CWE-125']",
accel-ppp,https://github.com/accel-ppp/accel-ppp/commit/2324bcd5ba12cf28f47357a8f03cd41b7c04c52b,2324bcd5ba12cf28f47357a8f03cd41b7c04c52b,"['CWE-119', 'CWE-125', 'CWE-120']",
micro-ecc,https://github.com/kmackay/micro-ecc/commit/1b5f5cea5145c96dd8791b9b2c41424fc74c2172,1b5f5cea5145c96dd8791b9b2c41424fc74c2172,['CWE-415'],
pjproject,https://github.com/pjsip/pjproject/commit/856f87c2e97a27b256482dbe0d748b1194355a21,856f87c2e97a27b256482dbe0d748b1194355a21,"['CWE-703', 'CWE-835']",
swoole-src,https://github.com/swoole/swoole-src/commit/4cdbce5d9bf2fe596bb6acd7d6611f9e8c253a76,4cdbce5d9bf2fe596bb6acd7d6611f9e8c253a76,"['CWE-200', 'CWE-502']",
opencv,https://github.com/opencv/opencv/commit/7bbe1a53cfc097b82b1589f7915a2120de39274c,7bbe1a53cfc097b82b1589f7915a2120de39274c,"['CWE-399', 'CWE-119']",
qemu,https://github.com/qemu/qemu/commit/abe300d9d894f7138e1af7c8e9c88c04bfe98b37,abe300d9d894f7138e1af7c8e9c88c04bfe98b37,['CWE-703'],
ImageMagick,https://github.com/ImageMagick/ImageMagick/commit/35893e7cad78ce461fcaffa56076c11700ba5e4e,35893e7cad78ce461fcaffa56076c11700ba5e4e,"['CWE-200', 'CWE-362']",
fribidi,https://github.com/fribidi/fribidi/commit/ad3a19e6372b1e667128ed1ea2f49919884587e1,ad3a19e6372b1e667128ed1ea2f49919884587e1,['CWE-787'],
gcc,https://github.com/gcc-mirror/gcc/commit/a09ccc22459c565814f79f96586fe4ad083fe4eb,a09ccc22459c565814f79f96586fe4ad083fe4eb,['CWE-20'],
crawl,https://github.com/crawl/crawl/commit/fc522ff6eb1bbb85e3de60c60a45762571e48c28,fc522ff6eb1bbb85e3de60c60a45762571e48c28,['CWE-434'],
bitcoin,https://github.com/sipa/bitcoin/commit/a206b0ea12eb4606b93323268fc81a4f1f952531,a206b0ea12eb4606b93323268fc81a4f1f952531,"['CWE-16', 'CWE-787']",
linux,https://github.com/torvalds/linux/commit/4969c06a0d83c9c3dc50b8efcdc8eeedfce896f6,4969c06a0d83c9c3dc50b8efcdc8eeedfce896f6,['CWE-476'],
gpac,https://github.com/gpac/gpac/commit/1ab4860609f2e7a35634930571e7d0531297e090,1ab4860609f2e7a35634930571e7d0531297e090,"['CWE-416', 'CWE-125']",
ntfs-3g,https://github.com/tuxera/ntfs-3g/commit/7f81935f32e58e8fec22bc46683b1b067469405f,7f81935f32e58e8fec22bc46683b1b067469405f,['CWE-200'],
FFmpeg,https://github.com/FFmpeg/FFmpeg/commit/2c0e98a0b478284bdff6d7a4062522605a8beae5,2c0e98a0b478284bdff6d7a4062522605a8beae5,['CWE-369'],
gpac,https://github.com/gpac/gpac/commit/289ffce3e0d224d314f5f92a744d5fe35999f20b,289ffce3e0d224d314f5f92a744d5fe35999f20b,"['CWE-476', 'CWE-401']",
tensorflow,https://github.com/tensorflow/tensorflow/commit/7c8cc4ec69cd348e44ad6a2699057ca88faad3e5,7c8cc4ec69cd348e44ad6a2699057ca88faad3e5,['CWE-190'],
gpac,https://github.com/gpac/gpac/commit/0102c5d4db7fdbf08b5b591b2a6264de33867a07,0102c5d4db7fdbf08b5b591b2a6264de33867a07,['CWE-476'],
webcc,https://github.com/sprinfall/webcc/commit/55a45fd5039061d5cc62e9f1b9d1f7e97a15143f,55a45fd5039061d5cc62e9f1b9d1f7e97a15143f,['CWE-22'],
bluez,https://github.com/bluez/bluez/commit/7a80d2096f1b7125085e21448112aa02f49f5e9a,7a80d2096f1b7125085e21448112aa02f49f5e9a,['CWE-703'],
njs,https://github.com/nginx/njs/commit/404553896792b8f5f429dc8852d15784a59d8d3e,404553896792b8f5f429dc8852d15784a59d8d3e,"['CWE-703', 'CWE-754']",
php-src,https://github.com/php/php-src/commit/20ce2fe8e3c211a42fee05a461a5881be9a8790e,20ce2fe8e3c211a42fee05a461a5881be9a8790e,['CWE-502'],
glewlwyd,https://github.com/babelouest/glewlwyd/commit/0efd112bb62f566877750ad62ee828bff579b4e2,0efd112bb62f566877750ad62ee828bff579b4e2,"['CWE-120', 'CWE-787']",
gpac,https://github.com/gpac/gpac/commit/96699aabae042f8f55cf8a85fa5758e3db752bae,96699aabae042f8f55cf8a85fa5758e3db752bae,['CWE-276'],
tensorflow,https://github.com/tensorflow/tensorflow/commit/c57c0b9f3a4f8684f3489dd9a9ec627ad8b599f5,c57c0b9f3a4f8684f3489dd9a9ec627ad8b599f5,"['CWE-125', 'CWE-131']",
tensorflow,https://github.com/tensorflow/tensorflow/commit/136b51f10903e044308cf77117c0ed9871350475,136b51f10903e044308cf77117c0ed9871350475,['CWE-20'],
php-src,https://github.com/php/php-src/commit/28f80baf3c53e267c9ce46a2a0fadbb981585132,28f80baf3c53e267c9ce46a2a0fadbb981585132,"['CWE-119', 'CWE-787']",
tensorflow,https://github.com/tensorflow/tensorflow/commit/6972f9dfe325636b3db4e0bc517ee22a159365c0,6972f9dfe325636b3db4e0bc517ee22a159365c0,"['CWE-476', 'CWE-703']",
systemd,https://github.com/poettering/systemd/commit/904dcaf9d4933499f8334859f52ea8497f2d24ff,904dcaf9d4933499f8334859f52ea8497f2d24ff,['CWE-416'],
libjpeg,https://github.com/thorfdbg/libjpeg/commit/ef4a29a62ab48b8dc235f4af52cfd6319eda9a6a,ef4a29a62ab48b8dc235f4af52cfd6319eda9a6a,"['CWE-119', 'CWE-703']",
linux,https://github.com/torvalds/linux/commit/a70b52ec1aaeaf60f4739edb1b422827cb6f3893,a70b52ec1aaeaf60f4739edb1b422827cb6f3893,['CWE-200'],
libebml,https://github.com/Matroska-Org/libebml/commit/b66ca475be967547af9a3784e720fbbacd381be6,b66ca475be967547af9a3784e720fbbacd381be6,"['CWE-119', 'CWE-125']",
tensorflow,https://github.com/tensorflow/tensorflow/commit/49f73c55d56edffebde4bca4a407ad69c1cae433,49f73c55d56edffebde4bca4a407ad69c1cae433,"['CWE-20', 'CWE-125']",
folly,https://github.com/facebook/folly/commit/c321eb588909646c15aefde035fd3133ba32cdee,c321eb588909646c15aefde035fd3133ba32cdee,['CWE-125'],
unixODBC,https://github.com/lurcher/unixODBC/commit/45ef78e037f578b15fc58938a3a3251655e71d6f,45ef78e037f578b15fc58938a3a3251655e71d6f,"['CWE-119', 'CWE-369']",
tensorflow,https://github.com/tensorflow/tensorflow/commit/69c68ecbb24dff3fa0e46da0d16c821a2dd22d7c,69c68ecbb24dff3fa0e46da0d16c821a2dd22d7c,"['CWE-369', 'CWE-754']",
linux,https://github.com/torvalds/linux/commit/99c23da0eed4fd20cae8243f2b51e10e66aa0951,99c23da0eed4fd20cae8243f2b51e10e66aa0951,['CWE-416'],
tensorflow,https://github.com/tensorflow/tensorflow/commit/0cc38aaa4064fd9e79101994ce9872c6d91f816b,0cc38aaa4064fd9e79101994ce9872c6d91f816b,"['CWE-125', 'CWE-369', 'CWE-908']",
gpac,https://github.com/gpac/gpac/commit/b8f8b202d4fc23eb0ab4ce71ae96536ca6f5d3f8,b8f8b202d4fc23eb0ab4ce71ae96536ca6f5d3f8,"['CWE-476', 'CWE-787']",
mongo-c-driver-legacy,https://github.com/10gen-archive/mongo-c-driver-legacy/commit/1a1f5e26a4309480d88598913f9eebf9e9cba8ca,1a1f5e26a4309480d88598913f9eebf9e9cba8ca,['CWE-190'],
tensorflow,https://github.com/tensorflow/tensorflow/commit/ac117ee8a8ea57b73d34665cdf00ef3303bc0b11,ac117ee8a8ea57b73d34665cdf00ef3303bc0b11,['CWE-369'],
gpac,https://github.com/gpac/gpac/commit/328def7d3b93847d64ecb6e9e0399684e57c3eca,328def7d3b93847d64ecb6e9e0399684e57c3eca,['CWE-787'],
tensorflow,https://github.com/tensorflow/tensorflow/commit/3f6fe4dfef6f57e768260b48166c27d148f3015f,3f6fe4dfef6f57e768260b48166c27d148f3015f,['CWE-787'],
ImageMagick,https://github.com/ImageMagick/ImageMagick/commit/0417cea1b6d72f90bd4f1f573f91e42a8ba66a89,0417cea1b6d72f90bd4f1f573f91e42a8ba66a89,"['CWE-703', 'CWE-772']",
gpac,https://github.com/gpac/gpac/commit/ea1eca00fd92fa17f0e25ac25652622924a9a6a0,ea1eca00fd92fa17f0e25ac25652622924a9a6a0,['CWE-787'],
detect-character-encoding,https://github.com/sonicdoe/detect-character-encoding/commit/d44356927b92e3b13e178071bf6d7c671766f588,d44356927b92e3b13e178071bf6d7c671766f588,['CWE-401'],
tensorflow,https://github.com/tensorflow/tensorflow/commit/00302787b788c5ff04cb6f62aed5a74d936e86c0,00302787b788c5ff04cb6f62aed5a74d936e86c0,"['CWE-125', 'CWE-787']",
tensorflow,https://github.com/tensorflow/tensorflow/commit/a2b743f6017d7b97af1fe49087ae15f0ac634373,a2b743f6017d7b97af1fe49087ae15f0ac634373,"['CWE-125', 'CWE-369']",
linux,https://github.com/torvalds/linux/commit/505d9dcb0f7ddf9d075e729523a33d38642ae680,505d9dcb0f7ddf9d075e729523a33d38642ae680,"['CWE-703', 'CWE-401']",
varnish-cache,https://github.com/varnishcache/varnish-cache/commit/9be22198e258d0e7a5c41f4291792214a29405cf,9be22198e258d0e7a5c41f4291792214a29405cf,['CWE-190'],
tensorflow,https://github.com/tensorflow/tensorflow/commit/01cff3f986259d661103412a20745928c727326f,01cff3f986259d661103412a20745928c727326f,['CWE-125'],
tensorflow,https://github.com/tensorflow/tensorflow/commit/ba6822bd7b7324ba201a28b2f278c29a98edbef2,ba6822bd7b7324ba201a28b2f278c29a98edbef2,"['CWE-120', 'CWE-125']",
ok-file-formats,https://github.com/brackeen/ok-file-formats/commit/8d68dad9c9f220058e86dc7f3d05acca6b9aedf5,8d68dad9c9f220058e86dc7f3d05acca6b9aedf5,['CWE-787'],
mruby,https://github.com/mruby/mruby/commit/ff3a5ebed6ffbe3e70481531cfb969b497aa73ad,ff3a5ebed6ffbe3e70481531cfb969b497aa73ad,"['CWE-125', 'CWE-94']",
bash,https://github.com/bminor/bash/commit/951bdaad7a18cc0dc1036bba86b18b90874d39ff,951bdaad7a18cc0dc1036bba86b18b90874d39ff,"['CWE-273', 'CWE-787']",
mongo,https://github.com/mongodb/mongo/commit/c151e0660b9736fe66b224f1129a16871165251b,c151e0660b9736fe66b224f1129a16871165251b,['CWE-20'],
FFmpeg,https://github.com/FFmpeg/FFmpeg/commit/a3a3730b5456ca00587455004d40c047f7b20a99,a3a3730b5456ca00587455004d40c047f7b20a99,['CWE-787'],
rufus,https://github.com/pbatard/rufus/commit/19472668370aacec0dba9dda306601cfc4a4ed7e,19472668370aacec0dba9dda306601cfc4a4ed7e,['CWE-94'],
FFmpeg,https://github.com/FFmpeg/FFmpeg/commit/f1caaa1c61310beba705957e6366f0392a0b005b,f1caaa1c61310beba705957e6366f0392a0b005b,['CWE-703'],
gpac,https://github.com/gpac/gpac/commit/13dad7d5ef74ca2e6fe4010f5b03eb12e9bbe0ec,13dad7d5ef74ca2e6fe4010f5b03eb12e9bbe0ec,"['CWE-476', 'CWE-787']",
inspircd,https://github.com/inspircd/inspircd/commit/8745660fcdac7c1b80c94cfc0ff60928cd4dd4b7,8745660fcdac7c1b80c94cfc0ff60928cd4dd4b7,['CWE-476'],
tensorflow,https://github.com/tensorflow/tensorflow/commit/31bd5026304677faa8a0b77602c6154171b9aec1,31bd5026304677faa8a0b77602c6154171b9aec1,"['CWE-617', 'CWE-703']",
openjpeg,https://github.com/uclouvain/openjpeg/commit/cc3824767bde397fedb8a1ae4786a222ba860c8d,cc3824767bde397fedb8a1ae4786a222ba860c8d,"['CWE-119', 'CWE-787']",
php-src,https://github.com/php/php-src/commit/6dbb1ee46b5f4725cc6519abf91e512a2a10dfed,6dbb1ee46b5f4725cc6519abf91e512a2a10dfed,['CWE-200'],
MonetDB,https://github.com/MonetDB/MonetDB/commit/8c363ad2fd11017bd4a24a22afa0fa84cc25e25a,8c363ad2fd11017bd4a24a22afa0fa84cc25e25a,['CWE-703'],
qdecoder,https://github.com/wolkykim/qdecoder/commit/ce7c8a7ac450a823a11b06508ef1eb7441241f81,ce7c8a7ac450a823a11b06508ef1eb7441241f81,['CWE-94'],
FFmpeg,https://github.com/FFmpeg/FFmpeg/commit/02f909dc24b1f05cfbba75077c7707b905e63cd2,02f909dc24b1f05cfbba75077c7707b905e63cd2,"['CWE-20', 'CWE-129', 'CWE-787']",
libming,https://github.com/libming/libming/commit/6e76e8c71cb51c8ba0aa9737a636b9ac3029887f,6e76e8c71cb51c8ba0aa9737a636b9ac3029887f,"['CWE-20', 'CWE-476']",
mruby,https://github.com/mruby/mruby/commit/a4d97934d51cb88954cc49161dc1d151f64afb6b,a4d97934d51cb88954cc49161dc1d151f64afb6b,"['CWE-703', 'CWE-125']",
tensorflow,https://github.com/tensorflow/tensorflow/commit/0575b640091680cfb70f4dd93e70658de43b94f9,0575b640091680cfb70f4dd93e70658de43b94f9,['CWE-369'],
libgit2,https://github.com/libgit2/libgit2/commit/928429c5c96a701bcbcafacb2421a82602b36915,928429c5c96a701bcbcafacb2421a82602b36915,['CWE-20'],
tensorflow,https://github.com/tensorflow/tensorflow/commit/9e82dce6e6bd1f36a57e08fa85af213e2b2f2622,9e82dce6e6bd1f36a57e08fa85af213e2b2f2622,['CWE-476'],
tensorflow,https://github.com/tensorflow/tensorflow/commit/67bfd9feeecfb3c61d80f0e46d89c170fbee682b,67bfd9feeecfb3c61d80f0e46d89c170fbee682b,['CWE-125'],
FFmpeg,https://github.com/FFmpeg/FFmpeg/commit/29ffeef5e73b8f41ff3a3f2242d356759c66f91f,29ffeef5e73b8f41ff3a3f2242d356759c66f91f,['CWE-703'],
GameNetworkingSockets,https://github.com/ValveSoftware/GameNetworkingSockets/commit/e0c86dcb9139771db3db0cfdb1fb8bef0af19c43,e0c86dcb9139771db3db0cfdb1fb8bef0af19c43,['CWE-787'],
tensorflow,https://github.com/tensorflow/tensorflow/commit/bc9c546ce7015c57c2f15c168b3d9201de679a1d,bc9c546ce7015c57c2f15c168b3d9201de679a1d,"['CWE-125', 'CWE-369']",
php-src,https://github.com/php/php-src/commit/8763c6090d627d8bb0ee1d030c30e58f406be9ce,8763c6090d627d8bb0ee1d030c30e58f406be9ce,"['CWE-399', 'CWE-74']",
ImageMagick,https://github.com/ImageMagick/ImageMagick/commit/f6463ca9588579633bbaed9460899d892aa3c64a,f6463ca9588579633bbaed9460899d892aa3c64a,"['CWE-200', 'CWE-703']",
upx,https://github.com/upx/upx/commit/73b854874e723f38e84e5ff57a9eeb99653ca74c,73b854874e723f38e84e5ff57a9eeb99653ca74c,['CWE-787'],
radare2,https://github.com/radareorg/radare2/commit/04edfa82c1f3fa2bc3621ccdad2f93bdbf00e4f9,04edfa82c1f3fa2bc3621ccdad2f93bdbf00e4f9,['CWE-78'],
wangle,https://github.com/facebook/wangle/commit/5b3bceca875e4ea4ed9d14c20b20ce46c92c13c6,5b3bceca875e4ea4ed9d14c20b20ce46c92c13c6,"['CWE-119', 'CWE-787']",
folly,https://github.com/facebook/folly/commit/4f304af1411e68851bdd00ef6140e9de4616f7d3,4f304af1411e68851bdd00ef6140e9de4616f7d3,['CWE-787'],
gpac,https://github.com/gpac/gpac/commit/e74be5976a6fee059c638050a237893f7e9a3b23,e74be5976a6fee059c638050a237893f7e9a3b23,['CWE-476'],
znc,https://github.com/znc/znc/commit/2390ad111bde16a78c98ac44572090b33c3bd2d8,2390ad111bde16a78c98ac44572090b33c3bd2d8,['CWE-476'],
hhvm,https://github.com/facebook/hhvm/commit/95f96e7287effe2fcdfb9a5338d1a7e4f55b083b,95f96e7287effe2fcdfb9a5338d1a7e4f55b083b,['CWE-94'],
libsixel,https://github.com/saitoha/libsixel/commit/0b1e0b3f7b44233f84e5c9f512f8c90d6bbbe33d,0b1e0b3f7b44233f84e5c9f512f8c90d6bbbe33d,['CWE-125'],
mongoose-os,https://github.com/cesanta/mongoose-os/commit/b338266c0492cccdb8d8a93ee0b9217bc5a04036,b338266c0492cccdb8d8a93ee0b9217bc5a04036,['CWE-190'],
gpac,https://github.com/gpac/gpac/commit/d527325a9b72218612455a534a508f9e1753f76e,d527325a9b72218612455a534a508f9e1753f76e,['CWE-476'],
tensorflow,https://github.com/tensorflow/tensorflow/commit/15691e456c7dc9bd6be203b09765b063bf4a380c,15691e456c7dc9bd6be203b09765b063bf4a380c,"['CWE-476', 'CWE-369']",
ubridge,https://github.com/GNS3/ubridge/commit/2eb0d1dab6a6de76cf3556130a2d52af101077db,2eb0d1dab6a6de76cf3556130a2d52af101077db,"['CWE-200', 'CWE-269']",
gpac,https://github.com/gpac/gpac/commit/da37ec8582266983d0ec4b7550ec907401ec441e,da37ec8582266983d0ec4b7550ec907401ec441e,['CWE-787'],
tensorflow,https://github.com/tensorflow/tensorflow/commit/5899741d0421391ca878da47907b1452f06aaf1b,5899741d0421391ca878da47907b1452f06aaf1b,"['CWE-20', 'CWE-125']",
linux,https://github.com/torvalds/linux/commit/bc0b96b54a21246e377122d54569eef71cec535f,bc0b96b54a21246e377122d54569eef71cec535f,['CWE-703'],
linux,https://github.com/torvalds/linux/commit/de5494af4815a4c9328536c72741229b7de88e7f,de5494af4815a4c9328536c72741229b7de88e7f,"['CWE-200', 'CWE-401']",
crun,https://github.com/containers/crun/commit/1aeeed2e4fdeffb4875c0d0b439915894594c8c6,1aeeed2e4fdeffb4875c0d0b439915894594c8c6,['CWE-276'],
ImageMagick,https://github.com/ImageMagick/ImageMagick/commit/d9a8234d211da30baf9526fbebe9a8438ea7e11c,d9a8234d211da30baf9526fbebe9a8438ea7e11c,"['CWE-703', 'CWE-834']",
tensorflow,https://github.com/tensorflow/tensorflow/commit/f6c40f0c6cbf00d46c7717a26419f2062f2f8694,f6c40f0c6cbf00d46c7717a26419f2062f2f8694,['CWE-787'],
tensorflow,https://github.com/tensorflow/tensorflow/commit/7bdf50bb4f5c54a4997c379092888546c97c3ebd,7bdf50bb4f5c54a4997c379092888546c97c3ebd,['CWE-476'],
tensorflow,https://github.com/tensorflow/tensorflow/commit/ca8c013b5e97b1373b3bb1c97ea655e69f31a575,ca8c013b5e97b1373b3bb1c97ea655e69f31a575,"['CWE-703', 'CWE-197']",
linux,https://github.com/torvalds/linux/commit/33ab91103b3415e12457e3104f0e4517ce12d0f3,33ab91103b3415e12457e3104f0e4517ce12d0f3,['CWE-284'],
tensorflow,https://github.com/tensorflow/tensorflow/commit/8e45822aa0b9f5df4b4c64f221e64dc930a70a9d,8e45822aa0b9f5df4b4c64f221e64dc930a70a9d,['CWE-369'],
FFmpeg,https://github.com/FFmpeg/FFmpeg/commit/d8ecb335fe4852bbc172c7b79e66944d158b4d92,d8ecb335fe4852bbc172c7b79e66944d158b4d92,['CWE-703'],
ImageMagick,https://github.com/ImageMagick/ImageMagick/commit/66e283e0a9c141b19fe6c4c39f4a41c0d3188ba8,66e283e0a9c141b19fe6c4c39f4a41c0d3188ba8,"['CWE-772', 'CWE-401']",
envoy,https://github.com/envoyproxy/envoy/commit/ea39e3cba652bcc4b11bb0d5c62b017e584d2e5a,ea39e3cba652bcc4b11bb0d5c62b017e584d2e5a,"['CWE-303', 'CWE-703']",
libredwg,https://github.com/LibreDWG/libredwg/commit/45d2a290c65ed691be0901ba2b2ef51044e07a16,45d2a290c65ed691be0901ba2b2ef51044e07a16,['CWE-787'],
ImageMagick,https://github.com/ImageMagick/ImageMagick/commit/c1b09bbec148f6ae11d0b686fdb89ac6dc0ab14e,c1b09bbec148f6ae11d0b686fdb89ac6dc0ab14e,"['CWE-772', 'CWE-401']",
LIEF,https://github.com/lief-project/LIEF/commit/0033b6312fd311b2e45e379c04a83d77c1e58578,0033b6312fd311b2e45e379c04a83d77c1e58578,['CWE-787'],
tensorflow,https://github.com/tensorflow/tensorflow/commit/82e6203221865de4008445b13c69b6826d2b28d9,82e6203221865de4008445b13c69b6826d2b28d9,"['CWE-755', 'CWE-125']",
turbovnc,https://github.com/TurboVNC/turbovnc/commit/cea98166008301e614e0d36776bf9435a536136e,cea98166008301e614e0d36776bf9435a536136e,['CWE-787'],
radare2,https://github.com/radareorg/radare2/commit/b4ca66f5d4363d68a6379e5706353b3bde5104a4,b4ca66f5d4363d68a6379e5706353b3bde5104a4,['CWE-787'],
openmpt,https://github.com/OpenMPT/openmpt/commit/b60b322cf9f0ffa624018f1bb9783edf0dc908c3,b60b322cf9f0ffa624018f1bb9783edf0dc908c3,['CWE-125'],
accel-ppp,https://github.com/accel-ppp/accel-ppp/commit/e9d369aa0054312b7633e964e9f7eb323f1f3d69,e9d369aa0054312b7633e964e9f7eb323f1f3d69,"['CWE-191', 'CWE-787']",
asylo,https://github.com/google/asylo/commit/a37fb6a0e7daf30134dbbf357c9a518a1026aa02,a37fb6a0e7daf30134dbbf357c9a518a1026aa02,['CWE-787'],
asylo,https://github.com/google/asylo/commit/b1d120a2c7d7446d2cc58d517e20a1b184b82200,b1d120a2c7d7446d2cc58d517e20a1b184b82200,['CWE-125'],
tensorflow,https://github.com/tensorflow/tensorflow/commit/704866eabe03a9aeda044ec91a8d0c83fc1ebdbe,704866eabe03a9aeda044ec91a8d0c83fc1ebdbe,"['CWE-617', 'CWE-703']",
mongo,https://github.com/mongodb/mongo/commit/035cf2afc04988b22cb67f4ebfd77e9b344cb6e0,035cf2afc04988b22cb67f4ebfd77e9b344cb6e0,['CWE-200'],
htmldoc,https://github.com/michaelrsweet/htmldoc/commit/008861d8339c6ec777e487770b70b95b1ed0c1d2,008861d8339c6ec777e487770b70b95b1ed0c1d2,['CWE-476'],
tensorflow,https://github.com/tensorflow/tensorflow/commit/579261dcd446385831fe4f7457d802a59685121d,579261dcd446385831fe4f7457d802a59685121d,['CWE-354'],
znc,https://github.com/znc/znc/commit/a4a5aeeb17d32937d8c7d743dae9a4cc755ce773,a4a5aeeb17d32937d8c7d743dae9a4cc755ce773,['CWE-22'],
ImageMagick,https://github.com/ImageMagick/ImageMagick/commit/8043433ba9ce0c550e09f2b3b6a3f5f62d802e6d,8043433ba9ce0c550e09f2b3b6a3f5f62d802e6d,['CWE-416'],
crawl,https://github.com/crawl/crawl/commit/768f60da87a3fa0b5561da5ade9309577c176d04,768f60da87a3fa0b5561da5ade9309577c176d04,['CWE-434'],
Espruino,https://github.com/espruino/Espruino/commit/e069be2ecc5060ef47391716e4de94999595b260,e069be2ecc5060ef47391716e4de94999595b260,['CWE-787'],
tensorflow,https://github.com/tensorflow/tensorflow/commit/5ac1b9e24ff6afc465756edf845d2e9660bd34bf,5ac1b9e24ff6afc465756edf845d2e9660bd34bf,"['CWE-20', 'CWE-476']",
libmodbus,https://github.com/stephane/libmodbus/commit/b4ef4c17d618eba0adccc4c7d9e9a1ef809fc9b6,b4ef4c17d618eba0adccc4c7d9e9a1ef809fc9b6,['CWE-787'],
tensorflow,https://github.com/tensorflow/tensorflow/commit/7731e8dfbe4a56773be5dc94d631611211156659,7731e8dfbe4a56773be5dc94d631611211156659,['CWE-824'],
tensorflow,https://github.com/tensorflow/tensorflow/commit/cfa91be9863a91d5105a3b4941096044ab32036b,cfa91be9863a91d5105a3b4941096044ab32036b,['CWE-369'],
tensorflow,https://github.com/tensorflow/tensorflow/commit/6d36ba65577006affb272335b7c1abd829010708,6d36ba65577006affb272335b7c1abd829010708,['CWE-369'],
nanopb,https://github.com/nanopb/nanopb/commit/7b396821ddd06df8e39143f16e1dc0a4645b89a3,7b396821ddd06df8e39143f16e1dc0a4645b89a3,['CWE-125'],
git,https://github.com/git/git/commit/3b0bf2704980b1ed6018622bdf5377ec22289688,3b0bf2704980b1ed6018622bdf5377ec22289688,['CWE-22'],
fbthrift,https://github.com/facebook/fbthrift/commit/c5d6e07588cd03061bc54d451a7fa6e84883d62b,c5d6e07588cd03061bc54d451a7fa6e84883d62b,"['CWE-20', 'CWE-703', 'CWE-755']",
tensorflow,https://github.com/tensorflow/tensorflow/commit/799f835a3dfa00a4d852defa29b15841eea9d64f,799f835a3dfa00a4d852defa29b15841eea9d64f,['CWE-369'],
vlc,https://github.com/videolan/vlc/commit/2e7c7091a61aa5d07e7997b393d821e91f593c39,2e7c7091a61aa5d07e7997b393d821e91f593c39,"['CWE-120', 'CWE-191', 'CWE-787']",
linux,https://github.com/torvalds/linux/commit/983d8e60f50806f90534cc5373d0ce867e5aaf79,983d8e60f50806f90534cc5373d0ce867e5aaf79,['CWE-125'],
libtpms,https://github.com/stefanberger/libtpms/commit/5cc98a62dc6f204dcf5b87c2ee83ac742a6a319b,5cc98a62dc6f204dcf5b87c2ee83ac742a6a319b,['CWE-787'],
png-img,https://github.com/gemini-testing/png-img/commit/14ac462a32ca4b3b78f56502ac976d5b0222ce3d,14ac462a32ca4b3b78f56502ac976d5b0222ce3d,"['CWE-190', 'CWE-787']",
FFmpeg,https://github.com/FFmpeg/FFmpeg/commit/837cb4325b712ff1aab531bf41668933f61d75d2,837cb4325b712ff1aab531bf41668933f61d75d2,['CWE-476'],
ImageMagick,https://github.com/ImageMagick/ImageMagick/commit/f13c6b54a879aaa771ec64b5a066b939e8f8e7f0,f13c6b54a879aaa771ec64b5a066b939e8f8e7f0,"['CWE-20', 'CWE-703']",
linux,https://github.com/torvalds/linux/commit/fdf82a7856b32d905c39afc85e34364491e46346,fdf82a7856b32d905c39afc85e34364491e46346,['CWE-362'],
tensorflow,https://github.com/tensorflow/tensorflow/commit/b5cdbf12ffcaaffecf98f22a6be5a64bb96e4f58,b5cdbf12ffcaaffecf98f22a6be5a64bb96e4f58,"['CWE-369', 'CWE-681']",
gpac,https://github.com/gpac/gpac/commit/eb71812fcc10e9c5348a5d1c61bd25b6fa06eaed,eb71812fcc10e9c5348a5d1c61bd25b6fa06eaed,"['CWE-125', 'CWE-787']",
tensorflow,https://github.com/tensorflow/tensorflow/commit/1cb6bb6c2a6019417c9adaf9e6843ba75ee2580b,1cb6bb6c2a6019417c9adaf9e6843ba75ee2580b,['CWE-125'],
qemu,https://github.com/qemu/qemu/commit/3de46e6fc489c52c9431a8a832ad8170a7569bd8,3de46e6fc489c52c9431a8a832ad8170a7569bd8,['CWE-284'],
njs,https://github.com/nginx/njs/commit/eafe4c7a326b163612f10861392622b5da5b1792,eafe4c7a326b163612f10861392622b5da5b1792,"['CWE-416', 'CWE-703']",
asylo,https://github.com/google/asylo/commit/ecfcd0008b6f8f63c6fa3cc1b62fcd4a52f2c0ad,ecfcd0008b6f8f63c6fa3cc1b62fcd4a52f2c0ad,"['CWE-200', 'CWE-668']",
tensorflow,https://github.com/tensorflow/tensorflow/commit/106d8f4fb89335a2c52d7c895b7a7485465ca8d9,106d8f4fb89335a2c52d7c895b7a7485465ca8d9,['CWE-369'],
linux,https://github.com/torvalds/linux/commit/9183671af6dbf60a1219371d4ed73e23f43b49db,9183671af6dbf60a1219371d4ed73e23f43b49db,['CWE-203'],
ImageMagick,https://github.com/ImageMagick/ImageMagick/commit/9a069e0f2e027ec5138f998023cf9cb62c04889f,9a069e0f2e027ec5138f998023cf9cb62c04889f,['CWE-415'],
njs,https://github.com/nginx/njs/commit/ab1702c7af9959366a5ddc4a75b4357d4e9ebdc1,ab1702c7af9959366a5ddc4a75b4357d4e9ebdc1,['CWE-787'],
toybox,https://github.com/landley/toybox/commit/6d4847934fc0fe47a3254ce6c0396d197a780cf4,6d4847934fc0fe47a3254ce6c0396d197a780cf4,['CWE-787'],
linux,https://github.com/torvalds/linux/commit/e159332b9af4b04d882dbcfe1bb0117f0a6d4b58,e159332b9af4b04d882dbcfe1bb0117f0a6d4b58,"['CWE-119', 'CWE-703']",
jpeg-quantsmooth,https://github.com/ilyakurdyukov/jpeg-quantsmooth/commit/8879454401722ea603c6e3abfafdeb30c0880c8e,8879454401722ea603c6e3abfafdeb30c0880c8e,['CWE-401'],
electron,https://github.com/electron/electron/commit/18613925610ba319da7f497b6deed85ad712c59b,18613925610ba319da7f497b6deed85ad712c59b,"['CWE-284', 'CWE-693']",
wolfssl,https://github.com/wolfSSL/wolfssl/commit/f93083be72a3b3d956b52a7ec13f307a27b6e093,f93083be72a3b3d956b52a7ec13f307a27b6e093,"['CWE-125', 'CWE-345']",
linux,https://github.com/torvalds/linux/commit/371528caec553785c37f73fa3926ea0de84f986f,371528caec553785c37f73fa3926ea0de84f986f,"['CWE-476', 'CWE-415']",
at91bootstrap,https://github.com/linux4sam/at91bootstrap/commit/7753914c9a622c245f3a3cf2af5e24b6a9904213,7753914c9a622c245f3a3cf2af5e24b6a9904213,['CWE-203'],
binutils-gdb,https://github.com/bminor/binutils-gdb/commit/695c6dfe7e85006b98c8b746f3fd5f913c94ebff,695c6dfe7e85006b98c8b746f3fd5f913c94ebff,['CWE-703'],
tensorflow,https://github.com/tensorflow/tensorflow/commit/d6ed5bcfe1dcab9e85a4d39931bd18d99018e75b,d6ed5bcfe1dcab9e85a4d39931bd18d99018e75b,['CWE-369'],
tensorflow,https://github.com/tensorflow/tensorflow/commit/dfa22b348b70bb89d6d6ec0ff53973bacb4f4695,dfa22b348b70bb89d6d6ec0ff53973bacb4f4695,"['CWE-703', 'CWE-835']",
LibRaw,https://github.com/LibRaw/LibRaw/commit/e47384546b43d0fd536e933249047bc397a4d88b,e47384546b43d0fd536e933249047bc397a4d88b,"['CWE-703', 'CWE-835']",
FFmpeg,https://github.com/FFmpeg/FFmpeg/commit/9ffa49496d1aae4cbbb387aac28a9e061a6ab0a6,9ffa49496d1aae4cbbb387aac28a9e061a6ab0a6,['CWE-252'],
jerryscript,https://github.com/jerryscript-project/jerryscript/commit/3bcd48f72d4af01d1304b754ef19fe1a02c96049,3bcd48f72d4af01d1304b754ef19fe1a02c96049,['CWE-416'],
tensorflow,https://github.com/tensorflow/tensorflow/commit/8a84f7a2b5a2b27ecf88d25bad9ac777cd2f7992,8a84f7a2b5a2b27ecf88d25bad9ac777cd2f7992,"['CWE-703', 'CWE-681']",
FFmpeg,https://github.com/FFmpeg/FFmpeg/commit/94e538aebbc9f9c529e8b1f2eda860cfb8c473b1,94e538aebbc9f9c529e8b1f2eda860cfb8c473b1,['CWE-125'],
FFmpeg,https://github.com/FFmpeg/FFmpeg/commit/f173cdfe669556aa92857adafe60cbe5f2aa1210,f173cdfe669556aa92857adafe60cbe5f2aa1210,['CWE-703'],
akashi,https://github.com/AttorneyOnline/akashi/commit/5566cdfedddef1f219aee33477d9c9690bf2f78b,5566cdfedddef1f219aee33477d9c9690bf2f78b,"['CWE-703', 'CWE-129']",
tensorflow,https://github.com/tensorflow/tensorflow/commit/68867bf01239d9e1048f98cbad185bf4761bedd3,68867bf01239d9e1048f98cbad185bf4761bedd3,"['CWE-703', 'CWE-908']",
openmpt,https://github.com/OpenMPT/openmpt/commit/7ebf02af2e90f03e0dbd0e18b8b3164f372fb97c,7ebf02af2e90f03e0dbd0e18b8b3164f372fb97c,['CWE-125'],
wireshark,https://github.com/wireshark/wireshark/commit/41bfc9112480c3d83331ed93470c7f675a9d5b1a,41bfc9112480c3d83331ed93470c7f675a9d5b1a,['CWE-703'],
ImageMagick,https://github.com/ImageMagick/ImageMagick/commit/94936efda8aa63563211eda07a5ade92abb32f7a,94936efda8aa63563211eda07a5ade92abb32f7a,"['CWE-119', 'CWE-703']",
tensorflow,https://github.com/tensorflow/tensorflow/commit/ace0c15a22f7f054abcc1f53eabbcb0a1239a9e2,ace0c15a22f7f054abcc1f53eabbcb0a1239a9e2,"['CWE-908', 'CWE-787']",
gpac,https://github.com/gpac/gpac/commit/ebfa346eff05049718f7b80041093b4c5581c24e,ebfa346eff05049718f7b80041093b4c5581c24e,['CWE-476'],
tensorflow,https://github.com/tensorflow/tensorflow/commit/cff267650c6a1b266e4b4500f69fbc49cdd773c5,cff267650c6a1b266e4b4500f69fbc49cdd773c5,"['CWE-20', 'CWE-703']",
linux,https://github.com/torvalds/linux/commit/7ed47b7d142ec99ad6880bbbec51e9f12b3af74c,7ed47b7d142ec99ad6880bbbec51e9f12b3af74c,['CWE-476'],
tensorflow,https://github.com/tensorflow/tensorflow/commit/dcd7867de0fea4b72a2b34bd41eb74548dc23886,dcd7867de0fea4b72a2b34bd41eb74548dc23886,['CWE-125'],
fastecdsa,https://github.com/AntonKueltz/fastecdsa/commit/e592f106edd5acf6dacedfab2ad16fe6c735c9d1,e592f106edd5acf6dacedfab2ad16fe6c735c9d1,['CWE-347'],
lighttpd1.4,https://github.com/lighttpd/lighttpd1.4/commit/971773f1fae600074b46ef64f3ca1f76c227985f,971773f1fae600074b46ef64f3ca1f76c227985f,['CWE-476'],
harfbuzz,https://github.com/harfbuzz/harfbuzz/commit/d3e09bf4654fe5478b6dbf2b26ebab6271317d81,d3e09bf4654fe5478b6dbf2b26ebab6271317d81,['CWE-787'],
libsixel,https://github.com/saitoha/libsixel/commit/cb373ab6614c910407c5e5a93ab935144e62b037,cb373ab6614c910407c5e5a93ab935144e62b037,['CWE-200'],
envoy,https://github.com/envoyproxy/envoy/commit/148de954ed3585d8b4298b424aa24916d0de6136,148de954ed3585d8b4298b424aa24916d0de6136,['CWE-416'],
veyon,https://github.com/veyon/veyon/commit/f231ec511b9a09f43f49b2c7bb7c60b8046276b1,f231ec511b9a09f43f49b2c7bb7c60b8046276b1,"['CWE-428', 'CWE-295']",
linux,https://github.com/torvalds/linux/commit/667eff35a1f56fa74ce98a0c7c29a40adc1ba4e3,667eff35a1f56fa74ce98a0c7c29a40adc1ba4e3,['CWE-703'],
pycrypto,https://github.com/dlitz/pycrypto/commit/8dbe0dc3eea5c689d4f76b37b93fe216cf1f00d4,8dbe0dc3eea5c689d4f76b37b93fe216cf1f00d4,"['CWE-119', 'CWE-787']",
linux,https://github.com/torvalds/linux/commit/dc0b027dfadfcb8a5504f7d8052754bf8d501ab9,dc0b027dfadfcb8a5504f7d8052754bf8d501ab9,['CWE-703'],
LibRaw,https://github.com/LibRaw/LibRaw/commit/8682ad204392b914ab1cc6ebcca9c27c19c1a4b4,8682ad204392b914ab1cc6ebcca9c27c19c1a4b4,['CWE-787'],
FFmpeg,https://github.com/FFmpeg/FFmpeg/commit/27a99e2c7d450fef15594671eef4465c8a166bd7,27a99e2c7d450fef15594671eef4465c8a166bd7,['CWE-787'],
tensorflow,https://github.com/tensorflow/tensorflow/commit/8f37b52e1320d8d72a9529b2468277791a261197,8f37b52e1320d8d72a9529b2468277791a261197,"['CWE-703', 'CWE-787']",
wolfssl,https://github.com/wolfSSL/wolfssl/commit/23878512c65834d12811b1107d19a001478eca5d,23878512c65834d12811b1107d19a001478eca5d,"['CWE-200', 'CWE-327', 'CWE-347']",
ImageMagick,https://github.com/ImageMagick/ImageMagick/commit/eedd0c35bb2d8af7aa05f215689fdebd11633fa1,eedd0c35bb2d8af7aa05f215689fdebd11633fa1,"['CWE-399', 'CWE-119']",
uftpd,https://github.com/troglobit/uftpd/commit/455b47d3756aed162d2d0ef7f40b549f3b5b30fe,455b47d3756aed162d2d0ef7f40b549f3b5b30fe,['CWE-22'],
tensorflow,https://github.com/tensorflow/tensorflow/commit/718721986aa137691ee23f03638867151f74935f,718721986aa137691ee23f03638867151f74935f,['CWE-369'],
mujs,https://github.com/ccxvii/mujs/commit/df8559e7bdbc6065276e786217eeee70f28fce66,df8559e7bdbc6065276e786217eeee70f28fce66,"['CWE-703', 'CWE-787']",
md4c,https://github.com/mity/md4c/commit/4fc808d8fe8d8904f8525bb4231d854f45e23a19,4fc808d8fe8d8904f8525bb4231d854f45e23a19,"['CWE-125', 'CWE-908']",
taglib,https://github.com/taglib/taglib/commit/cb9f07d9dcd791b63e622da43f7b232adaec0a9a,cb9f07d9dcd791b63e622da43f7b232adaec0a9a,"['CWE-434', 'CWE-352']",
Pillow,https://github.com/python-pillow/Pillow/commit/6dcbf5bd96b717c58d7b642949da8d323099928e,6dcbf5bd96b717c58d7b642949da8d323099928e,"['CWE-119', 'CWE-787']",
gpac,https://github.com/gpac/gpac/commit/3dbe11b37d65c8472faf0654410068e5500b3adb,3dbe11b37d65c8472faf0654410068e5500b3adb,"['CWE-119', 'CWE-703']",
tensorflow,https://github.com/tensorflow/tensorflow/commit/537bc7c723439b9194a358f64d871dd326c18887,537bc7c723439b9194a358f64d871dd326c18887,['CWE-908'],
percona-xtrabackup,https://github.com/percona/percona-xtrabackup/commit/7742f875bb289a874246fb4653b7cd9f14b588fe,7742f875bb289a874246fb4653b7cd9f14b588fe,['CWE-200'],
wolfMQTT,https://github.com/wolfSSL/wolfMQTT/commit/84d4b53122e0fa0280c7872350b89d5777dabbb2,84d4b53122e0fa0280c7872350b89d5777dabbb2,['CWE-787'],
vim,https://github.com/vim/vim/commit/2a585c85013be22f59f184d49612074fd9b115d7,2a585c85013be22f59f184d49612074fd9b115d7,"['CWE-416', 'CWE-122']",
astc-encoder,https://github.com/ARM-software/astc-encoder/commit/bdd385fe19bf2737bead4b5664acdfdeca7aab15,bdd385fe19bf2737bead4b5664acdfdeca7aab15,['CWE-787'],
weechat,https://github.com/weechat/weechat/commit/8b1331f98de1714bae15a9ca2e2b393ba49d735b,8b1331f98de1714bae15a9ca2e2b393ba49d735b,['CWE-125'],
postgres,https://github.com/postgres/postgres/commit/b9b21acc766db54d8c337d508d0fe2f5bf2daab0,b9b21acc766db54d8c337d508d0fe2f5bf2daab0,['CWE-94'],
gerbv,https://github.com/gerbv/gerbv/commit/319a8af890e4d0a5c38e6d08f510da8eefc42537,319a8af890e4d0a5c38e6d08f510da8eefc42537,['CWE-200'],
opencv,https://github.com/opencv/opencv/commit/d1615ba11a93062b1429fce9f0f638d1572d3418,d1615ba11a93062b1429fce9f0f638d1572d3418,"['CWE-125', 'CWE-369']",
FFmpeg,https://github.com/FFmpeg/FFmpeg/commit/8a3b85f3a7952c54a2c36ba1797f7e0cde9f85aa,8a3b85f3a7952c54a2c36ba1797f7e0cde9f85aa,['CWE-703'],
FFmpeg,https://github.com/FFmpeg/FFmpeg/commit/e6d3fd942f772f54ab6a5ca619cdaadef26b7702,e6d3fd942f772f54ab6a5ca619cdaadef26b7702,['CWE-125'],
libredwg,https://github.com/LibreDWG/libredwg/commit/95cc9300430d35feb05b06a9badf678419463dbe,95cc9300430d35feb05b06a9badf678419463dbe,"['CWE-703', 'CWE-125']",
ImageMagick,https://github.com/ImageMagick/ImageMagick/commit/1dc0ac5016f1c4d50b100a086526d6a2453a5444,1dc0ac5016f1c4d50b100a086526d6a2453a5444,"['CWE-772', 'CWE-401']",
tensorflow,https://github.com/tensorflow/tensorflow/commit/4f663d4b8f0bec1b48da6fa091a7d29609980fa4,4f663d4b8f0bec1b48da6fa091a7d29609980fa4,"['CWE-703', 'CWE-681']",
tensorflow,https://github.com/tensorflow/tensorflow/commit/aab9998916c2ffbd8f0592059fad352622f89cda,aab9998916c2ffbd8f0592059fad352622f89cda,['CWE-125'],
linux,https://github.com/torvalds/linux/commit/fd9f26e4eca5d08a27d12c0933fceef76ed9663d,fd9f26e4eca5d08a27d12c0933fceef76ed9663d,"['CWE-416', 'CWE-415']",
ImageMagick,https://github.com/ImageMagick/ImageMagick/commit/7d63315a64267c565d1f34b9cb523a14616fed24,7d63315a64267c565d1f34b9cb523a14616fed24,"['CWE-400', 'CWE-703']",
incubator-doris,https://github.com/apache/incubator-doris/commit/246ac4e37aa4da6836b7850cb990f02d1c3725a3,246ac4e37aa4da6836b7850cb990f02d1c3725a3,['CWE-200'],
ImageMagick,https://github.com/ImageMagick/ImageMagick/commit/72a50e400d98d7a2fd610caedfeb9af043dc5582,72a50e400d98d7a2fd610caedfeb9af043dc5582,"['CWE-772', 'CWE-401']",
gimp,https://github.com/GNOME/gimp/commit/6ab90ecbbd7cc95901933f62227fd140c0576d55,6ab90ecbbd7cc95901933f62227fd140c0576d55,['CWE-703'],
engine,https://github.com/gost-engine/engine/commit/b2b4d629f100eaee9f5942a106b1ccefe85b8808,b2b4d629f100eaee9f5942a106b1ccefe85b8808,"['CWE-120', 'CWE-787']",
cpp-peglib,https://github.com/yhirose/cpp-peglib/commit/0061f393de54cf0326621c079dc2988336d1ebb3,0061f393de54cf0326621c079dc2988336d1ebb3,['CWE-476'],
tang,https://github.com/latchset/tang/commit/e82459fda10f0630c3414ed2afbc6320bb9ea7c9,e82459fda10f0630c3414ed2afbc6320bb9ea7c9,['CWE-200'],
tensorflow,https://github.com/tensorflow/tensorflow/commit/db4f9717c41bccc3ce10099ab61996b246099892,db4f9717c41bccc3ce10099ab61996b246099892,"['CWE-703', 'CWE-681', 'CWE-787']",
tensorflow,https://github.com/tensorflow/tensorflow/commit/ecf768cbe50cedc0a45ce1ee223146a3d3d26d23,ecf768cbe50cedc0a45ce1ee223146a3d3d26d23,"['CWE-120', 'CWE-787']",
gpac,https://github.com/gpac/gpac/commit/c535bad50d5812d27ee5b22b54371bddec411514,c535bad50d5812d27ee5b22b54371bddec411514,['CWE-416'],
jhead,https://github.com/Matthias-Wandel/jhead/commit/b8d78e5ec982e86cdd70ebfc1ebbb2273c982eea,b8d78e5ec982e86cdd70ebfc1ebbb2273c982eea,['CWE-787'],
subversion,https://github.com/apache/subversion/commit/e1b615840932fb46aefe1cd90d2115720af4600e,e1b615840932fb46aefe1cd90d2115720af4600e,['CWE-703'],
tensorflow,https://github.com/tensorflow/tensorflow/commit/1071f554dbd09f7e101324d366eec5f4fe5a3ece,1071f554dbd09f7e101324d366eec5f4fe5a3ece,"['CWE-125', 'CWE-824']",
hermes,https://github.com/facebook/hermes/commit/2c7af7ec481ceffd0d14ce2d7c045e475fd71dc6,2c7af7ec481ceffd0d14ce2d7c045e475fd71dc6,"['CWE-703', 'CWE-681']",
tensorflow,https://github.com/tensorflow/tensorflow/commit/20431e9044cf2ad3c0323c34888b192f3289af6b,20431e9044cf2ad3c0323c34888b192f3289af6b,"['CWE-754', 'CWE-787']",
tensorflow,https://github.com/tensorflow/tensorflow/commit/63c6a29d0f2d692b247f7bf81f8732d6442fad09,63c6a29d0f2d692b247f7bf81f8732d6442fad09,"['CWE-369', 'CWE-787']",
tensorflow,https://github.com/tensorflow/tensorflow/commit/e86605c0a336c088b638da02135ea6f9f6753618,e86605c0a336c088b638da02135ea6f9f6753618,['CWE-369'],
tensorflow,https://github.com/tensorflow/tensorflow/commit/da5ff2daf618591f64b2b62d9d9803951b945e9f,da5ff2daf618591f64b2b62d9d9803951b945e9f,['CWE-369'],
libjxl,https://github.com/libjxl/libjxl/commit/7dfa400ded53919d986c5d3d23446a09e0cf481b,7dfa400ded53919d986c5d3d23446a09e0cf481b,['CWE-369'],
nanopb,https://github.com/nanopb/nanopb/commit/e2f0ccf939d9f82931d085acb6df8e9a182a4261,e2f0ccf939d9f82931d085acb6df8e9a182a4261,['CWE-763'],
bareos,https://github.com/bareos/bareos/commit/abe462037388635193f3b5b71575f32596c3b69d,abe462037388635193f3b5b71575f32596c3b69d,['CWE-284'],
linux,https://github.com/torvalds/linux/commit/9fbfabfda25d8774c5a08634fdd2da000a924890,9fbfabfda25d8774c5a08634fdd2da000a924890,['CWE-416'],
tensorflow,https://github.com/tensorflow/tensorflow/commit/0462de5b544ed4731aa2fb23946ac22c01856b80,0462de5b544ed4731aa2fb23946ac22c01856b80,"['CWE-125', 'CWE-122', 'CWE-787']",
gpac,https://github.com/gpac/gpac/commit/da69ad1f970a7e17c865eaec9af98cc84df10d5b,da69ad1f970a7e17c865eaec9af98cc84df10d5b,['CWE-787'],
AESCrypt,https://github.com/paulej/AESCrypt/commit/68761851b595e96c68c3f46bfc21167e72c6a22c,68761851b595e96c68c3f46bfc21167e72c6a22c,"['CWE-287', 'CWE-787']",
owntone-server,https://github.com/owntone/owntone-server/commit/246d8ae0cef27377e5dfe9ee3ad87e864d6b6266,246d8ae0cef27377e5dfe9ee3ad87e864d6b6266,['CWE-416'],
linux,https://github.com/torvalds/linux/commit/cc8f7fe1f5eab010191aa4570f27641876fa1267,cc8f7fe1f5eab010191aa4570f27641876fa1267,['CWE-200'],
mbedtls,https://github.com/Mbed-TLS/mbedtls/commit/f333dfab4a6c2d8a604a61558a8f783145161de4,f333dfab4a6c2d8a604a61558a8f783145161de4,['CWE-787'],
libgd,https://github.com/libgd/libgd/commit/8b111b2b4a4842179be66db68d84dda91a246032,8b111b2b4a4842179be66db68d84dda91a246032,['CWE-125'],
electron,https://github.com/electron/electron/commit/07a1c2a3e5845901f7e2eda9506695be58edc73c,07a1c2a3e5845901f7e2eda9506695be58edc73c,"['CWE-200', 'CWE-668']",
mongoose,https://github.com/cesanta/mongoose/commit/c65c8fdaaa257e0487ab0aaae9e8f6b439335945,c65c8fdaaa257e0487ab0aaae9e8f6b439335945,['CWE-552'],
tensorflow,https://github.com/tensorflow/tensorflow/commit/4c0ee937c0f61c4fc5f5d32d9bb4c67428012a60,4c0ee937c0f61c4fc5f5d32d9bb4c67428012a60,"['CWE-190', 'CWE-369']",
agoo,https://github.com/ohler55/agoo/commit/23d03535cf7b50d679a60a953a0cae9519a4a130,23d03535cf7b50d679a60a953a0cae9519a4a130,"['CWE-444', 'CWE-61']",
cgal,https://github.com/CGAL/cgal/commit/618b409b0fbcef7cb536a4134ae3a424ef5aae45,618b409b0fbcef7cb536a4134ae3a424ef5aae45,['CWE-269'],
ntopng,https://github.com/ntop/ntopng/commit/01f47e04fd7c8d54399c9e465f823f0017069f8f,01f47e04fd7c8d54399c9e465f823f0017069f8f,['CWE-476'],
gpac,https://github.com/gpac/gpac/commit/6170024568f4dda310e98ef7508477b425c58d09,6170024568f4dda310e98ef7508477b425c58d09,['CWE-476'],
uWebSockets,https://github.com/uWebSockets/uWebSockets/commit/37deefd01f0875e133ea967122e3a5e421b8fcd9,37deefd01f0875e133ea967122e3a5e421b8fcd9,['CWE-20'],
pjproject,https://github.com/pjsip/pjproject/commit/9fae8f43accef8ea65d4a8ae9cdf297c46cfe29a,9fae8f43accef8ea65d4a8ae9cdf297c46cfe29a,"['CWE-120', 'CWE-787']",
electron,https://github.com/electron/electron/commit/ce361a12e355f9e1e99c989f1ea056c9e502dbe7,ce361a12e355f9e1e99c989f1ea056c9e502dbe7,"['CWE-78', 'CWE-200']",
lepton,https://github.com/dropbox/lepton/commit/6a5ceefac1162783fffd9506a3de39c85c725761,6a5ceefac1162783fffd9506a3de39c85c725761,"['CWE-399', 'CWE-190']",
tensorflow,https://github.com/tensorflow/tensorflow/commit/6fd02f44810754ae7481838b6a67c5df7f909ca3,6fd02f44810754ae7481838b6a67c5df7f909ca3,"['CWE-369', 'CWE-787']",
osquery,https://github.com/osquery/osquery/commit/c3f9a3dae22d43ed3b4f6a403cbf89da4cba7c3c,c3f9a3dae22d43ed3b4f6a403cbf89da4cba7c3c,"['CWE-77', 'CWE-295']",
rtl_433,https://github.com/merbanan/rtl_433/commit/37455483889bd1c641bdaafc493d1cc236b74904,37455483889bd1c641bdaafc493d1cc236b74904,['CWE-703'],
postgres,https://github.com/postgres/postgres/commit/7e92f78abe80e4b30e648a40073abb59057e21f8,7e92f78abe80e4b30e648a40073abb59057e21f8,['CWE-94'],
rtl_433,https://github.com/merbanan/rtl_433/commit/2dad7b9fc67a1d0bfbe520fbd821678b8f8cc7a8,2dad7b9fc67a1d0bfbe520fbd821678b8f8cc7a8,"['CWE-703', 'CWE-193']",
c-shquote,https://github.com/c-util/c-shquote/commit/7fd15f8e272136955f7ffc37df29fbca9ddceca1,7fd15f8e272136955f7ffc37df29fbca9ddceca1,['CWE-787'],
ytnef,https://github.com/Yeraze/ytnef/commit/22f8346c8d4f0020a40d9f258fdb3bfc097359cc,22f8346c8d4f0020a40d9f258fdb3bfc097359cc,"['CWE-125', 'CWE-22']",
nanopb,https://github.com/nanopb/nanopb/commit/45582f1f97f49e2abfdba1463d1e1027682d9856,45582f1f97f49e2abfdba1463d1e1027682d9856,['CWE-125'],
tensorflow,https://github.com/tensorflow/tensorflow/commit/e84c975313e8e8e38bb2ea118196369c45c51378,e84c975313e8e8e38bb2ea118196369c45c51378,"['CWE-125', 'CWE-369']",
tensorflow,https://github.com/tensorflow/tensorflow/commit/5dc7f6981fdaf74c8c5be41f393df705841fb7c5,5dc7f6981fdaf74c8c5be41f393df705841fb7c5,"['CWE-476', 'CWE-125']",
openthread,https://github.com/openthread/openthread/commit/c3a3a0c424322009fec3ab735fb20ce8f6e19e70,c3a3a0c424322009fec3ab735fb20ce8f6e19e70,['CWE-787'],
tensorflow,https://github.com/tensorflow/tensorflow/commit/a74768f8e4efbda4def9f16ee7e13cf3922ac5f7,a74768f8e4efbda4def9f16ee7e13cf3922ac5f7,['CWE-787'],
FFmpeg,https://github.com/FFmpeg/FFmpeg/commit/e5c7229999182ad1cef13b9eca050dba7a5a08da,e5c7229999182ad1cef13b9eca050dba7a5a08da,['CWE-703'],
asylo,https://github.com/google/asylo/commit/bda9772e7872b0d2b9bee32930cf7a4983837b39,bda9772e7872b0d2b9bee32930cf7a4983837b39,['CWE-787'],
inspircd,https://github.com/inspircd/inspircd/commit/6058483d9fbc1b904d5ae7cfea47bfcde5c5b559,6058483d9fbc1b904d5ae7cfea47bfcde5c5b559,"['CWE-20', 'CWE-416']",
tensorflow,https://github.com/tensorflow/tensorflow/commit/99085e8ff02c3763a0ec2263e44daec416f6a387,99085e8ff02c3763a0ec2263e44daec416f6a387,['CWE-125'],
openldap,https://github.com/openldap/openldap/commit/40f3ae4f5c9a8baf75b237220f62c436a571d66e,40f3ae4f5c9a8baf75b237220f62c436a571d66e,['CWE-89'],
linux,https://github.com/torvalds/linux/commit/26c191788f18129af0eb32a358cdaea0c7479626,26c191788f18129af0eb32a358cdaea0c7479626,"['CWE-362', 'CWE-401']",
tensorflow,https://github.com/tensorflow/tensorflow/commit/ff8894044dfae5568ecbf2ed514c1a37dc394f1b,ff8894044dfae5568ecbf2ed514c1a37dc394f1b,"['CWE-476', 'CWE-824']",
tensorflow,https://github.com/tensorflow/tensorflow/commit/5117e0851348065ed59c991562c0ec80d9193db2,5117e0851348065ed59c991562c0ec80d9193db2,"['CWE-703', 'CWE-369']",
FFmpeg,https://github.com/FFmpeg/FFmpeg/commit/a4e85b2e1c8d5b4bf0091157bbdeb0e457fb7b8f,a4e85b2e1c8d5b4bf0091157bbdeb0e457fb7b8f,['CWE-20'],
tensorflow,https://github.com/tensorflow/tensorflow/commit/803404044ae7a1efac48ba82d74111fce1ddb09a,803404044ae7a1efac48ba82d74111fce1ddb09a,"['CWE-20', 'CWE-703']",
tensorflow,https://github.com/tensorflow/tensorflow/commit/482da92095c4d48f8784b1f00dda4f81c28d2988,482da92095c4d48f8784b1f00dda4f81c28d2988,"['CWE-476', 'CWE-125']",
gpac,https://github.com/gpac/gpac/commit/f3698bb1bce62402805c3fda96551a23101a32f9,f3698bb1bce62402805c3fda96551a23101a32f9,['CWE-787'],
gpac,https://github.com/gpac/gpac/commit/3b84ffcbacf144ce35650df958432f472b6483f8,3b84ffcbacf144ce35650df958432f472b6483f8,['CWE-476'],
tensorflow,https://github.com/tensorflow/tensorflow/commit/6da6620efad397c85493b8f8667b821403516708,6da6620efad397c85493b8f8667b821403516708,"['CWE-20', 'CWE-476']",
samba,https://github.com/samba-team/samba/commit/bbad8f1de43d643e20f1a71c3466f08ed7c9d480,bbad8f1de43d643e20f1a71c3466f08ed7c9d480,['CWE-288'],
samba,https://github.com/samba-team/samba/commit/3ddc9344c2fa7461336899fbddb0bb80995e9170,3ddc9344c2fa7461336899fbddb0bb80995e9170,['CWE-200'],
tensorflow,https://github.com/tensorflow/tensorflow/commit/20cb18724b0bf6c09071a3f53434c4eec53cc147,20cb18724b0bf6c09071a3f53434c4eec53cc147,"['CWE-20', 'CWE-703']",
gpac,https://github.com/gpac/gpac/commit/b43f9d1a4b4e33d08edaef6d313e6ce4bdf554d3,b43f9d1a4b4e33d08edaef6d313e6ce4bdf554d3,['CWE-476'],
gpac,https://github.com/gpac/gpac/commit/328c6d682698fdb9878dbb4f282963d42c538c01,328c6d682698fdb9878dbb4f282963d42c538c01,"['CWE-476', 'CWE-401']",
radare2,https://github.com/radareorg/radare2/commit/eb7deb281df54771fb8ecf5890dc325a7d22d3e2,eb7deb281df54771fb8ecf5890dc325a7d22d3e2,['CWE-125'],
linux,https://github.com/torvalds/linux/commit/d5f9023fa61ee8b94f37a93f08e94b136cf1e463,d5f9023fa61ee8b94f37a93f08e94b136cf1e463,['CWE-362'],
furnace,https://github.com/tildearrow/furnace/commit/0eb02422d5161767e9983bdaa5c429762d3477ce,0eb02422d5161767e9983bdaa5c429762d3477ce,['CWE-703'],
neomutt,https://github.com/neomutt/neomutt/commit/57971dba06346b2d7179294f4528b8d4427a7c5d,57971dba06346b2d7179294f4528b8d4427a7c5d,['CWE-22'],
linux,https://github.com/torvalds/linux/commit/0185604c2d82c560dab2f2933a18f797e74ab5a8,0185604c2d82c560dab2f2933a18f797e74ab5a8,['CWE-369'],
tensorflow,https://github.com/tensorflow/tensorflow/commit/05cbebd3c6bb8f517a158b0155debb8df79017ff,05cbebd3c6bb8f517a158b0155debb8df79017ff,['CWE-476'],
gpac,https://github.com/gpac/gpac/commit/1773b7a34bc08734aee7d3f5dfe65d06389fe15a,1773b7a34bc08734aee7d3f5dfe65d06389fe15a,['CWE-787'],
tensorflow,https://github.com/tensorflow/tensorflow/commit/1a2a87229d1d61e23a39373777c056161eb4084d,1a2a87229d1d61e23a39373777c056161eb4084d,['CWE-369'],
gpac,https://github.com/gpac/gpac/commit/74695dea7278e78af3db467e586233fe8773c07e,74695dea7278e78af3db467e586233fe8773c07e,['CWE-787'],
perl5,https://github.com/Perl/perl5/commit/22b433eff9a1ffa2454e18405a56650f07b385b5,22b433eff9a1ffa2454e18405a56650f07b385b5,['CWE-416'],
winscp,https://github.com/winscp/winscp/commit/49d876f2c5fc00bcedaa986a7cf6dedd6bf16f54,49d876f2c5fc00bcedaa986a7cf6dedd6bf16f54,['CWE-20'],
bind9,https://github.com/isc-projects/bind9/commit/967a3b9419a3c12b8c0870c86d1ee3840bcbbad7,967a3b9419a3c12b8c0870c86d1ee3840bcbbad7,['CWE-284'],
OpenDoas,https://github.com/Duncaen/OpenDoas/commit/d5acd52e2a15c36a8e06f9103d35622933aa422d,d5acd52e2a15c36a8e06f9103d35622933aa422d,"['CWE-200', 'CWE-909']",
tensorflow,https://github.com/tensorflow/tensorflow/commit/0f0b080ecde4d3dfec158d6f60da34d5e31693c4,0f0b080ecde4d3dfec158d6f60da34d5e31693c4,"['CWE-20', 'CWE-476']",
radare2,https://github.com/radareorg/radare2/commit/193f4fe01d7f626e2ea937450f2e0c4604420e9d,193f4fe01d7f626e2ea937450f2e0c4604420e9d,['CWE-125'],
tinygltf,https://github.com/syoyo/tinygltf/commit/52ff00a38447f06a17eab1caa2cf0730a119c751,52ff00a38447f06a17eab1caa2cf0730a119c751,['CWE-20'],
h2o,https://github.com/h2o/h2o/commit/1c0808d580da09fdec5a9a74ff09e103ea058dd4,1c0808d580da09fdec5a9a74ff09e103ea058dd4,['CWE-703'],
linux,https://github.com/torvalds/linux/commit/276bdb82dedb290511467a5a4fdbe9f0b52dce6f,276bdb82dedb290511467a5a4fdbe9f0b52dce6f,['CWE-703'],
fluent-bit,https://github.com/fluent/fluent-bit/commit/22346a74c07ceb90296be872be2d53eb92252a54,22346a74c07ceb90296be872be2d53eb92252a54,['CWE-415'],
envoy,https://github.com/envoyproxy/envoy/commit/9371333230b1a6e1be2eccf4868771e11af6253a,9371333230b1a6e1be2eccf4868771e11af6253a,"['CWE-476', 'CWE-703']",
re2c,https://github.com/skvadrik/re2c/commit/a3473fd7be829cb33907cb08612f955133c70a96,a3473fd7be829cb33907cb08612f955133c70a96,['CWE-787'],
tensorflow,https://github.com/tensorflow/tensorflow/commit/368af875869a204b4ac552b9ddda59f6a46a56ec,368af875869a204b4ac552b9ddda59f6a46a56ec,['CWE-345'],
tensorflow,https://github.com/tensorflow/tensorflow/commit/f6fde895ef9c77d848061c0517f19d0ec2682f3a,f6fde895ef9c77d848061c0517f19d0ec2682f3a,"['CWE-369', 'CWE-754']",
accel-ppp,https://github.com/accel-ppp/accel-ppp/commit/d4cb89721cc8e5b3dd3fbefaf173eb77ecb85615,d4cb89721cc8e5b3dd3fbefaf173eb77ecb85615,['CWE-787'],
exo,https://github.com/xfce-mirror/exo/commit/c71c04ff5882b2866a0d8506fb460d4ef796de9f,c71c04ff5882b2866a0d8506fb460d4ef796de9f,['CWE-94'],
totd,https://github.com/fwdillema/totd/commit/afd8a10a6a21f82a70940d1b43cff48143250399,afd8a10a6a21f82a70940d1b43cff48143250399,['CWE-330'],
jhead,https://github.com/Matthias-Wandel/jhead/commit/a50953a266583981b51a181c2fce73dad2ac5d7d,a50953a266583981b51a181c2fce73dad2ac5d7d,['CWE-703'],
FFmpeg,https://github.com/FFmpeg/FFmpeg/commit/dfefc9097e9b4bb20442e65454a40043bd189b3d,dfefc9097e9b4bb20442e65454a40043bd189b3d,['CWE-703'],
rawspeed,https://github.com/darktable-org/rawspeed/commit/dbe7591e54bad5e6430d38be6bed051582da76b9,dbe7591e54bad5e6430d38be6bed051582da76b9,['CWE-787'],
tensorflow,https://github.com/tensorflow/tensorflow/commit/2e0ee46f1a47675152d3d865797a18358881d7a6,2e0ee46f1a47675152d3d865797a18358881d7a6,"['CWE-824', 'CWE-787']",
linux,https://github.com/torvalds/linux/commit/6e1acfa387b9ff82cfc7db8cc3b6959221a95851,6e1acfa387b9ff82cfc7db8cc3b6959221a95851,['CWE-787'],
libjxl,https://github.com/libjxl/libjxl/commit/1c05e110d69b457696366fb4e762057b6855349b,1c05e110d69b457696366fb4e762057b6855349b,['CWE-787'],
fbthrift,https://github.com/facebook/fbthrift/commit/c9a903e5902834e95bbd4ab0e9fa53ba0189f351,c9a903e5902834e95bbd4ab0e9fa53ba0189f351,"['CWE-703', 'CWE-770']",
suricata,https://github.com/OISF/suricata/commit/ea0659de7640cf6a51de5bbd1dbbb0414e4623a0,ea0659de7640cf6a51de5bbd1dbbb0414e4623a0,['CWE-74'],
tensorflow,https://github.com/tensorflow/tensorflow/commit/d6b57f461b39fd1aa8c1b870f1b974aac3554955,d6b57f461b39fd1aa8c1b870f1b974aac3554955,"['CWE-476', 'CWE-125']",
gpac,https://github.com/gpac/gpac/commit/f0ba83717b6e4d7a15a1676d1fe06152e199b011,f0ba83717b6e4d7a15a1676d1fe06152e199b011,['CWE-476'],
tensorflow,https://github.com/tensorflow/tensorflow/commit/79865b542f9ffdc9caeb255631f7c56f1d4b6517,79865b542f9ffdc9caeb255631f7c56f1d4b6517,"['CWE-476', 'CWE-787']",
hermes,https://github.com/facebook/hermes/commit/86543ac47e59c522976b5632b8bf9a2a4583c7d2,86543ac47e59c522976b5632b8bf9a2a4583c7d2,['CWE-787'],
FreeRTOS-Kernel,https://github.com/FreeRTOS/FreeRTOS-Kernel/commit/47338393f1f79558f6144213409f09f81d7c4837,47338393f1f79558f6144213409f09f81d7c4837,"['CWE-200', 'CWE-190']",
njs,https://github.com/nginx/njs/commit/81af26364c21c196dd21fb5e14c7fa9ce7debd17,81af26364c21c196dd21fb5e14c7fa9ce7debd17,"['CWE-416', 'CWE-703']",
OpenDoas,https://github.com/Duncaen/OpenDoas/commit/01c658f8c45cb92a343be5f32aa6da70b2032168,01c658f8c45cb92a343be5f32aa6da70b2032168,"['CWE-200', 'CWE-909']",
tensorflow,https://github.com/tensorflow/tensorflow/commit/26eb323554ffccd173e8a79a8c05c15b685ae4d1,26eb323554ffccd173e8a79a8c05c15b685ae4d1,"['CWE-754', 'CWE-787']",
tensorflow,https://github.com/tensorflow/tensorflow/commit/5e52ef5a461570cfb68f3bdbbebfe972cb4e0fd8,5e52ef5a461570cfb68f3bdbbebfe972cb4e0fd8,"['CWE-125', 'CWE-824']",
tensorflow,https://github.com/tensorflow/tensorflow/commit/c570e2ecfc822941335ad48f6e10df4e21f11c96,c570e2ecfc822941335ad48f6e10df4e21f11c96,"['CWE-369', 'CWE-787']",
ImageMagick,https://github.com/ImageMagick/ImageMagick/commit/f0232a2a45dfd003c1faf6079497895df3ab0ee1,f0232a2a45dfd003c1faf6079497895df3ab0ee1,"['CWE-617', 'CWE-399']",
zcash,https://github.com/zcash/zcash/commit/c1fbf8ab5d73cff5e1f45236995857c75ba4128d,c1fbf8ab5d73cff5e1f45236995857c75ba4128d,"['CWE-755', 'CWE-787']",
samba,https://github.com/samba-team/samba/commit/a60863458dc6b60a09aa8d31fada6c36f5043c76,a60863458dc6b60a09aa8d31fada6c36f5043c76,['CWE-200'],
frr,https://github.com/FRRouting/frr/commit/c3793352a8d76d2eee1edc38a9a16c1c8a6573f4,c3793352a8d76d2eee1edc38a9a16c1c8a6573f4,['CWE-787'],
tcpreplay,https://github.com/appneta/tcpreplay/commit/46cf964a7db636da76abeebf10482acf6f682a87,46cf964a7db636da76abeebf10482acf6f682a87,['CWE-476'],
FreeRDP,https://github.com/FreeRDP/FreeRDP/commit/0d79670a28c0ab049af08613621aa0c267f977e9,0d79670a28c0ab049af08613621aa0c267f977e9,['CWE-20'],
uftpd,https://github.com/troglobit/uftpd/commit/0fb2c031ce0ace07cc19cd2cb2143c4b5a63c9dd,0fb2c031ce0ace07cc19cd2cb2143c4b5a63c9dd,"['CWE-120', 'CWE-787']",
libtpms,https://github.com/stefanberger/libtpms/commit/f16250b35aff6995e540143a9858c9cf0d1f9573,f16250b35aff6995e540143a9858c9cf0d1f9573,['CWE-787'],
ImageMagick,https://github.com/ImageMagick/ImageMagick/commit/bfb7915d4b2e11acb6a819e451c382dc645277db,bfb7915d4b2e11acb6a819e451c382dc645277db,"['CWE-772', 'CWE-401']",
gpac,https://github.com/gpac/gpac/commit/758135e91e623d7dfe7f6aaad7aeb3f791b7a4e5,758135e91e623d7dfe7f6aaad7aeb3f791b7a4e5,"['CWE-120', 'CWE-787']",
UltraVNC,https://github.com/ultravnc/UltraVNC/commit/36a31b37b98f70c1db0428f5ad83170d604fb352,36a31b37b98f70c1db0428f5ad83170d604fb352,['CWE-787'],
rhonabwy,https://github.com/babelouest/rhonabwy/commit/b4c2923a1ba4fabf9b55a89244127e153a3e549b,b4c2923a1ba4fabf9b55a89244127e153a3e549b,['CWE-787'],
nDPI,https://github.com/ntop/nDPI/commit/6a9f5e4f7c3fd5ddab3e6727b071904d76773952,6a9f5e4f7c3fd5ddab3e6727b071904d76773952,"['CWE-416', 'CWE-787']",
nDPI,https://github.com/ntop/nDPI/commit/b69177be2fbe01c2442239a61832c44e40136c05,b69177be2fbe01c2442239a61832c44e40136c05,['CWE-125'],
asylo,https://github.com/google/asylo/commit/90d7619e9dd99bcdb6cd28c7649d741d254d9a1a,90d7619e9dd99bcdb6cd28c7649d741d254d9a1a,['CWE-125'],
FFmpeg,https://github.com/FFmpeg/FFmpeg/commit/27f8d386829689c346ff0cef00d3af57b9fb8903,27f8d386829689c346ff0cef00d3af57b9fb8903,['CWE-125'],
engine,https://github.com/gost-engine/engine/commit/7df766124f87768b43b9e8947c5a01e17545772c,7df766124f87768b43b9e8947c5a01e17545772c,"['CWE-120', 'CWE-787']",
tensorflow,https://github.com/tensorflow/tensorflow/commit/efea03b38fb8d3b81762237dc85e579cc5fc6e87,efea03b38fb8d3b81762237dc85e579cc5fc6e87,['CWE-787'],
gpac,https://github.com/gpac/gpac/commit/cd3738dea038dbd12e603ad48cd7373ae0440f65,cd3738dea038dbd12e603ad48cd7373ae0440f65,"['CWE-119', 'CWE-787']",
jerryscript,https://github.com/jerryscript-project/jerryscript/commit/69f8e78c2f8d562bd6d8002b5488f1662ac30d24,69f8e78c2f8d562bd6d8002b5488f1662ac30d24,"['CWE-476', 'CWE-703', 'CWE-754']",
tensorflow,https://github.com/tensorflow/tensorflow/commit/87158f43f05f2720a374f3e6d22a7aaa3a33f750,87158f43f05f2720a374f3e6d22a7aaa3a33f750,['CWE-125'],
tensorflow,https://github.com/tensorflow/tensorflow/commit/4dddb2fd0b01cdd196101afbba6518658a2c9e07,4dddb2fd0b01cdd196101afbba6518658a2c9e07,['CWE-354'],
ImageMagick,https://github.com/ImageMagick/ImageMagick/commit/a33f7498f9052b50e8fe8c8422a11ba84474cb42,a33f7498f9052b50e8fe8c8422a11ba84474cb42,"['CWE-703', 'CWE-772']",
openvpn,https://github.com/OpenVPN/openvpn/commit/37bc691e7d26ea4eb61a8a434ebd7a9ae76225ab,37bc691e7d26ea4eb61a8a434ebd7a9ae76225ab,"['CWE-362', 'CWE-476']",
atheme,https://github.com/atheme/atheme/commit/4e664c75d0b280a052eb8b5e81aa41944e593c52,4e664c75d0b280a052eb8b5e81aa41944e593c52,"['CWE-287', 'CWE-288']",
binutils-gdb,https://github.com/bminor/binutils-gdb/commit/e98e7d9a70dcc987bff0e925f20b78cd4a2979ed,e98e7d9a70dcc987bff0e925f20b78cd4a2979ed,['CWE-269'],
tensorflow,https://github.com/tensorflow/tensorflow/commit/46d5b0852528ddfd614ded79bccc75589f801bd9,46d5b0852528ddfd614ded79bccc75589f801bd9,"['CWE-125', 'CWE-787']",
linux,https://github.com/torvalds/linux/commit/801c6058d14a82179a7ee17a4b532cac6fad067f,801c6058d14a82179a7ee17a4b532cac6fad067f,"['CWE-284', 'CWE-863']",
tensorflow,https://github.com/tensorflow/tensorflow/commit/098e7762d909bac47ce1dbabe6dfd06294cb9d58,098e7762d909bac47ce1dbabe6dfd06294cb9d58,"['CWE-20', 'CWE-703']",
tensorflow,https://github.com/tensorflow/tensorflow/commit/0f931751fb20f565c4e94aa6df58d54a003cdb30,0f931751fb20f565c4e94aa6df58d54a003cdb30,"['CWE-476', 'CWE-787']",
keepkey-firmware,https://github.com/keepkey/keepkey-firmware/commit/b222c66cdd7c3203d917c80ba615082d309d80c3,b222c66cdd7c3203d917c80ba615082d309d80c3,['CWE-787'],
FFmpeg,https://github.com/FFmpeg/FFmpeg/commit/f31fc4755f69ab26bf6e8be47875b7dcede8e29e,f31fc4755f69ab26bf6e8be47875b7dcede8e29e,['CWE-125'],
asylo,https://github.com/google/asylo/commit/fa6485c5d16a7355eab047d4a44345a73bc9131e,fa6485c5d16a7355eab047d4a44345a73bc9131e,['CWE-125'],
tensorflow,https://github.com/tensorflow/tensorflow/commit/174c5096f303d5be7ed2ca2662b08371bff4ab88,174c5096f303d5be7ed2ca2662b08371bff4ab88,"['CWE-20', 'CWE-703']",
tensorflow,https://github.com/tensorflow/tensorflow/commit/b22786e7e9b7bdb6a56936ff29cc7e9968d7bc1d,b22786e7e9b7bdb6a56936ff29cc7e9968d7bc1d,['CWE-369'],
pam_tacplus,https://github.com/kravietz/pam_tacplus/commit/4a9852c31c2fd0c0e72fbb689a586aabcfb11cb0,4a9852c31c2fd0c0e72fbb689a586aabcfb11cb0,['CWE-532'],
mod_auth_openidc,https://github.com/zmartzone/mod_auth_openidc/commit/132a4111bf3791e76437619a66336dce2ce4c79b,132a4111bf3791e76437619a66336dce2ce4c79b,['CWE-79'],
tensorflow,https://github.com/tensorflow/tensorflow/commit/30721cf564cb029d34535446d6a5a6357bebc8e7,30721cf564cb029d34535446d6a5a6357bebc8e7,['CWE-787'],
libjpeg,https://github.com/thorfdbg/libjpeg/commit/187035b9726710b4fe11d565c7808975c930895d,187035b9726710b4fe11d565c7808975c930895d,"['CWE-125', 'CWE-787']",
v4l2loopback,https://github.com/umlaeute/v4l2loopback/commit/64a216af4c09c9ba9326057d7e78994271827eff,64a216af4c09c9ba9326057d7e78994271827eff,['CWE-787'],
tensorflow,https://github.com/tensorflow/tensorflow/commit/e0b6e58c328059829c3eb968136f17aa72b6c876,e0b6e58c328059829c3eb968136f17aa72b6c876,['CWE-787'],
ImageMagick,https://github.com/ImageMagick/ImageMagick/commit/63302366a63602acbaad5c8223a105811b2adddd,63302366a63602acbaad5c8223a105811b2adddd,"['CWE-119', 'CWE-787']",
ImageMagick,https://github.com/ImageMagick/ImageMagick/commit/d7f1b2b9b816baaa956381ff80c3b120e83faa95,d7f1b2b9b816baaa956381ff80c3b120e83faa95,['CWE-703'],
FFmpeg,https://github.com/FFmpeg/FFmpeg/commit/273f2755ce8635d42da3cde0eeba15b2e7842774,273f2755ce8635d42da3cde0eeba15b2e7842774,['CWE-125'],
ntopng,https://github.com/ntop/ntopng/commit/f91fbe3d94c8346884271838ae3406ae633f6f15,f91fbe3d94c8346884271838ae3406ae633f6f15,"['CWE-284', 'CWE-352']",
sfntly,https://github.com/googlei18n/sfntly/commit/c56b85408bab232efd7e650f0994272a174e3b92,c56b85408bab232efd7e650f0994272a174e3b92,"['CWE-119', 'CWE-703']",
nasm,https://github.com/netwide-assembler/nasm/commit/e996d28c70d45008085322b442b44a9224308548,e996d28c70d45008085322b442b44a9224308548,['CWE-476'],
linux,https://github.com/torvalds/linux/commit/92ee3c60ec9fe64404dc035e7c41277d74aa26cb,92ee3c60ec9fe64404dc035e7c41277d74aa26cb,['CWE-125'],
libming,https://github.com/libming/libming/commit/da9d86eab55cbf608d5c916b8b690f5b76bca462,da9d86eab55cbf608d5c916b8b690f5b76bca462,"['CWE-119', 'CWE-125']",
protobuf,https://github.com/protocolbuffers/protobuf/commit/d1635e1496f51e0d5653d856211e8821bc47adc4,d1635e1496f51e0d5653d856211e8821bc47adc4,['CWE-703'],
mcrouter,https://github.com/facebook/mcrouter/commit/97e033b3bb0cb16b61bf49f0dc7f311a3e0edd1b,97e033b3bb0cb16b61bf49f0dc7f311a3e0edd1b,"['CWE-400', 'CWE-522', 'CWE-674']",
jerryscript,https://github.com/jerryscript-project/jerryscript/commit/f3a420b672927037beb4508d7bdd68fb25d2caf6,f3a420b672927037beb4508d7bdd68fb25d2caf6,['CWE-288'],
radare2,https://github.com/radareorg/radare2/commit/ced0223c7a1b3b5344af315715cd28fe7c0d9ebc,ced0223c7a1b3b5344af315715cd28fe7c0d9ebc,"['CWE-703', 'CWE-193']",
tensorflow,https://github.com/tensorflow/tensorflow/commit/a0d64445116c43cf46a5666bd4eee28e7a82f244,a0d64445116c43cf46a5666bd4eee28e7a82f244,['CWE-125'],
git,https://github.com/git/git/commit/9a6bbee8006c24b46a85d29e7b38cfa79e9ab21b,9a6bbee8006c24b46a85d29e7b38cfa79e9ab21b,"['CWE-522', 'CWE-61']",
tensorflow,https://github.com/tensorflow/tensorflow/commit/f410212e373eb2aec4c9e60bf3702eba99a38aba,f410212e373eb2aec4c9e60bf3702eba99a38aba,['CWE-125'],
znc,https://github.com/znc/znc/commit/a7bfbd93812950b7444841431e8e297e62cb524e,a7bfbd93812950b7444841431e8e297e62cb524e,"['CWE-20', 'CWE-284']",
tensorflow,https://github.com/tensorflow/tensorflow/commit/4aacb30888638da75023e6601149415b39763d76,4aacb30888638da75023e6601149415b39763d76,['CWE-369'],
tensorflow,https://github.com/tensorflow/tensorflow/commit/b1b323042264740c398140da32e93fb9c2c9f33e,b1b323042264740c398140da32e93fb9c2c9f33e,"['CWE-369', 'CWE-908']",
gpac,https://github.com/gpac/gpac/commit/4e7736d7ec7bf64026daa611da951993bb42fdaf,4e7736d7ec7bf64026daa611da951993bb42fdaf,['CWE-476'],
gpac,https://github.com/gpac/gpac/commit/fe5155cf047252d1c4cb91602048bfa682af0ea7,fe5155cf047252d1c4cb91602048bfa682af0ea7,['CWE-401'],
tensorflow,https://github.com/tensorflow/tensorflow/commit/480641e3599775a8895254ffbc0fc45621334f68,480641e3599775a8895254ffbc0fc45621334f68,['CWE-125'],
contiki-ng,https://github.com/contiki-ng/contiki-ng/commit/587ae59956e00316fd44fd7072ac3a6a07b4b20f,587ae59956e00316fd44fd7072ac3a6a07b4b20f,['CWE-703'],
tensorflow,https://github.com/tensorflow/tensorflow/commit/cebe3c45d76357d201c65bdbbf0dbe6e8a63bbdb,cebe3c45d76357d201c65bdbbf0dbe6e8a63bbdb,"['CWE-20', 'CWE-703']",
Espruino,https://github.com/espruino/Espruino/commit/51380baf17241728b6d48cdb84140b931e3e3cc5,51380baf17241728b6d48cdb84140b931e3e3cc5,"['CWE-125', 'CWE-674']",
tensorflow,https://github.com/tensorflow/tensorflow/commit/f8378920345f4f4604202d4ab15ef64b2aceaa16,f8378920345f4f4604202d4ab15ef64b2aceaa16,['CWE-476'],
jerryscript,https://github.com/jerryscript-project/jerryscript/commit/e58f2880df608652aff7fd35c45b242467ec0e79,e58f2880df608652aff7fd35c45b242467ec0e79,['CWE-476'],
envoy,https://github.com/envoyproxy/envoy/commit/4b6dd3b53cd5c6d4d4df378a2fc62c1707522b31,4b6dd3b53cd5c6d4d4df378a2fc62c1707522b31,"['CWE-703', 'CWE-674']",
FFmpeg,https://github.com/FFmpeg/FFmpeg/commit/91253839e14cce9793ee93f184cef609ca8195d5,91253839e14cce9793ee93f184cef609ca8195d5,['CWE-787'],
libdwarf-code,https://github.com/davea42/libdwarf-code/commit/8151575a6ace77d005ca5bb5d71c1bfdba3f7069,8151575a6ace77d005ca5bb5d71c1bfdba3f7069,"['CWE-703', 'CWE-125']",
inspircd,https://github.com/inspircd/inspircd/commit/7b47de3c194f239c5fea09a0e49696c9af017d51,7b47de3c194f239c5fea09a0e49696c9af017d51,['CWE-416'],
trafficserver,https://github.com/apache/trafficserver/commit/d3f36f79820ea10c26573c742b1bbc370c351716,d3f36f79820ea10c26573c742b1bbc370c351716,['CWE-284'],
glibc,https://github.com/bminor/glibc/commit/23e0e8f5f1fb5ed150253d986ecccdc90c2dcd5e,23e0e8f5f1fb5ed150253d986ecccdc90c2dcd5e,['CWE-284'],
ImageMagick,https://github.com/ImageMagick/ImageMagick/commit/c9aa9f80828594eacbe3affe16c43d623562e5d8,c9aa9f80828594eacbe3affe16c43d623562e5d8,"['CWE-772', 'CWE-401']",
rpm,https://github.com/rpm-software-management/rpm/commit/bd36c5dc9fb6d90c46fbfed8c2d67516fc571ec8,bd36c5dc9fb6d90c46fbfed8c2d67516fc571ec8,"['CWE-347', 'CWE-284']",
colord,https://github.com/hughsie/colord/commit/adf41f36cf7214d7d6fa8d528b74eba47c377405,adf41f36cf7214d7d6fa8d528b74eba47c377405,['CWE-200'],
ImageMagick,https://github.com/ImageMagick/ImageMagick/commit/73b6c35cede48ccb2e29dbe62c2d77488e5e70b7,73b6c35cede48ccb2e29dbe62c2d77488e5e70b7,"['CWE-772', 'CWE-401']",
FFmpeg,https://github.com/FFmpeg/FFmpeg/commit/d42ec8433c687fcbccefa51a7716d81920218e4f,d42ec8433c687fcbccefa51a7716d81920218e4f,['CWE-190'],
tensorflow,https://github.com/tensorflow/tensorflow/commit/4e2565483d0ffcadc719bd44893fb7f609bb5f12,4e2565483d0ffcadc719bd44893fb7f609bb5f12,"['CWE-703', 'CWE-681']",
coreboot,https://github.com/coreboot/coreboot/commit/afb7a814783cda12f5b72167163b9109ee1d15a7,afb7a814783cda12f5b72167163b9109ee1d15a7,['CWE-269'],
FFmpeg,https://github.com/FFmpeg/FFmpeg/commit/c94f9e854228e0ea00e1de8769d8d3f7cab84a55,c94f9e854228e0ea00e1de8769d8d3f7cab84a55,['CWE-476'],
tensorflow,https://github.com/tensorflow/tensorflow/commit/d94ffe08a65400f898241c0374e9edc6fa8ed257,d94ffe08a65400f898241c0374e9edc6fa8ed257,['CWE-125'],
tensorflow,https://github.com/tensorflow/tensorflow/commit/adf095206f25471e864a8e63a0f1caef53a0e3a6,adf095206f25471e864a8e63a0f1caef53a0e3a6,"['CWE-20', 'CWE-703']",
glewlwyd,https://github.com/babelouest/glewlwyd/commit/e3f7245c33897bf9b3a75acfcdb8b7b93974bf11,e3f7245c33897bf9b3a75acfcdb8b7b93974bf11,"['CWE-269', 'CWE-22']",
ghostpdl,https://github.com/ArtifexSoftware/ghostpdl/commit/4f6bc662909ab79e8fbe9822afb36e8a0eafc2b7,4f6bc662909ab79e8fbe9822afb36e8a0eafc2b7,['CWE-787'],
tensorflow,https://github.com/tensorflow/tensorflow/commit/376c352a37ce5a68b721406dc7e77ac4b6cf483d,376c352a37ce5a68b721406dc7e77ac4b6cf483d,['CWE-369'],
engine,https://github.com/gost-engine/engine/commit/c6655a0b620a3e31f085cc906f8073fe81b2fad3,c6655a0b620a3e31f085cc906f8073fe81b2fad3,"['CWE-120', 'CWE-787']",
gpac,https://github.com/gpac/gpac/commit/f0a41d178a2dc5ac185506d9fa0b0a58356b16f7,f0a41d178a2dc5ac185506d9fa0b0a58356b16f7,['CWE-787'],
tensorflow,https://github.com/tensorflow/tensorflow/commit/0b5662bc2be13a8c8f044d925d87fb6e56247cd8,0b5662bc2be13a8c8f044d925d87fb6e56247cd8,"['CWE-476', 'CWE-703']",
gpac,https://github.com/gpac/gpac/commit/984787de3d414a5f7d43d0b4584d9469dff2a5a5,984787de3d414a5f7d43d0b4584d9469dff2a5a5,"['CWE-401', 'CWE-787']",
tensorflow,https://github.com/tensorflow/tensorflow/commit/8933b8a21280696ab119b63263babdb54c298538,8933b8a21280696ab119b63263babdb54c298538,['CWE-908'],
tensorflow,https://github.com/tensorflow/tensorflow/commit/12c727cee857fa19be717f336943d95fca4ffe4f,12c727cee857fa19be717f336943d95fca4ffe4f,"['CWE-369', 'CWE-787']",
tensorflow,https://github.com/tensorflow/tensorflow/commit/13d38a07ce9143e044aa737cfd7bb759d0e9b400,13d38a07ce9143e044aa737cfd7bb759d0e9b400,"['CWE-20', 'CWE-703']",
winsparkle,https://github.com/vslavik/winsparkle/commit/bb454857348245a7397f9e4fbb3a902f4ac25913,bb454857348245a7397f9e4fbb3a902f4ac25913,"['CWE-426', 'CWE-401']",
tensorflow,https://github.com/tensorflow/tensorflow/commit/f2a673bd34f0d64b8e40a551ac78989d16daad09,f2a673bd34f0d64b8e40a551ac78989d16daad09,"['CWE-703', 'CWE-824']",
gpac,https://github.com/gpac/gpac/commit/0a85029d694f992f3631e2f249e4999daee15cbf,0a85029d694f992f3631e2f249e4999daee15cbf,['CWE-401'],
sqlite,https://github.com/sqlite/sqlite/commit/d1d43efa4fb0f2098c0e2c5bf2e807c58d5ec05b,d1d43efa4fb0f2098c0e2c5bf2e807c58d5ec05b,['CWE-787'],
FFmpeg,https://github.com/FFmpeg/FFmpeg/commit/7ba100d3e6e8b1e5d5342feb960a7f081d6e15af,7ba100d3e6e8b1e5d5342feb960a7f081d6e15af,['CWE-703'],
hermes,https://github.com/facebook/hermes/commit/fe52854cdf6725c2eaa9e125995da76e6ceb27da,fe52854cdf6725c2eaa9e125995da76e6ceb27da,"['CWE-843', 'CWE-125']",
mbed-os,https://github.com/ARMmbed/mbed-os/commit/151ebfcfc9f2383ee11ce3c771c3bf92900d6b43,151ebfcfc9f2383ee11ce3c771c3bf92900d6b43,['CWE-190'],
njs,https://github.com/nginx/njs/commit/31ed93a5623f24ca94e6d47e895ba735d9d97d46,31ed93a5623f24ca94e6d47e895ba735d9d97d46,"['CWE-416', 'CWE-703']",
mruby,https://github.com/mruby/mruby/commit/38b164ace7d6ae1c367883a3d67d7f559783faad,38b164ace7d6ae1c367883a3d67d7f559783faad,"['CWE-415', 'CWE-122']",
bfgminer,https://github.com/luke-jr/bfgminer/commit/c80ad8548251eb0e15329fc240c89070640c9d79,c80ad8548251eb0e15329fc240c89070640c9d79,"['CWE-119', 'CWE-787']",
radare2,https://github.com/radareorg/radare2/commit/68338b71a563b24e62617bb629059adc0c94b230,68338b71a563b24e62617bb629059adc0c94b230,['CWE-476'],
gpac,https://github.com/gpac/gpac/commit/98b727637e32d1d4824101d8947e2dbd573d4fc8,98b727637e32d1d4824101d8947e2dbd573d4fc8,['CWE-416'],
NetHack,https://github.com/NetHack/NetHack/commit/612755bfb5c412079795c68ba392df5d93874ed8,612755bfb5c412079795c68ba392df5d93874ed8,['CWE-269'],
nDPI,https://github.com/ntop/nDPI/commit/23594f036536468072198a57c59b6e9d63caf6ce,23594f036536468072198a57c59b6e9d63caf6ce,"['CWE-190', 'CWE-787']",
gpac,https://github.com/gpac/gpac/commit/8e05648d6b4459facbc783025c5c42d301fef5c3,8e05648d6b4459facbc783025c5c42d301fef5c3,['CWE-125'],
tensorflow,https://github.com/tensorflow/tensorflow/commit/1d04d7d93f4ed3854abf75d6b712d72c3f70d6b6,1d04d7d93f4ed3854abf75d6b712d72c3f70d6b6,"['CWE-20', 'CWE-369']",
tensorflow,https://github.com/tensorflow/tensorflow/commit/14607c0707040d775e06b6817325640cb4b5864c,14607c0707040d775e06b6817325640cb4b5864c,['CWE-665'],
qemu,https://github.com/qemu/qemu/commit/284f191b4abad213aed04cb0458e1600fd18d7c4,284f191b4abad213aed04cb0458e1600fd18d7c4,['CWE-787'],
muon,https://github.com/brave/muon/commit/c18663aa171c6cdf03da3e8c70df8663645b97c4,c18663aa171c6cdf03da3e8c70df8663645b97c4,"['CWE-20', 'CWE-200']",
tensorflow,https://github.com/tensorflow/tensorflow/commit/93f428fd1768df147171ed674fee1fc5ab8309ec,93f428fd1768df147171ed674fee1fc5ab8309ec,"['CWE-476', 'CWE-787']",
portable,https://github.com/libressl-portable/portable/commit/17c88164016df821df2dff4b2b1291291ec4f28a,17c88164016df821df2dff4b2b1291291ec4f28a,"['CWE-703', 'CWE-125']",
FFmpeg,https://github.com/FFmpeg/FFmpeg/commit/6bbef938839adc55e8e048bc9cc2e0fafe2064df,6bbef938839adc55e8e048bc9cc2e0fafe2064df,['CWE-20'],
linux,https://github.com/torvalds/linux/commit/a67adb997419fb53540d4a4f79c6471c60bc69b6,a67adb997419fb53540d4a4f79c6471c60bc69b6,['CWE-703'],
nDPI,https://github.com/ntop/nDPI/commit/7ce478a58b4dd29a8d1e6f4e9df2f778613d9202,7ce478a58b4dd29a8d1e6f4e9df2f778613d9202,"['CWE-190', 'CWE-787']",
asylo,https://github.com/google/asylo/commit/6e158d558abd3c29a0208e30c97c9a8c5bd4230f,6e158d558abd3c29a0208e30c97c9a8c5bd4230f,['CWE-125'],
shim,https://github.com/rhboot/shim/commit/159151b6649008793d6204a34d7b9c41221fb4b0,159151b6649008793d6204a34d7b9c41221fb4b0,['CWE-787'],
libgd,https://github.com/libgd/libgd/commit/a93eac0e843148dc2d631c3ba80af17e9c8c860f,a93eac0e843148dc2d631c3ba80af17e9c8c860f,['CWE-476'],
gpac,https://github.com/gpac/gpac/commit/f19668964bf422cf5a63e4dbe1d3c6c75edadcbb,f19668964bf422cf5a63e4dbe1d3c6c75edadcbb,['CWE-703'],
njs,https://github.com/nginx/njs/commit/ad48705bf1f04b4221a5f5b07715ac48b3160d53,ad48705bf1f04b4221a5f5b07715ac48b3160d53,['CWE-416'],
tensorflow,https://github.com/tensorflow/tensorflow/commit/a4e138660270e7599793fa438cd7b2fc2ce215a6,a4e138660270e7599793fa438cd7b2fc2ce215a6,"['CWE-703', 'CWE-125']",
tensorflow,https://github.com/tensorflow/tensorflow/commit/f09caa532b6e1ac8d2aa61b7832c78c5b79300c6,f09caa532b6e1ac8d2aa61b7832c78c5b79300c6,"['CWE-703', 'CWE-824']",
samba,https://github.com/samba-team/samba/commit/d92dfb0dabf9cfccb86f2b1146d6c353af2e1435,d92dfb0dabf9cfccb86f2b1146d6c353af2e1435,['CWE-703'],
cockpit,https://github.com/cockpit-project/cockpit/commit/8d9bc10d8128aae03dfde62fd00075fe492ead10,8d9bc10d8128aae03dfde62fd00075fe492ead10,['CWE-1021'],
FFmpeg,https://github.com/FFmpeg/FFmpeg/commit/e724bd1dd9efea3abb8586d6644ec07694afceae,e724bd1dd9efea3abb8586d6644ec07694afceae,['CWE-125'],
tensorflow,https://github.com/tensorflow/tensorflow/commit/8b5b9dc96666a3a5d27fad7179ff215e3b74b67c,8b5b9dc96666a3a5d27fad7179ff215e3b74b67c,['CWE-125'],
qemu,https://github.com/qemu/qemu/commit/2563c9c6b8670400c48e562034b321a7cf3d9a85,2563c9c6b8670400c48e562034b321a7cf3d9a85,['CWE-787'],
radare2,https://github.com/radareorg/radare2/commit/fc285cecb8469f0262db0170bf6dd7c01d9b8ed5,fc285cecb8469f0262db0170bf6dd7c01d9b8ed5,['CWE-125'],
njs,https://github.com/nginx/njs/commit/e673ae41a998d1391bd562edb2ed6d49db7cc716,e673ae41a998d1391bd562edb2ed6d49db7cc716,['CWE-120'],
FFmpeg,https://github.com/FFmpeg/FFmpeg/commit/9ccc633068c6fe76989f487c8932bd11886ad65b,9ccc633068c6fe76989f487c8932bd11886ad65b,['CWE-476'],
gpac,https://github.com/gpac/gpac/commit/0cd19f4db70615d707e0e6202933c2ea0c1d36df,0cd19f4db70615d707e0e6202933c2ea0c1d36df,['CWE-190'],
tensorflow,https://github.com/tensorflow/tensorflow/commit/eebb96c2830d48597d055d247c0e9aebaea94cd5,eebb96c2830d48597d055d247c0e9aebaea94cd5,"['CWE-703', 'CWE-787']",
tensorflow,https://github.com/tensorflow/tensorflow/commit/c79ba87153ee343401dbe9d1954d7f79e521eb14,c79ba87153ee343401dbe9d1954d7f79e521eb14,"['CWE-703', 'CWE-787']",
tinyproxy,https://github.com/tinyproxy/tinyproxy/commit/3764b8551463b900b5b4e3ec0cd9bb9182191cb7,3764b8551463b900b5b4e3ec0cd9bb9182191cb7,['CWE-200'],
tensorflow,https://github.com/tensorflow/tensorflow/commit/f851613f8f0fb0c838d160ced13c134f778e3ce7,f851613f8f0fb0c838d160ced13c134f778e3ce7,"['CWE-369', 'CWE-193']",
tensorflow,https://github.com/tensorflow/tensorflow/commit/02cc160e29d20631de3859c6653184e3f876b9d7,02cc160e29d20631de3859c6653184e3f876b9d7,['CWE-476'],
radare2,https://github.com/radare/radare2/commit/d31c4d3cbdbe01ea3ded16a584de94149ecd31d9,d31c4d3cbdbe01ea3ded16a584de94149ecd31d9,['CWE-125'],
tensorflow,https://github.com/tensorflow/tensorflow/commit/f2c3931113eaafe9ef558faaddd48e00a6606235,f2c3931113eaafe9ef558faaddd48e00a6606235,['CWE-369'],
linux,https://github.com/torvalds/linux/commit/c8e252586f8d5de906385d8cf6385fee289a825e,c8e252586f8d5de906385d8cf6385fee289a825e,['CWE-476'],
js-compute-runtime,https://github.com/fastly/js-compute-runtime/commit/65524ffc962644e9fc39f4b368a326b6253912a9,65524ffc962644e9fc39f4b368a326b6253912a9,['CWE-94'],
nginx,https://github.com/nginx/nginx/commit/0206ebe76f748bb39d9de4dd4b3fce777fdfdccf,0206ebe76f748bb39d9de4dd4b3fce777fdfdccf,['CWE-190'],
njs,https://github.com/nginx/njs/commit/d09868bc71f9a990445959329ad8c1b10d3898f5,d09868bc71f9a990445959329ad8c1b10d3898f5,['CWE-125'],
gpac,https://github.com/gpac/gpac/commit/6063b1a011c3f80cee25daade18154e15e4c058c,6063b1a011c3f80cee25daade18154e15e4c058c,['CWE-416'],
Crow,https://github.com/CrowCpp/Crow/commit/fba01dc76d6ea940ad7c8392e8f39f9647241d8e,fba01dc76d6ea940ad7c8392e8f39f9647241d8e,['CWE-416'],
open5gs,https://github.com/open5gs/open5gs/commit/c0f695525088486c509f37a02ff1fda211b141bb,c0f695525088486c509f37a02ff1fda211b141bb,['CWE-787'],
pjproject,https://github.com/pjsip/pjproject/commit/450baca94f475345542c6953832650c390889202,450baca94f475345542c6953832650c390889202,"['CWE-120', 'CWE-787']",
ruby,https://github.com/ruby/ruby/commit/339e11a7f178312d937b7c95dd3115ce7236597a,339e11a7f178312d937b7c95dd3115ce7236597a,['CWE-20'],
FFmpeg,https://github.com/FFmpeg/FFmpeg/commit/6959358683c7533f586c07a766acc5fe9544d8b2,6959358683c7533f586c07a766acc5fe9544d8b2,['CWE-416'],
SDL,https://github.com/libsdl-org/SDL/commit/8c91cf7dba5193f5ce12d06db1336515851c9ee9,8c91cf7dba5193f5ce12d06db1336515851c9ee9,"['CWE-703', 'CWE-787']",
sfntly,https://github.com/googlei18n/sfntly/commit/de776d4ef06ca29c240de3444348894f032b03ff,de776d4ef06ca29c240de3444348894f032b03ff,"['CWE-703', 'CWE-189']",
agoo,https://github.com/ohler55/agoo/commit/ecb72fa66f3d846b724b4fa1d7648669cebabe0c,ecb72fa66f3d846b724b4fa1d7648669cebabe0c,['CWE-703'],
wolfssl,https://github.com/wolfSSL/wolfssl/commit/fb2288c46dd4c864b78f00a47a364b96a09a5c0f,fb2288c46dd4c864b78f00a47a364b96a09a5c0f,"['CWE-310', 'CWE-787']",
tensorflow,https://github.com/tensorflow/tensorflow/commit/e6cf28c72ba2eb949ca950d834dd6d66bb01cfae,e6cf28c72ba2eb949ca950d834dd6d66bb01cfae,['CWE-125'],
upx,https://github.com/upx/upx/commit/e2f60adc95334f47e286838dac33160819c5d74d,e2f60adc95334f47e286838dac33160819c5d74d,['CWE-703'],
tensorflow,https://github.com/tensorflow/tensorflow/commit/a324ac84e573fba362a5e53d4e74d5de6729933e,a324ac84e573fba362a5e53d4e74d5de6729933e,['CWE-787'],
openexr,https://github.com/AcademySoftwareFoundation/openexr/commit/49db4a4192482eec9c27669f75db144cf5434804,49db4a4192482eec9c27669f75db144cf5434804,['CWE-284'],
gpac,https://github.com/gpac/gpac/commit/5aba27604d957e960d8069d85ccaf868f8a7b07a,5aba27604d957e960d8069d85ccaf868f8a7b07a,['CWE-416'],
mpv,https://github.com/mpv-player/mpv/commit/d0c530919d8cd4d7a774e38ab064e0fabdae34e6,d0c530919d8cd4d7a774e38ab064e0fabdae34e6,['CWE-134'],
openenclave,https://github.com/openenclave/openenclave/commit/bcac8e7acb514429fee9e0b5d0c7a0308fd4d76b,bcac8e7acb514429fee9e0b5d0c7a0308fd4d76b,"['CWE-200', 'CWE-552']",
tensorflow,https://github.com/tensorflow/tensorflow/commit/51300ba1cc2f487aefec6e6631fef03b0e08b298,51300ba1cc2f487aefec6e6631fef03b0e08b298,"['CWE-125', 'CWE-787']",
php-src,https://github.com/php/php-src/commit/72dbb7f416160f490c4e9987040989a10ad431c7,72dbb7f416160f490c4e9987040989a10ad431c7,"['CWE-119', 'CWE-787']",
samba,https://github.com/samba-team/samba/commit/0e2b3fb982d1f53d111e10d9197ed2ec2e13712c,0e2b3fb982d1f53d111e10d9197ed2ec2e13712c,['CWE-787'],
ImageMagick,https://github.com/ImageMagick/ImageMagick/commit/47e8e6ceef979327614d0b8f0c76c6ecb18e09cf,47e8e6ceef979327614d0b8f0c76c6ecb18e09cf,"['CWE-400', 'CWE-703']",
upx,https://github.com/upx/upx/commit/1bb93d4fce9f1d764ba57bf5ac154af515b3fc83,1bb93d4fce9f1d764ba57bf5ac154af515b3fc83,"['CWE-703', 'CWE-125']",
tensorflow,https://github.com/tensorflow/tensorflow/commit/ee119d4a498979525046fba1c3dd3f13a039fbb1,ee119d4a498979525046fba1c3dd3f13a039fbb1,"['CWE-416', 'CWE-369']",
FFmpeg,https://github.com/FFmpeg/FFmpeg/commit/f5d1d1e4667ba346ea7e0f97e6d2756bc9d4abde,f5d1d1e4667ba346ea7e0f97e6d2756bc9d4abde,['CWE-703'],
mruby,https://github.com/mruby/mruby/commit/7f5a490d09f4d56801ac3a3e4e39e03e1471b44c,7f5a490d09f4d56801ac3a3e4e39e03e1471b44c,"['CWE-416', 'CWE-200']",
gpac,https://github.com/gpac/gpac/commit/71460d72ec07df766dab0a4d52687529f3efcf0a,71460d72ec07df766dab0a4d52687529f3efcf0a,"['CWE-703', 'CWE-835']",
gpac,https://github.com/gpac/gpac/commit/55a183e6b8602369c04ea3836e05436a79fbc7f8,55a183e6b8602369c04ea3836e05436a79fbc7f8,['CWE-476'],
ok-file-formats,https://github.com/brackeen/ok-file-formats/commit/3ebe25d44566927c374dcdfd70361c6a070fa0c4,3ebe25d44566927c374dcdfd70361c6a070fa0c4,['CWE-787'],
hermes,https://github.com/facebook/hermes/commit/8cb935cd3b2321c46aa6b7ed8454d95c75a7fca0,8cb935cd3b2321c46aa6b7ed8454d95c75a7fca0,['CWE-125'],
php-src,https://github.com/php/php-src/commit/7ba1409a1aee5925180de546057ddd84ff267947,7ba1409a1aee5925180de546057ddd84ff267947,"['CWE-703', 'CWE-189']",
mruby,https://github.com/mruby/mruby/commit/aa7f98dedb68d735a1665d3a289036c88b0c47ce,aa7f98dedb68d735a1665d3a289036c88b0c47ce,['CWE-416'],
php-src,https://github.com/php/php-src/commit/6d55ba265637d6adf0ba7e9c9ef11187d1ec2f5b,6d55ba265637d6adf0ba7e9c9ef11187d1ec2f5b,"['CWE-119', 'CWE-787']",
ImageMagick,https://github.com/ImageMagick/ImageMagick/commit/0c5b1e430a83ef793a7334bbbee408cf3c628699,0c5b1e430a83ef793a7334bbbee408cf3c628699,"['CWE-20', 'CWE-617']",
tensorflow,https://github.com/tensorflow/tensorflow/commit/c283e542a3f422420cfdb332414543b62fc4e4a5,c283e542a3f422420cfdb332414543b62fc4e4a5,"['CWE-369', 'CWE-681']",
shotcut,https://github.com/mltframework/shotcut/commit/f008adc039642307f6ee3378d378cdb842e52c1d,f008adc039642307f6ee3378d378cdb842e52c1d,"['CWE-89', 'CWE-327', 'CWE-295']",
openfortivpn,https://github.com/adrienverge/openfortivpn/commit/60660e00b80bad0fadcf39aee86f6f8756c94f91,60660e00b80bad0fadcf39aee86f6f8756c94f91,['CWE-295'],
FFmpeg,https://github.com/FFmpeg/FFmpeg/commit/7150f9575671f898382c370acae35f9087a30ba1,7150f9575671f898382c370acae35f9087a30ba1,"['CWE-125', 'CWE-252']",
gpac,https://github.com/gpac/gpac/commit/b2db2f99b4c30f96e17b9a14537c776da6cb5dca,b2db2f99b4c30f96e17b9a14537c776da6cb5dca,['CWE-476'],
tensorflow,https://github.com/tensorflow/tensorflow/commit/d9204be9f49520cdaaeb2541d1dc5187b23f31d9,d9204be9f49520cdaaeb2541d1dc5187b23f31d9,['CWE-369'],
tensorflow,https://github.com/tensorflow/tensorflow/commit/203214568f5bc237603dbab6e1fd389f1572f5c9,203214568f5bc237603dbab6e1fd389f1572f5c9,['CWE-20'],
barebox,https://github.com/saschahauer/barebox/commit/0a9f9a7410681e55362f8311537ebc7be9ad0fbe,0a9f9a7410681e55362f8311537ebc7be9ad0fbe,['CWE-200'],
FFmpeg,https://github.com/FFmpeg/FFmpeg/commit/5430839144c6da0160e8e0cfb0c8db01de432e94,5430839144c6da0160e8e0cfb0c8db01de432e94,['CWE-703'],
znc,https://github.com/znc/znc/commit/d22fef8620cdd87490754f607e7153979731c69d,d22fef8620cdd87490754f607e7153979731c69d,"['CWE-20', 'CWE-284']",
kdeconnect-kde,https://github.com/KDE/kdeconnect-kde/commit/4fbd01a3d44a0bcca888c49a77ec7cfd10e113d7,4fbd01a3d44a0bcca888c49a77ec7cfd10e113d7,"['CWE-400', 'CWE-703']",
sgminer,https://github.com/sgminer-dev/sgminer/commit/bac5831b355f916e0696b7bbcccfc51c057b729a,bac5831b355f916e0696b7bbcccfc51c057b729a,"['CWE-119', 'CWE-787']",
mbed-os,https://github.com/ARMmbed/mbed-os/commit/4450464fc87fb104a45190a2334b82b3bb2b13fb,4450464fc87fb104a45190a2334b82b3bb2b13fb,['CWE-190'],
FreeRTOS-Kernel,https://github.com/FreeRTOS/FreeRTOS-Kernel/commit/d05b9c123f2bf9090bce386a244fc934ae44db5b,d05b9c123f2bf9090bce386a244fc934ae44db5b,['CWE-190'],
tensorflow,https://github.com/tensorflow/tensorflow/commit/4504a081af71514bb1828048363e6540f797005b,4504a081af71514bb1828048363e6540f797005b,"['CWE-665', 'CWE-190']",
gpac,https://github.com/gpac/gpac/commit/dc7de8d3d604426c7a6e628d90cb9fb88e7b4c2c,dc7de8d3d604426c7a6e628d90cb9fb88e7b4c2c,['CWE-416'],
tensorflow,https://github.com/tensorflow/tensorflow/commit/84563f265f28b3c36a15335c8b005d405260e943,84563f265f28b3c36a15335c8b005d405260e943,"['CWE-20', 'CWE-703']",
gpac,https://github.com/gpac/gpac/commit/b15020f54aff24aaeb64b80771472be8e64a7adc,b15020f54aff24aaeb64b80771472be8e64a7adc,['CWE-787'],
open5gs,https://github.com/open5gs/open5gs/commit/d919b2744cd05abae043490f0a3dd1946c1ccb8c,d919b2744cd05abae043490f0a3dd1946c1ccb8c,"['CWE-476', 'CWE-787']",
proxygen,https://github.com/facebook/proxygen/commit/0600ebe59c3e82cd012def77ca9ca1918da74a71,0600ebe59c3e82cd012def77ca9ca1918da74a71,['CWE-20'],
postgres,https://github.com/postgres/postgres/commit/5579726bd60a6e7afb04a3548bced348cd5ffd89,5579726bd60a6e7afb04a3548bced348cd5ffd89,['CWE-94'],
tensorflow,https://github.com/tensorflow/tensorflow/commit/311403edbc9816df80274bd1ea8b3c0c0f22c3fa,311403edbc9816df80274bd1ea8b3c0c0f22c3fa,['CWE-369'],
vlc,https://github.com/videolan/vlc/commit/9bb0353a5c63a7f8c6fc853faa3df4b4df1f5eb5,9bb0353a5c63a7f8c6fc853faa3df4b4df1f5eb5,"['CWE-120', 'CWE-787']",
cgal,https://github.com/CGAL/cgal/commit/5a1ab45058112f8647c14c02f58905ecc597ec76,5a1ab45058112f8647c14c02f58905ecc597ec76,['CWE-125'],
linux,https://github.com/torvalds/linux/commit/ced21a4c726bdc60b1680c050a284b08803bc64c,ced21a4c726bdc60b1680c050a284b08803bc64c,['CWE-416'],
Fast-DDS,https://github.com/eProsima/Fast-DDS/commit/d2aeab37eb4fad4376b68ea4dfbbf285a2926384,d2aeab37eb4fad4376b68ea4dfbbf285a2926384,['CWE-284'],
radare2,https://github.com/radare/radare2/commit/00e8f205475332d7842d0f0d1481eeab4e83017c,00e8f205475332d7842d0f0d1481eeab4e83017c,"['CWE-119', 'CWE-787']",
njs,https://github.com/nginx/njs/commit/f65981b0b8fcf02d69a40bc934803c25c9f607ab,f65981b0b8fcf02d69a40bc934803c25c9f607ab,"['CWE-476', 'CWE-703']",
seatd,https://github.com/kennylevinsen/seatd/commit/7cffe0797fdb17a9c08922339465b1b187394335,7cffe0797fdb17a9c08922339465b1b187394335,['CWE-284'],
cortx-s3server,https://github.com/Seagate/cortx-s3server/commit/dd6bfbc4b84f14f898598922ca9efd5aaa645c5d,dd6bfbc4b84f14f898598922ca9efd5aaa645c5d,['CWE-703'],
ImageMagick,https://github.com/ImageMagick/ImageMagick/commit/13267a10845a8dadabed63072b537f050cec6daa,13267a10845a8dadabed63072b537f050cec6daa,"['CWE-119', 'CWE-787']",
libredwg,https://github.com/LibreDWG/libredwg/commit/c6f6668b82bfe595899cc820279ac37bb9ef16f5,c6f6668b82bfe595899cc820279ac37bb9ef16f5,"['CWE-703', 'CWE-835']",
linux,https://github.com/torvalds/linux/commit/870aaff92e959e29d40f9cfdb5ed06ba2fc2dae0,870aaff92e959e29d40f9cfdb5ed06ba2fc2dae0,['CWE-190'],
openfortivpn,https://github.com/adrienverge/openfortivpn/commit/9eee997d599a89492281fc7ffdd79d88cd61afc3,9eee997d599a89492281fc7ffdd79d88cd61afc3,"['CWE-295', 'CWE-908']",
linux,https://github.com/torvalds/linux/commit/29ec90660d68bbdd69507c1c8b4e33aa299278b1,29ec90660d68bbdd69507c1c8b4e33aa299278b1,"['CWE-862', 'CWE-863']",
nginx,https://github.com/nginx/nginx/commit/173f16f736c10eae46cd15dd861b04b82d91a37a,173f16f736c10eae46cd15dd861b04b82d91a37a,"['CWE-284', 'CWE-295']",
nDPI,https://github.com/ntop/nDPI/commit/b7e666e465f138ae48ab81976726e67deed12701,b7e666e465f138ae48ab81976726e67deed12701,['CWE-125'],
isolated-vm,https://github.com/laverdet/isolated-vm/commit/27151bfecc260e96714443613880e3b2e6596704,27151bfecc260e96714443613880e3b2e6596704,"['CWE-703', 'CWE-913']",
tensorflow,https://github.com/tensorflow/tensorflow/commit/2d88f470dea2671b430884260f3626b1fe99830a,2d88f470dea2671b430884260f3626b1fe99830a,"['CWE-119', 'CWE-787']",
asylo,https://github.com/google/asylo/commit/e582f36ac49ee11a21d23ad6a30c333092e0a94e,e582f36ac49ee11a21d23ad6a30c333092e0a94e,"['CWE-119', 'CWE-787']",
booth,https://github.com/ClusterLabs/booth/commit/35bf0b7b048d715f671eb68974fb6b4af6528c67,35bf0b7b048d715f671eb68974fb6b4af6528c67,"['CWE-287', 'CWE-284']",
snapd,https://github.com/snapcore/snapd/commit/54e71e7750f73a28f5a47fe04dd058360e24c0e9,54e71e7750f73a28f5a47fe04dd058360e24c0e9,['CWE-94'],
tflite-micro,https://github.com/tensorflow/tflite-micro/commit/4142e47e9e31db481781b955ed3ff807a781b494,4142e47e9e31db481781b955ed3ff807a781b494,['CWE-703'],
u-boot,https://github.com/u-boot/u-boot/commit/8f8c04bf1ebbd2f72f1643e7ad9617dafa6e5409,8f8c04bf1ebbd2f72f1643e7ad9617dafa6e5409,['CWE-787'],
tensorflow,https://github.com/tensorflow/tensorflow/commit/49847ae69a4e1a97ae7f2db5e217c77721e37948,49847ae69a4e1a97ae7f2db5e217c77721e37948,['CWE-369'],
Pillow,https://github.com/python-pillow/Pillow/commit/893a40850c2d5da41537958e40569c029a6e127b,893a40850c2d5da41537958e40569c029a6e127b,"['CWE-119', 'CWE-787']",
jerryscript,https://github.com/jerryscript-project/jerryscript/commit/efe63a5bbc5106164a08ee2eb415a7a701f5311f,efe63a5bbc5106164a08ee2eb415a7a701f5311f,['CWE-787'],
tensorflow,https://github.com/tensorflow/tensorflow/commit/7ae2af34087fb4b5c8915279efd03da3b81028bc,7ae2af34087fb4b5c8915279efd03da3b81028bc,"['CWE-617', 'CWE-703']",
inspircd,https://github.com/inspircd/inspircd/commit/2cc35d8625b7ea5cbd1d1ebb116aff86c5280162,2cc35d8625b7ea5cbd1d1ebb116aff86c5280162,['CWE-476'],
njs,https://github.com/nginx/njs/commit/86c2c8270240d0a7a1bc4757fd2010fd989e8037,86c2c8270240d0a7a1bc4757fd2010fd989e8037,['CWE-476'],
tensorflow,https://github.com/tensorflow/tensorflow/commit/ea3b43e98c32c97b35d52b4c66f9107452ca8fb2,ea3b43e98c32c97b35d52b4c66f9107452ca8fb2,"['CWE-617', 'CWE-703']",
FFmpeg,https://github.com/FFmpeg/FFmpeg/commit/6e42ccb9dbc13836cd52cda594f819d17af9afa2,6e42ccb9dbc13836cd52cda594f819d17af9afa2,['CWE-703'],
inspircd,https://github.com/inspircd/inspircd/commit/ed28c1ba666b39581adb860bf51cdde43c84cc89,ed28c1ba666b39581adb860bf51cdde43c84cc89,"['CWE-20', 'CWE-476']",
libmysofa,https://github.com/hoene/libmysofa/commit/2e6fac6ab6156dae8e8c6f417741388084b70d6f,2e6fac6ab6156dae8e8c6f417741388084b70d6f,"['CWE-476', 'CWE-787']",
tensorflow,https://github.com/tensorflow/tensorflow/commit/0d45ea1ca641b21b73bcf9c00e0179cda284e7e7,0d45ea1ca641b21b73bcf9c00e0179cda284e7e7,['CWE-369'],
png2webp,https://github.com/landfillbaby/png2webp/commit/8f21ad79b0cd98fc22d5b49734543101946abbff,8f21ad79b0cd98fc22d5b49734543101946abbff,"['CWE-415', 'CWE-787']",
tensorflow,https://github.com/tensorflow/tensorflow/commit/698e01511f62a3c185754db78ebce0eee1f0184d,698e01511f62a3c185754db78ebce0eee1f0184d,['CWE-787'],
frr,https://github.com/FRRouting/frr/commit/50044ec7fe129e0a74d3a679dd29fe17ce30e6bf,50044ec7fe129e0a74d3a679dd29fe17ce30e6bf,['CWE-787'],
openthread,https://github.com/openthread/openthread/commit/b8c3161281f8e15873f8decabd8eac461717aefe,b8c3161281f8e15873f8decabd8eac461717aefe,['CWE-787'],
tensorflow,https://github.com/tensorflow/tensorflow/commit/e07e1c3d26492c06f078c7e5bf2d138043e199c1,e07e1c3d26492c06f078c7e5bf2d138043e199c1,"['CWE-369', 'CWE-674']",
lrzip,https://github.com/ckolivas/lrzip/commit/4b3942103b57c639c8e0f31d6d5fd7bac53bbdf4,4b3942103b57c639c8e0f31d6d5fd7bac53bbdf4,['CWE-703'],
tensorflow,https://github.com/tensorflow/tensorflow/commit/acd56b8bcb72b163c834ae4f18469047b001fadf,acd56b8bcb72b163c834ae4f18469047b001fadf,['CWE-190'],
linux,https://github.com/torvalds/linux/commit/ed34695e15aba74f45247f1ee2cf7e09d449f925,ed34695e15aba74f45247f1ee2cf7e09d449f925,['CWE-787'],
tensorflow,https://github.com/tensorflow/tensorflow/commit/5f7975d09eac0f10ed8a17dbb6f5964977725adc,5f7975d09eac0f10ed8a17dbb6f5964977725adc,['CWE-369'],
ffjpeg,https://github.com/rockcarry/ffjpeg/commit/caade60a69633d74100bd3c2528bddee0b6a1291,caade60a69633d74100bd3c2528bddee0b6a1291,['CWE-476'],
linux,https://github.com/torvalds/linux/commit/1bff51ea59a9afb67d2dd78518ab0582a54a472c,1bff51ea59a9afb67d2dd78518ab0582a54a472c,['CWE-787'],
linux,https://github.com/torvalds/linux/commit/c290f8358acaeffd8e0c551ddcc24d1206143376,c290f8358acaeffd8e0c551ddcc24d1206143376,['CWE-703'],
openrazer,https://github.com/openrazer/openrazer/commit/7e8a04feb378a679f1bcdcae079a5100cc45663b,7e8a04feb378a679f1bcdcae079a5100cc45663b,['CWE-787'],
ok-file-formats,https://github.com/brackeen/ok-file-formats/commit/e49cdfb84fb5eca2a6261f3c51a3c793fab9f62e,e49cdfb84fb5eca2a6261f3c51a3c793fab9f62e,['CWE-787'],
radare2,https://github.com/radareorg/radare2/commit/cb8b683758edddae2d2f62e8e63a738c39f92683,cb8b683758edddae2d2f62e8e63a738c39f92683,"['CWE-415', 'CWE-703']",
tensorflow,https://github.com/tensorflow/tensorflow/commit/1970c2158b1ffa416d159d03c3370b9a462aee35,1970c2158b1ffa416d159d03c3370b9a462aee35,"['CWE-125', 'CWE-787']",
tensorflow,https://github.com/tensorflow/tensorflow/commit/96f364a1ca3009f98980021c4b32be5fdcca33a1,96f364a1ca3009f98980021c4b32be5fdcca33a1,"['CWE-703', 'CWE-681']",
tensorflow,https://github.com/tensorflow/tensorflow/commit/b1cc5e5a50e7cee09f2c6eb48eb40ee9c4125025,b1cc5e5a50e7cee09f2c6eb48eb40ee9c4125025,['CWE-843'],
radare2,https://github.com/radareorg/radare2/commit/d37d2b858ac47f2f108034be0bcecadaddfbc8b3,d37d2b858ac47f2f108034be0bcecadaddfbc8b3,"['CWE-119', 'CWE-125']",
asylo,https://github.com/google/asylo/commit/8fed5e334131abaf9c5e17307642fbf6ce4a57ec,8fed5e334131abaf9c5e17307642fbf6ce4a57ec,['CWE-125'],
gpac,https://github.com/gpac/gpac/commit/faa75edde3dfeba1e2cf6ffa48e45a50f1042096,faa75edde3dfeba1e2cf6ffa48e45a50f1042096,['CWE-190'],
bareos,https://github.com/bareos/bareos/commit/e8e79984410f5d4f65e199e9e677443c88808a66,e8e79984410f5d4f65e199e9e677443c88808a66,['CWE-703'],
tensorflow,https://github.com/tensorflow/tensorflow/commit/af5fcebb37c8b5d71c237f4e59c6477015c78ce6,af5fcebb37c8b5d71c237f4e59c6477015c78ce6,"['CWE-416', 'CWE-787']",
tensorflow,https://github.com/tensorflow/tensorflow/commit/67784700869470d65d5f2ef20aeb5e97c31673cb,67784700869470d65d5f2ef20aeb5e97c31673cb,['CWE-369'],
tensorflow,https://github.com/tensorflow/tensorflow/commit/9728c60e136912a12d99ca56e106b7cce7af5986,9728c60e136912a12d99ca56e106b7cce7af5986,"['CWE-476', 'CWE-369']",
gpac,https://github.com/gpac/gpac/commit/37592ad86c6ca934d34740012213e467acc4a3b0,37592ad86c6ca934d34740012213e467acc4a3b0,['CWE-476'],
doas,https://github.com/slicer69/doas/commit/2f83222829448e5bc4c9391d607ec265a1e06531,2f83222829448e5bc4c9391d607ec265a1e06531,"['CWE-1187', 'CWE-908']",
php-src,https://github.com/php/php-src/commit/28022c9b1fd937436ab67bb3d61f652c108baf96,28022c9b1fd937436ab67bb3d61f652c108baf96,['CWE-787'],
gpac,https://github.com/gpac/gpac/commit/9ea93a2ec8f555ceed1ee27294cf94822f14f10f,9ea93a2ec8f555ceed1ee27294cf94822f14f10f,"['CWE-617', 'CWE-703']",
gpac,https://github.com/gpac/gpac/commit/9eeac00b38348c664dfeae2525bba0cf1bc32349,9eeac00b38348c664dfeae2525bba0cf1bc32349,['CWE-476'],
OpenSC,https://github.com/OpenSC/OpenSC/commit/03628449b75a93787eb2359412a3980365dda49b,03628449b75a93787eb2359412a3980365dda49b,"['CWE-399', 'CWE-674']",
njs,https://github.com/nginx/njs/commit/8b39afdad9a0761e0a5d4af1a762bd9a6daef572,8b39afdad9a0761e0a5d4af1a762bd9a6daef572,['CWE-703'],
linux,https://github.com/torvalds/linux/commit/e7af6307a8a54f0b873960b32b6a644f2d0fbd97,e7af6307a8a54f0b873960b32b6a644f2d0fbd97,"['CWE-416', 'CWE-703']",
php-src,https://github.com/php/php-src/commit/698a691724c0a949295991e5df091ce16f899e02,698a691724c0a949295991e5df091ce16f899e02,['CWE-476'],
vim,https://github.com/vim/vim/commit/44db8213d38c39877d2148eff6a72f4beccfb94e,44db8213d38c39877d2148eff6a72f4beccfb94e,"['CWE-122', 'CWE-787']",
deepin-clone,https://github.com/linuxdeepin/deepin-clone/commit/e079f3e2712b4f8c28e3e63e71ba1a1f90fce1ab,e079f3e2712b4f8c28e3e63e71ba1a1f90fce1ab,"['CWE-59', 'CWE-61']",
wolfssl,https://github.com/wolfSSL/wolfssl/commit/1de07da61f0c8e9926dcbd68119f73230dae283f,1de07da61f0c8e9926dcbd68119f73230dae283f,"['CWE-326', 'CWE-203']",
moddable,https://github.com/Moddable-OpenSource/moddable/commit/135aa9a4a6a9b49b60aa730ebc3bcc6247d75c45,135aa9a4a6a9b49b60aa730ebc3bcc6247d75c45,['CWE-125'],
vlc,https://github.com/videolan/vlc/commit/204291467724867b79735c0ee3aeb0dbc2200f97,204291467724867b79735c0ee3aeb0dbc2200f97,"['CWE-119', 'CWE-787']",
tensorflow,https://github.com/tensorflow/tensorflow/commit/c5b0d5f8ac19888e46ca14b0e27562e7fbbee9a9,c5b0d5f8ac19888e46ca14b0e27562e7fbbee9a9,"['CWE-665', 'CWE-787']",
LIEF,https://github.com/lief-project/LIEF/commit/7acf0bc4224081d4f425fcc8b2e361b95291d878,7acf0bc4224081d4f425fcc8b2e361b95291d878,['CWE-703'],
newsbeuter,https://github.com/akrennmair/newsbeuter/commit/c8fea2f60c18ed30bdd1bb6f798e994e51a58260,c8fea2f60c18ed30bdd1bb6f798e994e51a58260,['CWE-78'],
suricata,https://github.com/OISF/suricata/commit/1c63d3905852f746ccde7e2585600b2199cefb4b,1c63d3905852f746ccde7e2585600b2199cefb4b,['CWE-94'],
samba,https://github.com/samba-team/samba/commit/f9b2267c6eb8138fc94df7a138ad5d87526f1d79,f9b2267c6eb8138fc94df7a138ad5d87526f1d79,['CWE-703'],
FFmpeg,https://github.com/FFmpeg/FFmpeg/commit/e8714f6f93d1a32f4e4655209960afcf4c185214,e8714f6f93d1a32f4e4655209960afcf4c185214,['CWE-703'],
libjpeg,https://github.com/thorfdbg/libjpeg/commit/ea6315164b1649ff932a396b7600eac4bffcfaba,ea6315164b1649ff932a396b7600eac4bffcfaba,['CWE-476'],
FFmpeg,https://github.com/FFmpeg/FFmpeg/commit/c953baa084607dd1d84c3bfcce3cf6a87c3e6e05,c953baa084607dd1d84c3bfcce3cf6a87c3e6e05,['CWE-703'],
linux,https://github.com/torvalds/linux/commit/51aa68e7d57e3217192d88ce90fd5b8ef29ec94f,51aa68e7d57e3217192d88ce90fd5b8ef29ec94f,['CWE-284'],
linux,https://github.com/torvalds/linux/commit/bc0bdc5afaa740d782fbf936aaeebd65e5c2921d,bc0bdc5afaa740d782fbf936aaeebd65e5c2921d,['CWE-416'],
mintty,https://github.com/mintty/mintty/commit/bd52109993440b6996760aaccb66e68e782762b9,bd52109993440b6996760aaccb66e68e782762b9,"['CWE-703', 'CWE-770']",
tensorflow,https://github.com/tensorflow/tensorflow/commit/9c87c32c710d0b5b53dc6fd3bfde4046e1f7a5ad,9c87c32c710d0b5b53dc6fd3bfde4046e1f7a5ad,"['CWE-125', 'CWE-824']",
pjproject,https://github.com/pjsip/pjproject/commit/947bc1ee6d05be10204b918df75a503415fd3213,947bc1ee6d05be10204b918df75a503415fd3213,"['CWE-703', 'CWE-835']",
lepton,https://github.com/dropbox/lepton/commit/82167c144a322cc956da45407f6dce8d4303d346,82167c144a322cc956da45407f6dce8d4303d346,['CWE-1187'],
tensorflow,https://github.com/tensorflow/tensorflow/commit/7c1692bd417eb4f9b33ead749a41166d6080af85,7c1692bd417eb4f9b33ead749a41166d6080af85,['CWE-190'],
tensorflow,https://github.com/tensorflow/tensorflow/commit/ea50a40e84f6bff15a0912728e35b657548cef11,ea50a40e84f6bff15a0912728e35b657548cef11,"['CWE-20', 'CWE-703']",
tensorflow,https://github.com/tensorflow/tensorflow/commit/0ab290774f91a23bebe30a358fde4e53ab4876a0,0ab290774f91a23bebe30a358fde4e53ab4876a0,"['CWE-120', 'CWE-787']",
cmark-gfm,https://github.com/github/cmark-gfm/commit/b1687e6af1367c596ab75428b03af55666a66530,b1687e6af1367c596ab75428b03af55666a66530,['CWE-190'],
gpac,https://github.com/gpac/gpac/commit/7f060bbb72966cae80d6fee338d0b07fa3fc06e1,7f060bbb72966cae80d6fee338d0b07fa3fc06e1,['CWE-835'],
php-src,https://github.com/php/php-src/commit/0c8a2a2cd1056b7dc403eacb5d2c0eec6ce47c6f,0c8a2a2cd1056b7dc403eacb5d2c0eec6ce47c6f,['CWE-476'],
tensorflow,https://github.com/tensorflow/tensorflow/commit/ebc70b7a592420d3d2f359e4b1694c236b82c7ae,ebc70b7a592420d3d2f359e4b1694c236b82c7ae,['CWE-125'],
tensorflow,https://github.com/tensorflow/tensorflow/commit/390611e0d45c5793c7066110af37c8514e6a6c54,390611e0d45c5793c7066110af37c8514e6a6c54,"['CWE-617', 'CWE-703', 'CWE-787']",
keepkey-firmware,https://github.com/keepkey/keepkey-firmware/commit/447c1f038a31378ab9589965c098467d9ea6cccc,447c1f038a31378ab9589965c098467d9ea6cccc,"['CWE-668', 'CWE-125']",
linux,https://github.com/torvalds/linux/commit/f26967b9f7a830e228bb13fb41bd516ddd9d789d,f26967b9f7a830e228bb13fb41bd516ddd9d789d,['CWE-416'],
njs,https://github.com/nginx/njs/commit/6a40a85ff239497c6458c7dbef18f6a2736fe992,6a40a85ff239497c6458c7dbef18f6a2736fe992,"['CWE-843', 'CWE-269']",
gpac,https://github.com/gpac/gpac/commit/86c1566f040b2b84c72afcb6cbd444c5aff56cfe,86c1566f040b2b84c72afcb6cbd444c5aff56cfe,['CWE-787'],
vim,https://github.com/vim/vim/commit/5fa9f23a63651a8abdb074b4fc2ec9b1adc6b089,5fa9f23a63651a8abdb074b4fc2ec9b1adc6b089,"['CWE-122', 'CWE-787']",
tensorflow,https://github.com/tensorflow/tensorflow/commit/c4d7afb6a5986b04505aca4466ae1951686c80f6,c4d7afb6a5986b04505aca4466ae1951686c80f6,"['CWE-131', 'CWE-787']",
audiofile,https://github.com/antlarr/audiofile/commit/a2e9eab8ea87c4ffc494d839ebb4ea145eb9f2e6,a2e9eab8ea87c4ffc494d839ebb4ea145eb9f2e6,"['CWE-119', 'CWE-284']",
Little-CMS,https://github.com/mm2/Little-CMS/commit/fefaaa43c382eee632ea3ad0cfa915335140e1db,fefaaa43c382eee632ea3ad0cfa915335140e1db,['CWE-94'],
FFmpeg,https://github.com/FFmpeg/FFmpeg/commit/1713eec29add37b654ec6bf262b843d139c1ffc6,1713eec29add37b654ec6bf262b843d139c1ffc6,['CWE-703'],
ImageMagick,https://github.com/ImageMagick/ImageMagick/commit/eac8ce4d873f28bb6a46aa3a662fb196b49b95d0,eac8ce4d873f28bb6a46aa3a662fb196b49b95d0,"['CWE-703', 'CWE-704']",
neomutt,https://github.com/neomutt/neomutt/commit/65d64a5b60a4a3883f2cd799d92c6091d8854f23,65d64a5b60a4a3883f2cd799d92c6091d8854f23,['CWE-191'],
FFmpeg,https://github.com/FFmpeg/FFmpeg/commit/d893253fcd93d11258e98857175e93be7d158708,d893253fcd93d11258e98857175e93be7d158708,['CWE-125'],
FFmpeg,https://github.com/FFmpeg/FFmpeg/commit/b97a4b658814b2de8b9f2a3bce491c002d34de31,b97a4b658814b2de8b9f2a3bce491c002d34de31,"['CWE-20', 'CWE-129']",
linux,https://github.com/torvalds/linux/commit/f26f9aff6aaf67e9a430d16c266f91b13a5bff64,f26f9aff6aaf67e9a430d16c266f91b13a5bff64,"['CWE-703', 'CWE-835']",
FFmpeg,https://github.com/FFmpeg/FFmpeg/commit/8c55ff393340998faae887dfac19e7ef128e1e58,8c55ff393340998faae887dfac19e7ef128e1e58,['CWE-703'],
ImageMagick,https://github.com/ImageMagick/ImageMagick/commit/bdbbb13f1fe9b7e2465502c500561720f7456aac,bdbbb13f1fe9b7e2465502c500561720f7456aac,"['CWE-703', 'CWE-834']",
linux,https://github.com/torvalds/linux/commit/f05819df10d7b09f6d1eb6f8534a8f68e5a4fe61,f05819df10d7b09f6d1eb6f8534a8f68e5a4fe61,"['CWE-20', 'CWE-190']",
re2c,https://github.com/skvadrik/re2c/commit/039c18949190c5de5397eba504d2c75dad2ea9ca,039c18949190c5de5397eba504d2c75dad2ea9ca,['CWE-787'],
ImageMagick,https://github.com/ImageMagick/ImageMagick/commit/c8718305f120293d8bf13724f12eed885d830b09,c8718305f120293d8bf13724f12eed885d830b09,['CWE-787'],
envoy,https://github.com/envoyproxy/envoy/commit/18871dbfb168d3512a10c78dd267ff7c03f564c6,18871dbfb168d3512a10c78dd267ff7c03f564c6,['CWE-703'],
tensorflow,https://github.com/tensorflow/tensorflow/commit/429f009d2b2c09028647dd4bb7b3f6f414bbaad7,429f009d2b2c09028647dd4bb7b3f6f414bbaad7,['CWE-824'],
vim,https://github.com/vim/vim/commit/409510c588b1eec1ae33511ae97a21eb8e110895,409510c588b1eec1ae33511ae97a21eb8e110895,['CWE-416'],
php-src,https://github.com/php/php-src/commit/426aeb2808955ee3d3f52e0cfb102834cdb836a5,426aeb2808955ee3d3f52e0cfb102834cdb836a5,['CWE-20'],
tensorflow,https://github.com/tensorflow/tensorflow/commit/7f283ff806b2031f407db64c4d3edcda8fb9f9f5,7f283ff806b2031f407db64c4d3edcda8fb9f9f5,['CWE-369'],
lrzip,https://github.com/ckolivas/lrzip/commit/5faf80cd53ecfd16b636d653483144cd12004f46,5faf80cd53ecfd16b636d653483144cd12004f46,"['CWE-703', 'CWE-787']",
postgres,https://github.com/postgres/postgres/commit/f52d2fbd8c62f667191b61228acf9d8aa53607b9,f52d2fbd8c62f667191b61228acf9d8aa53607b9,['CWE-94'],
nDPI,https://github.com/ntop/nDPI/commit/61066fb106efa6d3d95b67e47b662de208b2b622,61066fb106efa6d3d95b67e47b662de208b2b622,['CWE-125'],
FFmpeg,https://github.com/FFmpeg/FFmpeg/commit/26d3c81bc5ef2f8c3f09d45eaeacfb4b1139a777,26d3c81bc5ef2f8c3f09d45eaeacfb4b1139a777,"['CWE-20', 'CWE-129']",
tensorflow,https://github.com/tensorflow/tensorflow/commit/237822b59fc504dda2c564787f5d3ad9c4aa62d9,237822b59fc504dda2c564787f5d3ad9c4aa62d9,"['CWE-476', 'CWE-908']",
tensorflow,https://github.com/tensorflow/tensorflow/commit/5c8c9a8bfe750f9743d0c859bae112060b216f5c,5c8c9a8bfe750f9743d0c859bae112060b216f5c,"['CWE-476', 'CWE-369']",
systemd-stable,https://github.com/systemd/systemd-stable/commit/b00674347337b7531c92fdb65590ab253bb57538,b00674347337b7531c92fdb65590ab253bb57538,['CWE-703'],
libredwg,https://github.com/LibreDWG/libredwg/commit/ecf5183d8b3b286afe2a30021353b7116e0208dd,ecf5183d8b3b286afe2a30021353b7116e0208dd,['CWE-787'],
systemd-stable,https://github.com/systemd/systemd-stable/commit/764b74113e36ac5219a4b82a05f311b5a92136ce,764b74113e36ac5219a4b82a05f311b5a92136ce,['CWE-703'],
frr,https://github.com/FRRouting/frr/commit/943d595a018e69b550db08cccba1d0778a86705a,943d595a018e69b550db08cccba1d0778a86705a,"['CWE-20', 'CWE-436']",
qemu,https://github.com/qemu/qemu/commit/5f5a1318653c08e435cfa52f60b6a712815b659d,5f5a1318653c08e435cfa52f60b6a712815b659d,['CWE-269'],
tensorflow,https://github.com/tensorflow/tensorflow/commit/ae2daeb45abfe2c6dda539cf8d0d6f653d3ef412,ae2daeb45abfe2c6dda539cf8d0d6f653d3ef412,['CWE-125'],
libass,https://github.com/libass/libass/commit/f4f48950788b91c6a30029cc28a240b834713ea7,f4f48950788b91c6a30029cc28a240b834713ea7,['CWE-125'],
gpac,https://github.com/gpac/gpac/commit/22774aa9e62f586319c8f107f5bae950fed900bc,22774aa9e62f586319c8f107f5bae950fed900bc,"['CWE-476', 'CWE-787']",
tensorflow,https://github.com/tensorflow/tensorflow/commit/48305e8ffe5246d67570b64096a96f8e315a7281,48305e8ffe5246d67570b64096a96f8e315a7281,"['CWE-20', 'CWE-703']",
gpac,https://github.com/gpac/gpac/commit/44fdc3d972c31c56efe73e1a3b63438d46087652,44fdc3d972c31c56efe73e1a3b63438d46087652,['CWE-476'],
asylo,https://github.com/google/asylo/commit/ed0926bff0e423cd122a18b3d2fc772817f66825,ed0926bff0e423cd122a18b3d2fc772817f66825,"['CWE-119', 'CWE-295', 'CWE-787']",
mruby,https://github.com/mruby/mruby/commit/f72315575f78a9a773adbce0ee7d3ec33434cb76,f72315575f78a9a773adbce0ee7d3ec33434cb76,['CWE-125'],
Pillow,https://github.com/python-pillow/Pillow/commit/6a83e4324738bb0452fbe8074a995b1c73f08de7,6a83e4324738bb0452fbe8074a995b1c73f08de7,['CWE-125'],
FFmpeg,https://github.com/FFmpeg/FFmpeg/commit/3edc3b159503d512c919b3d5902f7026e961823a,3edc3b159503d512c919b3d5902f7026e961823a,['CWE-703'],
linux,https://github.com/torvalds/linux/commit/ea2bc483ff5caada7c4aa0d5fbf87d3a6590273d,ea2bc483ff5caada7c4aa0d5fbf87d3a6590273d,['CWE-476'],
linux,https://github.com/torvalds/linux/commit/d6f5e358452479fa8a773b5c6ccc9e4ec5a20880,d6f5e358452479fa8a773b5c6ccc9e4ec5a20880,['CWE-476'],
httpd,https://github.com/apache/httpd/commit/78eb3b9235515652ed141353d98c239237030410,78eb3b9235515652ed141353d98c239237030410,['CWE-20'],
linux,https://github.com/torvalds/linux/commit/1756d7994ad85c2479af6ae5a9750b92324685af,1756d7994ad85c2479af6ae5a9750b92324685af,['CWE-269'],
envoy,https://github.com/envoyproxy/envoy/commit/ce0ae309057a216aba031aff81c445c90c6ef145,ce0ae309057a216aba031aff81c445c90c6ef145,['CWE-416'],
qemu,https://github.com/qemu/qemu/commit/7882080388be5088e72c425b02223c02e6cb4295,7882080388be5088e72c425b02223c02e6cb4295,"['CWE-120', 'CWE-787']",
httpd,https://github.com/apache/httpd/commit/db81019ab88734ed35fa70294a0cfa7a19743f73,db81019ab88734ed35fa70294a0cfa7a19743f73,"['CWE-284', 'CWE-264']",
rizin,https://github.com/rizinorg/rizin/commit/6ce71d8aa3dafe3cdb52d5d72ae8f4b95916f939,6ce71d8aa3dafe3cdb52d5d72ae8f4b95916f939,['CWE-703'],
tensorflow,https://github.com/tensorflow/tensorflow/commit/8ee24e7949a203d234489f9da2c5bf45a7d5157d,8ee24e7949a203d234489f9da2c5bf45a7d5157d,"['CWE-125', 'CWE-787']",
u-boot,https://github.com/u-boot/u-boot/commit/2ac0baab4aff1a0b45067d0b62f00c15f4e86856,2ac0baab4aff1a0b45067d0b62f00c15f4e86856,['CWE-787'],
gpac,https://github.com/gpac/gpac/commit/b5741da08e88e8dcc8da0a7669b92405b9862850,b5741da08e88e8dcc8da0a7669b92405b9862850,['CWE-94'],
gpac,https://github.com/gpac/gpac/commit/b2eab95e07cb5819375a50358d4806a8813b6e50,b2eab95e07cb5819375a50358d4806a8813b6e50,['CWE-476'],
linux,https://github.com/torvalds/linux/commit/9a564bccb78a76740ea9d75a259942df8143d02c,9a564bccb78a76740ea9d75a259942df8143d02c,['CWE-200'],
gpac,https://github.com/gpac/gpac/commit/b09c75dc2d4bf68ac447daa71e72365aa30231a9,b09c75dc2d4bf68ac447daa71e72365aa30231a9,['CWE-703'],
asylo,https://github.com/google/asylo/commit/299f804acbb95a612ab7c504d25ab908aa59ae93,299f804acbb95a612ab7c504d25ab908aa59ae93,"['CWE-120', 'CWE-787']",
radare2,https://github.com/radareorg/radare2/commit/e9ce0d64faf19fa4e9c260250fbdf25e3c11e152,e9ce0d64faf19fa4e9c260250fbdf25e3c11e152,['CWE-125'],
mruby,https://github.com/mruby/mruby/commit/b1d0296a937fe278239bdfac840a3fd0e93b3ee9,b1d0296a937fe278239bdfac840a3fd0e93b3ee9,['CWE-787'],
gpac,https://github.com/gpac/gpac/commit/d7daa8aeb6df4b6c3ec102622e1599279310a19e,d7daa8aeb6df4b6c3ec102622e1599279310a19e,['CWE-787'],
tensorflow,https://github.com/tensorflow/tensorflow/commit/b619c6f865715ca3b15ef1842b5b95edbaa710ad,b619c6f865715ca3b15ef1842b5b95edbaa710ad,"['CWE-369', 'CWE-345']",
linux,https://github.com/torvalds/linux/commit/864745d291b5ba80ea0bd0edcbe67273de368836,864745d291b5ba80ea0bd0edcbe67273de368836,['CWE-703'],
fizz,https://github.com/facebookincubator/fizz/commit/3eaddb33619eaaf74a760872850c550ad8f5c52f,3eaddb33619eaaf74a760872850c550ad8f5c52f,"['CWE-400', 'CWE-703', 'CWE-770']",
weechat,https://github.com/weechat/weechat/commit/40ccacb4330a64802b1f1e28ed9a6b6d3ca9197f,40ccacb4330a64802b1f1e28ed9a6b6d3ca9197f,"['CWE-120', 'CWE-787']",
libjpeg,https://github.com/thorfdbg/libjpeg/commit/4746b577931e926a49e50de9720a4946de3069a7,4746b577931e926a49e50de9720a4946de3069a7,"['CWE-617', 'CWE-703']",
php-src,https://github.com/php/php-src/commit/6a7cc8ff85827fa9ac715b3a83c2d9147f33cd43,6a7cc8ff85827fa9ac715b3a83c2d9147f33cd43,"['CWE-119', 'CWE-787']",
linux,https://github.com/torvalds/linux/commit/bc909d9ddbf7778371e36a651d6e4194b1cc7d4c,bc909d9ddbf7778371e36a651d6e4194b1cc7d4c,['CWE-476'],
tensorflow,https://github.com/tensorflow/tensorflow/commit/1b85a28d395dc91f4d22b5f9e1e9a22e92ccecd6,1b85a28d395dc91f4d22b5f9e1e9a22e92ccecd6,"['CWE-122', 'CWE-787']",
godot,https://github.com/godotengine/godot/commit/403e4fd08b0b212e96f53d926e6273e0745eaa5a,403e4fd08b0b212e96f53d926e6273e0745eaa5a,"['CWE-20', 'CWE-787']",
njs,https://github.com/nginx/njs/commit/d457c9545e7e71ebb5c0479eb16b9d33175855e2,d457c9545e7e71ebb5c0479eb16b9d33175855e2,"['CWE-119', 'CWE-787']",
tensorflow,https://github.com/tensorflow/tensorflow/commit/14755416e364f17fb1870882fa778c7fec7f16e3,14755416e364f17fb1870882fa778c7fec7f16e3,['CWE-20'],
php-src,https://github.com/php/php-src/commit/0bfb970f43acd1e81d11be1154805f86655f15d5,0bfb970f43acd1e81d11be1154805f86655f15d5,"['CWE-119', 'CWE-787']",
FFmpeg,https://github.com/FFmpeg/FFmpeg/commit/b25e84b7399bd91605596b67d761d3464dbe8a6e,b25e84b7399bd91605596b67d761d3464dbe8a6e,['CWE-703'],
pupnp,https://github.com/pupnp/pupnp/commit/c805c1de1141cb22f74c0d94dd5664bda37398e0,c805c1de1141cb22f74c0d94dd5664bda37398e0,['CWE-476'],
qpdf,https://github.com/qpdf/qpdf/commit/8249a26d69f72b9cda584c14cc3f12769985e481,8249a26d69f72b9cda584c14cc3f12769985e481,"['CWE-399', 'CWE-835']",
vim,https://github.com/vim/vim/commit/05b27615481e72e3b338bb12990fb3e0c2ecc2a9,05b27615481e72e3b338bb12990fb3e0c2ecc2a9,"['CWE-703', 'CWE-125']",
FFmpeg,https://github.com/FFmpeg/FFmpeg/commit/4c3e1956ee35fdcc5ffdb28782050164b4623c0b,4c3e1956ee35fdcc5ffdb28782050164b4623c0b,['CWE-787'],
GameNetworkingSockets,https://github.com/ValveSoftware/GameNetworkingSockets/commit/bea84e2844b647532a9b7fbc3a6a8989d66e49e3,bea84e2844b647532a9b7fbc3a6a8989d66e49e3,['CWE-787'],
linux,https://github.com/torvalds/linux/commit/cf970c002d270c36202bd5b9c2804d3097a52da0,cf970c002d270c36202bd5b9c2804d3097a52da0,['CWE-703'],
php-src,https://github.com/php/php-src/commit/b88393f08a558eec14964a55d3c680fe67407712,b88393f08a558eec14964a55d3c680fe67407712,['CWE-416'],
at91bootstrap,https://github.com/linux4sam/at91bootstrap/commit/45419497309ffbf27c17ea7938499aca99168927,45419497309ffbf27c17ea7938499aca99168927,"['CWE-212', 'CWE-326', 'CWE-61']",
FreeRDP,https://github.com/FreeRDP/FreeRDP/commit/58dc36b3c883fd460199cedb6d30e58eba58298c,58dc36b3c883fd460199cedb6d30e58eba58298c,['CWE-125'],
nghttp2,https://github.com/nghttp2/nghttp2/commit/f8da73bd042f810f34d19f9eae02b46d870af394,f8da73bd042f810f34d19f9eae02b46d870af394,['CWE-707'],
tensorflow,https://github.com/tensorflow/tensorflow/commit/ff489d95a9006be080ad14feb378f2b4dac35552,ff489d95a9006be080ad14feb378f2b4dac35552,['CWE-369'],
tensorflow,https://github.com/tensorflow/tensorflow/commit/eccb7ec454e6617738554a255d77f08e60ee0808,eccb7ec454e6617738554a255d77f08e60ee0808,"['CWE-125', 'CWE-787']",
tensorflow,https://github.com/tensorflow/tensorflow/commit/bb6a0383ed553c286f87ca88c207f6774d5c4a8f,bb6a0383ed553c286f87ca88c207f6774d5c4a8f,['CWE-125'],
samba,https://github.com/samba-team/samba/commit/827dc6a61e6bd01531da0cc8e10f1e54ad400359,827dc6a61e6bd01531da0cc8e10f1e54ad400359,['CWE-288'],
FFmpeg,https://github.com/FFmpeg/FFmpeg/commit/18f94df8af04f2c02a25a7dec512289feff6517f,18f94df8af04f2c02a25a7dec512289feff6517f,['CWE-787'],
FFmpeg,https://github.com/FFmpeg/FFmpeg/commit/77bb0004bbe18f1498cfecdc68db5f10808b6599,77bb0004bbe18f1498cfecdc68db5f10808b6599,['CWE-787'],
samba,https://github.com/samba-team/samba/commit/b4c0b4620f12055207adb0519c8d91c3021f354a,b4c0b4620f12055207adb0519c8d91c3021f354a,['CWE-787'],
samba,https://github.com/samba-team/samba/commit/b95431ab2303eb258e37e88d8841f2fb79fc4af5,b95431ab2303eb258e37e88d8841f2fb79fc4af5,['CWE-20'],
envoy,https://github.com/envoyproxy/envoy/commit/f0bb2219112d8cdb4c4e8b346834f962925362ca,f0bb2219112d8cdb4c4e8b346834f962925362ca,['CWE-703'],
pjproject,https://github.com/pjsip/pjproject/commit/d27f79da11df7bc8bb56c2f291d71e54df8d2c47,d27f79da11df7bc8bb56c2f291d71e54df8d2c47,"['CWE-120', 'CWE-787']",
ImageMagick,https://github.com/ImageMagick/ImageMagick/commit/50f54462076648ac2e36c3f58f4dadd4babbf1c9,50f54462076648ac2e36c3f58f4dadd4babbf1c9,"['CWE-190', 'CWE-835']",
xrootd,https://github.com/xrootd/xrootd/commit/befa2e627a5a33a38c92db3e57c07d8246a24acf,befa2e627a5a33a38c92db3e57c07d8246a24acf,['CWE-78'],
tensorflow,https://github.com/tensorflow/tensorflow/commit/1c56f53be0b722ca657cbc7df461ed676c8642a2,1c56f53be0b722ca657cbc7df461ed676c8642a2,"['CWE-617', 'CWE-369']",
rhonabwy,https://github.com/babelouest/rhonabwy/commit/dd528b3aabd13863f855a68e76966e4e019fc399,dd528b3aabd13863f855a68e76966e4e019fc399,['CWE-703'],
atheme,https://github.com/atheme/atheme/commit/de2ba3ca8f6c39b41431d989f3ac66002a487839,de2ba3ca8f6c39b41431d989f3ac66002a487839,['CWE-288'],
contiki-ng,https://github.com/contiki-ng/contiki-ng/commit/9cdec6e19865d7b0d8caf61f1a34001f64d565b0,9cdec6e19865d7b0d8caf61f1a34001f64d565b0,['CWE-787'],
libiec61850,https://github.com/mz-automation/libiec61850/commit/033ab5b6488250c8c3b838f25a7cbc3e099230bb,033ab5b6488250c8c3b838f25a7cbc3e099230bb,['CWE-122'],
tensorflow,https://github.com/tensorflow/tensorflow/commit/6fc9141f42f6a72180ecd24021c3e6b36165fe0d,6fc9141f42f6a72180ecd24021c3e6b36165fe0d,['CWE-787'],
tensorflow,https://github.com/tensorflow/tensorflow/commit/a7116dd3913c4a4afd2a3a938573aa7c785fdfc6,a7116dd3913c4a4afd2a3a938573aa7c785fdfc6,"['CWE-476', 'CWE-190']",
sqlite,https://github.com/sqlite/sqlite/commit/5f69512404cd2e5153ddf90ea277fbba6dd58ab7,5f69512404cd2e5153ddf90ea277fbba6dd58ab7,['CWE-476'],
fontforge,https://github.com/fontforge/fontforge/commit/626f751752875a0ddd74b9e217b6f4828713573c,626f751752875a0ddd74b9e217b6f4828713573c,"['CWE-119', 'CWE-787']",
trojita,https://github.com/jktjkt/trojita/commit/25fffa3e25cbad85bbca804193ad336b090a9ce1,25fffa3e25cbad85bbca804193ad336b090a9ce1,['CWE-200'],
tensorflow,https://github.com/tensorflow/tensorflow/commit/801c1c6be5324219689c98e1bd3e0ca365ee834d,801c1c6be5324219689c98e1bd3e0ca365ee834d,['CWE-369'],
tensorflow,https://github.com/tensorflow/tensorflow/commit/b12aa1d44352de21d1a6faaf04172d8c2508b42b,b12aa1d44352de21d1a6faaf04172d8c2508b42b,['CWE-369'],
firejail,https://github.com/netblue30/firejail/commit/6b8dba29d73257311564ee7f27b9b14758cc693e,6b8dba29d73257311564ee7f27b9b14758cc693e,['CWE-703'],
LibRaw,https://github.com/LibRaw/LibRaw/commit/efd8cfabb93fd0396266a7607069901657c082e3,efd8cfabb93fd0396266a7607069901657c082e3,['CWE-787'],
radare2,https://github.com/radareorg/radare2/commit/e5c14c167b0dcf0a53d76bd50bacbbcc0dfc1ae7,e5c14c167b0dcf0a53d76bd50bacbbcc0dfc1ae7,"['CWE-125', 'CWE-787']",
tensorflow,https://github.com/tensorflow/tensorflow/commit/32fdcbff9d06d010d908fcc4bd4b36eb3ce15925,32fdcbff9d06d010d908fcc4bd4b36eb3ce15925,"['CWE-703', 'CWE-908']",
tensorflow,https://github.com/tensorflow/tensorflow/commit/1e206baedf8bef0334cca3eb92bab134ef525a28,1e206baedf8bef0334cca3eb92bab134ef525a28,['CWE-369'],
acrn-hypervisor,https://github.com/projectacrn/acrn-hypervisor/commit/6199e653418eda58cd698d8769820904453e2535,6199e653418eda58cd698d8769820904453e2535,"['CWE-617', 'CWE-703']",
libheif,https://github.com/strukturag/libheif/commit/995a4283d8ed2d0d2c1ceb1a577b993df2f0e014,995a4283d8ed2d0d2c1ceb1a577b993df2f0e014,['CWE-416'],
ZLMediaKit,https://github.com/ZLMediaKit/ZLMediaKit/commit/7d8b212a3c3368bc2f6507cb74664fc419eb9327,7d8b212a3c3368bc2f6507cb74664fc419eb9327,['CWE-703'],
FFmpeg,https://github.com/FFmpeg/FFmpeg/commit/912ce9dd2080c5837285a471d750fa311e09b555,912ce9dd2080c5837285a471d750fa311e09b555,['CWE-703'],
upx,https://github.com/upx/upx/commit/8d1d605b3d8c49bdfe9376454f0196738bed8166,8d1d605b3d8c49bdfe9376454f0196738bed8166,['CWE-703'],
samba,https://github.com/samba-team/samba/commit/08c9016cb9f25105c39488770113a1b00f8a4223,08c9016cb9f25105c39488770113a1b00f8a4223,['CWE-703'],
openscad,https://github.com/openscad/openscad/commit/b81369dffc3f385257a9b1f5c271118a88671d6d,b81369dffc3f385257a9b1f5c271118a88671d6d,['CWE-125'],
asylo,https://github.com/google/asylo/commit/382da2b8b09cbf928668a2445efb778f76bd9c8a,382da2b8b09cbf928668a2445efb778f76bd9c8a,['CWE-787'],
oniguruma,https://github.com/kkos/oniguruma/commit/b4bf968ad52afe14e60a2dc8a95d3555c543353a,b4bf968ad52afe14e60a2dc8a95d3555c543353a,['CWE-787'],
gpac,https://github.com/gpac/gpac/commit/b13e9986aa1134c764b0d84f0f66328429b9c2eb,b13e9986aa1134c764b0d84f0f66328429b9c2eb,['CWE-416'],
qpdf,https://github.com/qpdf/qpdf/commit/d71f05ca07eb5c7cfa4d6d23e5c1f2a800f52e8e,d71f05ca07eb5c7cfa4d6d23e5c1f2a800f52e8e,['CWE-787'],
tensorflow,https://github.com/tensorflow/tensorflow/commit/11ced8467eccad9c7cb94867708be8fa5c66c730,11ced8467eccad9c7cb94867708be8fa5c66c730,"['CWE-20', 'CWE-476']",
mruby,https://github.com/mruby/mruby/commit/f5e10c5a79a17939af763b1dcf5232ce47e24a34,f5e10c5a79a17939af763b1dcf5232ce47e24a34,"['CWE-476', 'CWE-190']",
tensorflow,https://github.com/tensorflow/tensorflow/commit/b055b9c474cd376259dde8779908f9eeaf097d93,b055b9c474cd376259dde8779908f9eeaf097d93,['CWE-476'],
tensorflow,https://github.com/tensorflow/tensorflow/commit/c6173f5fe66cdbab74f4f869311fe6aae2ba35f4,c6173f5fe66cdbab74f4f869311fe6aae2ba35f4,"['CWE-703', 'CWE-835']",
samba,https://github.com/samba-team/samba/commit/7efe8182c165fbf17d2f88c173527a7a554e214b,7efe8182c165fbf17d2f88c173527a7a554e214b,['CWE-200'],
ImageMagick,https://github.com/ImageMagick/ImageMagick/commit/1bc1fd0ff8c555841c78829217ac81fa0598255d,1bc1fd0ff8c555841c78829217ac81fa0598255d,['CWE-125'],
glibc,https://github.com/bminor/glibc/commit/d6db68e66dff25d12c3bc5641b60cbd7fb6ab44f,d6db68e66dff25d12c3bc5641b60cbd7fb6ab44f,['CWE-787'],
hhvm,https://github.com/facebook/hhvm/commit/65c95a01541dd2fbc9c978ac53bed235b5376686,65c95a01541dd2fbc9c978ac53bed235b5376686,['CWE-22'],
tensorflow,https://github.com/tensorflow/tensorflow/commit/4071d8e2f6c45c1955a811fee757ca2adbe462c1,4071d8e2f6c45c1955a811fee757ca2adbe462c1,['CWE-369'],
gpac,https://github.com/gpac/gpac/commit/77510778516803b7f7402d7423c6d6bef50254c3,77510778516803b7f7402d7423c6d6bef50254c3,['CWE-787'],
sqlite,https://github.com/sqlite/sqlite/commit/0990c415f65d2556a5e4122cbe5727d500411aeb,0990c415f65d2556a5e4122cbe5727d500411aeb,['CWE-787'],
znc,https://github.com/znc/znc/commit/8de9e376ce531fe7f3c8b0aa4876d15b479b7311,8de9e376ce531fe7f3c8b0aa4876d15b479b7311,"['CWE-20', 'CWE-264']",
tensorflow,https://github.com/tensorflow/tensorflow/commit/4253f96a58486ffe84b61c0415bb234a4632ee73,4253f96a58486ffe84b61c0415bb234a4632ee73,"['CWE-476', 'CWE-190']",
glewlwyd,https://github.com/babelouest/glewlwyd/commit/4c5597c155bfbaf6491cf6b83479d241ae66940a,4c5597c155bfbaf6491cf6b83479d241ae66940a,['CWE-787'],
asylo,https://github.com/google/asylo/commit/6ff3b77ffe110a33a2f93848a6333f33616f02c4,6ff3b77ffe110a33a2f93848a6333f33616f02c4,['CWE-125'],
upx,https://github.com/upx/upx/commit/cc9ccdbbd12eb1fe2d926667d0427c63e95a0ca6,cc9ccdbbd12eb1fe2d926667d0427c63e95a0ca6,['CWE-787'],
haproxy,https://github.com/haproxy/haproxy/commit/3b69886f7dcc3cfb3d166309018e6cfec9ce2c95,3b69886f7dcc3cfb3d166309018e6cfec9ce2c95,['CWE-190'],
quazip,https://github.com/stachenov/quazip/commit/5d2fc16a1976e5bf78d2927b012f67a2ae047a98,5d2fc16a1976e5bf78d2927b012f67a2ae047a98,['CWE-22'],
subconverter,https://github.com/tindy2013/subconverter/commit/ce8d2bd0f13f05fcbd2ed90755d097f402393dd3,ce8d2bd0f13f05fcbd2ed90755d097f402393dd3,"['CWE-434', 'CWE-94']",
tensorflow,https://github.com/tensorflow/tensorflow/commit/701cfaca222a82afbeeb17496bd718baa65a67d2,701cfaca222a82afbeeb17496bd718baa65a67d2,['CWE-125'],
git,https://github.com/git/git/commit/684dd4c2b414bcf648505e74498a608f28de4592,684dd4c2b414bcf648505e74498a608f28de4592,"['CWE-59', 'CWE-61']",
glibc,https://github.com/bminor/glibc/commit/fc82b0a2dfe7dbd35671c10510a8da1043d746a5,fc82b0a2dfe7dbd35671c10510a8da1043d746a5,['CWE-476'],
linux,https://github.com/torvalds/linux/commit/9955ac47f4ba1c95ecb6092aeaefb40a22e99268,9955ac47f4ba1c95ecb6092aeaefb40a22e99268,['CWE-703'],
tensorflow,https://github.com/tensorflow/tensorflow/commit/e6a7c7cc18c3aaad1ae0872cb0a959f5c923d2bd,e6a7c7cc18c3aaad1ae0872cb0a959f5c923d2bd,['CWE-476'],
tensorflow,https://github.com/tensorflow/tensorflow/commit/d7de67733925de196ec8863a33445b73f9562d1d,d7de67733925de196ec8863a33445b73f9562d1d,"['CWE-20', 'CWE-476']",
tensorflow,https://github.com/tensorflow/tensorflow/commit/a776040a5e7ebf76eeb7eb923bf1ae417dd4d233,a776040a5e7ebf76eeb7eb923bf1ae417dd4d233,['CWE-369'],
fbthrift,https://github.com/facebook/fbthrift/commit/01686e15ec77ccb4d49a77d5bce3a01601e54d64,01686e15ec77ccb4d49a77d5bce3a01601e54d64,"['CWE-20', 'CWE-755']",
xterm-snapshots,https://github.com/ThomasDickey/xterm-snapshots/commit/82ba55b8f994ab30ff561a347b82ea340ba7075c,82ba55b8f994ab30ff561a347b82ea340ba7075c,['CWE-399'],
linux,https://github.com/torvalds/linux/commit/aba8d056078e47350d85b06a9cabd5afcc4b72ea,aba8d056078e47350d85b06a9cabd5afcc4b72ea,['CWE-94'],
pure-ftpd,https://github.com/jedisct1/pure-ftpd/commit/bf6fcd4935e95128cf22af5924cdc8fe5c0579da,bf6fcd4935e95128cf22af5924cdc8fe5c0579da,['CWE-125'],
linux,https://github.com/torvalds/linux/commit/87c48fa3b4630905f98268dde838ee43626a060c,87c48fa3b4630905f98268dde838ee43626a060c,['CWE-703'],
envoy,https://github.com/envoyproxy/envoy/commit/9b1c3962172a972bc0359398af6daa3790bb59db,9b1c3962172a972bc0359398af6daa3790bb59db,['CWE-476'],
gpac,https://github.com/gpac/gpac/commit/77ed81c069e10b3861d88f72e1c6be1277ee7eae,77ed81c069e10b3861d88f72e1c6be1277ee7eae,"['CWE-120', 'CWE-787']",
qemu,https://github.com/qemu/qemu/commit/2e1198672759eda6e122ff38fcf6df06f27e0fe2,2e1198672759eda6e122ff38fcf6df06f27e0fe2,"['CWE-119', 'CWE-787']",
postgres,https://github.com/postgres/postgres/commit/5919bb5a5989cda232ac3d1f8b9d90f337be2077,5919bb5a5989cda232ac3d1f8b9d90f337be2077,['CWE-94'],
ImageMagick,https://github.com/ImageMagick/ImageMagick/commit/8c35502217c1879cb8257c617007282eee3fe1cc,8c35502217c1879cb8257c617007282eee3fe1cc,['CWE-416'],
FFmpeg,https://github.com/FFmpeg/FFmpeg/commit/a392bf657015c9a79a5a13adfbfb15086c1943b9,a392bf657015c9a79a5a13adfbfb15086c1943b9,['CWE-190'],
proxychains-ng,https://github.com/rofl0r/proxychains-ng/commit/9ab7dbeb3baff67a51d0c5e71465c453be0890b5,9ab7dbeb3baff67a51d0c5e71465c453be0890b5,['CWE-426'],
samba,https://github.com/samba-team/samba/commit/0a3aa5f908e351201dc9c4d4807b09ed9eedff77,0a3aa5f908e351201dc9c4d4807b09ed9eedff77,['CWE-200'],
postgres,https://github.com/postgres/postgres/commit/cc7e0feba51b4aeb0adf9bdac659f83e9986b90d,cc7e0feba51b4aeb0adf9bdac659f83e9986b90d,['CWE-94'],
keepkey-firmware,https://github.com/keepkey/keepkey-firmware/commit/769714fcb569e7a4faff9530a2d9ac1f9d6e5680,769714fcb569e7a4faff9530a2d9ac1f9d6e5680,['CWE-354'],
qemu,https://github.com/qemu/qemu/commit/f9a70e79391f6d7c2a912d785239ee8effc1922d,f9a70e79391f6d7c2a912d785239ee8effc1922d,"['CWE-703', 'CWE-835']",
tsMuxer,https://github.com/justdan96/tsMuxer/commit/3763dd34755a8944d903aa19578fa22cd3734165,3763dd34755a8944d903aa19578fa22cd3734165,['CWE-22'],
gpac,https://github.com/gpac/gpac/commit/df8fffd839fe5ae9acd82d26fd48280a397411d9,df8fffd839fe5ae9acd82d26fd48280a397411d9,['CWE-476'],
php-src,https://github.com/php/php-src/commit/ecb7f58a069be0dec4a6131b6351a761f808f22e,ecb7f58a069be0dec4a6131b6351a761f808f22e,['CWE-20'],
flatpak,https://github.com/flatpak/flatpak/commit/8279c5818425b6812523e3805bbe242fb6a5d961,8279c5818425b6812523e3805bbe242fb6a5d961,"['CWE-94', 'CWE-74']",
libde265,https://github.com/strukturag/libde265/commit/f538254e4658ef5ea4e233c2185dcbfd165e8911,f538254e4658ef5ea4e233c2185dcbfd165e8911,['CWE-416'],
FFmpeg,https://github.com/FFmpeg/FFmpeg/commit/8df6884832ec413cf032dfaa45c23b1c7876670c,8df6884832ec413cf032dfaa45c23b1c7876670c,['CWE-476'],
tensorflow,https://github.com/tensorflow/tensorflow/commit/fca9874a9b42a2134f907d2fb46ab774a831404a,fca9874a9b42a2134f907d2fb46ab774a831404a,['CWE-369'],
LibRaw,https://github.com/LibRaw/LibRaw/commit/5563e6ddc3f7cb93d98b491194ceebdee7288d36,5563e6ddc3f7cb93d98b491194ceebdee7288d36,['CWE-125'],
tensorflow,https://github.com/tensorflow/tensorflow/commit/33be22c65d86256e6826666662e40dbdfe70ee83,33be22c65d86256e6826666662e40dbdfe70ee83,"['CWE-20', 'CWE-134', 'CWE-703']",
gpac,https://github.com/gpac/gpac/commit/2320eb73afba753b39b7147be91f7be7afc0eeb7,2320eb73afba753b39b7147be91f7be7afc0eeb7,['CWE-125'],
gpac,https://github.com/gpac/gpac/commit/1653f31cf874eb6df964bea88d58d8e9b98b485e,1653f31cf874eb6df964bea88d58d8e9b98b485e,['CWE-476'],
tensorflow,https://github.com/tensorflow/tensorflow/commit/25d622ffc432acc736b14ca3904177579e733cc6,25d622ffc432acc736b14ca3904177579e733cc6,['CWE-703'],
gpac,https://github.com/gpac/gpac/commit/ce01bd15f711d4575b7424b54b3a395ec64c1784,ce01bd15f711d4575b7424b54b3a395ec64c1784,['CWE-476'],
znc,https://github.com/znc/znc/commit/d229761821da38d984a9e4098ad96842490dc001,d229761821da38d984a9e4098ad96842490dc001,['CWE-476'],
gpac,https://github.com/gpac/gpac/commit/8986422c21fbd9a7bf6561cae65aae42077447e8,8986422c21fbd9a7bf6561cae65aae42077447e8,['CWE-787'],
ntopng,https://github.com/ntop/ntopng/commit/30610bda60cbfc058f90a1c0a17d0e8f4516221a,30610bda60cbfc058f90a1c0a17d0e8f4516221a,"['CWE-284', 'CWE-335']",
ImageMagick,https://github.com/ImageMagick/ImageMagick/commit/13db820f5e24cd993ee554e99377fea02a904e18,13db820f5e24cd993ee554e99377fea02a904e18,"['CWE-119', 'CWE-787']",
bluez,https://github.com/bluez/bluez/commit/e2b0f0d8d63e1223bb714a9efb37e2257818268b,e2b0f0d8d63e1223bb714a9efb37e2257818268b,['CWE-200'],
FFmpeg,https://github.com/FFmpeg/FFmpeg/commit/61d59703c91869f4e5cdacd8d6be52f8b89d4ba4,61d59703c91869f4e5cdacd8d6be52f8b89d4ba4,['CWE-703'],
zsh,https://github.com/zsh-users/zsh/commit/c187154f47697cdbf822c2f9d714d570ed4a0fd1,c187154f47697cdbf822c2f9d714d570ed4a0fd1,['CWE-476'],
httpd,https://github.com/apache/httpd/commit/4cc27823899e070268b906ca677ee838d07cf67a,4cc27823899e070268b906ca677ee838d07cf67a,"['CWE-416', 'CWE-284']",
linux,https://github.com/torvalds/linux/commit/e4571b8c5e9ffa1e85c0c671995bd4dcc5c75091,e4571b8c5e9ffa1e85c0c671995bd4dcc5c75091,"['CWE-476', 'CWE-703']",
tensorflow,https://github.com/tensorflow/tensorflow/commit/4923de56ec94fff7770df259ab7f2288a74feb41,4923de56ec94fff7770df259ab7f2288a74feb41,['CWE-369'],
upx,https://github.com/upx/upx/commit/cc60f03b2eae1626155d0b6d97a2d9d7529616c7,cc60f03b2eae1626155d0b6d97a2d9d7529616c7,['CWE-787'],
tensorflow,https://github.com/tensorflow/tensorflow/commit/1e922ccdf6bf46a3a52641f99fd47d54c1decd13,1e922ccdf6bf46a3a52641f99fd47d54c1decd13,"['CWE-131', 'CWE-369']",
linux,https://github.com/torvalds/linux/commit/cadfad870154e14f745ec845708bc17d166065f2,cadfad870154e14f745ec845708bc17d166065f2,['CWE-276'],
upx,https://github.com/upx/upx/commit/4e2fdb464a885c694408552c31739cb04b77bdcf,4e2fdb464a885c694408552c31739cb04b77bdcf,['CWE-787'],
proxygen,https://github.com/facebook/proxygen/commit/2f07985bef9fbae124cc63e5c0272e32da4fdaec,2f07985bef9fbae124cc63e5c0272e32da4fdaec,['CWE-787'],
gpac,https://github.com/gpac/gpac/commit/1273cdc706eeedf8346d4b9faa5b33435056061d,1273cdc706eeedf8346d4b9faa5b33435056061d,['CWE-787'],
opa-fm,https://github.com/01org/opa-fm/commit/c5759e7b76f5bf844be6c6641cc1b356bbc83869,c5759e7b76f5bf844be6c6641cc1b356bbc83869,['CWE-362'],
gpac,https://github.com/gpac/gpac/commit/9723dd0955894f2cb7be13b94cf7a47f2754b893,9723dd0955894f2cb7be13b94cf7a47f2754b893,['CWE-416'],
mvfst,https://github.com/facebookincubator/mvfst/commit/a67083ff4b8dcbb7ee2839da6338032030d712b0,a67083ff4b8dcbb7ee2839da6338032030d712b0,"['CWE-617', 'CWE-703']",
davs2,https://github.com/pkuvcl/davs2/commit/b41cf117452e2d73d827f02d3e30aa20f1c721ac,b41cf117452e2d73d827f02d3e30aa20f1c721ac,['CWE-787'],
redis,https://github.com/redis/redis/commit/c992857618db99776917f10bf4f2345a5fdc78b0,c992857618db99776917f10bf4f2345a5fdc78b0,['CWE-190'],
nanopb,https://github.com/nanopb/nanopb/commit/aa9d0d1ca78d6adec3adfeecf3a706c7f9df81f2,aa9d0d1ca78d6adec3adfeecf3a706c7f9df81f2,['CWE-125'],
tensorflow,https://github.com/tensorflow/tensorflow/commit/a1b11d2fdd1e51bfe18bb1ede804f60abfa92da6,a1b11d2fdd1e51bfe18bb1ede804f60abfa92da6,['CWE-369'],
gpac,https://github.com/gpac/gpac/commit/dae9900580a8888969481cd72035408091edb11b,dae9900580a8888969481cd72035408091edb11b,['CWE-476'],
tensorflow,https://github.com/tensorflow/tensorflow/commit/548b5eaf23685d86f722233d8fbc21d0a4aecb96,548b5eaf23685d86f722233d8fbc21d0a4aecb96,['CWE-369'],
samba,https://github.com/samba-team/samba/commit/484c6980befb86f7d81d708829ed4ceb819538eb,484c6980befb86f7d81d708829ed4ceb819538eb,['CWE-288'],
relic,https://github.com/relic-toolkit/relic/commit/76c9a1fdf19d9e92e566a77376673e522aae9f80,76c9a1fdf19d9e92e566a77376673e522aae9f80,"['CWE-120', 'CWE-787']",
upx,https://github.com/upx/upx/commit/eb90eab6325d009004ffb155e3e33f22d4d3ca26,eb90eab6325d009004ffb155e3e33f22d4d3ca26,"['CWE-703', 'CWE-369']",
vlc,https://github.com/videolan/vlc/commit/fbe2837bc80f155c001781041a54c58b5524fc14,fbe2837bc80f155c001781041a54c58b5524fc14,"['CWE-120', 'CWE-787']",
FFmpeg,https://github.com/FFmpeg/FFmpeg/commit/1f097d168d9cad473dd44010a337c1413a9cd198,1f097d168d9cad473dd44010a337c1413a9cd198,['CWE-787'],
linux,https://github.com/torvalds/linux/commit/0449641130f5652b344ef6fa39fa019d7e94660a,0449641130f5652b344ef6fa39fa019d7e94660a,['CWE-703'],
tensorflow,https://github.com/tensorflow/tensorflow/commit/3ebedd7e345453d68e279cfc3e4072648e5e12e5,3ebedd7e345453d68e279cfc3e4072648e5e12e5,['CWE-369'],
postgres,https://github.com/postgres/postgres/commit/5721da7e41e7a280587bda29cd1674c7da3317f8,5721da7e41e7a280587bda29cd1674c7da3317f8,['CWE-94'],
tensorflow,https://github.com/tensorflow/tensorflow/commit/4d74d8a00b07441cba090a02e0dd9ed385145bf4,4d74d8a00b07441cba090a02e0dd9ed385145bf4,['CWE-354'],
nginx,https://github.com/nginx/nginx/commit/b900cc28fcbb4cf5a32ab62f80b59292e1c85b4b,b900cc28fcbb4cf5a32ab62f80b59292e1c85b4b,['CWE-190'],
php-src,https://github.com/php/php-src/commit/1bd103df00f49cf4d4ade2cfe3f456ac058a4eae,1bd103df00f49cf4d4ade2cfe3f456ac058a4eae,['CWE-787'],
tensorflow,https://github.com/tensorflow/tensorflow/commit/3150642acbbe254e3c3c5d2232143fa591855ac9,3150642acbbe254e3c3c5d2232143fa591855ac9,"['CWE-20', 'CWE-703']",
linux,https://github.com/torvalds/linux/commit/ca4da5dd1f99fe9c59f1709fb43e818b18ad20e0,ca4da5dd1f99fe9c59f1709fb43e818b18ad20e0,"['CWE-119', 'CWE-787']",
tensorflow,https://github.com/tensorflow/tensorflow/commit/b432a38fe0e1b4b904a6c222cbce794c39703e87,b432a38fe0e1b4b904a6c222cbce794c39703e87,['CWE-754'],
lighttpd1.4,https://github.com/lighttpd/lighttpd1.4/commit/b03b86f47b0d5a553137f081fadc482b4af1372d,b03b86f47b0d5a553137f081fadc482b4af1372d,['CWE-703'],
suricata,https://github.com/OISF/suricata/commit/fa692df37a796c3330c81988d15ef1a219afc006,fa692df37a796c3330c81988d15ef1a219afc006,"['CWE-436', 'CWE-94']",
inspircd,https://github.com/inspircd/inspircd/commit/4350a11c663b0d75f8119743bffb7736d87abd4d,4350a11c663b0d75f8119743bffb7736d87abd4d,"['CWE-200', 'CWE-732']",
mruby,https://github.com/mruby/mruby/commit/97319697c8f9f6ff27b32589947e1918e3015503,97319697c8f9f6ff27b32589947e1918e3015503,['CWE-415'],
httpd,https://github.com/apache/httpd/commit/be0f5335e3e73eb63253b050fdc23f252f5c8ae3,be0f5335e3e73eb63253b050fdc23f252f5c8ae3,['CWE-703'],
jerryscript,https://github.com/jerryscript-project/jerryscript/commit/3ad76f932c8d2e3b9ba2d95e64848698ec7d7290,3ad76f932c8d2e3b9ba2d95e64848698ec7d7290,['CWE-416'],
tensorflow,https://github.com/tensorflow/tensorflow/commit/c59c37e7b2d563967da813fa50fe20b21f4da683,c59c37e7b2d563967da813fa50fe20b21f4da683,['CWE-787'],
pesign,https://github.com/rhboot/pesign/commit/b879dda52f8122de697d145977c285fb0a022d76,b879dda52f8122de697d145977c285fb0a022d76,['CWE-787'],
hermes,https://github.com/facebook/hermes/commit/091835377369c8fd5917d9b87acffa721ad2a168,091835377369c8fd5917d9b87acffa721ad2a168,"['CWE-125', 'CWE-787']",
tensorflow,https://github.com/tensorflow/tensorflow/commit/f7cc8755ac6683131fdfa7a8a121f9d7a9dec6fb,f7cc8755ac6683131fdfa7a8a121f9d7a9dec6fb,['CWE-476'],
gpac,https://github.com/gpac/gpac/commit/2da2f68bffd51d89b1d272d22aa8cc023c1c066e,2da2f68bffd51d89b1d272d22aa8cc023c1c066e,"['CWE-416', 'CWE-401']",
fizz,https://github.com/facebookincubator/fizz/commit/40bbb161e72fb609608d53b9d64c56bb961a6ee2,40bbb161e72fb609608d53b9d64c56bb961a6ee2,"['CWE-119', 'CWE-835', 'CWE-787']",
tensorflow,https://github.com/tensorflow/tensorflow/commit/27b417360cbd671ef55915e4bb6bb06af8b8a832,27b417360cbd671ef55915e4bb6bb06af8b8a832,"['CWE-703', 'CWE-197']",
linux,https://github.com/torvalds/linux/commit/4c185ce06dca14f5cea192f5a2c981ef50663f2b,4c185ce06dca14f5cea192f5a2c981ef50663f2b,['CWE-703'],
flatpak,https://github.com/flatpak/flatpak/commit/eb7946bb6248923d8c90fe9b84425fef97ae580d,eb7946bb6248923d8c90fe9b84425fef97ae580d,"['CWE-94', 'CWE-74']",
isolated-vm,https://github.com/laverdet/isolated-vm/commit/2646e6c1558bac66285daeab54c7d490ed332b15,2646e6c1558bac66285daeab54c7d490ed332b15,['CWE-913'],
FreeRDP,https://github.com/FreeRDP/FreeRDP/commit/baee520e3dd9be6511c45a14c5f5e77784de1471,baee520e3dd9be6511c45a14c5f5e77784de1471,['CWE-125'],
FFmpeg,https://github.com/FFmpeg/FFmpeg/commit/2240e2078d53d3cfce8ff1dda64e58fa72038602,2240e2078d53d3cfce8ff1dda64e58fa72038602,['CWE-703'],
linux,https://github.com/torvalds/linux/commit/9ad36309e2719a884f946678e0296be10f0bb4c1,9ad36309e2719a884f946678e0296be10f0bb4c1,['CWE-200'],
linux,https://github.com/torvalds/linux/commit/713b9825a4c47897f66ad69409581e7734a8728e,713b9825a4c47897f66ad69409581e7734a8728e,['CWE-200'],
gpac,https://github.com/gpac/gpac/commit/a51f951b878c2b73c1d8e2f1518c7cdc5fb82c3f,a51f951b878c2b73c1d8e2f1518c7cdc5fb82c3f,"['CWE-401', 'CWE-787']",
linux,https://github.com/torvalds/linux/commit/7e6bc1f6cabcd30aba0b11219d8e01b952eacbb6,7e6bc1f6cabcd30aba0b11219d8e01b952eacbb6,['CWE-787'],
tensorflow,https://github.com/tensorflow/tensorflow/commit/532f5c5a547126c634fefd43bbad1dc6417678ac,532f5c5a547126c634fefd43bbad1dc6417678ac,"['CWE-125', 'CWE-824']",
FreeRTOS-Kernel,https://github.com/FreeRTOS/FreeRTOS-Kernel/commit/c7a9a01c94987082b223d3e59969ede64363da63,c7a9a01c94987082b223d3e59969ede64363da63,"['CWE-200', 'CWE-119']",
linux,https://github.com/torvalds/linux/commit/26bef1318adc1b3a530ecc807ef99346db2aa8b0,26bef1318adc1b3a530ecc807ef99346db2aa8b0,"['CWE-284', 'CWE-264']",
botan,https://github.com/randombit/botan/commit/48fc8df51d99f9d8ba251219367b3d629cc848e3,48fc8df51d99f9d8ba251219367b3d629cc848e3,['CWE-200'],
radare2,https://github.com/radareorg/radare2/commit/3345147916b9bb3da225248d571cdbac690c0c4d,3345147916b9bb3da225248d571cdbac690c0c4d,['CWE-416'],
ettercap,https://github.com/Ettercap/ettercap/commit/4ef3ede30181eca9add74305ad26dbcb0c3686a0,4ef3ede30181eca9add74305ad26dbcb0c3686a0,"['CWE-120', 'CWE-787']",
detect-character-encoding,https://github.com/sonicdoe/detect-character-encoding/commit/992a11007fff6cfd40b952150ab8d30410c4a20a,992a11007fff6cfd40b952150ab8d30410c4a20a,['CWE-755'],
ImageMagick,https://github.com/ImageMagick/ImageMagick/commit/d072ed6aff835c174e856ce3a428163c0da9e8f4,d072ed6aff835c174e856ce3a428163c0da9e8f4,['CWE-125'],
libiec61850,https://github.com/mz-automation/libiec61850/commit/cfa94cbf10302bedc779703f874ee2e8387a0721,cfa94cbf10302bedc779703f874ee2e8387a0721,"['CWE-703', 'CWE-835']",
tensorflow,https://github.com/tensorflow/tensorflow/commit/a989426ee1346693cc015792f11d715f6944f2b8,a989426ee1346693cc015792f11d715f6944f2b8,"['CWE-20', 'CWE-703']",
contiki-ng,https://github.com/contiki-ng/contiki-ng/commit/a4597001d50a04f4b9c78f323ba731e2f979802c,a4597001d50a04f4b9c78f323ba731e2f979802c,['CWE-20'],
barebox,https://github.com/saschahauer/barebox/commit/a3337563c705bc8e0cf32f910b3e9e3c43d962ff,a3337563c705bc8e0cf32f910b3e9e3c43d962ff,"['CWE-200', 'CWE-203']",
FFmpeg,https://github.com/FFmpeg/FFmpeg/commit/22aa37c0fedf14531783189a197542a055959b6c,22aa37c0fedf14531783189a197542a055959b6c,['CWE-125'],
tensorflow,https://github.com/tensorflow/tensorflow/commit/9a133d73ae4b4664d22bd1aa6d654fec13c52ee1,9a133d73ae4b4664d22bd1aa6d654fec13c52ee1,['CWE-476'],
mruby,https://github.com/mruby/mruby/commit/44f591aa8f7091e6ca6cb418e428ae6d4ceaf77d,44f591aa8f7091e6ca6cb418e428ae6d4ceaf77d,['CWE-476'],
tensorflow,https://github.com/tensorflow/tensorflow/commit/6841e522a3e7d48706a02e8819836e809f738682,6841e522a3e7d48706a02e8819836e809f738682,['CWE-369'],
doas,https://github.com/slicer69/doas/commit/6cf0236184ff6304bf5e267ccf7ef02874069697,6cf0236184ff6304bf5e267ccf7ef02874069697,"['CWE-20', 'CWE-269']",
deark,https://github.com/jsummers/deark/commit/287f5ac31dfdc074669182f51ece637706070eeb,287f5ac31dfdc074669182f51ece637706070eeb,['CWE-476'],
wangle,https://github.com/facebook/wangle/commit/3b17ba10a82c71e7808760e027ac6af687e06074,3b17ba10a82c71e7808760e027ac6af687e06074,"['CWE-241', 'CWE-19']",
FFmpeg,https://github.com/FFmpeg/FFmpeg/commit/6ba02602aa7fc7d38db582e75b8b093fb3c1608d,6ba02602aa7fc7d38db582e75b8b093fb3c1608d,['CWE-703'],
tensorflow,https://github.com/tensorflow/tensorflow/commit/8ba6fa29cd8bf9cef9b718dc31c78c73081f5b31,8ba6fa29cd8bf9cef9b718dc31c78c73081f5b31,"['CWE-703', 'CWE-787']",
glibc,https://github.com/bminor/glibc/commit/e4608715e6e1dd2adc91982fd151d5ba4f761d69,e4608715e6e1dd2adc91982fd151d5ba4f761d69,['CWE-284'],
linux,https://github.com/torvalds/linux/commit/f71f01394f742fc4558b3f9f4c7ef4c4cf3b07c8,f71f01394f742fc4558b3f9f4c7ef4c4cf3b07c8,['CWE-416'],
tensorflow,https://github.com/tensorflow/tensorflow/commit/9c1dc920d8ffb4893d6c9d27d1f039607b326743,9c1dc920d8ffb4893d6c9d27d1f039607b326743,"['CWE-703', 'CWE-835']",
libde265,https://github.com/strukturag/libde265/commit/45904e5667c5bf59c67fcdc586dfba110832894c,45904e5667c5bf59c67fcdc586dfba110832894c,['CWE-703'],
suricata,https://github.com/OISF/suricata/commit/9f0294fadca3dcc18c919424242a41e01f3e8318,9f0294fadca3dcc18c919424242a41e01f3e8318,['CWE-74'],
android-gif-drawable,https://github.com/koral--/android-gif-drawable/commit/cc5b4f8e43463995a84efd594f89a21f906c2d20,cc5b4f8e43463995a84efd594f89a21f906c2d20,['CWE-415'],
libde265,https://github.com/strukturag/libde265/commit/697aa4f7c774abd6374596e6707a6f4f54265355,697aa4f7c774abd6374596e6707a6f4f54265355,['CWE-787'],
edgeless-mariadb,https://github.com/edgelesssys/edgeless-mariadb/commit/91d5fffa0796b8208c3d6633c8f296da8914af4d,91d5fffa0796b8208c3d6633c8f296da8914af4d,['CWE-703'],
kdeconnect-kde,https://github.com/KDE/kdeconnect-kde/commit/024e5f23db8d8ad3449714b906b46094baaffb89,024e5f23db8d8ad3449714b906b46094baaffb89,"['CWE-400', 'CWE-703']",
bfgminer,https://github.com/luke-jr/bfgminer/commit/ff7f30129f15f7a2213f8ced0cd65c9a331493d9,ff7f30129f15f7a2213f8ced0cd65c9a331493d9,"['CWE-119', 'CWE-787']",
mruby,https://github.com/mruby/mruby/commit/3cf291f72224715942beaf8553e42ba8891ab3c6,3cf291f72224715942beaf8553e42ba8891ab3c6,"['CWE-416', 'CWE-288']",
gpac,https://github.com/gpac/gpac/commit/a4eb327049132359cae54b59faec9e2f14c5a619,a4eb327049132359cae54b59faec9e2f14c5a619,['CWE-476'],
njs,https://github.com/nginx/njs/commit/b9aea5854bcf6f2de8f7a7f1550874e392b94be2,b9aea5854bcf6f2de8f7a7f1550874e392b94be2,['CWE-125'],
samba,https://github.com/samba-team/samba/commit/a2bb5beee82fd9c4c29decc07024057febeaf1b5,a2bb5beee82fd9c4c29decc07024057febeaf1b5,['CWE-200'],
asylo,https://github.com/google/asylo/commit/83036fd841d33baa7e039f842d131aa7881fdcc2,83036fd841d33baa7e039f842d131aa7881fdcc2,['CWE-125'],
glibc,https://github.com/bminor/glibc/commit/ee8d5e33adb284601c00c94687bc907e10aec9bb,ee8d5e33adb284601c00c94687bc907e10aec9bb,['CWE-125'],
tensorflow,https://github.com/tensorflow/tensorflow/commit/3a7362750d5c372420aa8f0caf7bf5b5c3d0f52d,3a7362750d5c372420aa8f0caf7bf5b5c3d0f52d,"['CWE-703', 'CWE-681']",
tensorflow,https://github.com/tensorflow/tensorflow/commit/ef0c008ee84bad91ec6725ddc42091e19a30cf0e,ef0c008ee84bad91ec6725ddc42091e19a30cf0e,['CWE-125'],
tensorflow,https://github.com/tensorflow/tensorflow/commit/3796cc4fcd93ae55812a457abc96dcd55fbb854b,3796cc4fcd93ae55812a457abc96dcd55fbb854b,['CWE-703'],
tensorflow,https://github.com/tensorflow/tensorflow/commit/da8558533d925694483d2c136a9220d6d49d843c,da8558533d925694483d2c136a9220d6d49d843c,"['CWE-476', 'CWE-369']",
tensorflow,https://github.com/tensorflow/tensorflow/commit/be7a4de6adfbd303ce08be4332554dff70362612,be7a4de6adfbd303ce08be4332554dff70362612,"['CWE-125', 'CWE-824']",
openfortivpn,https://github.com/adrienverge/openfortivpn/commit/6328a070ddaab16faaf008cb9a8a62439c30f2a8,6328a070ddaab16faaf008cb9a8a62439c30f2a8,['CWE-295'],
flatpak,https://github.com/flatpak/flatpak/commit/a7401e638bf0c03102039e216ab1081922f140ae,a7401e638bf0c03102039e216ab1081922f140ae,"['CWE-94', 'CWE-74']",
csync2,https://github.com/LINBIT/csync2/commit/416f1de878ef97e27e27508914f7ba8599a0be22,416f1de878ef97e27e27508914f7ba8599a0be22,['CWE-703'],
exif,https://github.com/libexif/exif/commit/eb84b0e3c5f2a86013b6fcfb800d187896a648fa,eb84b0e3c5f2a86013b6fcfb800d187896a648fa,['CWE-476'],
GameNetworkingSockets,https://github.com/ValveSoftware/GameNetworkingSockets/commit/d944a10808891d202bb1d5e1998de6e0423af678,d944a10808891d202bb1d5e1998de6e0423af678,['CWE-703'],
php-src,https://github.com/php/php-src/commit/c4cca4c20e75359c9a13a1f9a36cb7b4e9601d29,c4cca4c20e75359c9a13a1f9a36cb7b4e9601d29,"['CWE-119', 'CWE-787']",
envoy,https://github.com/envoyproxy/envoy/commit/fe7c69c248f4fe5a9080c7ccb35275b5218bb5ab,fe7c69c248f4fe5a9080c7ccb35275b5218bb5ab,['CWE-416'],
nghttp2,https://github.com/nghttp2/nghttp2/commit/336a98feb0d56b9ac54e12736b18785c27f75090,336a98feb0d56b9ac54e12736b18785c27f75090,['CWE-707'],
astc-encoder,https://github.com/ARM-software/astc-encoder/commit/6ffb3058bfbcc836108c25274e955e399481e2b4,6ffb3058bfbcc836108c25274e955e399481e2b4,['CWE-787'],
mruby,https://github.com/mruby/mruby/commit/00acae117da1b45b318dc36531a7b0021b8097ae,00acae117da1b45b318dc36531a7b0021b8097ae,['CWE-476'],
redis,https://github.com/redis/redis/commit/4a7a4e42db8ff757cdf3f4a824f66426036034ef,4a7a4e42db8ff757cdf3f4a824f66426036034ef,"['CWE-703', 'CWE-401']",
optee_os,https://github.com/OP-TEE/optee_os/commit/34a08bec755670ea0490cb53bbc68058cafc69b6,34a08bec755670ea0490cb53bbc68058cafc69b6,['CWE-327'],
cyrus-sasl,https://github.com/cyrusimap/cyrus-sasl/commit/9eff746c9daecbcc0041b09a5a51ba30738cdcbc,9eff746c9daecbcc0041b09a5a51ba30738cdcbc,['CWE-89'],
envoy,https://github.com/envoyproxy/envoy/commit/7ffda4e809dec74449ebc330cebb9d2f4ab61360,7ffda4e809dec74449ebc330cebb9d2f4ab61360,['CWE-416'],
gpac,https://github.com/gpac/gpac/commit/ec64c7b8966d7e4642d12debb888be5acf18efb9,ec64c7b8966d7e4642d12debb888be5acf18efb9,"['CWE-401', 'CWE-787']",
LibRaw,https://github.com/LibRaw/LibRaw/commit/1334647862b0c90b2e8cb2f668e66627d9517b17,1334647862b0c90b2e8cb2f668e66627d9517b17,['CWE-190'],
samba,https://github.com/samba-team/samba/commit/3a4eb50cf74671de3442d179bd2d44afd5bc52c1,3a4eb50cf74671de3442d179bd2d44afd5bc52c1,['CWE-703'],
janet,https://github.com/janet-lang/janet/commit/7fda7709ff15ab4b4cdea57619365eb2798f15c4,7fda7709ff15ab4b4cdea57619365eb2798f15c4,['CWE-787'],
u-boot,https://github.com/u-boot/u-boot/commit/5d14ee4e53a81055d34ba280cb8fd90330f22a96,5d14ee4e53a81055d34ba280cb8fd90330f22a96,"['CWE-120', 'CWE-703']",
tensorflow,https://github.com/tensorflow/tensorflow/commit/595a65a3e224a0362d7e68c2213acfc2b499a196,595a65a3e224a0362d7e68c2213acfc2b499a196,['CWE-125'],
fizz,https://github.com/facebookincubator/fizz/commit/6bf67137ef1ee5cd70c842b014c322b7deaf994b,6bf67137ef1ee5cd70c842b014c322b7deaf994b,"['CWE-400', 'CWE-703', 'CWE-770']",
tensorflow,https://github.com/tensorflow/tensorflow/commit/7cf73a2274732c9d82af51c2bc2cf90d13cd7e6d,7cf73a2274732c9d82af51c2bc2cf90d13cd7e6d,['CWE-125'],
tensorflow,https://github.com/tensorflow/tensorflow/commit/f61c57bd425878be108ec787f4d96390579fb83e,f61c57bd425878be108ec787f4d96390579fb83e,['CWE-369'],
linux,https://github.com/torvalds/linux/commit/6e5714eaf77d79ae1c8b47e3e040ff5411b717ec,6e5714eaf77d79ae1c8b47e3e040ff5411b717ec,['CWE-703'],
tensorflow,https://github.com/tensorflow/tensorflow/commit/cbda3c6b2dbbd3fbdc482ff8c0170a78ec2e97d0,cbda3c6b2dbbd3fbdc482ff8c0170a78ec2e97d0,['CWE-369'],
tensorflow,https://github.com/tensorflow/tensorflow/commit/a5b89cd68c02329d793356bda85d079e9e69b4e7,a5b89cd68c02329d793356bda85d079e9e69b4e7,"['CWE-476', 'CWE-475']",
tensorflow,https://github.com/tensorflow/tensorflow/commit/e6340f0665d53716ef3197ada88936c2a5f7a2d3,e6340f0665d53716ef3197ada88936c2a5f7a2d3,['CWE-476'],
ImageMagick,https://github.com/ImageMagick/ImageMagick/commit/d9ccd8227c4c88a907cda5278408b73552cb0c07,d9ccd8227c4c88a907cda5278408b73552cb0c07,"['CWE-703', 'CWE-770']",
ImageMagick,https://github.com/ImageMagick/ImageMagick/commit/728dc6a600cf4cbdac846964c85cc04339db8ac1,728dc6a600cf4cbdac846964c85cc04339db8ac1,['CWE-369'],
samba,https://github.com/samba-team/samba/commit/df487eb2d713e817660dd3b56bb26ba715fadfea,df487eb2d713e817660dd3b56bb26ba715fadfea,['CWE-200'],
ImageMagick,https://github.com/ImageMagick/ImageMagick/commit/e45e48b881038487d0bc94d92a16c1537616cc0a,e45e48b881038487d0bc94d92a16c1537616cc0a,"['CWE-120', 'CWE-787']",
libebml,https://github.com/Matroska-Org/libebml/commit/05beb69ba60acce09f73ed491bb76f332849c3a0,05beb69ba60acce09f73ed491bb76f332849c3a0,"['CWE-119', 'CWE-125']",
jansson,https://github.com/akheron/jansson/commit/64ce0ad3731ebd77e02897b07920eadd0e2cc318,64ce0ad3731ebd77e02897b07920eadd0e2cc318,['CWE-20'],
gpac,https://github.com/gpac/gpac/commit/3718d583c6ade191dc7979c64f48c001ca6f0243,3718d583c6ade191dc7979c64f48c001ca6f0243,['CWE-703'],
acrn-hypervisor,https://github.com/projectacrn/acrn-hypervisor/commit/154fe59531c12b82e26d1b24b5531f5066d224f5,154fe59531c12b82e26d1b24b5531f5066d224f5,['CWE-476'],
ImageMagick,https://github.com/ImageMagick/ImageMagick/commit/79e5dbcdd1fc2f714f9bae548bc55d5073f3ed20,79e5dbcdd1fc2f714f9bae548bc55d5073f3ed20,"['CWE-772', 'CWE-401']",
tensorflow,https://github.com/tensorflow/tensorflow/commit/a84358aa12f0b1518e606095ab9cfddbf597c121,a84358aa12f0b1518e606095ab9cfddbf597c121,"['CWE-125', 'CWE-787']",
ImageMagick,https://github.com/ImageMagick/ImageMagick/commit/307fa45d512641fcd105f0d57ca50c1437cd1b81,307fa45d512641fcd105f0d57ca50c1437cd1b81,['CWE-125'],
contiki-ng,https://github.com/contiki-ng/contiki-ng/commit/4fffab0e632c4d01910fa957d1fd9ef321eb87d2,4fffab0e632c4d01910fa957d1fd9ef321eb87d2,['CWE-20'],
deark,https://github.com/jsummers/deark/commit/62acb7753b0e3c0d3ab3c15057b0a65222313334,62acb7753b0e3c0d3ab3c15057b0a65222313334,['CWE-369'],
linux,https://github.com/torvalds/linux/commit/9aa422ad326634b76309e8ff342c246800621216,9aa422ad326634b76309e8ff342c246800621216,['CWE-787'],
linux,https://github.com/torvalds/linux/commit/64f3b9e203bd06855072e295557dca1485a2ecba,64f3b9e203bd06855072e295557dca1485a2ecba,['CWE-703'],
gpac,https://github.com/gpac/gpac/commit/586e817dcd531bb3e75438390f1f753cfe6e940a,586e817dcd531bb3e75438390f1f753cfe6e940a,['CWE-476'],
nDPI,https://github.com/ntop/nDPI/commit/8e7b1ea7a136cc4e4aa9880072ec2d69900a825e,8e7b1ea7a136cc4e4aa9880072ec2d69900a825e,['CWE-125'],
tensorflow,https://github.com/tensorflow/tensorflow/commit/4a91f2069f7145aab6ba2d8cfe41be8a110c18a5,4a91f2069f7145aab6ba2d8cfe41be8a110c18a5,['CWE-908'],
tensorflow,https://github.com/tensorflow/tensorflow/commit/a3d9f9be9ac2296615644061b40cefcee341dcc4,a3d9f9be9ac2296615644061b40cefcee341dcc4,['CWE-476'],
acrn-hypervisor,https://github.com/projectacrn/acrn-hypervisor/commit/2b3dedfb9ba13f15887f22b935d373f36c9a59fa,2b3dedfb9ba13f15887f22b935d373f36c9a59fa,"['CWE-617', 'CWE-703']",
zephyr,https://github.com/zephyrproject-rtos/zephyr/commit/6ec31c852049641095f2cdf25591f2e1bff86774,6ec31c852049641095f2cdf25591f2e1bff86774,['CWE-787'],
FFmpeg,https://github.com/FFmpeg/FFmpeg/commit/8001e9f7d17e90b4b0898ba64e3b8bbd716c513c,8001e9f7d17e90b4b0898ba64e3b8bbd716c513c,['CWE-703'],
drogon,https://github.com/drogonframework/drogon/commit/3c785326c63a34aa1799a639ae185bc9453cb447,3c785326c63a34aa1799a639ae185bc9453cb447,['CWE-552'],
libtpms,https://github.com/stefanberger/libtpms/commit/3ef9b26cb9f28bd64d738bff9505a20d4eb56acd,3ef9b26cb9f28bd64d738bff9505a20d4eb56acd,['CWE-787'],
rsyslog,https://github.com/rsyslog/rsyslog/commit/89955b0bcb1ff105e1374aad7e0e993faa6a038f,89955b0bcb1ff105e1374aad7e0e993faa6a038f,['CWE-787'],
acpica,https://github.com/acpica/acpica/commit/a23325b2e583556eae88ed3f764e457786bf4df6,a23325b2e583556eae88ed3f764e457786bf4df6,"['CWE-200', 'CWE-755']",
gpac,https://github.com/gpac/gpac/commit/f5a038e6893019ee471b6a57490cf7a495673816,f5a038e6893019ee471b6a57490cf7a495673816,['CWE-703'],
tensorflow,https://github.com/tensorflow/tensorflow/commit/e57fd691c7b0fd00ea3bfe43444f30c1969748b5,e57fd691c7b0fd00ea3bfe43444f30c1969748b5,"['CWE-20', 'CWE-703']",
FFmpeg,https://github.com/FFmpeg/FFmpeg/commit/23ccf3cabb4baf6e8af4b1af3fcc59c904736f21,23ccf3cabb4baf6e8af4b1af3fcc59c904736f21,['CWE-125'],
FFmpeg,https://github.com/FFmpeg/FFmpeg/commit/3e5959b3457f7f1856d997261e6ac672bba49e8b,3e5959b3457f7f1856d997261e6ac672bba49e8b,['CWE-787'],
tensorflow,https://github.com/tensorflow/tensorflow/commit/abcced051cb1bd8fb05046ac3b6023a7ebcc4578,abcced051cb1bd8fb05046ac3b6023a7ebcc4578,['CWE-345'],
openssl,https://github.com/openssl/openssl/commit/cca1cd9a3447dd067503e4a85ebd1679ee78a48e,cca1cd9a3447dd067503e4a85ebd1679ee78a48e,['CWE-20'],
openssl,https://github.com/openssl/openssl/commit/f9b6c0ba4c02497782f801e3c45688f3efaac55c,f9b6c0ba4c02497782f801e3c45688f3efaac55c,['CWE-310'],CVE-2014-0076
openssl,https://github.com/openssl/openssl/commit/72f181539118828ca966a0f8d03f6428e2bcf0d6,72f181539118828ca966a0f8d03f6428e2bcf0d6,['CWE-310'],CVE-2015-0204
openssl,https://github.com/openssl/openssl/commit/37580f43b5a39f5f4e920d17273fab9713d3a744,37580f43b5a39f5f4e920d17273fab9713d3a744,['CWE-310'],CVE-2015-0204
openssl,https://github.com/openssl/openssl/commit/e42a2abadc90664e2615dc63ba7f79cf163f780a,e42a2abadc90664e2615dc63ba7f79cf163f780a,['CWE-310'],CVE-2014-3572
openssl,https://github.com/openssl/openssl/commit/ef28c6d6767a6a30df5add36171894c96628fe98,ef28c6d6767a6a30df5add36171894c96628fe98,['CWE-310'],CVE-2014-3572
openssl,https://github.com/openssl/openssl/commit/ec2fede9467ae1a65f452d3a39f7fbc4891d9285,ec2fede9467ae1a65f452d3a39f7fbc4891d9285,['CWE-310'],CVE-2014-8275
openssl,https://github.com/openssl/openssl/commit/a8565530e27718760220df469f0a071c85b9e731,a8565530e27718760220df469f0a071c85b9e731,['CWE-310'],CVE-2014-8275
openssl,https://github.com/openssl/openssl/commit/63830384e90d9b36d2793d4891501ec024827433,63830384e90d9b36d2793d4891501ec024827433,['CWE-310'],CVE-2015-4000
openssl,https://github.com/openssl/openssl/commit/10a70da729948bb573d27cef4459077c49f3eb46,10a70da729948bb573d27cef4459077c49f3eb46,['CWE-310'],CVE-2015-4000
openssl,https://github.com/openssl/openssl/commit/f61bbf8da532038ed0eae16a9a11771f3da22d30,f61bbf8da532038ed0eae16a9a11771f3da22d30,['CWE-399'],CVE-2015-1788
openssl,https://github.com/openssl/openssl/commit/370ac320301e28bb615cee80124c042649c95d14,370ac320301e28bb615cee80124c042649c95d14,['CWE-119'],CVE-2015-1789
openssl,https://github.com/openssl/openssl/commit/fa57f74a3941db6b2efb2f43c6add914ec83db20,fa57f74a3941db6b2efb2f43c6add914ec83db20,['CWE-119'],CVE-2015-1789
openssl,https://github.com/openssl/openssl/commit/dd90a91d8771fd1ad5083fd46a2b3da16a587757,dd90a91d8771fd1ad5083fd46a2b3da16a587757,['CWE-399'],CVE-2015-1792
openssl,https://github.com/openssl/openssl/commit/939b4960276b040fc0ed52232238fcc9e2e9ec21,939b4960276b040fc0ed52232238fcc9e2e9ec21,['CWE-362'],CVE-2015-1791
openssl,https://github.com/openssl/openssl/commit/708cf593587e2fda67dae9782991ff9fccc781eb,708cf593587e2fda67dae9782991ff9fccc781eb,['CWE-362'],CVE-2015-1791
freeradius-server,https://github.com/FreeRADIUS/freeradius-server/commit/5e698b407dcac2bc45cf03484bac4398109d25c3,5e698b407dcac2bc45cf03484bac4398109d25c3,['CWE-295'],CVE-2015-4680
openssl,https://github.com/openssl/openssl/commit/45473632c54947859a731dfe2db087c002ef7aa7,45473632c54947859a731dfe2db087c002ef7aa7,['CWE-19'],CVE-2015-7575
libtiff,https://github.com/vadz/libtiff/commit/f94a29a822f5528d2334592760fbb7938f15eb55,f94a29a822f5528d2334592760fbb7938f15eb55,['CWE-119'],CVE-2015-8683
libtiff,https://github.com/vadz/libtiff/commit/aaab5c3c9d2a2c6984f23ccbc79702610439bc65,aaab5c3c9d2a2c6984f23ccbc79702610439bc65,['CWE-787'],CVE-2015-8781
server,https://github.com/MariaDB/server/commit/f0d774d48416bb06063184380b684380ca005a41,f0d774d48416bb06063184380b684380ca005a41,['CWE-254'],CVE-2016-2047
node,https://github.com/nodejs/node/commit/fcb9145e291e8cb82164bc1fe3db1c1dae219b55,fcb9145e291e8cb82164bc1fe3db1c1dae219b55,['CWE-119'],CVE-2016-1669
openssl,https://github.com/openssl/openssl/commit/6f35f6deb5ca7daebe289f86477e061ce3ee5f46,6f35f6deb5ca7daebe289f86477e061ce3ee5f46,['CWE-190'],CVE-2016-2177
libtiff,https://github.com/vadz/libtiff/commit/0ba5d8814a17a64bdb8d9035f4c533f3f3f4b496,0ba5d8814a17a64bdb8d9035f4c533f3f3f4b496,['CWE-189'],CVE-2016-6223
openssl,https://github.com/openssl/openssl/commit/b77ab018b79a00f789b0fb85596b446b08be4c9d,b77ab018b79a00f789b0fb85596b446b08be4c9d,['CWE-189'],CVE-2016-2181
openssl,https://github.com/openssl/openssl/commit/fa75569758298e2930c78989b516cac937118acc,fa75569758298e2930c78989b516cac937118acc,['CWE-189'],CVE-2016-2181
openssl,https://github.com/openssl/openssl/commit/00a4c1421407b6ac796688871b0a49a179c694d9,00a4c1421407b6ac796688871b0a49a179c694d9,['CWE-399'],CVE-2016-2179
openssl,https://github.com/openssl/openssl/commit/cfd40fd39e69f5e3c654ae8fbf9acb1d2a051144,cfd40fd39e69f5e3c654ae8fbf9acb1d2a051144,['CWE-399'],CVE-2016-2179
openssl,https://github.com/openssl/openssl/commit/1bbe48ab149893a78bf99c8eb8895c928900a16f,1bbe48ab149893a78bf99c8eb8895c928900a16f,['CWE-20'],CVE-2016-6302
openssl,https://github.com/openssl/openssl/commit/2b4029e68fd7002d2307e6c3cde0f3784eef9c83,2b4029e68fd7002d2307e6c3cde0f3784eef9c83,['CWE-787'],CVE-2016-6303
server,https://github.com/MariaDB/server/commit/347eeefbfc658c8531878218487d729f4e020805,347eeefbfc658c8531878218487d729f4e020805,['CWE-362'],
libtiff,https://github.com/vadz/libtiff/commit/b5d6803f0898e931cf772d3d0755704ab8488e63,b5d6803f0898e931cf772d3d0755704ab8488e63,['CWE-119'],CVE-2016-5652
libtiff,https://github.com/vadz/libtiff/commit/d2955714a4a0b8ca10941550cfbf64c7e111fbf1,d2955714a4a0b8ca10941550cfbf64c7e111fbf1,['CWE-787'],CVE-2016-9453
libtiff,https://github.com/vadz/libtiff/commit/21d39de1002a5e69caa0574b2cc05d795d6fbfad,21d39de1002a5e69caa0574b2cc05d795d6fbfad,['CWE-125'],CVE-2016-9532
libtiff,https://github.com/vadz/libtiff/commit/83a4b92815ea04969d494416eaae3d4c6b338e4a,83a4b92815ea04969d494416eaae3d4c6b338e4a,"['CWE-119', 'CWE-787']",
libtiff,https://github.com/vadz/libtiff/commit/43c0b81a818640429317c80fea1e66771e85024b,43c0b81a818640429317c80fea1e66771e85024b,['CWE-190'],
core,https://github.com/dovecot/core/commit/1f2c35da2b96905bec6e45f88af0f33ee63789e6,1f2c35da2b96905bec6e45f88af0f33ee63789e6,['CWE-20'],CVE-2016-8652
core,https://github.com/dovecot/core/commit/2c3f37672277b1f73f84722802aaa0ab1ab3e413,2c3f37672277b1f73f84722802aaa0ab1ab3e413,['CWE-20'],CVE-2016-8652
server,https://github.com/MariaDB/server/commit/eef21014898d61e77890359d6546d4985d829ef6,eef21014898d61e77890359d6546d4985d829ef6,['CWE-416'],CVE-2017-3302
libtiff,https://github.com/vadz/libtiff/commit/48780b4fcc425cddc4ef8ffdf536f96a0d1b313b,48780b4fcc425cddc4ef8ffdf536f96a0d1b313b,['CWE-20'],CVE-2017-7592
libtiff,https://github.com/vadz/libtiff/commit/d60332057b9575ada4f264489582b13e30137be1,d60332057b9575ada4f264489582b13e30137be1,['CWE-119'],CVE-2017-7593
libtiff,https://github.com/vadz/libtiff/commit/2ea32f7372b65c24b2816f11c04bf59b5090d05b,2ea32f7372b65c24b2816f11c04bf59b5090d05b,['CWE-772'],CVE-2017-7594
libtiff,https://github.com/vadz/libtiff/commit/8283e4d1b7e53340684d12932880cbcbaf23a8c1,8283e4d1b7e53340684d12932880cbcbaf23a8c1,['CWE-772'],CVE-2017-7594
libtiff,https://github.com/vadz/libtiff/commit/47f2fb61a3a64667bce1a8398a8fcb1b348ff122,47f2fb61a3a64667bce1a8398a8fcb1b348ff122,['CWE-369'],CVE-2017-7595
libtiff,https://github.com/vadz/libtiff/commit/3144e57770c1e4d26520d8abee750f8ac8b75490,3144e57770c1e4d26520d8abee750f8ac8b75490,['CWE-20'],CVE-2017-7596
libtiff,https://github.com/vadz/libtiff/commit/3cfd62d77c2a7e147a05bd678524c345fa9c2bb8,3cfd62d77c2a7e147a05bd678524c345fa9c2bb8,['CWE-369'],CVE-2017-7598
libtiff,https://github.com/vadz/libtiff/commit/0a76a8c765c7b8327c59646284fa78c3c27e5490,0a76a8c765c7b8327c59646284fa78c3c27e5490,['CWE-20'],CVE-2017-7601
libtiff,https://github.com/vadz/libtiff/commit/66e7bd59520996740e4df5495a830b42fae48bc4,66e7bd59520996740e4df5495a830b42fae48bc4,['CWE-190'],CVE-2017-7602
libtiff,https://github.com/vadz/libtiff/commit/69bfeec247899776b1b396651adb47436e5f1556,69bfeec247899776b1b396651adb47436e5f1556,['CWE-787'],CVE-2017-11335
librsvg,https://github.com/GNOME/librsvg/commit/ecf9267a24b2c3c0cd211dbdfa9ef2232511972a,ecf9267a24b2c3c0cd211dbdfa9ef2232511972a,['CWE-369'],
libtiff,https://github.com/vadz/libtiff/commit/dc02f9050311a90b3c0655147cee09bfa7081cfc,dc02f9050311a90b3c0655147cee09bfa7081cfc,['CWE-770'],CVE-2017-12944
libsndfile,https://github.com/fabiangreffrath/libsndfile/commit/2d54514a4f6437b67829717c05472d2e3300a258,2d54514a4f6437b67829717c05472d2e3300a258,['CWE-125'],CVE-2017-14245
server,https://github.com/MariaDB/server/commit/0b5a5258abbeaf8a0c3a18c7e753699787fdf46e,0b5a5258abbeaf8a0c3a18c7e753699787fdf46e,['CWE-284'],
openssl,https://github.com/openssl/openssl/commit/ea7abeeabf92b7aca160bdd0208636d4da69f4f4,ea7abeeabf92b7aca160bdd0208636d4da69f4f4,['CWE-320'],
audiofile,https://github.com/wtay/audiofile/commit/822b732fd31ffcb78f6920001e9b1fbd815fa712,822b732fd31ffcb78f6920001e9b1fbd815fa712,['CWE-787'],CVE-2018-17095
openssl,https://github.com/openssl/openssl/commit/b96bebacfe814deb99fb64a3ed2296d95c573600,b96bebacfe814deb99fb64a3ed2296d95c573600,['CWE-327'],CVE-2018-0734
core,https://github.com/dovecot/core/commit/85fcb895ca7f0bcb8ee72047fe0e1e78532ff90b,85fcb895ca7f0bcb8ee72047fe0e1e78532ff90b,['CWE-787'],CVE-2019-11500
core,https://github.com/dovecot/core/commit/f904cbdfec25582bc5e2a7435bf82ff769f2526a,f904cbdfec25582bc5e2a7435bf82ff769f2526a,['CWE-787'],CVE-2019-11500
core,https://github.com/dovecot/core/commit/ed4b7d5d1b30964216d61d3090a7b47a957f5b26,ed4b7d5d1b30964216d61d3090a7b47a957f5b26,['CWE-835'],CVE-2020-7046
core,https://github.com/dovecot/core/commit/3a55f35c208b5fd3d52c0a6272bd5b8717a2ae54,3a55f35c208b5fd3d52c0a6272bd5b8717a2ae54,['CWE-20'],CVE-2020-7957
openssl,https://github.com/openssl/openssl/commit/5235ef44b93306a14d0b6c695b13c64b16e1fdec,5235ef44b93306a14d0b6c695b13c64b16e1fdec,['CWE-476'],CVE-2020-1967
openssl,https://github.com/openssl/openssl/commit/a87f3fe01a5a894aa27ccd6a239155fd129988e4,a87f3fe01a5a894aa27ccd6a239155fd129988e4,['CWE-476'],CVE-2020-1967
node,https://github.com/nodejs/node/commit/656260b4b65fec3b10f6da3fdc9f11fb941aafb5,656260b4b65fec3b10f6da3fdc9f11fb941aafb5,['CWE-191'],CVE-2020-8174
core,https://github.com/dovecot/core/commit/fb246611e62ad8c5a95b0ca180a63f17aa34b0d8,fb246611e62ad8c5a95b0ca180a63f17aa34b0d8,['CWE-125'],CVE-2020-12673
core,https://github.com/dovecot/core/commit/69ad3c902ea4bbf9f21ab1857d8923f975dc6145,69ad3c902ea4bbf9f21ab1857d8923f975dc6145,['CWE-125'],CVE-2020-12674
node,https://github.com/nodejs/node/commit/753f3b247ae2d24fee0b3f48b9ec3a5c308f0650,753f3b247ae2d24fee0b3f48b9ec3a5c308f0650,['CWE-400'],CVE-2020-8251
gnuplot,https://github.com/gnuplot/gnuplot/commit/052cbd17c3cbbc602ee080b2617d32a8417d7563,052cbd17c3cbbc602ee080b2617d32a8417d7563,['CWE-415'],CVE-2020-25559
gnuplot,https://github.com/gnuplot/gnuplot/commit/963c7df3e0c5266efff260d0dff757dfe03d3632,963c7df3e0c5266efff260d0dff757dfe03d3632,['CWE-787'],CVE-2020-25412
openssl,https://github.com/openssl/openssl/commit/3db2c9f3e5fb9f649ebb4a55918398756310af43,3db2c9f3e5fb9f649ebb4a55918398756310af43,['CWE-476'],CVE-2020-1971
openssl,https://github.com/openssl/openssl/commit/43a7033a010feaf72c79d39df65ca733fb9dcd4c,43a7033a010feaf72c79d39df65ca733fb9dcd4c,['CWE-476'],CVE-2020-1971
openssl,https://github.com/openssl/openssl/commit/b33c48b75aaf33c93aeda42d7138616b9e6a64cb,b33c48b75aaf33c93aeda42d7138616b9e6a64cb,['CWE-476'],CVE-2020-1971
openssl,https://github.com/openssl/openssl/commit/22b88fc9c0e22545401c0b34d24843883ea73fec,22b88fc9c0e22545401c0b34d24843883ea73fec,['CWE-476'],CVE-2020-1971
openssl,https://github.com/openssl/openssl/commit/97ab3c4b538840037812c8d9164d09a1f4bf11a1,97ab3c4b538840037812c8d9164d09a1f4bf11a1,['CWE-476'],CVE-2020-1971
core,https://github.com/dovecot/core/commit/266e54b7b8c34c9a58dd60a2e53c5ca7d1deae19,266e54b7b8c34c9a58dd60a2e53c5ca7d1deae19,['CWE-20'],CVE-2020-25275
core,https://github.com/dovecot/core/commit/fb97a1cddbda4019e327fa736972a1c7433fedaa,fb97a1cddbda4019e327fa736972a1c7433fedaa,['CWE-20'],CVE-2020-25275
node,https://github.com/nodejs/node/commit/7f178663ebffc82c9f8a5a1b6bf2da0c263a30ed,7f178663ebffc82c9f8a5a1b6bf2da0c263a30ed,['CWE-416'],CVE-2020-8265
node,https://github.com/nodejs/node/commit/4f8772f9b731118628256189b73cd202149bbd97,4f8772f9b731118628256189b73cd202149bbd97,['CWE-416'],CVE-2020-8265
node,https://github.com/nodejs/node/commit/641f786bb1a1f6eb1ff8750782ed939780f2b31a,641f786bb1a1f6eb1ff8750782ed939780f2b31a,['CWE-444'],CVE-2020-8287
node,https://github.com/nodejs/node/commit/fc70ce08f5818a286fb5899a1bc3aff5965a745e,fc70ce08f5818a286fb5899a1bc3aff5965a745e,['CWE-444'],CVE-2020-8287
openssl,https://github.com/openssl/openssl/commit/901f1ef7dacb6b3bde63233a1f623e1fa2f0f058,901f1ef7dacb6b3bde63233a1f623e1fa2f0f058,['CWE-326'],CVE-2021-23839
openssl,https://github.com/openssl/openssl/commit/8130d654d1de922ea224fa18ee3bc7262edc39c0,8130d654d1de922ea224fa18ee3bc7262edc39c0,['CWE-476'],CVE-2021-23841
openssl,https://github.com/openssl/openssl/commit/55869f594f052561b11a2db6a7c42690051868de,55869f594f052561b11a2db6a7c42690051868de,['CWE-476'],CVE-2021-23841
openssl,https://github.com/openssl/openssl/commit/6a51b9e1d0cf0bf8515f7201b68fb0a3482b3dc1,6a51b9e1d0cf0bf8515f7201b68fb0a3482b3dc1,['CWE-190'],CVE-2021-23840
openssl,https://github.com/openssl/openssl/commit/2a40b7bc7b94dd7de897a74571e7024f0cf0d63b,2a40b7bc7b94dd7de897a74571e7024f0cf0d63b,['CWE-295'],CVE-2021-3450
openssl,https://github.com/openssl/openssl/commit/fb9fa6b51defd48157eeb207f52181f735d96148,fb9fa6b51defd48157eeb207f52181f735d96148,['CWE-476'],CVE-2021-3449
core,https://github.com/dovecot/core/commit/15682a20d5589ebf5496b31c55ecf9238ff2457b,15682a20d5589ebf5496b31c55ecf9238ff2457b,['CWE-22'],CVE-2021-29157
core,https://github.com/dovecot/core/commit/368adea6d911d4012274ea1ff5d950a141f1ee89,368adea6d911d4012274ea1ff5d950a141f1ee89,['CWE-22'],CVE-2021-29157
core,https://github.com/dovecot/core/commit/137558d31ce73359b19dbfc0621d16d32176a16e,137558d31ce73359b19dbfc0621d16d32176a16e,['CWE-22'],CVE-2021-29157
core,https://github.com/dovecot/core/commit/cf8f670629cf2b9ff862eb42d5446ac4a9383a84,cf8f670629cf2b9ff862eb42d5446ac4a9383a84,['CWE-22'],CVE-2021-29157
core,https://github.com/dovecot/core/commit/8b716828c4a4ba11f2189ce002b80bf62a74538e,8b716828c4a4ba11f2189ce002b80bf62a74538e,['CWE-22'],CVE-2021-29157
core,https://github.com/dovecot/core/commit/1db66e39500672bc167d5e4e2e7232b8f7d87c05,1db66e39500672bc167d5e4e2e7232b8f7d87c05,['CWE-22'],CVE-2021-29157
core,https://github.com/dovecot/core/commit/321c339756f9b2b98fb7326359d1333adebb5295,321c339756f9b2b98fb7326359d1333adebb5295,['CWE-77'],CVE-2021-33515
mod_auth_mellon,https://github.com/latchset/mod_auth_mellon/commit/42a11261b9dad2e48d70bdff7c53dd57a12db6f5,42a11261b9dad2e48d70bdff7c53dd57a12db6f5,['CWE-601'],
node,https://github.com/nodejs/node/commit/a3c33d4ce78f74d1cf1765704af5b427aa3840a6,a3c33d4ce78f74d1cf1765704af5b427aa3840a6,['CWE-416'],CVE-2021-22940
openssl,https://github.com/openssl/openssl/commit/59f5e75f3bced8fc0e130d72a3f582cf7b480b46,59f5e75f3bced8fc0e130d72a3f582cf7b480b46,['CWE-120'],CVE-2021-3711
openssl,https://github.com/openssl/openssl/commit/94d23fcff9b2a7a8368dfe52214d5c2569882c11,94d23fcff9b2a7a8368dfe52214d5c2569882c11,['CWE-125'],CVE-2021-3712
openssl,https://github.com/openssl/openssl/commit/2d0e5d4a4a5d4332325b5e5cea492fad2be633e1,2d0e5d4a4a5d4332325b5e5cea492fad2be633e1,['CWE-125'],CVE-2021-3712
openssl,https://github.com/openssl/openssl/commit/bb4d2ed4091408404e18b3326e3df67848ef63d0,bb4d2ed4091408404e18b3326e3df67848ef63d0,['CWE-125'],CVE-2021-3712
openssl,https://github.com/openssl/openssl/commit/4de66925203ca99189c842136ec4a623137ea447,4de66925203ca99189c842136ec4a623137ea447,['CWE-125'],CVE-2021-3712
openssl,https://github.com/openssl/openssl/commit/8393de42498f8be75cf0353f5c9f906a43a748d2,8393de42498f8be75cf0353f5c9f906a43a748d2,['CWE-125'],CVE-2021-3712
openssl,https://github.com/openssl/openssl/commit/23446958685a593d4d9434475734b99138902ed2,23446958685a593d4d9434475734b99138902ed2,['CWE-125'],CVE-2021-3712
openssl,https://github.com/openssl/openssl/commit/5f54e57406ca17731b9ade3afd561d3c652e07f2,5f54e57406ca17731b9ade3afd561d3c652e07f2,['CWE-125'],CVE-2021-3712
openssl,https://github.com/openssl/openssl/commit/d9d838ddc0ed083fb4c26dd067e71aad7c65ad16,d9d838ddc0ed083fb4c26dd067e71aad7c65ad16,['CWE-125'],CVE-2021-3712
node,https://github.com/nodejs/node/commit/21a2e554e3eaa325abbdb28f366928d0ccc0a0f0,21a2e554e3eaa325abbdb28f366928d0ccc0a0f0,['CWE-444'],CVE-2021-22959
node,https://github.com/nodejs/node/commit/af488f8dc82d69847992ea1cd2f53dc8082b3b91,af488f8dc82d69847992ea1cd2f53dc8082b3b91,['CWE-444'],CVE-2021-22959
node,https://github.com/nodejs/node/commit/466e5415a2b7b3574ab5403acb87e89a94a980d1,466e5415a2b7b3574ab5403acb87e89a94a980d1,['CWE-295'],CVE-2021-44532
node,https://github.com/nodejs/node/commit/a336444c7fb9fd1d0055481d84cdd57d7d569879,a336444c7fb9fd1d0055481d84cdd57d7d569879,['CWE-295'],CVE-2021-44533
server,https://github.com/MariaDB/server/commit/3a52569499e2f0c4d1f25db1e81617a9d9755400,3a52569499e2f0c4d1f25db1e81617a9d9755400,['CWE-476'],CVE-2021-46664
server,https://github.com/MariaDB/server/commit/2e7891080667c59ac80f788eef4d59d447595772,2e7891080667c59ac80f788eef4d59d447595772,['CWE-617'],CVE-2021-46666
server,https://github.com/MariaDB/server/commit/0dec71ca53729bd1a565bdc800e64008b44ffa48,0dec71ca53729bd1a565bdc800e64008b44ffa48,['CWE-190'],CVE-2021-46667
server,https://github.com/MariaDB/server/commit/9e39d0ae44595dbd1570805d97c9c874778a6be8,9e39d0ae44595dbd1570805d97c9c874778a6be8,['CWE-400'],CVE-2021-46668
server,https://github.com/MariaDB/server/commit/c02ebf3510850ba78a106be9974c94c3b97d8585,c02ebf3510850ba78a106be9974c94c3b97d8585,['CWE-416'],CVE-2022-27376
server,https://github.com/MariaDB/server/commit/08c7ab404f69d9c4ca6ca7a9cf7eec74c804f917,08c7ab404f69d9c4ca6ca7a9cf7eec74c804f917,"['CWE-416', 'CWE-703']",
server,https://github.com/MariaDB/server/commit/b3c3291f0b7c1623cb20663f7cf31b7f749768bc,b3c3291f0b7c1623cb20663f7cf31b7f749768bc,['CWE-416'],CVE-2022-27376
server,https://github.com/MariaDB/server/commit/4681b6f2d8c82b4ec5cf115e83698251963d80d5,4681b6f2d8c82b4ec5cf115e83698251963d80d5,['CWE-416'],CVE-2022-27377
server,https://github.com/MariaDB/server/commit/e4e25d2bacc067417c35750f5f6c44cad10c81de,e4e25d2bacc067417c35750f5f6c44cad10c81de,['CWE-89'],CVE-2022-27378
server,https://github.com/MariaDB/server/commit/3c209bfc040ddfc41ece8357d772547432353fd2,3c209bfc040ddfc41ece8357d772547432353fd2,['CWE-89'],CVE-2022-27380
server,https://github.com/MariaDB/server/commit/807945f2eb5fa22e6f233cc17b85a2e141efe2c8,807945f2eb5fa22e6f233cc17b85a2e141efe2c8,['CWE-617'],CVE-2022-27382
server,https://github.com/MariaDB/server/commit/c05fd700970ad45735caed3a6f9930d4ce19a3bd,c05fd700970ad45735caed3a6f9930d4ce19a3bd,['CWE-416'],CVE-2022-27383
server,https://github.com/MariaDB/server/commit/5100b20b15edd93200f34a79d25f1b14e46a677e,5100b20b15edd93200f34a79d25f1b14e46a677e,['CWE-89'],CVE-2022-27384
server,https://github.com/MariaDB/server/commit/5ba77222e9fe7af8ff403816b5338b18b342053c,5ba77222e9fe7af8ff403816b5338b18b342053c,['CWE-89'],CVE-2022-27386
server,https://github.com/MariaDB/server/commit/9b7886bbf1eeb80136f0c208ef74fcc300514f50,9b7886bbf1eeb80136f0c208ef74fcc300514f50,['CWE-89'],CVE-2022-27386
server,https://github.com/MariaDB/server/commit/eca207c46293bc72dd8d0d5622153fab4d3fccf1,eca207c46293bc72dd8d0d5622153fab4d3fccf1,['CWE-120'],CVE-2022-27387
server,https://github.com/MariaDB/server/commit/ecb6f9c894d3ebafeff1c6eb3b65cd248062296f,ecb6f9c894d3ebafeff1c6eb3b65cd248062296f,['CWE-617'],CVE-2022-27448
server,https://github.com/MariaDB/server/commit/af810407f78b7f792a9bb8c47c8c532eb3b3a758,af810407f78b7f792a9bb8c47c8c532eb3b3a758,['CWE-416'],CVE-2022-27457
server,https://github.com/MariaDB/server/commit/0beed9b5e933f0ff79b3bb346524f7a451d14e38,0beed9b5e933f0ff79b3bb346524f7a451d14e38,['CWE-416'],CVE-2022-27455
openssl,https://github.com/openssl/openssl/commit/2eda98790c5c2741d76d23cc1e74b0dc4f4b391a,2eda98790c5c2741d76d23cc1e74b0dc4f4b391a,"['CWE-703', 'CWE-295']",
openssl,https://github.com/openssl/openssl/commit/7d56a74a96828985db7354a55227a511615f732b,7d56a74a96828985db7354a55227a511615f732b,['CWE-327'],
openssl,https://github.com/openssl/openssl/commit/64c85430f95200b6b51fe9475bd5203f7c19daf1,64c85430f95200b6b51fe9475bd5203f7c19daf1,['CWE-404'],
server,https://github.com/MariaDB/server/commit/b1351c15946349f9daa7e5297fb2ac6f3139e4a8,b1351c15946349f9daa7e5297fb2ac6f3139e4a8,"['CWE-703', 'CWE-667']",
server,https://github.com/MariaDB/server/commit/e1eb39a446c30b8459c39fd7f2ee1c55a36e97d2,e1eb39a446c30b8459c39fd7f2ee1c55a36e97d2,"['CWE-404', 'CWE-703']",
server,https://github.com/MariaDB/server/commit/7c30bc38a588b22b01f11130cfe99e7f36accf94,7c30bc38a588b22b01f11130cfe99e7f36accf94,"['CWE-703', 'CWE-667']",
openssl,https://github.com/openssl/openssl/commit/4d8a88c134df634ba610ff8db1eb8478ac5fd345,4d8a88c134df634ba610ff8db1eb8478ac5fd345,['CWE-787'],CVE-2022-2274
node,https://github.com/nodejs/node/commit/da0fda0fe81d372e24c0cb11aec37534985708dd,da0fda0fe81d372e24c0cb11aec37534985708dd,['CWE-444'],CVE-2022-32215
node,https://github.com/nodejs/node/commit/1da22eb48254f8c2d5f3c5865bb9f46e8b09ec60,1da22eb48254f8c2d5f3c5865bb9f46e8b09ec60,['CWE-444'],CVE-2022-32215
qemu,https://github.com/qemu/qemu/commit/418ade7849ce7641c0f7333718caf5091a02fd4c,418ade7849ce7641c0f7333718caf5091a02fd4c,['CWE-908'],
zfs,https://github.com/openzfs/zfs/commit/716b53d0a14c72bda16c0872565dd1909757e73f,716b53d0a14c72bda16c0872565dd1909757e73f,"['CWE-200', 'CWE-732']",
server,https://github.com/MariaDB/server/commit/39feab3cd31b5414aa9b428eaba915c251ac34a2,39feab3cd31b5414aa9b428eaba915c251ac34a2,['CWE-703'],
accel-ppp,https://github.com/grandnew/accel-ppp/commit/a0b8bfc4e74ff31b15ccfa6c626e3bbc591ba98f,a0b8bfc4e74ff31b15ccfa6c626e3bbc591ba98f,['CWE-787'],
openssl,https://github.com/openssl/openssl/commit/a1f7034bbd8f0730d360211f5ba0feeaef0b7b2c,a1f7034bbd8f0730d360211f5ba0feeaef0b7b2c,['CWE-787'],
profanity,https://github.com/BlackTrace/profanity/commit/69ff010c14ff80ec14246772db6a245aa59e6689,69ff010c14ff80ec14246772db6a245aa59e6689,['CWE-703'],
server,https://github.com/MariaDB/server/commit/f439cfdf93691d451a2efe075a90526bd67b8278,f439cfdf93691d451a2efe075a90526bd67b8278,['CWE-703'],
openssl,https://github.com/openssl/openssl/commit/1b31b5ad560b16e2fe1cad54a755e3e6b5e778a3,1b31b5ad560b16e2fe1cad54a755e3e6b5e778a3,['CWE-399'],
openssl,https://github.com/openssl/openssl/commit/aab7c770353b1dc4ba045938c8fb446dd1c4531e,aab7c770353b1dc4ba045938c8fb446dd1c4531e,['CWE-310'],
openssl,https://github.com/openssl/openssl/commit/068b963bb7afc57f5bdd723de0dd15e7795d5822,068b963bb7afc57f5bdd723de0dd15e7795d5822,"['CWE-119', 'CWE-787']",
openssl,https://github.com/openssl/openssl/commit/7e4cae1d2f555cbe9226b377aff4b56c9f7ddd4d,7e4cae1d2f555cbe9226b377aff4b56c9f7ddd4d,['CWE-20'],
openssl,https://github.com/openssl/openssl/commit/59302b600e8d5b77ef144e447bb046fd7ab72686,59302b600e8d5b77ef144e447bb046fd7ab72686,['CWE-703'],
core,https://github.com/dovecot/core/commit/7bad6a24160e34bce8f10e73dbbf9e5fbbcd1904,7bad6a24160e34bce8f10e73dbbf9e5fbbcd1904,['CWE-284'],
