repo_name,git_url,commit_hash,cwe_ids,cve_id
the-tcpdump-group/tcpdump,https://github.com/the-tcpdump-group/tcpdump/commit/b45a9a167ca6a3ef2752ae9d48d56ac14b001bfd,b45a9a167ca6a3ef2752ae9d48d56ac14b001bfd,['CWE-125'],CVE-2017-13005
the-tcpdump-group/tcpdump,https://github.com/the-tcpdump-group/tcpdump/commit/ca336198e8bebccc18502de27672fdbd6eb34856,ca336198e8bebccc18502de27672fdbd6eb34856,['CWE-125'],CVE-2017-13007
the-tcpdump-group/tcpdump,https://github.com/the-tcpdump-group/tcpdump/commit/5edf405d7ed9fc92f4f43e8a3d44baa4c6387562,5edf405d7ed9fc92f4f43e8a3d44baa4c6387562,['CWE-125'],CVE-2017-13008
the-tcpdump-group/tcpdump,https://github.com/the-tcpdump-group/tcpdump/commit/db8c799f6dfc68765c9451fcbfca06e662f5bd5f,db8c799f6dfc68765c9451fcbfca06e662f5bd5f,['CWE-125'],CVE-2017-13009
the-tcpdump-group/tcpdump,https://github.com/the-tcpdump-group/tcpdump/commit/877b66b398518d9501513e0860c9f3a8acc70892,877b66b398518d9501513e0860c9f3a8acc70892,['CWE-125'],CVE-2017-13010
the-tcpdump-group/tcpdump,https://github.com/the-tcpdump-group/tcpdump/commit/9f0730bee3eb65d07b49fd468bc2f269173352fe,9f0730bee3eb65d07b49fd468bc2f269173352fe,['CWE-119'],CVE-2017-13011
the-tcpdump-group/tcpdump,https://github.com/the-tcpdump-group/tcpdump/commit/8509ef02eceb2bbb479cea10fe4a7ec6395f1a8b,8509ef02eceb2bbb479cea10fe4a7ec6395f1a8b,['CWE-125'],CVE-2017-13012
the-tcpdump-group/tcpdump,https://github.com/the-tcpdump-group/tcpdump/commit/13ab8d18617d616c7d343530f8a842e7143fb5cc,13ab8d18617d616c7d343530f8a842e7143fb5cc,['CWE-125'],CVE-2017-13013
the-tcpdump-group/tcpdump,https://github.com/the-tcpdump-group/tcpdump/commit/cc356512f512e7fa423b3674db4bb31dbe40ffec,cc356512f512e7fa423b3674db4bb31dbe40ffec,['CWE-125'],CVE-2017-13014
the-tcpdump-group/tcpdump,https://github.com/the-tcpdump-group/tcpdump/commit/985122081165753c7442bd7824c473eb9ff56308,985122081165753c7442bd7824c473eb9ff56308,['CWE-125'],CVE-2017-13015
the-tcpdump-group/tcpdump,https://github.com/the-tcpdump-group/tcpdump/commit/c177cb3800a9a68d79b2812f0ffcb9479abd6eb8,c177cb3800a9a68d79b2812f0ffcb9479abd6eb8,['CWE-125'],CVE-2017-13016
the-tcpdump-group/tcpdump,https://github.com/the-tcpdump-group/tcpdump/commit/11b426ee05eb62ed103218526f1fa616851c43ce,11b426ee05eb62ed103218526f1fa616851c43ce,['CWE-125'],CVE-2017-13017
the-tcpdump-group/tcpdump,https://github.com/the-tcpdump-group/tcpdump/commit/26a6799b9ca80508c05cac7a9a3bef922991520b,26a6799b9ca80508c05cac7a9a3bef922991520b,['CWE-125'],CVE-2017-13018
the-tcpdump-group/tcpdump,https://github.com/the-tcpdump-group/tcpdump/commit/c5dd7bef5e54da5996dc4713284aa6266ae75b75,c5dd7bef5e54da5996dc4713284aa6266ae75b75,['CWE-125'],CVE-2017-13020
the-tcpdump-group/tcpdump,https://github.com/the-tcpdump-group/tcpdump/commit/67c7126062d59729cd421bb38f9594015c9907ba,67c7126062d59729cd421bb38f9594015c9907ba,['CWE-125'],CVE-2017-13021
the-tcpdump-group/tcpdump,https://github.com/the-tcpdump-group/tcpdump/commit/eee0b04bcfdae319c242b0b8fc3d07029ee65b8c,eee0b04bcfdae319c242b0b8fc3d07029ee65b8c,['CWE-125'],CVE-2017-13022
the-tcpdump-group/tcpdump,https://github.com/the-tcpdump-group/tcpdump/commit/b8e559afaeb8fe0604a1f8e3ad4dc1445de07a00,b8e559afaeb8fe0604a1f8e3ad4dc1445de07a00,['CWE-125'],CVE-2017-13023
the-tcpdump-group/tcpdump,https://github.com/the-tcpdump-group/tcpdump/commit/7d3aba9f06899d0128ef46e8a2fa143c6fad8f62,7d3aba9f06899d0128ef46e8a2fa143c6fad8f62,['CWE-125'],CVE-2017-13024
the-tcpdump-group/tcpdump,https://github.com/the-tcpdump-group/tcpdump/commit/5338aac7b8b880b0c5e0c15e27dadc44c5559284,5338aac7b8b880b0c5e0c15e27dadc44c5559284,['CWE-125'],CVE-2017-13025
the-tcpdump-group/tcpdump,https://github.com/the-tcpdump-group/tcpdump/commit/b20e1639dbac84b3fcb393858521c13ad47a9d70,b20e1639dbac84b3fcb393858521c13ad47a9d70,['CWE-125'],CVE-2017-13026
the-tcpdump-group/tcpdump,https://github.com/the-tcpdump-group/tcpdump/commit/a77ff09c46560bc895dea11dc9fe643486b056ac,a77ff09c46560bc895dea11dc9fe643486b056ac,['CWE-125'],CVE-2017-13027
the-tcpdump-group/tcpdump,https://github.com/the-tcpdump-group/tcpdump/commit/29e5470e6ab84badbc31f4532bb7554a796d9d52,29e5470e6ab84badbc31f4532bb7554a796d9d52,['CWE-125'],CVE-2017-13028
the-tcpdump-group/tcpdump,https://github.com/the-tcpdump-group/tcpdump/commit/7029d15f148ef24bb7c6668bc640f5470d085e5a,7029d15f148ef24bb7c6668bc640f5470d085e5a,['CWE-125'],CVE-2017-13029
the-tcpdump-group/tcpdump,https://github.com/the-tcpdump-group/tcpdump/commit/2d669862df7cd17f539129049f6fb70d17174125,2d669862df7cd17f539129049f6fb70d17174125,['CWE-125'],CVE-2017-13031
the-tcpdump-group/tcpdump,https://github.com/the-tcpdump-group/tcpdump/commit/1bc78d795cd5cad5525498658f414a11ea0a7e9c,1bc78d795cd5cad5525498658f414a11ea0a7e9c,['CWE-125'],CVE-2017-13032
the-tcpdump-group/tcpdump,https://github.com/the-tcpdump-group/tcpdump/commit/da6f1a677bfa4476abaeaf9b1afe1c4390f51b41,da6f1a677bfa4476abaeaf9b1afe1c4390f51b41,['CWE-125'],CVE-2017-13034
the-tcpdump-group/tcpdump,https://github.com/the-tcpdump-group/tcpdump/commit/571a6f33f47e7a2394fa08f925e534135c29cf1e,571a6f33f47e7a2394fa08f925e534135c29cf1e,['CWE-125'],CVE-2017-13035
the-tcpdump-group/tcpdump,https://github.com/the-tcpdump-group/tcpdump/commit/88b2dac837e81cf56dce05e6e7b5989332c0092d,88b2dac837e81cf56dce05e6e7b5989332c0092d,['CWE-125'],CVE-2017-13036
the-tcpdump-group/tcpdump,https://github.com/the-tcpdump-group/tcpdump/commit/2c2cfbd2b771ac888bc5c4a6d922f749d3822538,2c2cfbd2b771ac888bc5c4a6d922f749d3822538,['CWE-125'],CVE-2017-13037
the-tcpdump-group/tcpdump,https://github.com/the-tcpdump-group/tcpdump/commit/7335163a6ef82d46ff18f3e6099a157747241629,7335163a6ef82d46ff18f3e6099a157747241629,['CWE-125'],CVE-2017-13038
the-tcpdump-group/tcpdump,https://github.com/the-tcpdump-group/tcpdump/commit/e0a5a02b0fc1900a69d6c37ed0aab36fb8494e6d,e0a5a02b0fc1900a69d6c37ed0aab36fb8494e6d,['CWE-125'],CVE-2017-13039
the-tcpdump-group/tcpdump,https://github.com/the-tcpdump-group/tcpdump/commit/4c3aee4bb0294c232d56b6d34e9eeb74f630fe8c,4c3aee4bb0294c232d56b6d34e9eeb74f630fe8c,['CWE-125'],CVE-2017-13040
the-tcpdump-group/tcpdump,https://github.com/the-tcpdump-group/tcpdump/commit/f4b9e24c7384d882a7f434cc7413925bf871d63e,f4b9e24c7384d882a7f434cc7413925bf871d63e,['CWE-125'],CVE-2017-13041
the-tcpdump-group/tcpdump,https://github.com/the-tcpdump-group/tcpdump/commit/39582c04cc5e34054b2936b423072fb9df2ff6ef,39582c04cc5e34054b2936b423072fb9df2ff6ef,['CWE-125'],CVE-2017-13042
the-tcpdump-group/tcpdump,https://github.com/the-tcpdump-group/tcpdump/commit/d515b4b4a300479cdf1a6e0d1bb95bc1f9fee514,d515b4b4a300479cdf1a6e0d1bb95bc1f9fee514,['CWE-125'],CVE-2017-13043
the-tcpdump-group/tcpdump,https://github.com/the-tcpdump-group/tcpdump/commit/c2f6833dddecf2d5fb89c9c898eee9981da342ed,c2f6833dddecf2d5fb89c9c898eee9981da342ed,['CWE-125'],CVE-2017-13044
the-tcpdump-group/tcpdump,https://github.com/the-tcpdump-group/tcpdump/commit/3b36ec4e713dea9266db11975066c425aa669b6c,3b36ec4e713dea9266db11975066c425aa669b6c,['CWE-125'],CVE-2017-13045
the-tcpdump-group/tcpdump,https://github.com/the-tcpdump-group/tcpdump/commit/331530a4076c69bbd2e3214db6ccbe834fb75640,331530a4076c69bbd2e3214db6ccbe834fb75640,['CWE-125'],CVE-2017-13047
the-tcpdump-group/tcpdump,https://github.com/the-tcpdump-group/tcpdump/commit/aa0858100096a3490edf93034a80e66a4d61aad5,aa0858100096a3490edf93034a80e66a4d61aad5,['CWE-125'],CVE-2017-13049
the-tcpdump-group/tcpdump,https://github.com/the-tcpdump-group/tcpdump/commit/5d340a5ca6e420a70297cdbdf777333f18bfdab7,5d340a5ca6e420a70297cdbdf777333f18bfdab7,['CWE-125'],CVE-2017-13052
the-tcpdump-group/tcpdump,https://github.com/the-tcpdump-group/tcpdump/commit/bd4e697ebd6c8457efa8f28f6831fc929b88a014,bd4e697ebd6c8457efa8f28f6831fc929b88a014,['CWE-125'],CVE-2017-13053
the-tcpdump-group/tcpdump,https://github.com/the-tcpdump-group/tcpdump/commit/e6511cc1a950fe1566b2236329d6b4bd0826cc7a,e6511cc1a950fe1566b2236329d6b4bd0826cc7a,['CWE-125'],CVE-2017-13054
the-tcpdump-group/tcpdump,https://github.com/the-tcpdump-group/tcpdump/commit/5d0d76e88ee2d3236d7e032589d6f1d4ec5f7b1e,5d0d76e88ee2d3236d7e032589d6f1d4ec5f7b1e,['CWE-125'],CVE-2017-13055
the-tcpdump-group/tcpdump,https://github.com/the-tcpdump-group/tcpdump/commit/a1eefe986065846b6c69dbc09afd9fa1a02c4a3d,a1eefe986065846b6c69dbc09afd9fa1a02c4a3d,['CWE-125'],CVE-2017-13687
the-tcpdump-group/tcpdump,https://github.com/the-tcpdump-group/tcpdump/commit/0cb1b8a434b599b8d636db029aadb757c24e39d6,0cb1b8a434b599b8d636db029aadb757c24e39d6,['CWE-125'],CVE-2017-13688
the-tcpdump-group/tcpdump,https://github.com/the-tcpdump-group/tcpdump/commit/061e7371a944588f231cb1b66d6fb070b646e376,061e7371a944588f231cb1b66d6fb070b646e376,['CWE-125'],CVE-2017-13689
the-tcpdump-group/tcpdump,https://github.com/the-tcpdump-group/tcpdump/commit/8dca25d26c7ca2caf6138267f6f17111212c156e,8dca25d26c7ca2caf6138267f6f17111212c156e,['CWE-125'],CVE-2017-13690
the-tcpdump-group/tcpdump,https://github.com/the-tcpdump-group/tcpdump/commit/3c4d7c0ee30a30e5abff3d6d9586a3753101faf5,3c4d7c0ee30a30e5abff3d6d9586a3753101faf5,['CWE-125'],CVE-2017-13725
torvalds/linux,https://github.com/torvalds/linux/commit/edbd58be15a957f6a760c4a514cd475217eb97fd,edbd58be15a957f6a760c4a514cd475217eb97fd,['CWE-119'],CVE-2017-14497
mruby,https://github.com/mruby/mruby/commit/1a3b32343ed9ebf287ae5a0f241877728e62bea5,1a3b32343ed9ebf287ae5a0f241877728e62bea5,['CWE-134'],CVE-2017-0898
akrennmair/newsbeuter,https://github.com/akrennmair/newsbeuter/commit/c8fea2f60c18ed30bdd1bb6f798e994e51a58260,c8fea2f60c18ed30bdd1bb6f798e994e51a58260,['CWE-78'],CVE-2017-14500
ImageMagick,https://github.com/ImageMagick/ImageMagick/commit/f7b0cf098bc800c5b6181dc522a99997bfee8948,f7b0cf098bc800c5b6181dc522a99997bfee8948,['CWE-476'],CVE-2017-14505
ImageMagick,https://github.com/ImageMagick/ImageMagick/commit/c55fb18c3f78445d100a378ab8b3c0acd53c6590,c55fb18c3f78445d100a378ab8b3c0acd53c6590,['CWE-476'],CVE-2017-14532
ImageMagick,https://github.com/ImageMagick/ImageMagick/commit/bdfc5538051ad0d1c2083ba2a29180ff6abea907,bdfc5538051ad0d1c2083ba2a29180ff6abea907,['CWE-772'],CVE-2017-14533
apache/httpd,https://github.com/apache/httpd/commit/4cc27823899e070268b906ca677ee838d07cf67a,4cc27823899e070268b906ca677ee838d07cf67a,['CWE-416'],CVE-2017-9798
torproject/tor,https://github.com/torproject/tor/commit/09ea89764a4d3a907808ed7d4fe42abfe64bd486,09ea89764a4d3a907808ed7d4fe42abfe64bd486,['CWE-532'],CVE-2017-0380
mjg59/linux,https://github.com/mjg59/linux/commit/4b2b64d5a6ebc84214755ebccd599baef7c1b798,4b2b64d5a6ebc84214755ebccd599baef7c1b798,['CWE-254'],CVE-2015-7837
torvalds/linux,https://github.com/torvalds/linux/commit/9e3f7a29694049edd728e2400ab57ad7553e5aa9,9e3f7a29694049edd728e2400ab57ad7553e5aa9,['CWE-617'],CVE-2017-12168
GNOME/nautilus,https://github.com/GNOME/nautilus/commit/1630f53481f445ada0a455e9979236d31a8d3bb0,1630f53481f445ada0a455e9979236d31a8d3bb0,['CWE-20'],CVE-2017-14604
ImageMagick,https://github.com/ImageMagick/ImageMagick/commit/9ff805077fd5297dc41dc989f9dba59877e12f97,9ff805077fd5297dc41dc989f9dba59877e12f97,['CWE-476'],CVE-2017-14624
ImageMagick,https://github.com/ImageMagick/ImageMagick/commit/cf740bd8b829732d1c096d52512f9102433b881f,cf740bd8b829732d1c096d52512f9102433b881f,['CWE-476'],CVE-2017-14625
libsndfile,https://github.com/libsndfile/libsndfile/commit/00a25b9469f825a57dc3558ce10561ef38a3405e,00a25b9469f825a57dc3558ce10561ef38a3405e,['CWE-125'],CVE-2017-14245
rofl0r/proxychains-ng,https://github.com/rofl0r/proxychains-ng/commit/9ab7dbeb3baff67a51d0c5e71465c453be0890b5,9ab7dbeb3baff67a51d0c5e71465c453be0890b5,['CWE-426'],CVE-2015-3887
axiomatic-systems/Bento4,https://github.com/axiomatic-systems/Bento4/commit/be7185faf7f52674028977dcf501c6039ff03aa5,be7185faf7f52674028977dcf501c6039ff03aa5,['CWE-476'],CVE-2017-14638
axiomatic-systems/Bento4,https://github.com/axiomatic-systems/Bento4/commit/03d1222ab9c2ce779cdf01bdb96cdd69cbdcfeda,03d1222ab9c2ce779cdf01bdb96cdd69cbdcfeda,['CWE-843'],CVE-2017-14639
axiomatic-systems/Bento4,https://github.com/axiomatic-systems/Bento4/commit/2f267f89f957088197f4b1fc254632d1645b415d,2f267f89f957088197f4b1fc254632d1645b415d,['CWE-476'],CVE-2017-14640
axiomatic-systems/Bento4,https://github.com/axiomatic-systems/Bento4/commit/41cad602709436628f07b4c4f64e9ff7a611f687,41cad602709436628f07b4c4f64e9ff7a611f687,['CWE-476'],CVE-2017-14641
axiomatic-systems/Bento4,https://github.com/axiomatic-systems/Bento4/commit/22192de5367fa0cee985917f092be4060b7c00b0,22192de5367fa0cee985917f092be4060b7c00b0,['CWE-476'],CVE-2017-14642
axiomatic-systems/Bento4,https://github.com/axiomatic-systems/Bento4/commit/5eb8cf89d724ccb0b4ce5f24171ec7c11f0a7647,5eb8cf89d724ccb0b4ce5f24171ec7c11f0a7647,['CWE-125'],CVE-2017-14643
axiomatic-systems/Bento4,https://github.com/axiomatic-systems/Bento4/commit/53499d8d4c69142137c7c7f0097a444783fdeb90,53499d8d4c69142137c7c7f0097a444783fdeb90,['CWE-125'],CVE-2017-14646
ArtifexSoftware/mupdf,https://github.com/ArtifexSoftware/mupdf/commit/ab1a420613dec93c686acbee2c165274e922f82a,ab1a420613dec93c686acbee2c165274e922f82a,['CWE-119'],CVE-2017-14685
ArtifexSoftware/mupdf,https://github.com/ArtifexSoftware/mupdf/commit/0f0fbc07d9be31f5e83ec5328d7311fdfd8328b1,0f0fbc07d9be31f5e83ec5328d7311fdfd8328b1,['CWE-119'],CVE-2017-14686
ArtifexSoftware/mupdf,https://github.com/ArtifexSoftware/mupdf/commit/2b16dbd8f73269cb15ca61ece75cf8d2d196ed28,2b16dbd8f73269cb15ca61ece75cf8d2d196ed28,['CWE-119'],CVE-2017-14687
libofx,https://github.com/libofx/libofx/commit/fad8418f34094de42e1307113598e0e8bee0a2bd,fad8418f34094de42e1307113598e0e8bee0a2bd,['CWE-125'],CVE-2017-14731
randombit/botan,https://github.com/randombit/botan/commit/2718c02d429d024b2cd65534f7e54cab1d123348,2718c02d429d024b2cd65534f7e54cab1d123348,['CWE-Other'],CVE-2017-14737
randombit/botan,https://github.com/randombit/botan/commit/a3c4ec54ba8f611e7ef41867a4ed0fd669ef8057,a3c4ec54ba8f611e7ef41867a4ed0fd669ef8057,['CWE-Other'],CVE-2017-14737
ImageMagick,https://github.com/ImageMagick/ImageMagick/commit/bb11d07139efe0f5e4ce0e4afda32abdbe82fa9d,bb11d07139efe0f5e4ce0e4afda32abdbe82fa9d,['CWE-835'],CVE-2017-14741
torvalds/linux,https://github.com/torvalds/linux/commit/3a8b0677fc6180a467e26cc32ce6b0c09a32f9bb,3a8b0677fc6180a467e26cc32ce6b0c09a32f9bb,"['CWE-617', 'CWE-20']",CVE-2017-1000252
torvalds/linux,https://github.com/torvalds/linux/commit/36ae3c0a36b7456432fedce38ae2f7bd3e01a563,36ae3c0a36b7456432fedce38ae2f7bd3e01a563,"['CWE-617', 'CWE-20']",CVE-2017-1000252
torvalds/linux,https://github.com/torvalds/linux/commit/51aa68e7d57e3217192d88ce90fd5b8ef29ec94f,51aa68e7d57e3217192d88ce90fd5b8ef29ec94f,['CWE-Other'],CVE-2017-12154
ffmpeg,https://github.com/FFmpeg/FFmpeg/commit/c42a1388a6d1bfd8001bf6a4241d8ca27e49326d,c42a1388a6d1bfd8001bf6a4241d8ca27e49326d,['CWE-119'],CVE-2017-14767
the-tcpdump-group/tcpdump,https://github.com/the-tcpdump-group/tcpdump/commit/3ed82f4ed0095768529afc22b923c8f7171fff70,3ed82f4ed0095768529afc22b923c8f7171fff70,['CWE-20'],CVE-2015-3138
AcademySoftwareFoundation/openexr,https://github.com/AcademySoftwareFoundation/openexr/commit/4c146c50e952655bc193567224c2a081c7da5e98,4c146c50e952655bc193567224c2a081c7da5e98,['CWE-400'],CVE-2017-14988
ImageMagick,https://github.com/ImageMagick/ImageMagick/commit/28bad01242898d7f863deedbfa8502c348293093,28bad01242898d7f863deedbfa8502c348293093,['CWE-416'],CVE-2017-14989
torvalds/linux,https://github.com/torvalds/linux/commit/3e0097499839e0fe3af380410eababe5a47c4cf9,3e0097499839e0fe3af380410eababe5a47c4cf9,['CWE-200'],CVE-2017-14991
ImageMagick,https://github.com/ImageMagick/ImageMagick/commit/a0cef9db632ef8e1b9de4c463700c6a24d4f96ca,a0cef9db632ef8e1b9de4c463700c6a24d4f96ca,['CWE-476'],CVE-2017-15015
ImageMagick,https://github.com/ImageMagick/ImageMagick/commit/8254d24b86a62803231773ecf54c707aef4a1457,8254d24b86a62803231773ecf54c707aef4a1457,['CWE-476'],CVE-2017-15016
libofx,https://github.com/libofx/libofx/commit/a70934eea95c76a7737b83773bffe8738935082d,a70934eea95c76a7737b83773bffe8738935082d,['CWE-119'],CVE-2017-2920
redis,https://github.com/redis/redis/commit/ffcf7d5ab1e98d84c28af9bea7be76c6737820ad,ffcf7d5ab1e98d84c28af9bea7be76c6737820ad,['CWE-119'],CVE-2017-15047
ruby/openssl,https://github.com/ruby/openssl/commit/90afa5f9b595876af3b6832120deb979b214c022,90afa5f9b595876af3b6832120deb979b214c022,['CWE-200'],CVE-2015-1828
ImageMagick,https://github.com/ImageMagick/ImageMagick/commit/9bad9cd6752bf8dc5825f555fd1117855bd2fc47,9bad9cd6752bf8dc5825f555fd1117855bd2fc47,['CWE-772'],CVE-2017-15217
wireshark,https://github.com/wireshark/wireshark/commit/625bab309d9dd21db2d8ae2aa3511810d32842a8,625bab309d9dd21db2d8ae2aa3511810d32842a8,['CWE-772'],CVE-2017-15189
wireshark,https://github.com/wireshark/wireshark/commit/e27870eaa6efa1c2dac08aa41a67fe9f0839e6e0,e27870eaa6efa1c2dac08aa41a67fe9f0839e6e0,['CWE-Other'],CVE-2017-15190
wireshark,https://github.com/wireshark/wireshark/commit/8dbb21dfde14221dab09b6b9c7719b9067c1f06e,8dbb21dfde14221dab09b6b9c7719b9067c1f06e,['CWE-134'],CVE-2017-15191
wireshark,https://github.com/wireshark/wireshark/commit/3689dc1db36037436b1616715f9a3f888fc9a0f6,3689dc1db36037436b1616715f9a3f888fc9a0f6,['CWE-Other'],CVE-2017-15192
wireshark,https://github.com/wireshark/wireshark/commit/afb9ff7982971aba6e42472de0db4c1bedfc641b,afb9ff7982971aba6e42472de0db4c1bedfc641b,['CWE-400'],CVE-2017-15193
libjpeg-turbo,https://github.com/libjpeg-turbo/libjpeg-turbo/commit/1ecd9a5729d78518397889a630e3534bd9d963a8,1ecd9a5729d78518397889a630e3534bd9d963a8,['CWE-476'],CVE-2017-15232
torvalds/linux,https://github.com/torvalds/linux/commit/37863c43b2c6464f252862bf2e9768264e961678,37863c43b2c6464f252862bf2e9768264e961678,['CWE-476'],CVE-2017-12192
torvalds/linux,https://github.com/torvalds/linux/commit/5649645d725c73df4302428ee4e02c869248b4c5,5649645d725c73df4302428ee4e02c869248b4c5,['CWE-476'],CVE-2017-15274
ImageMagick,https://github.com/ImageMagick/ImageMagick/commit/32cbfceeee57962321b2ead627129c9d9ffbfcdb,32cbfceeee57962321b2ead627129c9d9ffbfcdb,['CWE-119'],CVE-2017-15281
evan/ccsv,https://github.com/evan/ccsv/commit/24e0b9b94c44a15b23475e821366239d53764dbd,24e0b9b94c44a15b23475e821366239d53764dbd,['CWE-415'],CVE-2017-15364
radareorg/radare2,https://github.com/radareorg/radare2/commit/52b1526443c1f433087928291d1c3d37a5600515,52b1526443c1f433087928291d1c3d37a5600515,['CWE-125'],CVE-2017-15368
ArtifexSoftware/mupdf,https://github.com/ArtifexSoftware/mupdf/commit/c2663e51238ec8256da7fc61ad580db891d9fe9a,c2663e51238ec8256da7fc61ad580db891d9fe9a,['CWE-416'],CVE-2017-15369
torvalds/linux,https://github.com/torvalds/linux/commit/71105998845fb012937332fe2e806d443c09e026,71105998845fb012937332fe2e806d443c09e026,"['CWE-362', 'CWE-416']",CVE-2017-15265
radareorg/radare2,https://github.com/radareorg/radare2/commit/21a6f570ba33fa9f52f1bba87f07acc4e8c178f4,21a6f570ba33fa9f52f1bba87f07acc4e8c178f4,['CWE-119'],CVE-2017-15385
torvalds/linux,https://github.com/torvalds/linux/commit/814fb7bb7db5433757d76f4c4502c96fc53b0b5e,814fb7bb7db5433757d76f4c4502c96fc53b0b5e,['CWE-200'],CVE-2017-15537
ArtifexSoftware/mupdf,https://github.com/ArtifexSoftware/mupdf/commit/82df2631d7d0446b206ea6b434ea609b6c28b0e8,82df2631d7d0446b206ea6b434ea609b6c28b0e8,['CWE-190'],CVE-2017-15587
xen-project/xen,https://github.com/xen-project/xen/commit/23a183607a427572185fc51c76cc5ab11c00c4cc,23a183607a427572185fc51c76cc5ab11c00c4cc,['CWE-362'],CVE-2017-15588
xen-project/xen,https://github.com/xen-project/xen/commit/0d4732ac29b63063764c29fa3bd8946daf67d6f3,0d4732ac29b63063764c29fa3bd8946daf67d6f3,['CWE-200'],CVE-2017-15589
xen-project/xen,https://github.com/xen-project/xen/commit/d59e55b018cfb79d0c4f794041aff4fe1cd0d570,d59e55b018cfb79d0c4f794041aff4fe1cd0d570,['CWE-20'],CVE-2017-15591
xen-project/xen,https://github.com/xen-project/xen/commit/bf2b4eadcf379d0361b38de9725ea5f7a18a5205,bf2b4eadcf379d0361b38de9725ea5f7a18a5205,['CWE-668'],CVE-2017-15592
xen-project/xen,https://github.com/xen-project/xen/commit/d20daf4294adbdb9316850566013edb98db7bfbc,d20daf4294adbdb9316850566013edb98db7bfbc,['CWE-668'],CVE-2017-15592
xen-project/xen,https://github.com/xen-project/xen/commit/6410733a8a0dff2fe581338ff631670cf91889db,6410733a8a0dff2fe581338ff631670cf91889db,['CWE-772'],CVE-2017-15593
xen-project/xen,https://github.com/xen-project/xen/commit/cc08c73c8c1f5ba5ed0f8274548db6725e1c3157,cc08c73c8c1f5ba5ed0f8274548db6725e1c3157,['CWE-Other'],CVE-2017-15594
xen-project/xen,https://github.com/xen-project/xen/commit/2c458dfcb59f3d9d8a35fc5ffbf780b6ed7a26a6,2c458dfcb59f3d9d8a35fc5ffbf780b6ed7a26a6,['CWE-400'],CVE-2017-15595
xen-project/xen,https://github.com/xen-project/xen/commit/6987fc7558bdbab8119eabf026e3cdad1053f0e5,6987fc7558bdbab8119eabf026e3cdad1053f0e5,['CWE-400'],CVE-2017-15595
xen-project/xen,https://github.com/xen-project/xen/commit/e40b0219a8c77741ae48989efb520f4a762a5be3,e40b0219a8c77741ae48989efb520f4a762a5be3,['CWE-400'],CVE-2017-15595
xen-project/xen,https://github.com/xen-project/xen/commit/59546c1897a90fe9af5ebbbb05ead8d98b4d17b9,59546c1897a90fe9af5ebbbb05ead8d98b4d17b9,['CWE-400'],CVE-2017-15596
pbatard/rufus,https://github.com/pbatard/rufus/commit/c3c39f7f8a11f612c4ebf7affce25ec6928eb1cb,c3c39f7f8a11f612c4ebf7affce25ec6928eb1cb,['CWE-494'],CVE-2017-13083
FransUrbo/zfs,https://github.com/FransUrbo/zfs/commit/99aa4d2b4fd12c6bef62d02ffd1b375ddd42fcf4,99aa4d2b4fd12c6bef62d02ffd1b375ddd42fcf4,['CWE-200'],CVE-2015-3400
torvalds/linux,https://github.com/torvalds/linux/commit/4971613c1639d8e5f102c4e797c3bf8f83a5a69e,4971613c1639d8e5f102c4e797c3bf8f83a5a69e,['CWE-362'],CVE-2017-15649
torvalds/linux,https://github.com/torvalds/linux/commit/008ba2a13f2d04c947adc536d19debb8fe66f110,008ba2a13f2d04c947adc536d19debb8fe66f110,['CWE-362'],CVE-2017-15649
OISF/suricata,https://github.com/OISF/suricata/commit/b9579fbe7dd408200ef03cbe20efddb624b73885,b9579fbe7dd408200ef03cbe20efddb624b73885,['CWE-Other'],CVE-2017-15377
openbsd/src,https://github.com/openbsd/src/commit/a6981567e8e215acc1ef690c8dbb30f2d9b00a19,a6981567e8e215acc1ef690c8dbb30f2d9b00a19,['CWE-732'],CVE-2017-15906
systemd,https://github.com/systemd/systemd/commit/9f939335a07085aa9a9663efd1dca06ef6405d62,9f939335a07085aa9a9663efd1dca06ef6405d62,['CWE-835'],CVE-2017-15908
shadowsocks/shadowsocks-libev,https://github.com/shadowsocks/shadowsocks-libev/commit/c67d275803dc6ea22c558d06b1f7ba9f94cd8de3,c67d275803dc6ea22c558d06b1f7ba9f94cd8de3,['CWE-78'],CVE-2017-15924
radareorg/radare2,https://github.com/radareorg/radare2/commit/c6d0076c924891ad9948a62d89d0bcdaf965f0cd,c6d0076c924891ad9948a62d89d0bcdaf965f0cd,['CWE-125'],CVE-2017-15931
radareorg/radare2,https://github.com/radareorg/radare2/commit/44ded3ff35b8264f54b5a900cab32ec489d9e5b9,44ded3ff35b8264f54b5a900cab32ec489d9e5b9,['CWE-125'],CVE-2017-15932
torvalds/linux,https://github.com/torvalds/linux/commit/363b02dab09b3226f3bd1420dad9c72b79a42a76,363b02dab09b3226f3bd1420dad9c72b79a42a76,['CWE-20'],CVE-2017-15951
torvalds/linux,https://github.com/torvalds/linux/commit/6c4841c2b6c32a134f9f36e5e08857138cc12b10,6c4841c2b6c32a134f9f36e5e08857138cc12b10,['CWE-19'],CVE-2006-5331
xen-project/xen,https://github.com/xen-project/xen/commit/e008f7619dcd6d549727c9635b3f9f3c7ee483ed,e008f7619dcd6d549727c9635b3f9f3c7ee483ed,"['CWE-200', 'CWE-119']",CVE-2017-15597
radareorg/radare2,https://github.com/radareorg/radare2/commit/0b973e28166636e0ff1fad80baa0385c9c09c53a,0b973e28166636e0ff1fad80baa0385c9c09c53a,['CWE-119'],CVE-2017-16357
radareorg/radare2,https://github.com/radareorg/radare2/commit/d31c4d3cbdbe01ea3ded16a584de94149ecd31d9,d31c4d3cbdbe01ea3ded16a584de94149ecd31d9,['CWE-125'],CVE-2017-16358
radareorg/radare2,https://github.com/radareorg/radare2/commit/d21e91f075a7a7a8ed23baa5c1bb1fac48313882,d21e91f075a7a7a8ed23baa5c1bb1fac48313882,['CWE-476'],CVE-2017-16359
radareorg/radare2,https://github.com/radareorg/radare2/commit/62e39f34b2705131a2d08aff0c2e542c6a52cf0e,62e39f34b2705131a2d08aff0c2e542c6a52cf0e,['CWE-476'],CVE-2017-16359
radareorg/radare2,https://github.com/radareorg/radare2/commit/fbaf24bce7ea4211e4608b3ab6c1b45702cb243d,fbaf24bce7ea4211e4608b3ab6c1b45702cb243d,['CWE-476'],CVE-2017-16359
brianmario/yajl-ruby,https://github.com/brianmario/yajl-ruby/commit/a8ca8f476655adaa187eedc60bdc770fff3c51ce,a8ca8f476655adaa187eedc60bdc770fff3c51ce,['CWE-134'],CVE-2017-16516
torvalds/linux,https://github.com/torvalds/linux/commit/bd998c2e0df0469707503023d50d46cf0b10c787,bd998c2e0df0469707503023d50d46cf0b10c787,['CWE-416'],CVE-2017-16525
torvalds/linux,https://github.com/torvalds/linux/commit/299d7572e46f98534033a9e65973f13ad1ce9047,299d7572e46f98534033a9e65973f13ad1ce9047,['CWE-416'],CVE-2017-16525
torvalds/linux,https://github.com/torvalds/linux/commit/bbf26183b7a6236ba602f4d6a2f7cade35bba043,bbf26183b7a6236ba602f4d6a2f7cade35bba043,['CWE-119'],CVE-2017-16526
torvalds/linux,https://github.com/torvalds/linux/commit/124751d5e63c823092060074bd0abaae61aaa9c4,124751d5e63c823092060074bd0abaae61aaa9c4,['CWE-416'],CVE-2017-16527
torvalds/linux,https://github.com/torvalds/linux/commit/fc27fe7e8deef2f37cba3f2be2d52b6ca5eb9d57,fc27fe7e8deef2f37cba3f2be2d52b6ca5eb9d57,['CWE-416'],CVE-2017-16528
torvalds/linux,https://github.com/torvalds/linux/commit/bfc81a8bc18e3c4ba0cbaa7666ff76be2f998991,bfc81a8bc18e3c4ba0cbaa7666ff76be2f998991,['CWE-125'],CVE-2017-16529
torvalds/linux,https://github.com/torvalds/linux/commit/786de92b3cb26012d3d0f00ee37adf14527f35c4,786de92b3cb26012d3d0f00ee37adf14527f35c4,['CWE-125'],CVE-2017-16530
torvalds/linux,https://github.com/torvalds/linux/commit/bd7a3fe770ebd8391d1c7d072ff88e9e76d063eb,bd7a3fe770ebd8391d1c7d072ff88e9e76d063eb,['CWE-119'],CVE-2017-16531
torvalds/linux,https://github.com/torvalds/linux/commit/f043bfc98c193c284e2cd768fefabe18ac2fed9b,f043bfc98c193c284e2cd768fefabe18ac2fed9b,['CWE-125'],CVE-2017-16533
torvalds/linux,https://github.com/torvalds/linux/commit/2e1c42391ff2556387b3cb6308b24f6f65619feb,2e1c42391ff2556387b3cb6308b24f6f65619feb,['CWE-119'],CVE-2017-16534
torvalds/linux,https://github.com/torvalds/linux/commit/1c0edc3633b56000e18d82fc241e3995ca18a69e,1c0edc3633b56000e18d82fc241e3995ca18a69e,['CWE-125'],CVE-2017-16535
torvalds/linux,https://github.com/torvalds/linux/commit/ac64115a66c18c01745bbd3c47a36b124e5fd8c0,ac64115a66c18c01745bbd3c47a36b124e5fd8c0,['CWE-476'],CVE-2017-15306
torvalds/linux,https://github.com/torvalds/linux/commit/a50829479f58416a013a4ccca791336af3c584c7,a50829479f58416a013a4ccca791336af3c584c7,['CWE-125'],CVE-2017-16643
torvalds/linux,https://github.com/torvalds/linux/commit/ea04efee7635c9120d015dcdeeeb6988130cb67a,ea04efee7635c9120d015dcdeeeb6988130cb67a,['CWE-125'],CVE-2017-16645
radareorg/radare2,https://github.com/radareorg/radare2/commit/2ca9ab45891b6ae8e32b6c28c81eebca059cbe5d,2ca9ab45891b6ae8e32b6c28c81eebca059cbe5d,['CWE-125'],CVE-2017-16805
torvalds/linux,https://github.com/torvalds/linux/commit/2fae9e5a7babada041e2e161699ade2447a01989,2fae9e5a7babada041e2e161699ade2447a01989,['CWE-476'],CVE-2017-15102
torvalds/linux,https://github.com/torvalds/linux/commit/df80cd9b28b9ebaa284a41df611dbf3a2d05ca74,df80cd9b28b9ebaa284a41df611dbf3a2d05ca74,['CWE-416'],CVE-2017-15115
varnishcache/varnish-cache,https://github.com/varnishcache/varnish-cache/commit/176f8a075a963ffbfa56f1c460c15f6a1a6af5a7,176f8a075a963ffbfa56f1c460c15f6a1a6af5a7,['CWE-119'],CVE-2017-8807
hfiref0x/LightFTP,https://github.com/hfiref0x/LightFTP/commit/a964370a2f9b3dc8eabd8346407a4381f3e0610a,a964370a2f9b3dc8eabd8346407a4381f3e0610a,['CWE-119'],CVE-2017-1000218
open-iscsi/tcmu-runner,https://github.com/open-iscsi/tcmu-runner/commit/bb80e9c7a798f035768260ebdadffb6eb0786178,bb80e9c7a798f035768260ebdadffb6eb0786178,['CWE-476'],CVE-2017-1000200
open-iscsi/tcmu-runner,https://github.com/open-iscsi/tcmu-runner/commit/e2d953050766ac538615a811c64b34358614edce,e2d953050766ac538615a811c64b34358614edce,['CWE-20'],CVE-2017-1000201
upx,https://github.com/upx/upx/commit/6eafa552bb4bf2303fbadf1f65e7d99919d476c6,6eafa552bb4bf2303fbadf1f65e7d99919d476c6,['CWE-119'],CVE-2017-16869
root-project/root,https://github.com/root-project/root/commit/88ccff152604e0f1012653a596d802ff7ede3145,88ccff152604e0f1012653a596d802ff7ede3145,['CWE-78'],CVE-2017-1000203
ThomasDickey/lynx-snapshots,https://github.com/ThomasDickey/lynx-snapshots/commit/280a61b300a1614f6037efc0902ff7ecf17146e9,280a61b300a1614f6037efc0902ff7ecf17146e9,['CWE-416'],CVE-2017-1000211
libming,https://github.com/libming/libming/commit/f3a66c6479d1191734b5ab57d5d7e0bd7525b1a7,f3a66c6479d1191734b5ab57d5d7e0bd7525b1a7,['CWE-476'],CVE-2017-16883
libming,https://github.com/libming/libming/commit/6032557a21e4dac8bb2606bb5b58e27d85a7ff98,6032557a21e4dac8bb2606bb5b58e27d85a7ff98,['CWE-119'],CVE-2017-16898
ffmpeg,https://github.com/FFmpeg/FFmpeg/commit/94e538aebbc9f9c529e8b1f2eda860cfb8c473b1,94e538aebbc9f9c529e8b1f2eda860cfb8c473b1,['CWE-125'],CVE-2017-16840
torvalds/linux,https://github.com/torvalds/linux/commit/95d78c28b5a85bacbc29b8dba7c04babb9b0d467,95d78c28b5a85bacbc29b8dba7c04babb9b0d467,['CWE-400'],CVE-2017-12190
torvalds/linux,https://github.com/torvalds/linux/commit/2b04e8f6bbb196cab4b232af0f8d48ff2c7a8058,2b04e8f6bbb196cab4b232af0f8d48ff2c7a8058,['CWE-400'],CVE-2017-12190
torvalds/linux,https://github.com/torvalds/linux/commit/ea6789980fdaa610d7eb63602c746bf6ec70cd2b,ea6789980fdaa610d7eb63602c746bf6ec70cd2b,['CWE-476'],CVE-2017-12193
rpm-software-management/rpm,https://github.com/rpm-software-management/rpm/commit/404ef011c300207cdb1e531670384564aae04bdc,404ef011c300207cdb1e531670384564aae04bdc,['CWE-59'],CVE-2017-7501
neutrinolabs/xrdp,https://github.com/neutrinolabs/xrdp/commit/ebd0510a7d4dab906b6e01570205dfa530d1f7bf,ebd0510a7d4dab906b6e01570205dfa530d1f7bf,['CWE-119'],CVE-2017-16927
GNOME/libxml2,https://github.com/GNOME/libxml2/commit/e26630548e7d138d2c560844c43820b6767251e3,e26630548e7d138d2c560844c43820b6767251e3,['CWE-119'],CVE-2017-16931
GNOME/libxml2,https://github.com/GNOME/libxml2/commit/899a5d9f0ed13b8e32449a08a361e0de127dd961,899a5d9f0ed13b8e32449a08a361e0de127dd961,['CWE-835'],CVE-2017-16932
torvalds/linux,https://github.com/torvalds/linux/commit/1137b5e2529a8f5ca8ee709288ecba3e68044df2,1137b5e2529a8f5ca8ee709288ecba3e68044df2,['CWE-416'],CVE-2017-16939
torvalds/linux,https://github.com/torvalds/linux/commit/373c4557d2aa362702c4c2d41288fb1e54990b7c,373c4557d2aa362702c4c2d41288fb1e54990b7c,['CWE-200'],CVE-2017-16994
xen-project/xen,https://github.com/xen-project/xen/commit/a1c6c6768971ea387d7eba0803908ef0928b43ac,a1c6c6768971ea387d7eba0803908ef0928b43ac,"['CWE-835', 'CWE-755', 'CWE-754']",CVE-2017-17044
xen-project/xen,https://github.com/xen-project/xen/commit/a3d64de8e86f5812917d2d0af28298f80debdf9a,a3d64de8e86f5812917d2d0af28298f80debdf9a,['CWE-416'],CVE-2017-17045
xen-project/xen,https://github.com/xen-project/xen/commit/92790672dedf2eab042e04ecc277c19d40fd348a,92790672dedf2eab042e04ecc277c19d40fd348a,['CWE-416'],CVE-2017-17045
xen-project/xen,https://github.com/xen-project/xen/commit/ec6d9023e1f54cdccbf2e4c63cf947f1be2b1e8e,ec6d9023e1f54cdccbf2e4c63cf947f1be2b1e8e,['CWE-200'],CVE-2017-17046
torvalds/linux,https://github.com/torvalds/linux/commit/2b7e8665b4ff51c034c55df3cff76518d1a9ee3a,2b7e8665b4ff51c034c55df3cff76518d1a9ee3a,['CWE-416'],CVE-2017-17052
torvalds/linux,https://github.com/torvalds/linux/commit/ccd5b3235180eef3cfec337df1c8554ab151b5cc,ccd5b3235180eef3cfec337df1c8554ab151b5cc,['CWE-416'],CVE-2017-17053
aubio,https://github.com/aubio/aubio/commit/06df24787ff37e6f08a870d52e2ed4c62d2caa11,06df24787ff37e6f08a870d52e2ed4c62d2caa11,['CWE-369'],CVE-2017-17054
torvalds/linux,https://github.com/torvalds/linux/commit/94f1bb15bed84ad6c893916b7e7b9db6f1d7eec6,94f1bb15bed84ad6c893916b7e7b9db6f1d7eec6,['CWE-476'],CVE-2017-15116
ffmpeg,https://github.com/FFmpeg/FFmpeg/commit/27f8d386829689c346ff0cef00d3af57b9fb8903,27f8d386829689c346ff0cef00d3af57b9fb8903,['CWE-125'],CVE-2017-17081
wireshark,https://github.com/wireshark/wireshark/commit/79768d63d14fbce6bf7fb4d4a1c86be0c5205eb3,79768d63d14fbce6bf7fb4d4a1c86be0c5205eb3,['CWE-754'],CVE-2017-17083
wireshark,https://github.com/wireshark/wireshark/commit/8502fe94ef9e431860921507e1a351c5e3f5c634,8502fe94ef9e431860921507e1a351c5e3f5c634,['CWE-754'],CVE-2017-17084
wireshark,https://github.com/wireshark/wireshark/commit/f5939debe96e3c3953c6020818f1fbb80eb83ce8,f5939debe96e3c3953c6020818f1fbb80eb83ce8,['CWE-754'],CVE-2017-17085
torvalds/linux,https://github.com/torvalds/linux/commit/71bb99a02b32b4cc4265118e85f6035ca72923f0,71bb99a02b32b4cc4265118e85f6035ca72923f0,['CWE-20'],CVE-2017-15868
ImageMagick,https://github.com/ImageMagick/ImageMagick/commit/dd96d671e4d5ae22c6894c302e8996c13f24c45a,dd96d671e4d5ae22c6894c302e8996c13f24c45a,['CWE-416'],CVE-2017-17499
ImageMagick,https://github.com/ImageMagick/ImageMagick/commit/fb89192c4ca1600741af79dd22166a7d91e76924,fb89192c4ca1600741af79dd22166a7d91e76924,['CWE-125'],CVE-2017-17504
xen-project/xen,https://github.com/xen-project/xen/commit/54e2292e8df7a1a7b041192be9d6d797b6d00869,54e2292e8df7a1a7b041192be9d6d797b6d00869,['CWE-119'],CVE-2017-17563
xen-project/xen,https://github.com/xen-project/xen/commit/10be8001de7d87be1f0ccdda75cc70e922e56d03,10be8001de7d87be1f0ccdda75cc70e922e56d03,['CWE-388'],CVE-2017-17564
xen-project/xen,https://github.com/xen-project/xen/commit/b4d0218cff66b7eaa9c9b8dc9bd71e7b089b016d,b4d0218cff66b7eaa9c9b8dc9bd71e7b089b016d,['CWE-20'],CVE-2017-17565
xen-project/xen,https://github.com/xen-project/xen/commit/ff2a793e15bb0b6254bc849ef8e83e1c284c3583,ff2a793e15bb0b6254bc849ef8e83e1c284c3583,['CWE-Other'],CVE-2017-17566
wolfSSL/wolfssl,https://github.com/wolfSSL/wolfssl/commit/fd455d5a5e9fef24c208e7ac7d3a4bc58834cbf1,fd455d5a5e9fef24c208e7ac7d3a4bc58834cbf1,['CWE-203'],CVE-2017-13099
phusion/passenger,https://github.com/phusion/passenger/commit/4043718264095cde6623c2cbe8c644541036d7bf,4043718264095cde6623c2cbe8c644541036d7bf,['CWE-200'],CVE-2017-16355
torvalds/linux,https://github.com/torvalds/linux/commit/8f659a03a0ba9289b9aeb9b4470e6fb263d6f483,8f659a03a0ba9289b9aeb9b4470e6fb263d6f483,['CWE-362'],CVE-2017-17712
GNOME/gimp,https://github.com/GNOME/gimp/commit/c57f9dcf1934a9ab0cd67650f2dea18cb0902270,c57f9dcf1934a9ab0cd67650f2dea18cb0902270,['CWE-125'],CVE-2017-17784
GNOME/gimp,https://github.com/GNOME/gimp/commit/edb251a7ef1602d20a5afcbf23f24afb163de63b,edb251a7ef1602d20a5afcbf23f24afb163de63b,['CWE-787'],CVE-2017-17785
GNOME/gimp,https://github.com/GNOME/gimp/commit/8ea316667c8a3296bce2832b3986b58d0fdfc077,8ea316667c8a3296bce2832b3986b58d0fdfc077,['CWE-125'],CVE-2017-17786
GNOME/gimp,https://github.com/GNOME/gimp/commit/22e2571c25425f225abdb11a566cc281fca6f366,22e2571c25425f225abdb11a566cc281fca6f366,['CWE-125'],CVE-2017-17786
GNOME/gimp,https://github.com/GNOME/gimp/commit/674b62ad45b6579ec6d7923dc3cb1ef4e8b5498b,674b62ad45b6579ec6d7923dc3cb1ef4e8b5498b,['CWE-125'],CVE-2017-17786
GNOME/gimp,https://github.com/GNOME/gimp/commit/eb2980683e6472aff35a3117587c4f814515c74d,eb2980683e6472aff35a3117587c4f814515c74d,['CWE-125'],CVE-2017-17787
GNOME/gimp,https://github.com/GNOME/gimp/commit/702c4227e8b6169f781e4bb5ae4b5733f51ab126,702c4227e8b6169f781e4bb5ae4b5733f51ab126,['CWE-125'],CVE-2017-17788
GNOME/gimp,https://github.com/GNOME/gimp/commit/28e95fbeb5720e6005a088fa811f5bf3c1af48b8,28e95fbeb5720e6005a088fa811f5bf3c1af48b8,['CWE-787'],CVE-2017-17789
torvalds/linux,https://github.com/torvalds/linux/commit/ecaaab5649781c5a0effdaf298a925063020500e,ecaaab5649781c5a0effdaf298a925063020500e,['CWE-20'],CVE-2017-17805
torvalds/linux,https://github.com/torvalds/linux/commit/af3ff8045bbf3e32f1a448542e73abb4c8ceb6f1,af3ff8045bbf3e32f1a448542e73abb4c8ceb6f1,['CWE-787'],CVE-2017-17806
torvalds/linux,https://github.com/torvalds/linux/commit/4dca6ea1d9432052afb06baf2e3ae78188a4410b,4dca6ea1d9432052afb06baf2e3ae78188a4410b,['CWE-862'],CVE-2017-17807
torvalds/linux,https://github.com/torvalds/linux/commit/95a762e2c8c942780948091f8f2a4f32fce1ac6f,95a762e2c8c942780948091f8f2a4f32fce1ac6f,['CWE-119'],CVE-2017-16995
torvalds/linux,https://github.com/torvalds/linux/commit/0c17d1d2c61936401f4702e1846e2c19b200f958,0c17d1d2c61936401f4702e1846e2c19b200f958,['CWE-119'],CVE-2017-16996
torvalds/linux,https://github.com/torvalds/linux/commit/468f6eafa6c44cb2c5d8aad35e12f06c240a812a,468f6eafa6c44cb2c5d8aad35e12f06c240a812a,['CWE-119'],CVE-2017-17852
torvalds/linux,https://github.com/torvalds/linux/commit/4374f256ce8182019353c0c639bb8d0695b4c941,4374f256ce8182019353c0c639bb8d0695b4c941,['CWE-119'],CVE-2017-17853
torvalds/linux,https://github.com/torvalds/linux/commit/bb7f0f989ca7de1153bd128a40a71709e339fa03,bb7f0f989ca7de1153bd128a40a71709e339fa03,['CWE-190'],CVE-2017-17854
torvalds/linux,https://github.com/torvalds/linux/commit/179d1c5602997fef5a940c6ddcf31212cbfebd14,179d1c5602997fef5a940c6ddcf31212cbfebd14,['CWE-119'],CVE-2017-17855
torvalds/linux,https://github.com/torvalds/linux/commit/a5ec6ae161d72f01411169a938fa5f8baea16e8f,a5ec6ae161d72f01411169a938fa5f8baea16e8f,['CWE-119'],CVE-2017-17856
torvalds/linux,https://github.com/torvalds/linux/commit/ea25f914dc164c8d56b36147ecc86bc65f83c469,ea25f914dc164c8d56b36147ecc86bc65f83c469,['CWE-119'],CVE-2017-17857
torvalds/linux,https://github.com/torvalds/linux/commit/c131187db2d3fa2f8bf32fdf4e9a4ef805168467,c131187db2d3fa2f8bf32fdf4e9a4ef805168467,['CWE-20'],CVE-2017-17862
ArtifexSoftware/mupdf,https://github.com/ArtifexSoftware/mupdf/commit/520cc26d18c9ee245b56e9e91f9d4fcae02be5f0,520cc26d18c9ee245b56e9e91f9d4fcae02be5f0,['CWE-119'],CVE-2017-17866
ImageMagick,https://github.com/ImageMagick/ImageMagick/commit/4b5d1edb02c432040e3ff894d0c461bcce6fd2c9,4b5d1edb02c432040e3ff894d0c461bcce6fd2c9,['CWE-125'],CVE-2017-17880
ImageMagick,https://github.com/ImageMagick/ImageMagick/commit/aa601d79a630f6de0694fadbeee31456a357fa73,aa601d79a630f6de0694fadbeee31456a357fa73,['CWE-772'],CVE-2017-17881
ImageMagick,https://github.com/ImageMagick/ImageMagick/commit/92fbef516b94ed96fa2a672831acd5dafb242ac5,92fbef516b94ed96fa2a672831acd5dafb242ac5,['CWE-772'],CVE-2017-17882
ImageMagick,https://github.com/ImageMagick/ImageMagick/commit/b0a7241df0f889cc3158ba82774ff21fa1da87ec,b0a7241df0f889cc3158ba82774ff21fa1da87ec,['CWE-772'],CVE-2017-17883
ImageMagick,https://github.com/ImageMagick/ImageMagick/commit/5e863ae629010110772321fd181bac34c4b57345,5e863ae629010110772321fd181bac34c4b57345,['CWE-772'],CVE-2017-17885
ImageMagick,https://github.com/ImageMagick/ImageMagick/commit/4a71d71f4ae289b6672102efaef6543643e8efb8,4a71d71f4ae289b6672102efaef6543643e8efb8,['CWE-772'],CVE-2017-17886
ImageMagick,https://github.com/ImageMagick/ImageMagick/commit/dddce3e790b5b0f5dad91a7960de67af5bdea789,dddce3e790b5b0f5dad91a7960de67af5bdea789,['CWE-772'],CVE-2017-17887
ImageMagick,https://github.com/ImageMagick/ImageMagick/commit/3755d2289b032919c065f6ab11ef570063f7f828,3755d2289b032919c065f6ab11ef570063f7f828,['CWE-772'],CVE-2017-17934
wireshark,https://github.com/wireshark/wireshark/commit/137ab7d5681486c6d6cc8faac4300b7cd4ec0cf1,137ab7d5681486c6d6cc8faac4300b7cd4ec0cf1,['CWE-125'],CVE-2017-17935
ffmpeg,https://github.com/FFmpeg/FFmpeg/commit/31c1c0b46a7021802c3d1d18039fca30dba5a14e,31c1c0b46a7021802c3d1d18039fca30dba5a14e,['CWE-476'],CVE-2017-9608
ffmpeg,https://github.com/FFmpeg/FFmpeg/commit/611b35627488a8d0763e75c25ee0875c5b7987dd,611b35627488a8d0763e75c25ee0875c5b7987dd,['CWE-476'],CVE-2017-9608
ffmpeg,https://github.com/FFmpeg/FFmpeg/commit/0a709e2a10b8288a0cc383547924ecfe285cef89,0a709e2a10b8288a0cc383547924ecfe285cef89,['CWE-476'],CVE-2017-9608
mjg59/linux,https://github.com/mjg59/linux/commit/d7a6be58edc01b1c66ecd8fcc91236bfbce0a420,d7a6be58edc01b1c66ecd8fcc91236bfbce0a420,['CWE-74'],CVE-2016-3695
wireshark,https://github.com/wireshark/wireshark/commit/80a695869c9aef2fb473d9361da068022be7cb50,80a695869c9aef2fb473d9361da068022be7cb50,['CWE-476'],CVE-2017-17997
ImageMagick,https://github.com/ImageMagick/ImageMagick/commit/1a5f95fc018a5667de5a9448aee9d7251b2eb952,1a5f95fc018a5667de5a9448aee9d7251b2eb952,['CWE-772'],CVE-2017-18008
opencv,https://github.com/opencv/opencv/commit/4ca89db22dea962690f31c1781bce5937ee91837,4ca89db22dea962690f31c1781bce5937ee91837,['CWE-125'],CVE-2017-18009
ImageMagick,https://github.com/ImageMagick/ImageMagick/commit/839a14e43d0c88db7b3fffe8aa4ec57d80c93623,839a14e43d0c88db7b3fffe8aa4ec57d80c93623,['CWE-476'],CVE-2017-1000445
OP-TEE/optee_os,https://github.com/OP-TEE/optee_os/commit/c53ec7708e6f97fabc4a532a48d6099f1202d913,c53ec7708e6f97fabc4a532a48d6099f1202d913,['CWE-200'],CVE-2017-1000412
OP-TEE/optee_os,https://github.com/OP-TEE/optee_os/commit/2421876859008ac498de722511f3b105b496ac56,2421876859008ac498de722511f3b105b496ac56,['CWE-200'],CVE-2017-1000412
OP-TEE/optee_os,https://github.com/OP-TEE/optee_os/commit/63f5467fc36aa3789a7aef9cfe55e477c786c404,63f5467fc36aa3789a7aef9cfe55e477c786c404,['CWE-200'],CVE-2017-1000412
opencv,https://github.com/opencv/opencv/commit/c58152d94ba878b2d7d76bcac59146312199b9eb,c58152d94ba878b2d7d76bcac59146312199b9eb,['CWE-190'],CVE-2017-1000450
Mindwerks/wildmidi,https://github.com/Mindwerks/wildmidi/commit/814f31d8eceda8401eb812fc2e94ed143fdad0ab,814f31d8eceda8401eb812fc2e94ed143fdad0ab,['CWE-119'],CVE-2017-1000418
kohler/gifsicle,https://github.com/kohler/gifsicle/commit/81fd7823f6d9c85ab598bc850e40382068361185,81fd7823f6d9c85ab598bc850e40382068361185,['CWE-416'],CVE-2017-1000421
electron,https://github.com/electron/electron/commit/9a7651a93faaaef0534df1ab77268d7deb9d3165,9a7651a93faaaef0534df1ab77268d7deb9d3165,['CWE-Other'],CVE-2017-1000424
electron,https://github.com/electron/electron/commit/4fb1fffe44e7ffdb5d701a90fefc1b6e71ff1b3c,4fb1fffe44e7ffdb5d701a90fefc1b6e71ff1b3c,['CWE-Other'],CVE-2017-1000424
electron,https://github.com/electron/electron/commit/8d6ee5aad20ecf69a7f59bd8c7fb416a0db87eda,8d6ee5aad20ecf69a7f59bd8c7fb416a0db87eda,['CWE-Other'],CVE-2017-1000424
torvalds/linux,https://github.com/torvalds/linux/commit/2638fd0f92d4397884fd991d8f4925cb3f081901,2638fd0f92d4397884fd991d8f4925cb3f081901,['CWE-416'],CVE-2017-18017
Exiv2/exiv2,https://github.com/Exiv2/exiv2/commit/fcb42570519f8cf924b0302b09062a60aa565fbe,fcb42570519f8cf924b0302b09062a60aa565fbe,['CWE-770'],CVE-2018-4868
ImageMagick,https://github.com/ImageMagick/ImageMagick/commit/e5dae180b9236bccd73ce93bfce81e99232a8533,e5dae180b9236bccd73ce93bfce81e99232a8533,['CWE-400'],CVE-2017-1000476
pocoproject/poco,https://github.com/pocoproject/poco/commit/bb7e5feece68ccfd8660caee93da25c5c39a4707,bb7e5feece68ccfd8660caee93da25c5c39a4707,['CWE-22'],CVE-2017-1000472
pocoproject/poco,https://github.com/pocoproject/poco/commit/f5b2cf3dd6976ae53b2f3c9618b0087a0646cc7d,f5b2cf3dd6976ae53b2f3c9618b0087a0646cc7d,['CWE-22'],CVE-2017-1000472
xen-project/xen,https://github.com/xen-project/xen/commit/e204e60f77702bf5c884dd37c3f1b01f14e396ae,e204e60f77702bf5c884dd37c3f1b01f14e396ae,['CWE-119'],CVE-2018-5244
IJHack/QtPass,https://github.com/IJHack/QtPass/commit/f14282412b8a82888b71a3268c985709ba9364d3,f14282412b8a82888b71a3268c985709ba9364d3,['CWE-338'],CVE-2017-18021
IJHack/QtPass,https://github.com/IJHack/QtPass/commit/2c72ed4f9809fc781aa97af43767ee0b7c8ca3b0,2c72ed4f9809fc781aa97af43767ee0b7c8ca3b0,['CWE-338'],CVE-2017-18021
ImageMagick,https://github.com/ImageMagick/ImageMagick/commit/1c3dd700bbb17837ee6f540aff3eafc76262accf,1c3dd700bbb17837ee6f540aff3eafc76262accf,['CWE-772'],CVE-2018-5246
ImageMagick,https://github.com/ImageMagick/ImageMagick/commit/0ecb22aa909e52d86b4545aa7a51f7a0922147e6,0ecb22aa909e52d86b4545aa7a51f7a0922147e6,['CWE-772'],CVE-2018-5247
ImageMagick,https://github.com/ImageMagick/ImageMagick/commit/0272305f91763b5ce119a2c7a0e0084d8241a58d,0272305f91763b5ce119a2c7a0e0084d8241a58d,['CWE-125'],CVE-2018-5248
libming,https://github.com/libming/libming/commit/9141f1df0d6ecb84f298633ba03569bbf5c842d0,9141f1df0d6ecb84f298633ba03569bbf5c842d0,['CWE-681'],CVE-2018-5251
axiomatic-systems/Bento4,https://github.com/axiomatic-systems/Bento4/commit/e13b22fe41f87db766a061d5003d4019a3ed5c18,e13b22fe41f87db766a061d5003d4019a3ed5c18,['CWE-835'],CVE-2018-5253
opencv,https://github.com/opencv/opencv/commit/435a3e337bd9d4e11af61cf8b8afca067bf1a8aa,435a3e337bd9d4e11af61cf8b8afca067bf1a8aa,['CWE-787'],CVE-2018-5268
opencv,https://github.com/opencv/opencv/commit/be5247921da02e58aa42830c81730ef20a23af80,be5247921da02e58aa42830c81730ef20a23af80,['CWE-617'],CVE-2018-5269
opencv,https://github.com/opencv/opencv/commit/8a76fadaa39b87d740ec3346d9eccb64bde5a6af,8a76fadaa39b87d740ec3346d9eccb64bde5a6af,['CWE-617'],CVE-2018-5269
libming,https://github.com/libming/libming/commit/c14d07ef20c3f403fcfa59502b74c66933473431,c14d07ef20c3f403fcfa59502b74c66933473431,['CWE-190'],CVE-2018-5294
torvalds/linux,https://github.com/torvalds/linux/commit/21b5944350052d2583e82dd59b19a9ba94a007f0,21b5944350052d2583e82dd59b19a9ba94a007f0,['CWE-362'],CVE-2017-15129
torvalds/linux,https://github.com/torvalds/linux/commit/c095508770aebf1b9218e77026e48345d719b17c,c095508770aebf1b9218e77026e48345d719b17c,['CWE-787'],CVE-2018-5332
torvalds/linux,https://github.com/torvalds/linux/commit/7d11f77f84b27cef452cee332f4e469503084737,7d11f77f84b27cef452cee332f4e469503084737,['CWE-476'],CVE-2018-5333
wireshark,https://github.com/wireshark/wireshark/commit/dc308c05ba0673460fe80873b22d296880ee996d,dc308c05ba0673460fe80873b22d296880ee996d,['CWE-119'],CVE-2018-5334
wireshark,https://github.com/wireshark/wireshark/commit/086b87376b988c555484349aa115d6e08ac6db07,086b87376b988c555484349aa115d6e08ac6db07,['CWE-119'],CVE-2018-5335
wireshark,https://github.com/wireshark/wireshark/commit/f6702e49a9720d173246668495eece6d77eca5b0,f6702e49a9720d173246668495eece6d77eca5b0,['CWE-119'],CVE-2018-5336
wireshark,https://github.com/wireshark/wireshark/commit/4f4c95cf46ba6adbd10b09747e10742801bc706b,4f4c95cf46ba6adbd10b09747e10742801bc706b,['CWE-119'],CVE-2018-5336
torvalds/linux,https://github.com/torvalds/linux/commit/ae6650163c66a7eff1acd6eb8b0f752dcfa8eba5,ae6650163c66a7eff1acd6eb8b0f752dcfa8eba5,"['CWE-362', 'CWE-416']",CVE-2018-5344
ImageMagick,https://github.com/ImageMagick/ImageMagick/commit/ed80c93e4cbf2727ead75fd8bd5e5d9ecbe762f9,ed80c93e4cbf2727ead75fd8bd5e5d9ecbe762f9,['CWE-772'],CVE-2018-5358
ImageMagick,https://github.com/ImageMagick/ImageMagick/commit/6a88a234cbb88a06fcb7e7ebe6668267b72fa787,6a88a234cbb88a06fcb7e7ebe6668267b72fa787,['CWE-772'],CVE-2017-18027
torvalds/linux,https://github.com/torvalds/linux/commit/384632e67e0829deb8015ee6ad916b180049d252,384632e67e0829deb8015ee6ad916b180049d252,['CWE-119'],CVE-2017-15126
torvalds/linux,https://github.com/torvalds/linux/commit/5af10dfd0afc559bb4b0f7e3e8227a1578333995,5af10dfd0afc559bb4b0f7e3e8227a1578333995,['CWE-460'],CVE-2017-15127
torvalds/linux,https://github.com/torvalds/linux/commit/1e3921471354244f70fe268586ff94a97a6dd4df,1e3921471354244f70fe268586ff94a97a6dd4df,['CWE-119'],CVE-2017-15128
transmission,https://github.com/transmission/transmission/commit/cf7173df930cfa7ac1b1b0e9027c1deffd0b3c84,cf7173df930cfa7ac1b1b0e9027c1deffd0b3c84,['CWE-Other'],CVE-2018-5702
uclouvain/openjpeg,https://github.com/uclouvain/openjpeg/commit/a1d32a596a94280178c44a55d7e7f1acd992ed5d,a1d32a596a94280178c44a55d7e7f1acd992ed5d,['CWE-190'],CVE-2018-5727
ArtifexSoftware/mupdf,https://github.com/ArtifexSoftware/mupdf/commit/55c3f68d638ac1263a386e0aaa004bb6e8bde731,55c3f68d638ac1263a386e0aaa004bb6e8bde731,['CWE-119'],CVE-2017-17858
torvalds/linux,https://github.com/torvalds/linux/commit/d76c68109f37cb85b243a1cf0f40313afd2bae68,d76c68109f37cb85b243a1cf0f40313afd2bae68,['CWE-763'],CVE-2017-18075
ArtifexSoftware/mupdf,https://github.com/ArtifexSoftware/mupdf/commit/fa9cd085533f68367c299e058ab3fbb7ad8a2dc6,fa9cd085533f68367c299e058ab3fbb7ad8a2dc6,['CWE-787'],CVE-2018-6187
ArtifexSoftware/mupdf,https://github.com/ArtifexSoftware/mupdf/commit/3e30fbb7bf5efd88df431e366492356e7eb969ec,3e30fbb7bf5efd88df431e366492356e7eb969ec,['CWE-787'],CVE-2018-6187
ArtifexSoftware/mujs,https://github.com/ArtifexSoftware/mujs/commit/4d45a96e57fbabf00a7378b337d0ddcace6f38c1,4d45a96e57fbabf00a7378b337d0ddcace6f38c1,['CWE-674'],CVE-2018-5759
ArtifexSoftware/mujs,https://github.com/ArtifexSoftware/mujs/commit/25821e6d74fab5fcc200fe5e818362e03e114428,25821e6d74fab5fcc200fe5e818362e03e114428,['CWE-190'],CVE-2018-6191
ArtifexSoftware/mupdf,https://github.com/ArtifexSoftware/mupdf/commit/5e411a99604ff6be5db9e273ee84737204113299,5e411a99604ff6be5db9e273ee84737204113299,['CWE-119'],CVE-2018-6192
curl,https://github.com/curl/curl/commit/e4e1687102b84162f69ae0d933ea53a672d14012,e4e1687102b84162f69ae0d933ea53a672d14012,['CWE-125'],CVE-2018-1000005
tats/w3m,https://github.com/tats/w3m/commit/8354763b90490d4105695df52674d0fcef823e92,8354763b90490d4105695df52674d0fcef823e92,['CWE-835'],CVE-2018-6196
tats/w3m,https://github.com/tats/w3m/commit/7fdc83b0364005a0b5ed869230dd81752ba022e8,7fdc83b0364005a0b5ed869230dd81752ba022e8,['CWE-476'],CVE-2018-6197
tats/w3m,https://github.com/tats/w3m/commit/18dcbadf2771cdb0c18509b14e4e73505b242753,18dcbadf2771cdb0c18509b14e4e73505b242753,['CWE-59'],CVE-2018-6198
MariaDB/server,https://github.com/MariaDB/server/commit/0b5a5258abbeaf8a0c3a18c7e753699787fdf46e,0b5a5258abbeaf8a0c3a18c7e753699787fdf46e,['CWE-Other'],CVE-2017-15365
dovecot/core,https://github.com/dovecot/core/commit/1a29ed2f96da1be22fa5a4d96c7583aa81b8b060,1a29ed2f96da1be22fa5a4d96c7583aa81b8b060,['CWE-772'],CVE-2017-15132
libming,https://github.com/libming/libming/commit/3120f1cdae0c5232a4fb15e5ce42b8c455b43379,3120f1cdae0c5232a4fb15e5ce42b8c455b43379,"['CWE-190', 'CWE-125']",CVE-2018-6315
libming,https://github.com/libming/libming/commit/cff9a3bd2c428ad0cd8c8deb538031e11f29a0fe,cff9a3bd2c428ad0cd8c8deb538031e11f29a0fe,['CWE-787'],CVE-2018-6358
libming,https://github.com/libming/libming/commit/03498cf4e0319d8836aba96ce8a817beaabb441e,03498cf4e0319d8836aba96ce8a817beaabb441e,['CWE-787'],CVE-2018-6358
libming,https://github.com/libming/libming/commit/9c53bf8e165c3a74e20f4c93b4ab6c05fe67f187,9c53bf8e165c3a74e20f4c93b4ab6c05fe67f187,['CWE-416'],CVE-2018-6359
torvalds/linux,https://github.com/torvalds/linux/commit/340d394a789518018f834ff70f7534fc463d3226,340d394a789518018f834ff70f7534fc463d3226,['CWE-476'],CVE-2017-18079
gdraheim/zziplib,https://github.com/gdraheim/zziplib/commit/a803559fa9194be895422ba3684cf6309b6bb598,a803559fa9194be895422ba3684cf6309b6bb598,['CWE-119'],CVE-2018-6381
gdraheim/zziplib,https://github.com/gdraheim/zziplib/commit/1c6a7451a09b0b3d0d14087fcc38d1de82d77f0e,1c6a7451a09b0b3d0d14087fcc38d1de82d77f0e,['CWE-119'],CVE-2018-6381
torvalds/linux,https://github.com/torvalds/linux/commit/250c6c49e3b68756b14983c076183568636e2bde,250c6c49e3b68756b14983c076183568636e2bde,['CWE-200'],CVE-2018-6412
kohler/gifsicle,https://github.com/kohler/gifsicle/commit/118a46090c50829dc543179019e6140e1235f909,118a46090c50829dc543179019e6140e1235f909,['CWE-415'],CVE-2017-18120
gdraheim/zziplib,https://github.com/gdraheim/zziplib/commit/72ec933663f738d8e166979aa7fd5590b2104a07,72ec933663f738d8e166979aa7fd5590b2104a07,['CWE-Other'],CVE-2018-6540
gdraheim/zziplib,https://github.com/gdraheim/zziplib/commit/931f962ddfec0e00d6f486df2c56d9857b55944e,931f962ddfec0e00d6f486df2c56d9857b55944e,['CWE-Other'],CVE-2018-6542
ArtifexSoftware/mupdf,https://github.com/ArtifexSoftware/mupdf/commit/b03def134988da8c800adac1a38a41a1f09a1d89,b03def134988da8c800adac1a38a41a1f09a1d89,['CWE-674'],CVE-2018-6544
ArtifexSoftware/mupdf,https://github.com/ArtifexSoftware/mupdf/commit/26527eef77b3e51c2258c8e40845bfbc015e405d,26527eef77b3e51c2258c8e40845bfbc015e405d,['CWE-674'],CVE-2018-6544
OpenMPT/openmpt,https://github.com/OpenMPT/openmpt/commit/b60b322cf9f0ffa624018f1bb9783edf0dc908c3,b60b322cf9f0ffa624018f1bb9783edf0dc908c3,['CWE-125'],CVE-2018-6611
ffmpeg,https://github.com/FFmpeg/FFmpeg/commit/22aa37c0fedf14531783189a197542a055959b6c,22aa37c0fedf14531783189a197542a055959b6c,['CWE-125'],CVE-2018-6621
unbit/uwsgi,https://github.com/unbit/uwsgi/commit/cb4636f7c0af2e97a4eef7a3cdcbd85a71247bfe,cb4636f7c0af2e97a4eef7a3cdcbd85a71247bfe,['CWE-787'],CVE-2018-6758
dbry/WavPack,https://github.com/dbry/WavPack/commit/d5bf76b5a88d044a1be1d5656698e3ba737167e5,d5bf76b5a88d044a1be1d5656698e3ba737167e5,['CWE-125'],CVE-2018-6767
OISF/suricata,https://github.com/OISF/suricata/commit/e1ef57c848bbe4e567d5d4b66d346a742e3f77a1,e1ef57c848bbe4e567d5d4b66d346a742e3f77a1,['CWE-693'],CVE-2018-6794
GNOME/libxml2,https://github.com/GNOME/libxml2/commit/897dffbae322b46b83f99a607d527058a72c51ed,897dffbae322b46b83f99a607d527058a72c51ed,['CWE-787'],CVE-2017-5130
wireshark,https://github.com/wireshark/wireshark/commit/28960d79cca262ac6b974f339697b299a1e28fef,28960d79cca262ac6b974f339697b299a1e28fef,['CWE-763'],CVE-2018-6836
php/php-src,https://github.com/php/php-src/commit/6297a117d77fa3a0df2e21ca926a92c231819cd5,6297a117d77fa3a0df2e21ca926a92c231819cd5,['CWE-20'],CVE-2016-10712
squid-cache/squid,https://github.com/squid-cache/squid/commit/89b068a30aa54b93912945c6c836e8d55ba09429,89b068a30aa54b93912945c6c836e8d55ba09429,['CWE-476'],CVE-2018-1000027
squid-cache/squid,https://github.com/squid-cache/squid/commit/3f7543dc89138d21abcacd47cc6704a98586b352,3f7543dc89138d21abcacd47cc6704a98586b352,['CWE-476'],CVE-2018-1000027
ImageMagick/rsvg,https://github.com/ImageMagick/rsvg/commit/f9d69eadd2b16b00d1a1f9f286122123f8e547dd,f9d69eadd2b16b00d1a1f9f286122123f8e547dd,['CWE-Other'],CVE-2018-1000041
nothings/stb,https://github.com/nothings/stb/commit/244d83bc3d859293f55812d48b3db168e581f6ab,244d83bc3d859293f55812d48b3db168e581f6ab,['CWE-119'],CVE-2018-1000050
ArtifexSoftware/mupdf,https://github.com/ArtifexSoftware/mupdf/commit/321ba1de287016b0036bf4a56ce774ad11763384,321ba1de287016b0036bf4a56ce774ad11763384,['CWE-416'],CVE-2018-1000051
fmtlib/fmt,https://github.com/fmtlib/fmt/commit/8cf30aa2be256eba07bb1cefb998c52326e846e7,8cf30aa2be256eba07bb1cefb998c52326e846e7,['CWE-134'],CVE-2018-1000052
torvalds/linux,https://github.com/torvalds/linux/commit/8dca4a41f1ad65043a78c2338d9725f859c8d2c3,8dca4a41f1ad65043a78c2338d9725f859c8d2c3,['CWE-415'],CVE-2017-18174
torvalds/linux,https://github.com/torvalds/linux/commit/251e22abde21833b3d29577e4d8c7aaccd650eee,251e22abde21833b3d29577e4d8c7aaccd650eee,['CWE-415'],CVE-2017-18174
torvalds/linux,https://github.com/torvalds/linux/commit/fbe0e839d1e22d88810f3ee3e2f1479be4c0aa4a,fbe0e839d1e22d88810f3ee3e2f1479be4c0aa4a,['CWE-190'],CVE-2018-6927
ImageMagick,https://github.com/ImageMagick/ImageMagick/commit/6aa7d5d9a39b6d42a4f6c7eacd6ad2169b68fc4f,6aa7d5d9a39b6d42a4f6c7eacd6ad2169b68fc4f,['CWE-125'],CVE-2018-6930
ImageMagick,https://github.com/ImageMagick/ImageMagick/commit/ad2edd45a4397c75a2e1810799bd34723aec8a66,ad2edd45a4397c75a2e1810799bd34723aec8a66,['CWE-125'],CVE-2018-6930
Mbed-TLS/mbedtls,https://github.com/Mbed-TLS/mbedtls/commit/83c9f495ffe70c7dd280b41fdfd4881485a3bc28,83c9f495ffe70c7dd280b41fdfd4881485a3bc28,['CWE-190'],CVE-2017-18187
DanBloomberg/leptonica,https://github.com/DanBloomberg/leptonica/commit/ee301cb2029db8a6289c5295daa42bba7715e99a,ee301cb2029db8a6289c5295daa42bba7715e99a,['CWE-787'],CVE-2018-7186
apple/cups,https://github.com/apple/cups/commit/afa80cb2b457bf8d64f775bed307588610476c41,afa80cb2b457bf8d64f775bed307588610476c41,['CWE-290'],CVE-2017-18190
LibVNC/libvncserver,https://github.com/LibVNC/libvncserver/commit/28afb6c537dc82ba04d5f245b15ca7205c6dbb9c,28afb6c537dc82ba04d5f245b15ca7205c6dbb9c,['CWE-190'],CVE-2018-7225
DanBloomberg/leptonica,https://github.com/DanBloomberg/leptonica/commit/c1079bb8e77cdd426759e466729917ca37a3ed9f,c1079bb8e77cdd426759e466729917ca37a3ed9f,['CWE-119'],CVE-2018-7247
php/php-src,https://github.com/php/php-src/commit/69dee5c732fe982c82edb17d0dbc3e79a47748d8,69dee5c732fe982c82edb17d0dbc3e79a47748d8,['CWE-400'],CVE-2015-9253
GNOME/libxml2,https://github.com/GNOME/libxml2/commit/90ccb58242866b0ba3edbef8fe44214a101c2b3e,90ccb58242866b0ba3edbef8fe44214a101c2b3e,['CWE-611'],CVE-2017-7375
GNOME/libxml2,https://github.com/GNOME/libxml2/commit/5dca9eea1bd4263bfa4d037ab2443de1cd730f7e,5dca9eea1bd4263bfa4d037ab2443de1cd730f7e,['CWE-119'],CVE-2017-7376
dbry/WavPack,https://github.com/dbry/WavPack/commit/36a24c7881427d2e1e4dc1cef58f19eee0d13aec,36a24c7881427d2e1e4dc1cef58f19eee0d13aec,['CWE-125'],CVE-2018-7253
dbry/WavPack,https://github.com/dbry/WavPack/commit/8e3fe45a7bac31d9a3b558ae0079e2d92a04799e,8e3fe45a7bac31d9a3b558ae0079e2d92a04799e,['CWE-125'],CVE-2018-7254
torvalds/linux,https://github.com/torvalds/linux/commit/dad48e73127ba10279ea33e6dbc8d3905c4d31c0,dad48e73127ba10279ea33e6dbc8d3905c4d31c0,['CWE-119'],CVE-2017-18193
wireshark,https://github.com/wireshark/wireshark/commit/c784d551ad50864de1035ce54e72837301cf6aca,c784d551ad50864de1035ce54e72837301cf6aca,['CWE-834'],CVE-2018-7321
wireshark,https://github.com/wireshark/wireshark/commit/afc780e2c796e971bb7d164103f4f0d10d3c25b5,afc780e2c796e971bb7d164103f4f0d10d3c25b5,['CWE-835'],CVE-2018-7322
wireshark,https://github.com/wireshark/wireshark/commit/5d45b69b590cabc5127282d1ade3bca1598e5f5c,5d45b69b590cabc5127282d1ade3bca1598e5f5c,['CWE-834'],CVE-2018-7323
wireshark,https://github.com/wireshark/wireshark/commit/4f9199ea8cff56c6704e9828c3d80360b27c4565,4f9199ea8cff56c6704e9828c3d80360b27c4565,['CWE-834'],CVE-2018-7323
wireshark,https://github.com/wireshark/wireshark/commit/9e7695bbee18525eaa6d12b32230313ae8a36a81,9e7695bbee18525eaa6d12b32230313ae8a36a81,['CWE-835'],CVE-2018-7324
wireshark,https://github.com/wireshark/wireshark/commit/7be234d06ea39ab6a88115ae41d71060f1f15e3c,7be234d06ea39ab6a88115ae41d71060f1f15e3c,['CWE-835'],CVE-2018-7325
wireshark,https://github.com/wireshark/wireshark/commit/293b999425e998d6cde0d9149648e421ea7687d0,293b999425e998d6cde0d9149648e421ea7687d0,['CWE-835'],CVE-2018-7326
wireshark,https://github.com/wireshark/wireshark/commit/563989f888e51258edb9a27db56124bdc33c9afe,563989f888e51258edb9a27db56124bdc33c9afe,['CWE-835'],CVE-2018-7327
wireshark,https://github.com/wireshark/wireshark/commit/69d09028c956f6e049145485ce9b3e2858789b2b,69d09028c956f6e049145485ce9b3e2858789b2b,['CWE-835'],CVE-2018-7328
wireshark,https://github.com/wireshark/wireshark/commit/d8a0cbc4f2979e0b1cadbe79f0b8b4ecb92477be,d8a0cbc4f2979e0b1cadbe79f0b8b4ecb92477be,"['CWE-835', 'CWE-193']",CVE-2018-7329
wireshark,https://github.com/wireshark/wireshark/commit/8ad0c5b3683a17d9e2e16bbf25869140fd5c1c66,8ad0c5b3683a17d9e2e16bbf25869140fd5c1c66,['CWE-835'],CVE-2018-7330
wireshark,https://github.com/wireshark/wireshark/commit/157712b2f5f89b19ef2497ea89c5938eb29529da,157712b2f5f89b19ef2497ea89c5938eb29529da,['CWE-835'],CVE-2018-7331
wireshark,https://github.com/wireshark/wireshark/commit/1ab0585098c7ce20f3afceb6730427cc2a1e98ea,1ab0585098c7ce20f3afceb6730427cc2a1e98ea,['CWE-835'],CVE-2018-7332
wireshark,https://github.com/wireshark/wireshark/commit/bd6313181317bfe83842b27650b65f3c2b8d5dc9,bd6313181317bfe83842b27650b65f3c2b8d5dc9,['CWE-835'],CVE-2018-7333
wireshark,https://github.com/wireshark/wireshark/commit/8ed705e1227d3d582e3f0de435bba606d053d686,8ed705e1227d3d582e3f0de435bba606d053d686,['CWE-Other'],CVE-2018-7334
wireshark,https://github.com/wireshark/wireshark/commit/a2901dcf45c9f1b07abfbf2a0b0cd654371d72a4,a2901dcf45c9f1b07abfbf2a0b0cd654371d72a4,['CWE-Other'],CVE-2018-7335
ArtifexSoftware/ghostpdl,https://github.com/ArtifexSoftware/ghostpdl/commit/875a0095f37626a721c7ff57d606a0f95af03913,875a0095f37626a721c7ff57d606a0f95af03913,['CWE-704'],CVE-2016-7979
jsummers/imageworsener,https://github.com/jsummers/imageworsener/commit/dc49c807926b96e503bd7c0dec35119eecd6c6fe,dc49c807926b96e503bd7c0dec35119eecd6c6fe,['CWE-369'],CVE-2017-9201
jsummers/imageworsener,https://github.com/jsummers/imageworsener/commit/a4f247707f08e322f0b41e82c3e06e224240a654,a4f247707f08e322f0b41e82c3e06e224240a654,['CWE-787'],CVE-2017-9203
jsummers/imageworsener,https://github.com/jsummers/imageworsener/commit/b45cb1b665a14b0175b9cb1502ef7168e1fe0d5d,b45cb1b665a14b0175b9cb1502ef7168e1fe0d5d,['CWE-125'],CVE-2017-9204
torvalds/linux,https://github.com/torvalds/linux/commit/9933e113c2e87a9f46a40fde8dafbf801dca1ab9,9933e113c2e87a9f46a40fde8dafbf801dca1ab9,['CWE-476'],CVE-2017-9211
xbmc,https://github.com/xbmc/xbmc/commit/35cfe35608b15335ef21d798947fceab3f47c8d7,35cfe35608b15335ef21d798947fceab3f47c8d7,['CWE-22'],CVE-2017-8314
kkos/oniguruma,https://github.com/kkos/oniguruma/commit/f015fbdd95f76438cd86366467bb2b39870dd7c6,f015fbdd95f76438cd86366467bb2b39870dd7c6,['CWE-787'],CVE-2017-9226
kkos/oniguruma,https://github.com/kkos/oniguruma/commit/b4bf968ad52afe14e60a2dc8a95d3555c543353a,b4bf968ad52afe14e60a2dc8a95d3555c543353a,['CWE-787'],CVE-2017-9226
kkos/oniguruma,https://github.com/kkos/oniguruma/commit/9690d3ab1f9bcd2db8cbe1fe3ee4a5da606b8814,9690d3ab1f9bcd2db8cbe1fe3ee4a5da606b8814,['CWE-125'],CVE-2017-9227
kkos/oniguruma,https://github.com/kkos/oniguruma/commit/3b63d12038c8d8fc278e81c942fa9bec7c704c8b,3b63d12038c8d8fc278e81c942fa9bec7c704c8b,['CWE-787'],CVE-2017-9228
kkos/oniguruma,https://github.com/kkos/oniguruma/commit/b690371bbf97794b4a1d3f295d4fb9a8b05d402d,b690371bbf97794b4a1d3f295d4fb9a8b05d402d,['CWE-476'],CVE-2017-9229
fbb-git/yodl,https://github.com/fbb-git/yodl/commit/fd85f8c94182558ff1480d06a236d6fb927979a3,fd85f8c94182558ff1480d06a236d6fb927979a3,['CWE-119'],CVE-2016-10375
torvalds/linux,https://github.com/torvalds/linux/commit/232cd35d0804cc241eb887bb8d4d9b3b9881c64a,232cd35d0804cc241eb887bb8d4d9b3b9881c64a,['CWE-20'],CVE-2017-9242
npat-efault/picocom,https://github.com/npat-efault/picocom/commit/1ebc60b20fbe9a02436d5cbbf8951714e749ddb1,1ebc60b20fbe9a02436d5cbbf8951714e749ddb1,['CWE-77'],CVE-2015-9059
jerryscript-project/jerryscript,https://github.com/jerryscript-project/jerryscript/commit/e58f2880df608652aff7fd35c45b242467ec0e79,e58f2880df608652aff7fd35c45b242467ec0e79,['CWE-476'],CVE-2017-9250
php/php-src,https://github.com/php/php-src/commit/c351b47ce85a3a147cfa801fa9f0149ab4160834,c351b47ce85a3a147cfa801fa9f0149ab4160834,['CWE-119'],CVE-2015-8382
googlefonts/sfntly,https://github.com/googlefonts/sfntly/commit/de776d4ef06ca29c240de3444348894f032b03ff,de776d4ef06ca29c240de3444348894f032b03ff,['CWE-189'],CVE-2015-6781
abrt/libreport,https://github.com/abrt/libreport/commit/257578a23d1537a2d235aaa2b1488ee4f818e360,257578a23d1537a2d235aaa2b1488ee4f818e360,['CWE-200'],CVE-2015-5302
lxc/lxcfs,https://github.com/lxc/lxcfs/commit/a8b6c3e0537e90fba3c55910fd1b7229d54a60a7,a8b6c3e0537e90fba3c55910fd1b7229d54a60a7,['CWE-264'],CVE-2015-1342
lxc/lxcfs,https://github.com/lxc/lxcfs/commit/8ee2a503e102b1a43ec4d83113dc275ab20a869a,8ee2a503e102b1a43ec4d83113dc275ab20a869a,['CWE-264'],CVE-2015-1344
php/php-src,https://github.com/php/php-src/commit/2cacf5770daa13b0c498f48d1f7b20b6585a70bf,2cacf5770daa13b0c498f48d1f7b20b6585a70bf,['CWE-Other'],CVE-2015-7803
php/php-src,https://github.com/php/php-src/commit/e78ac461dbefb7c4a3e9fde78d50fbc56b7b0183,e78ac461dbefb7c4a3e9fde78d50fbc56b7b0183,['CWE-189'],CVE-2015-7804
php/php-src,https://github.com/php/php-src/commit/1ddf72180a52d247db88ea42a3e35f824a8fbda1,1ddf72180a52d247db88ea42a3e35f824a8fbda1,['CWE-189'],CVE-2015-7804
GNOME/libxml2,https://github.com/GNOME/libxml2/commit/69030714cde66d525a8884bda01b9e8f0abf8e1e,69030714cde66d525a8884bda01b9e8f0abf8e1e,['CWE-399'],CVE-2015-5312
GNOME/libxml2,https://github.com/GNOME/libxml2/commit/6360a31a84efe69d155ed96306b9a931a40beab9,6360a31a84efe69d155ed96306b9a931a40beab9,['CWE-119'],CVE-2015-7497
GNOME/libxml2,https://github.com/GNOME/libxml2/commit/afd27c21f6b36e22682b7da20d726bce2dcb2f43,afd27c21f6b36e22682b7da20d726bce2dcb2f43,['CWE-119'],CVE-2015-7498
GNOME/libxml2,https://github.com/GNOME/libxml2/commit/35bcb1d758ed70aa7b257c9c3b3ff55e54e3d0da,35bcb1d758ed70aa7b257c9c3b3ff55e54e3d0da,['CWE-119'],CVE-2015-7499
GNOME/libxml2,https://github.com/GNOME/libxml2/commit/28cd9cb747a94483f4aea7f0968d202c20bb4cfc,28cd9cb747a94483f4aea7f0968d202c20bb4cfc,['CWE-119'],CVE-2015-7499
GNOME/libxml2,https://github.com/GNOME/libxml2/commit/f1063fdbe7fa66332bbb76874101c2a7b51b519f,f1063fdbe7fa66332bbb76874101c2a7b51b519f,['CWE-119'],CVE-2015-7500
GNOME/libxml2,https://github.com/GNOME/libxml2/commit/ab2b9a93ff19cedde7befbf2fcc48c6e352b6cbe,ab2b9a93ff19cedde7befbf2fcc48c6e352b6cbe,['CWE-119'],CVE-2015-8241
GNOME/libxml2,https://github.com/GNOME/libxml2/commit/cf77e60515045bdd66f2c59c69a06e603b470eae,cf77e60515045bdd66f2c59c69a06e603b470eae,['CWE-119'],CVE-2015-8241
GNOME/libxml2,https://github.com/GNOME/libxml2/commit/9aa37588ee78a06ca1379a9d9356eab16686099c,9aa37588ee78a06ca1379a9d9356eab16686099c,['CWE-119'],CVE-2015-8317
GNOME/libxml2,https://github.com/GNOME/libxml2/commit/709a952110e98621c9b78c4f26462a9d8333102e,709a952110e98621c9b78c4f26462a9d8333102e,['CWE-119'],CVE-2015-8317
xen-project/xen,https://github.com/xen-project/xen/commit/4a578b316eb98975374d88f28904acf13dbcfac2,4a578b316eb98975374d88f28904acf13dbcfac2,['CWE-254'],CVE-2015-8338
xen-project/xen,https://github.com/xen-project/xen/commit/40412e3c99722229f1ec93cd95fc8486d778f5df,40412e3c99722229f1ec93cd95fc8486d778f5df,['CWE-399'],CVE-2015-8341
torvalds/linux,https://github.com/torvalds/linux/commit/7d267278a9ece963d77eefec61630223fce08c6c,7d267278a9ece963d77eefec61630223fce08c6c,['CWE-Other'],CVE-2013-7446
torvalds/linux,https://github.com/torvalds/linux/commit/c9b92530a723ac5ef8e352885a1862b18f31b2f5,c9b92530a723ac5ef8e352885a1862b18f31b2f5,['CWE-20'],CVE-2015-7509
torvalds/linux,https://github.com/torvalds/linux/commit/eda98796aff0d9bf41094b06811f5def3b4c333c,eda98796aff0d9bf41094b06811f5def3b4c333c,['CWE-200'],CVE-2015-7884
torvalds/linux,https://github.com/torvalds/linux/commit/4b6184336ebb5c8dc1eae7f7ab46ee608a748b05,4b6184336ebb5c8dc1eae7f7ab46ee608a748b05,['CWE-200'],CVE-2015-7885
torvalds/linux,https://github.com/torvalds/linux/commit/8c7188b23474cca017b3ef354c4a58456f68303a,8c7188b23474cca017b3ef354c4a58456f68303a,['CWE-362'],CVE-2015-7990
torvalds/linux,https://github.com/torvalds/linux/commit/0305cd5f7fca85dae392b9ba85b116896eb7c1c7,0305cd5f7fca85dae392b9ba85b116896eb7c1c7,['CWE-200'],CVE-2015-8374
torvalds/linux,https://github.com/torvalds/linux/commit/79462ad02e861803b3840cc782248c7359451cd9,79462ad02e861803b3840cc782248c7359451cd9,['CWE-Other'],CVE-2015-8543
torvalds/linux,https://github.com/torvalds/linux/commit/09ccfd238e5a0e670d8178cf50180ea81ae09ae1,09ccfd238e5a0e670d8178cf50180ea81ae09ae1,['CWE-200'],CVE-2015-8569
torvalds/linux,https://github.com/torvalds/linux/commit/acff81ec2c79492b180fade3c2894425cd35a545,acff81ec2c79492b180fade3c2894425cd35a545,['CWE-264'],CVE-2015-8660
wireshark,https://github.com/wireshark/wireshark/commit/5bf565690ad9f0771196d8fa237aa37fae3bb7cc,5bf565690ad9f0771196d8fa237aa37fae3bb7cc,['CWE-20'],CVE-2015-8711
wireshark,https://github.com/wireshark/wireshark/commit/23379ae3624df82c170f48e5bb3250a97ec61c13,23379ae3624df82c170f48e5bb3250a97ec61c13,['CWE-20'],CVE-2015-8711
wireshark,https://github.com/wireshark/wireshark/commit/5b4ada17723ed8af7e85cb48d537437ed614e417,5b4ada17723ed8af7e85cb48d537437ed614e417,['CWE-20'],CVE-2015-8711
wireshark,https://github.com/wireshark/wireshark/commit/2ae329a47b7f0ac94089c23e79c6b8bc18ba80ea,2ae329a47b7f0ac94089c23e79c6b8bc18ba80ea,['CWE-20'],CVE-2015-8712
wireshark,https://github.com/wireshark/wireshark/commit/d34267d0503a67235bf259fd2f2f2d2bb8b18cf5,d34267d0503a67235bf259fd2f2f2d2bb8b18cf5,['CWE-20'],CVE-2015-8714
wireshark,https://github.com/wireshark/wireshark/commit/40caff2d1fb08262c84aaaa8ac584baa8866dd7c,40caff2d1fb08262c84aaaa8ac584baa8866dd7c,['CWE-20'],CVE-2015-8715
wireshark,https://github.com/wireshark/wireshark/commit/2ddd92b6f8f587325b9e14598658626f3a007c5c,2ddd92b6f8f587325b9e14598658626f3a007c5c,['CWE-20'],CVE-2015-8717
wireshark,https://github.com/wireshark/wireshark/commit/81dfe6d450ada42d12f20ac26a6d8ae2302df37e,81dfe6d450ada42d12f20ac26a6d8ae2302df37e,['CWE-20'],CVE-2015-8718
wireshark,https://github.com/wireshark/wireshark/commit/cec0593ae6c3bca65eff65741c2a10f3de3e0afe,cec0593ae6c3bca65eff65741c2a10f3de3e0afe,['CWE-20'],CVE-2015-8721
wireshark,https://github.com/wireshark/wireshark/commit/1b32d505a59475d51d9b2bed5f0869d2d154e8b6,1b32d505a59475d51d9b2bed5f0869d2d154e8b6,['CWE-20'],CVE-2015-8722
wireshark,https://github.com/wireshark/wireshark/commit/2259bf8a827088081bef101f98e4983de8aa8099,2259bf8a827088081bef101f98e4983de8aa8099,['CWE-20'],CVE-2015-8722
wireshark,https://github.com/wireshark/wireshark/commit/40b283181c63cb28bc6f58d80315eccca6650da0,40b283181c63cb28bc6f58d80315eccca6650da0,"['CWE-119', 'CWE-20']",CVE-2015-8723
wireshark,https://github.com/wireshark/wireshark/commit/83f2818118ae255db949bb3a4b3a26ebd1c5f7c5,83f2818118ae255db949bb3a4b3a26ebd1c5f7c5,['CWE-20'],CVE-2015-8724
wireshark,https://github.com/wireshark/wireshark/commit/aaa28a9d39158ca1033bbd3372cf423abbf4f202,aaa28a9d39158ca1033bbd3372cf423abbf4f202,"['CWE-119', 'CWE-20']",CVE-2015-8725
wireshark,https://github.com/wireshark/wireshark/commit/b8fa3d463c1bdd9b84c897441e7a5c8ad1f0f292,b8fa3d463c1bdd9b84c897441e7a5c8ad1f0f292,"['CWE-119', 'CWE-20']",CVE-2015-8726
wireshark,https://github.com/wireshark/wireshark/commit/185911de7d337246044c8e99da2f5b4bac74c0d5,185911de7d337246044c8e99da2f5b4bac74c0d5,"['CWE-119', 'CWE-20']",CVE-2015-8726
wireshark,https://github.com/wireshark/wireshark/commit/56baca60271379cb97f6a4a6bf72eb526e8b52d0,56baca60271379cb97f6a4a6bf72eb526e8b52d0,['CWE-20'],CVE-2015-8727
wireshark,https://github.com/wireshark/wireshark/commit/15edc8d714b11dcff3a04e5d00b8db9adfdb81ed,15edc8d714b11dcff3a04e5d00b8db9adfdb81ed,['CWE-20'],CVE-2015-8728
wireshark,https://github.com/wireshark/wireshark/commit/338da1c0ea0b2f8595d3a7b6d6c9548f7da3e27b,338da1c0ea0b2f8595d3a7b6d6c9548f7da3e27b,['CWE-20'],CVE-2015-8729
wireshark,https://github.com/wireshark/wireshark/commit/d2644aef369af0667220b5bd69996915b29d753d,d2644aef369af0667220b5bd69996915b29d753d,['CWE-20'],CVE-2015-8730
wireshark,https://github.com/wireshark/wireshark/commit/2930d3105c3ff2bfb1278b34ad10e2e71c3b8fb0,2930d3105c3ff2bfb1278b34ad10e2e71c3b8fb0,"['CWE-119', 'CWE-20']",CVE-2015-8731
wireshark,https://github.com/wireshark/wireshark/commit/9352616ec9742f2ed3d2802d0c8c100d51ca410b,9352616ec9742f2ed3d2802d0c8c100d51ca410b,['CWE-20'],CVE-2015-8732
wireshark,https://github.com/wireshark/wireshark/commit/53a3e53fce30523d11ab3df319fba7b75d63076f,53a3e53fce30523d11ab3df319fba7b75d63076f,['CWE-20'],CVE-2015-8733
wireshark,https://github.com/wireshark/wireshark/commit/9b2c889abe0219fc162659e106c5b95deb6268f3,9b2c889abe0219fc162659e106c5b95deb6268f3,['CWE-20'],CVE-2015-8734
wireshark,https://github.com/wireshark/wireshark/commit/83bad0215dae54e77d34f8b187900125f672366e,83bad0215dae54e77d34f8b187900125f672366e,['CWE-20'],CVE-2015-8735
wireshark,https://github.com/wireshark/wireshark/commit/baa3eab78b422616a92ee38551c1b1510dca4ccb,baa3eab78b422616a92ee38551c1b1510dca4ccb,['CWE-20'],CVE-2015-8736
wireshark,https://github.com/wireshark/wireshark/commit/e3fc691368af60bbbaec9e038ee6a6d3b7707955,e3fc691368af60bbbaec9e038ee6a6d3b7707955,['CWE-20'],CVE-2015-8737
wireshark,https://github.com/wireshark/wireshark/commit/858c3f0079f987833fb22eba2c361d1a88ba4103,858c3f0079f987833fb22eba2c361d1a88ba4103,['CWE-20'],CVE-2015-8738
wireshark,https://github.com/wireshark/wireshark/commit/96bf82ced0b58c7a4c2a6c300efeebe4f05c0ff4,96bf82ced0b58c7a4c2a6c300efeebe4f05c0ff4,['CWE-20'],CVE-2015-8739
wireshark,https://github.com/wireshark/wireshark/commit/e78093f69f1e95df919bbe644baa06c7e4e720c0,e78093f69f1e95df919bbe644baa06c7e4e720c0,['CWE-20'],CVE-2015-8740
wireshark,https://github.com/wireshark/wireshark/commit/2290eba5cb25f927f9142680193ac1158d35506e,2290eba5cb25f927f9142680193ac1158d35506e,['CWE-20'],CVE-2015-8741
wireshark,https://github.com/wireshark/wireshark/commit/d48b0eff28c995947ac3f8d842ddd9b50dd5798d,d48b0eff28c995947ac3f8d842ddd9b50dd5798d,['CWE-20'],CVE-2015-8742
phusion/passenger,https://github.com/phusion/passenger/commit/ddb8ecc4ebf260e4967f57f271d4f5761abeac3e,ddb8ecc4ebf260e4967f57f271d4f5761abeac3e,['CWE-20'],CVE-2015-7519
xen-project/xen,https://github.com/xen-project/xen/commit/5c1048565ba5b240f47203bdb67572bee73d639e,5c1048565ba5b240f47203bdb67572bee73d639e,['CWE-254'],CVE-2015-8615
qemu,https://github.com/qemu/qemu/commit/8b98a2f07175d46c3f7217639bd5e03f2ec56343,8b98a2f07175d46c3f7217639bd5e03f,['CWE-120'],CVE-2015-7512
shellinabox,https://github.com/shellinabox/shellinabox/commit/4aa0eb97e4c90490a9c84a0d8bd57cd22572c37a,4aa0eb97e4c90490a9c84a0d8bd57cd22572c37a,['CWE-254'],CVE-2015-8400
h2o,https://github.com/h2o/h2o/commit/461ae1ae6d9c11441f5a622175b211aba104e9b2,461ae1ae6d9c11441f5a622175b211aba104e9b2,['CWE-Other'],CVE-2016-1133
php/php-src,https://github.com/php/php-src/commit/6dedeb40db13971af45276f80b5375030aa7e76f,6dedeb40db13971af45276f80b5375030aa7e76f,['CWE-119'],CVE-2015-5590
php/php-src,https://github.com/php/php-src/commit/6aeee47b2cd47915ccfa3b41433a3f57aea24dd5,6aeee47b2cd47915ccfa3b41433a3f57aea24dd5,['CWE-Other'],CVE-2015-6527
php/php-src,https://github.com/php/php-src/commit/c2e197e4efc663ca55f393bf0e799848842286f3,c2e197e4efc663ca55f393bf0e799848842286f3,['CWE-416'],CVE-2015-6831
php/php-src,https://github.com/php/php-src/commit/b7fa67742cd8d2b0ca0c0273b157f6ffee9ad6e2,b7fa67742cd8d2b0ca0c0273b157f6ffee9ad6e2,['CWE-Other'],CVE-2015-6832
php/php-src,https://github.com/php/php-src/commit/dda81f0505217a95db065e6bf9cc2d81eb902417,dda81f0505217a95db065e6bf9cc2d81eb902417,['CWE-22'],CVE-2015-6833
php/php-src,https://github.com/php/php-src/commit/e201f01ac17243a1e5fb6a3911ed8e21b1619ac1,e201f01ac17243a1e5fb6a3911ed8e21b1619ac1,['CWE-Other'],CVE-2015-6836
php/php-src,https://github.com/php/php-src/commit/b101a6bbd4f2181c360bd38e7683df4a03cba83e,b101a6bbd4f2181c360bd38e7683df4a03cba83e,['CWE-134'],CVE-2015-8617
php/php-src,https://github.com/php/php-src/commit/4bb422343f29f06b7081323844d9b52e1a71e4a5,4bb422343f29f06b7081323844d9b52e1a71e4a5,"['CWE-200', 'CWE-119']",CVE-2016-1903
php/php-src,https://github.com/php/php-src/commit/2871c70efaaaa0f102557a17c727fd4d5204dd4b,2871c70efaaaa0f102557a17c727fd4d5204dd4b,['CWE-189'],CVE-2016-1904
mysql/mysql-server,https://github.com/mysql/mysql-server/commit/0dbd5a8797ed4bd18e8b883988fb62177eb0f73f,0dbd5a8797ed4bd18e8b883988fb62177eb0f73f,['CWE-Other'],CVE-2016-0546
xen-project/xen,https://github.com/xen-project/xen/commit/47abf29a9255b2e7b94e56d66b455d0a584b68b8,47abf29a9255b2e7b94e56d66b455d0a584b68b8,['CWE-20'],CVE-2016-1570
xen-project/xen,https://github.com/xen-project/xen/commit/bf05e88ed7342a91cceba050b6c622accb809842,bf05e88ed7342a91cceba050b6c622accb809842,['CWE-17'],CVE-2016-1571
Matroska-Org/libebml,https://github.com/Matroska-Org/libebml/commit/88409e2a94dd3b40ff81d08bf6d92f486d036b24,88409e2a94dd3b40ff81d08bf6d92f486d036b24,['CWE-Other'],CVE-2015-8789
Matroska-Org/libebml,https://github.com/Matroska-Org/libebml/commit/ababb64e0c792ad2a314245233db0833ba12036b,ababb64e0c792ad2a314245233db0833ba12036b,['CWE-200'],CVE-2015-8790
Matroska-Org/libebml,https://github.com/Matroska-Org/libebml/commit/24e5cd7c666b1ddd85619d60486db0a5481c1b90,24e5cd7c666b1ddd85619d60486db0a5481c1b90,['CWE-200'],CVE-2015-8791
Matroska-Org/libmatroska,https://github.com/Matroska-Org/libmatroska/commit/0a2d3e3644a7453b6513db2f9bc270f77943573f,0a2d3e3644a7453b6513db2f9bc270f77943573f,"['CWE-200', 'CWE-119']",CVE-2015-8792
torvalds/linux,https://github.com/torvalds/linux/commit/712f4aad406bb1ed67f3f98d04c044191f0ff593,712f4aad406bb1ed67f3f98d04c044191f0ff593,['CWE-119'],CVE-2013-4312
torvalds/linux,https://github.com/torvalds/linux/commit/0185604c2d82c560dab2f2933a18f797e74ab5a8,0185604c2d82c560dab2f2933a18f797e74ab5a8,['CWE-369'],CVE-2015-7513
torvalds/linux,https://github.com/torvalds/linux/commit/b4a1b4f5047e4f54e194681125c74c0aa64d637d,b4a1b4f5047e4f54e194681125c74c0aa64d637d,['CWE-362'],CVE-2015-7550
torvalds/linux,https://github.com/torvalds/linux/commit/cb3232138e37129e88240a98a1d2aba2187ff57c,cb3232138e37129e88240a98a1d2aba2187ff57c,['CWE-Other'],CVE-2015-7566
torvalds/linux,https://github.com/torvalds/linux/commit/096fe9eaea40a17e125569f9e657e34cdb6d73bd,096fe9eaea40a17e125569f9e657e34cdb6d73bd,['CWE-269'],CVE-2015-8539
torvalds/linux,https://github.com/torvalds/linux/commit/5233252fce714053f0151680933571a2da9cbfb4,5233252fce714053f0151680933571a2da9cbfb4,['CWE-200'],CVE-2015-8575
torvalds/linux,https://github.com/torvalds/linux/commit/635682a14427d241bab7bbdeebb48a7d7b91638e,635682a14427d241bab7bbdeebb48a7d7b91638e,['CWE-362'],CVE-2015-8767
torvalds/linux,https://github.com/torvalds/linux/commit/3ca8138f014a913f98e6ef40e939868e1e9ea876,3ca8138f014a913f98e6ef40e939868e1e9ea876,['CWE-835'],CVE-2015-8785
torvalds/linux,https://github.com/torvalds/linux/commit/94f9cd81436c85d8c3a318ba92e236ede73752fc,94f9cd81436c85d8c3a318ba92e236ede73752fc,['CWE-476'],CVE-2015-8787
torvalds/linux,https://github.com/torvalds/linux/commit/5c17c861a357e9458001f021a7afa7aab9937439,5c17c861a357e9458001f021a7afa7aab9937439,"['CWE-362', 'CWE-200']",CVE-2016-0723
torvalds/linux,https://github.com/torvalds/linux/commit/23567fd052a9abb6d67fe8e7a9ccdd9800a540f2,23567fd052a9abb6d67fe8e7a9ccdd9800a540f2,['CWE-Other'],CVE-2016-0728
xen-project/xen,https://github.com/xen-project/xen/commit/ffbbfda37782a2408953af1a3e00ada80bb141bc,ffbbfda37782a2408953af1a3e00ada80bb141bc,['CWE-Other'],CVE-2016-2271
yarolig/didiwiki,https://github.com/yarolig/didiwiki/commit/5e5c796617e1712905dc5462b94bd5e6c08d15ea,5e5c796617e1712905dc5462b94bd5e6c08d15ea,['CWE-22'],CVE-2013-7448
OpenedHand/didiwiki,https://github.com/OpenedHand/didiwiki/commit/57b0399f4dec1bea1542ab3afa89427f08463a9c,57b0399f4dec1bea1542ab3afa89427f08463a9c,['CWE-22'],CVE-2013-7448
wireshark,https://github.com/wireshark/wireshark/commit/4a79cf2e1ab056faaddd252aa56520435b318a56,4a79cf2e1ab056faaddd252aa56520435b318a56,['CWE-264'],CVE-2016-2521
wireshark,https://github.com/wireshark/wireshark/commit/9b2f3f7c5c9205381cb72e42b66e97d8ed3abf63,9b2f3f7c5c9205381cb72e42b66e97d8ed3abf63,['CWE-119'],CVE-2016-2522
wireshark,https://github.com/wireshark/wireshark/commit/5a8020a1b6bb73fcb8bb7eb7d53177bc8a9fc703,5a8020a1b6bb73fcb8bb7eb7d53177bc8a9fc703,['CWE-20'],CVE-2016-2524
wireshark,https://github.com/wireshark/wireshark/commit/69a679cc3a9c087064b7e9521b9e9f3c40dd0b72,69a679cc3a9c087064b7e9521b9e9f3c40dd0b72,['CWE-20'],CVE-2016-2526
wireshark,https://github.com/wireshark/wireshark/commit/140aad08e081489b5cdb715cb5bca01db856fded,140aad08e081489b5cdb715cb5bca01db856fded,['CWE-20'],CVE-2016-2527
wireshark,https://github.com/wireshark/wireshark/commit/1c090e929269a78bf7a4cb3dc0d34565f4351312,1c090e929269a78bf7a4cb3dc0d34565f4351312,['CWE-20'],CVE-2016-2528
wireshark,https://github.com/wireshark/wireshark/commit/96d585a5e9baef21e1eea8505d78305b034dc80e,96d585a5e9baef21e1eea8505d78305b034dc80e,['CWE-119'],CVE-2016-2529
wireshark,https://github.com/wireshark/wireshark/commit/4a2cd6c79ecbf2cb21f985f01ce1c1e3030285ec,4a2cd6c79ecbf2cb21f985f01ce1c1e3030285ec,['CWE-119'],CVE-2016-2532
torvalds/linux,https://github.com/torvalds/linux/commit/ab676b7d6fbf4b294bf198fb27ade5b0e865c7ce,ab676b7d6fbf4b294bf198fb27ade5b0e865c7ce,['CWE-200'],CVE-2016-0823
GNOME/libxml2,https://github.com/GNOME/libxml2/commit/a7a94612aa3b16779e2c74e1fa353b5d9786c602,a7a94612aa3b16779e2c74e1fa353b5d9786c602,['CWE-119'],CVE-2016-1762
php/php-src,https://github.com/php/php-src/commit/b1bd4119bcafab6f9a8f84d92cd65eec3afeface,b1bd4119bcafab6f9a8f84d92cd65eec3afeface,['CWE-119'],CVE-2016-3141
php/php-src,https://github.com/php/php-src/commit/a6fdc5bb27b20d889de0cd29318b3968aabb57bd,a6fdc5bb27b20d889de0cd29318b3968aabb57bd,['CWE-119'],CVE-2016-3142
qemu,https://github.com/qemu/qemu/commit/4ab0359a8ae182a7ac5c99609667273167703fab,4ab0359a8ae182a7ac5c99609667273167703fab,['CWE-416'],CVE-2016-1568
redis,https://github.com/redis/redis/commit/01173bc8097391b2e46c4d56a080709c219fda53,01173bc8097391b2e46c4d56a080709c219fda53,['CWE-190'],CVE-2015-8080
xen-project/xen,https://github.com/xen-project/xen/commit/81818b3f277544535974204f8d840da86fa8a44f,81818b3f277544535974204f8d840da86fa8a44f,['CWE-200'],CVE-2015-8555
python-pillow/Pillow,https://github.com/python-pillow/Pillow/commit/6dcbf5bd96b717c58d7b642949da8d323099928e,6dcbf5bd96b717c58d7b642949da8d323099928e,['CWE-119'],CVE-2016-0740
python-pillow/Pillow,https://github.com/python-pillow/Pillow/commit/893a40850c2d5da41537958e40569c029a6e127b,893a40850c2d5da41537958e40569c029a6e127b,['CWE-119'],CVE-2016-0775
python-pillow/Pillow,https://github.com/python-pillow/Pillow/commit/ae453aa18b66af54e7ff716f4ccb33adca60afd4,ae453aa18b66af54e7ff716f4ccb33adca60afd4,['CWE-119'],CVE-2016-2533
python-pillow/Pillow,https://github.com/python-pillow/Pillow/commit/4e0d9b0b9740d258ade40cce248c93777362ac1e,4e0d9b0b9740d258ade40cce248c93777362ac1e,['CWE-119'],CVE-2016-4009
vadz/libtiff,https://github.com/vadz/libtiff/commit/b18012dae552f85dcc5c57d3bf4e997a15b1cc1c,b18012dae552f85dcc5c57d3bf4e997a15b1cc1c,['CWE-787'],CVE-2015-8784
xen-project/xen,https://github.com/xen-project/xen/commit/fb08f7d009a64b96efa4462c9d19ed6881936859,fb08f7d009a64b96efa4462c9d19ed6881936859,['CWE-119'],CVE-2015-8554
Uninett/mod_auth_mellon,https://github.com/Uninett/mod_auth_mellon/commit/5f03a632c9652687c7dac1ea44f334b9983ab268,5f03a632c9652687c7dac1ea44f334b9983ab268,"['CWE-119', 'CWE-20']",CVE-2016-2145
xen-project/xen,https://github.com/xen-project/xen/commit/8b17648339ba801c4c7937b5f13dd25068e54e60,8b17648339ba801c4c7937b5f13dd25068e54e60,['CWE-264'],CVE-2016-3960
jmacd/xdelta-gpl,https://github.com/jmacd/xdelta-gpl/commit/ef93ff74203e030073b898c05e8b4860b5d09ef2,ef93ff74203e030073b898c05e8b4860b5d09ef2,['CWE-119'],CVE-2014-9765
wireshark,https://github.com/wireshark/wireshark/commit/8dc9551e1d56290e6f7f02cc38b77e1d211fd4a5,8dc9551e1d56290e6f7f02cc38b77e1d211fd4a5,['CWE-119'],CVE-2016-4006
wireshark,https://github.com/wireshark/wireshark/commit/c5b2c1e8f40cee913bd70fcc00284483b3c92fcd,c5b2c1e8f40cee913bd70fcc00284483b3c92fcd,['CWE-Other'],CVE-2016-4077
wireshark,https://github.com/wireshark/wireshark/commit/e2745d741ec11f395d41c0aafa24df9dec136399,e2745d741ec11f395d41c0aafa24df9dec136399,['CWE-20'],CVE-2016-4078
wireshark,https://github.com/wireshark/wireshark/commit/4cdc9eeba58f866bd5f273e9c5b3876857a7a4bf,4cdc9eeba58f866bd5f273e9c5b3876857a7a4bf,['CWE-119'],CVE-2016-4079
wireshark,https://github.com/wireshark/wireshark/commit/ad097385c05c370440fb810e67f811398efc0ea0,ad097385c05c370440fb810e67f811398efc0ea0,['CWE-119'],CVE-2016-4080
wireshark,https://github.com/wireshark/wireshark/commit/42f299be6abb302f32cec78b1c0812364c9f9285,42f299be6abb302f32cec78b1c0812364c9f9285,['CWE-284'],CVE-2016-4081
wireshark,https://github.com/wireshark/wireshark/commit/0fe522dfc689c3ebd119f2a6775d1f275c5f04d8,0fe522dfc689c3ebd119f2a6775d1f275c5f04d8,['CWE-119'],CVE-2016-4082
libarchive,https://github.com/libarchive/libarchive/commit/b2e2abbb13ddcd962470cc1adb43b085f6e407a4,b2e2abb,['CWE-476'],CVE-2015-8916
libarchive,https://github.com/libarchive/libarchive/commit/eff35d4a23418b5da3c7dfff333941a880b4d936,eff35d4a23418b5da3c7dfff333941a880b4d936,['CWE-125'],CVE-2015-8927
libarchive,https://github.com/libarchive/libarchive/commit/39fc59391b7cf2a007bffce280c1e3e66674258f,39fc59391b7cf2a007bffce280c1e3e66674258f,['CWE-20'],CVE-2015-8930
libarchive,https://github.com/libarchive/libarchive/commit/01cfbca4fdae1492a8a09c001b61bbca46f869f2,01cfbca4fdae1492a8a09c001b61bbca46f869f2,['CWE-20'],CVE-2015-8930
libarchive,https://github.com/libarchive/libarchive/commit/b31744df71084a8734f97199e42418f55d08c6c5,b31744df71084a8734f97199e42418f55d08c6c5,['CWE-190'],CVE-2015-8931
libarchive,https://github.com/libarchive/libarchive/commit/c0c52e9aaafb0860c4151c5374372051e9354301,c0c52e9aaafb0860c4151c5374372051e9354301,['CWE-190'],CVE-2015-8931
libarchive,https://github.com/libarchive/libarchive/commit/f0b1dbbc325a2d922015eee402b72edd422cb9ea,f0b1dbbc325a2d922015eee402b72edd422cb9ea,['CWE-20'],CVE-2015-8932
uclouvain/openjpeg,https://github.com/uclouvain/openjpeg/commit/940100c28ae28931722290794889cf84a92c5f6f,940100c28ae28931722290794889cf84a92c5f6f,['CWE-416'],CVE-2015-8871
PowerDNS/pdns,https://github.com/PowerDNS/pdns/commit/881b5b03a590198d03008e4200dd00cc537712f3,881b5b03a590198d03008e4200dd00cc537712f3,['CWE-399'],CVE-2016-5426
xen-project/xen,https://github.com/xen-project/xen/commit/c844d637d92a75854ea5c8d4e5ca34302a9f623c,c844d637d92a75854ea5c8d4e5ca34302a9f623c,['CWE-264'],CVE-2016-7092
xen-project/xen,https://github.com/xen-project/xen/commit/a9f3b3bad17d91e2067fc00d51b0302349570d08,a9f3b3bad17d91e2067fc00d51b0302349570d08,['CWE-119'],CVE-2016-7094
charybdis-ircd/charybdis,https://github.com/charybdis-ircd/charybdis/commit/818a3fda944b26d4814132cee14cfda4ea4aa824,818a3fda944b26d4814132cee14cfda4ea4aa824,['CWE-285'],CVE-2016-7143
uclouvain/openjpeg,https://github.com/uclouvain/openjpeg/commit/ef01f18dfc6780b776d0674ed3e7415c6ef54d24,ef01f18dfc6780b776d0674ed3e7415c6ef54d24,['CWE-190'],CVE-2016-7163
uclouvain/openjpeg,https://github.com/uclouvain/openjpeg/commit/c16bc057ba3f125051c9966cf1f5b68a05681de4,c16bc057ba3f125051c9966cf1f5b68a05681de4,['CWE-190'],CVE-2016-7163
ArtifexSoftware/mupdf,https://github.com/ArtifexSoftware/mupdf/commit/fa1936405b6a84e5c9bb440912c23d532772f958,fa1936405b6a84e5c9bb440912c23d532772f958,['CWE-416'],CVE-2016-6265
ArtifexSoftware/mupdf,https://github.com/ArtifexSoftware/mupdf/commit/39b0f07dd960f34e7e6bf230ffc3d87c41ef0f2e,39b0f07dd960f34e7e6bf230ffc3d87c41ef0f2e,['CWE-119'],CVE-2016-6525
GNOME/libxml2,https://github.com/GNOME/libxml2/commit/c1d1f7121194036608bf555f08d3062a36fd344b,c1d1f7121194036608bf555f08d3062a36fd344b,['CWE-119'],CVE-2016-4658
openSUSE/libstorage-ng,https://github.com/openSUSE/libstorage-ng/commit/94caa94fdc855d982b4f4de5a0f865a7cb734acc,94caa94fdc855d982b4f4de5a0f865a7cb734acc,['CWE-Other'],CVE-2016-5746
GNOME/file-roller,https://github.com/GNOME/file-roller/commit/f70be1f41688859ec8dbe266df35a1839ceb96c5,f70be1f41688859ec8dbe266df35a1839ceb96c5,['CWE-20'],CVE-2016-7162
PowerDNS/pdns,https://github.com/PowerDNS/pdns/commit/db8f9152168acf5d548d4f256789eae783e01667,db8f9152168acf5d548d4f256789eae783e01667,['CWE-400'],CVE-2016-6172
PowerDNS/pdns,https://github.com/PowerDNS/pdns/commit/a014f4c224a7b21f1c648257d1fd1128413129aa,a014f4c224a7b21f1c648257d1fd1128413129aa,['CWE-400'],CVE-2016-6172
php/php-src,https://github.com/php/php-src/commit/46df0642618eabc5b5b7df490d1ae23bda00a745,46df0642618eabc5b5b7df490d1ae23bda00a745,['CWE-190'],CVE-2016-7568
uclouvain/openjpeg,https://github.com/uclouvain/openjpeg/commit/7c8620461f4a65e56c19633fe6a883e6cdb5f70f,7c8620461f4a65e56c19633fe6a883e6cdb5f70f,['CWE-476'],CVE-2016-7445
mongodb/mongo,https://github.com/mongodb/mongo/commit/035cf2afc04988b22cb67f4ebfd77e9b344cb6e0,035cf2afc04988b22cb67f4ebfd77e9b344cb6e0,['CWE-200'],CVE-2016-6494
ceph,https://github.com/ceph/ceph/commit/99ba6610a8f437604cadf68cbe9969def893e870,99ba6610a8f437604cadf68cbe9969def893e870,"['CWE-254', 'CWE-200']",CVE-2016-7031
perl5-dbi/DBD-mysql,https://github.com/perl5-dbi/DBD-mysql/commit/7c164a0c86cec6ee95df1d141e67b0e85dfdefd2,7c164a0c86cec6ee95df1d141e67b0e85dfdefd2,['CWE-119'],CVE-2016-1246
mjg59/linux,https://github.com/mjg59/linux/commit/a4a5ed2835e8ea042868b7401dced3f517cafa76,a4a5ed2835e8ea042868b7401dced3f517cafa76,['CWE-264'],CVE-2016-3699
xen-project/xen,https://github.com/xen-project/xen/commit/3ab81e01104d7c05e239f3bd9329c4fc87a463f4,3ab81e01104d7c05e239f3bd9329c4fc87a463f4,['CWE-362'],CVE-2016-7777
torvalds/linux,https://github.com/torvalds/linux/commit/6829e274a623187c24f7cfc0e3d35f25d087fcc5,6829e274a623187c24f7cfc0e3d35f25d087fcc5,['CWE-200'],CVE-2015-8950
torvalds/linux,https://github.com/torvalds/linux/commit/8fff105e13041e49b82f92eef034f363a6b1c071,8fff105e13041e49b82f92eef034f363a6b1c071,['CWE-264'],CVE-2015-8955
torvalds/linux,https://github.com/torvalds/linux/commit/951b6a0717db97ce420547222647bcc40bf1eacd,951b6a0717db97ce420547222647bcc40bf1eacd,['CWE-476'],CVE-2015-8956
torvalds/linux,https://github.com/torvalds/linux/commit/34b88a68f26a75e4fded796f1a49c40f82234b7d,34b88a68f26a75e4fded796f1a49c40f82234b7d,['CWE-19'],CVE-2016-7117
torvalds/linux,https://github.com/torvalds/linux/commit/6b7339f4c31ad69c8e9c0b2859276e22cf72176d,6b7339f4c31ad69c8e9c0b2859276e22cf72176d,['CWE-20'],CVE-2015-3288
torvalds/linux,https://github.com/torvalds/linux/commit/ab79efab0a0ba01a74df782eb7fa44b044dae8b5,ab79efab0a0ba01a74df782eb7fa44b044dae8b5,['CWE-399'],CVE-2015-8953
torvalds/linux,https://github.com/torvalds/linux/commit/51093254bf879bc9ce96590400a87897c7498463,51093254bf879bc9ce96590400a87897c7498463,['CWE-476'],CVE-2016-6327
torvalds/linux,https://github.com/torvalds/linux/commit/bb1fceca22492109be12640d49f5ea5a544c6bb4,bb1fceca22492109be12640d49f5ea5a544c6bb4,['CWE-416'],CVE-2016-6828
torvalds/linux,https://github.com/torvalds/linux/commit/7bc2b55a5c030685b399bb65b6baa9ccc3d1f167,7bc2b55a5c030685b399bb65b6baa9ccc3d1f167,['CWE-119'],CVE-2016-7425
torvalds/linux,https://github.com/torvalds/linux/commit/ded89912156b1a47d940a0c954c43afbabd0c42c,ded89912156b1a47d940a0c954c43afbabd0c42c,['CWE-119'],CVE-2016-8658
torvalds/linux,https://github.com/torvalds/linux/commit/fac8e0f579695a3ecbc4d3cac369139d7f819971,fac8e0f579695a3ecbc4d3cac369139d7f819971,['CWE-400'],CVE-2016-8666
uclouvain/openjpeg,https://github.com/uclouvain/openjpeg/commit/c22cbd8bdf8ff2ae372f94391a4be2d322b36b41,c22cbd8bdf8ff2ae372f94391a4be2d322b36b41,['CWE-119'],CVE-2016-9118
python-pillow/Pillow,https://github.com/python-pillow/Pillow/commit/c50ebe6459a131a1ea8ca531f10da616d3ceaa0f,c50ebe6459a131a1ea8ca531f10da616d3ceaa0f,['CWE-190'],CVE-2016-9189
python-pillow/Pillow,https://github.com/python-pillow/Pillow/commit/5d8a0be45aad78c5a22c8d099118ee26ef8144af,5d8a0be45aad78c5a22c8d099118ee26ef8144af,['CWE-284'],CVE-2016-9190
qemu,https://github.com/qemu/qemu/commit/05f43d44e4bc26611ce25fd7d726e483f73363ce,05f43d44e4bc26611ce25fd7d726e483f73363ce,['CWE-770'],CVE-2016-8576
torvalds/linux,https://github.com/torvalds/linux/commit/19be0eaffa3ac7d8eb6784ad9bdbc7d67ed8e619,19be0eaffa3ac7d8eb6784ad9bdbc7d67ed8e619,['CWE-362'],CVE-2016-5195
ArtifexSoftware/mujs,https://github.com/ArtifexSoftware/mujs/commit/5008105780c0b0182ea6eda83ad5598f225be3ee,5008105780c0b0182ea6eda83ad5598f225be3ee,['CWE-476'],CVE-2016-9294
torvalds/linux,https://github.com/torvalds/linux/commit/6934da9238da947628be83635e365df41064b09b,6934da9238da947628be83635e365df41064b09b,['CWE-416'],CVE-2015-8961
torvalds/linux,https://github.com/torvalds/linux/commit/f3951a3709ff50990bf3e188c27d346792103432,f3951a3709ff50990bf3e188c27d346792103432,['CWE-415'],CVE-2015-8962
torvalds/linux,https://github.com/torvalds/linux/commit/12ca6ad2e3a896256f086497a7c7406a547ee373,12ca6ad2e3a896256f086497a7c7406a547ee373,"['CWE-362', 'CWE-416']",CVE-2015-8963
torvalds/linux,https://github.com/torvalds/linux/commit/dd42bf1197144ede075a9d4793123f7689e164bc,dd42bf1197144ede075a9d4793123f7689e164bc,['CWE-200'],CVE-2015-8964
torvalds/linux,https://github.com/torvalds/linux/commit/77da160530dd1dc94f6ae15a981f24e5f0021e84,77da160530dd1dc94f6ae15a981f24e5f0021e84,['CWE-416'],CVE-2016-7910
torvalds/linux,https://github.com/torvalds/linux/commit/8ba8682107ee2ca3347354e018865d8e1967c5f4,8ba8682107ee2ca3347354e018865d8e1967c5f4,"['CWE-362', 'CWE-416']",CVE-2016-7911
torvalds/linux,https://github.com/torvalds/linux/commit/38740a5b87d53ceb89eb2c970150f6e94e00373a,38740a5b87d53ceb89eb2c970150f6e94e00373a,['CWE-416'],CVE-2016-7912
torvalds/linux,https://github.com/torvalds/linux/commit/8dfbcc4351a0b6d2f2d77f367552f48ffefafe18,8dfbcc4351a0b6d2f2d77f367552f48ffefafe18,['CWE-416'],CVE-2016-7913
torvalds/linux,https://github.com/torvalds/linux/commit/8d4a2ec1e0b41b0cf9a0c5cd4511da7f8e4f3de2,8d4a2ec1e0b41b0cf9a0c5cd4511da7f8e4f3de2,"['CWE-476', 'CWE-125']",CVE-2016-7914
torvalds/linux,https://github.com/torvalds/linux/commit/50220dead1650609206efe91f0cc116132d59b3f,50220dead1650609206efe91f0cc116132d59b3f,['CWE-125'],CVE-2016-7915
torvalds/linux,https://github.com/torvalds/linux/commit/8148a73c9901a8794a50f950083c00ccf97d43b3,8148a73c9901a8794a50f950083c00ccf97d43b3,['CWE-362'],CVE-2016-7916
torvalds/linux,https://github.com/torvalds/linux/commit/c58d6c93680f28ac58984af61d0a7ebf4319c241,c58d6c93680f28ac58984af61d0a7ebf4319c241,"['CWE-200', 'CWE-125']",CVE-2016-7917
wireshark,https://github.com/wireshark/wireshark/commit/4127e3930ef663114567002001f44e01eba8a250,4127e3930ef663114567002001f44e01eba8a250,"['CWE-399', 'CWE-20']",CVE-2016-9372
wireshark,https://github.com/wireshark/wireshark/commit/cc8e37f0f53c4401bb1644a34eddea345940a8df,cc8e37f0f53c4401bb1644a34eddea345940a8df,['CWE-416'],CVE-2016-9373
wireshark,https://github.com/wireshark/wireshark/commit/a5770b6559b6e6765c4ef800e85ae42781ea4900,a5770b6559b6e6765c4ef800e85ae42781ea4900,"['CWE-119', 'CWE-399']",CVE-2016-9374
wireshark,https://github.com/wireshark/wireshark/commit/be6a10afc59f8182b9884d02f9857d547539fe8a,be6a10afc59f8182b9884d02f9857d547539fe8a,"['CWE-399', 'CWE-20']",CVE-2016-9375
wireshark,https://github.com/wireshark/wireshark/commit/f2a7af8d3928e18ef15778e63b9b6c78f8bd1bef,f2a7af8d3928e18ef15778e63b9b6c78f8bd1bef,['CWE-399'],CVE-2016-9376
vadz/libtiff,https://github.com/vadz/libtiff/commit/83a4b92815ea04969d494416eaae3d4c6b338e4a,83a4b92815ea04969d494416eaae3d4c6b338e4a,"['CWE-119', 'CWE-787']",CVE-2016-9533
vadz/libtiff,https://github.com/vadz/libtiff/commit/43c0b81a818640429317c80fea1e66771e85024b,43c0b81a818640429317c80fea1e66771e85024b,['CWE-190'],CVE-2016-9538
vadz/libtiff,https://github.com/vadz/libtiff/commit/ae9365db1b271b62b35ce018eac8799b1d5e8a53,ae9365db1b271b62b35ce018eac8799b1d5e8a53,"['CWE-119', 'CWE-125']",CVE-2016-9539
torvalds/linux,https://github.com/torvalds/linux/commit/dd504589577d8e8e70f51f997ad487a4cb6c026f,dd504589577d8e8e70f51f997ad487a4cb6c026f,['CWE-476'],CVE-2015-8970
torvalds/linux,https://github.com/torvalds/linux/commit/d9092f52d7e61dd1557f2db2400ddb430e85937e,d9092f52d7e61dd1557f2db2400ddb430e85937e,"['CWE-476', 'CWE-284']",CVE-2016-8630
torvalds/linux,https://github.com/torvalds/linux/commit/667121ace9dbafb368618dbabcf07901c962ddac,667121ace9dbafb368618dbabcf07901c962ddac,"['CWE-119', 'CWE-284']",CVE-2016-8633
torvalds/linux,https://github.com/torvalds/linux/commit/ac6e780070e30e4c35bd395acfe9191e6268bdd3,ac6e780070e30e4c35bd395acfe9191e6268bdd3,['CWE-284'],CVE-2016-8645
torvalds/linux,https://github.com/torvalds/linux/commit/4afa5f9617927453ac04b24b584f6c718dfb4f45,4afa5f9617927453ac04b24b584f6c718dfb4f45,['CWE-476'],CVE-2016-8646
torvalds/linux,https://github.com/torvalds/linux/commit/f5527fffff3f002b0a6b376163613b82f69de073,f5527fffff3f002b0a6b376163613b82f69de073,"['CWE-399', 'CWE-20']",CVE-2016-8650
torvalds/linux,https://github.com/torvalds/linux/commit/05692d7005a364add85c6e25a6c4447ce08f913a,05692d7005a364add85c6e25a6c4447ce08f913a,"['CWE-119', 'CWE-190']",CVE-2016-9083
torvalds/linux,https://github.com/torvalds/linux/commit/93362fa47fe98b62e4a34ab408c4a418432e7939,93362fa47fe98b62e4a34ab408c4a418432e7939,"['CWE-399', 'CWE-20']",CVE-2016-9191
torvalds/linux,https://github.com/torvalds/linux/commit/7df3e59c3d1df4f87fe874c7956ef7a3d2f4d5fb,7df3e59c3d1df4f87fe874c7956ef7a3d2f4d5fb,['CWE-476'],CVE-2016-9313
torvalds/linux,https://github.com/torvalds/linux/commit/bf911e985d6bbaa328c20c3e05f4eb03de11fdd6,bf911e985d6bbaa328c20c3e05f4eb03de11fdd6,['CWE-125'],CVE-2016-9555
perl5-dbi/DBD-mysql,https://github.com/perl5-dbi/DBD-mysql/commit/3619c170461a3107a258d1fd2d00ed4832adb1b1,3619c170461a3107a258d1fd2d00ed4832adb1b1,['CWE-416'],CVE-2016-1251
apache/httpd,https://github.com/apache/httpd/commit/29c63b786ae028d82405421585e91283c8fa0da3,29c63b786ae028d82405421585e91283c8fa0da3,"['CWE-399', 'CWE-20']",CVE-2016-8740
torvalds/linux,https://github.com/torvalds/linux/commit/84ac7260236a49c79eede91617700174c2c19b0c,84ac7260236a49c79eede91617700174c2c19b0c,"['CWE-362', 'CWE-416']",CVE-2016-8655
MapServer,https://github.com/MapServer/MapServer/commit/3d52307cf0033e3275975b668b7138ba1343f28d,3d52307cf0033e3275975b668b7138ba1343f28d,['CWE-200'],CVE-2016-9839
GNOME/libgsf,https://github.com/GNOME/libgsf/commit/95a8351a75758cf10b3bf6abae0b6b461f90d9e5,95a8351a75758cf10b3bf6abae0b6b461f90d9e5,['CWE-476'],CVE-2016-9888
torvalds/linux,https://github.com/torvalds/linux/commit/79dc7e3f1cd323be4c81aa1a94faa1b3ed987fb2,79dc7e3f1cd323be4c81aa1a94faa1b3ed987fb2,['CWE-20'],CVE-2016-9919
torvalds/linux,https://github.com/torvalds/linux/commit/76cc404bfdc0d419c720de4daaf2584542734f42,76cc404bfdc0d419c720de4daaf2584542734f42,['CWE-264'],CVE-2015-8966
torvalds/linux,https://github.com/torvalds/linux/commit/9590232bb4f4cc824f3425a6e1349afbe6d6d2b7,9590232bb4f4cc824f3425a6e1349afbe6d6d2b7,"['CWE-416', 'CWE-264']",CVE-2016-9120
openssh/openssh-portable,https://github.com/openssh/openssh-portable/commit/ec165c392ca54317dbe3064a8c200de6531e89ad,ec165c392ca54317dbe3064a8c200de6531e89ad,['CWE-399'],CVE-2016-8858
qemu,https://github.com/qemu/qemu/commit/973e7170dddefb491a48df5cba33b2ae151013a0,973e7170dddefb491a48df5cba33b2ae151013a0,['CWE-120'],CVE-2016-7422
tats/w3m,https://github.com/tats/w3m/commit/6f6b8ddb7f6ffddc1a361cde429dca546fefc50b,6f6b8ddb7f6ffddc1a361cde429dca546fefc50b,['CWE-119'],CVE-2016-9422
tats/w3m,https://github.com/tats/w3m/commit/f065a49616b8104973e30a2b031102d6b6e11080,f065a49616b8104973e30a2b031102d6b6e11080,['CWE-119'],CVE-2016-9423
tats/w3m,https://github.com/tats/w3m/commit/bde3a3e9a0b10a9274a837ea09296400cdd513c9,bde3a3e9a0b10a9274a837ea09296400cdd513c9,['CWE-119'],CVE-2016-9424
tats/w3m,https://github.com/tats/w3m/commit/b8eb0d416c32dbc06dba05af0f367396a40ee03f,b8eb0d416c32dbc06dba05af0f367396a40ee03f,['CWE-119'],CVE-2016-9425
tats/w3m,https://github.com/tats/w3m/commit/058c830fb05a864ffeb90f553573b0b5eec2b4d8,058c830fb05a864ffeb90f553573b0b5eec2b4d8,['CWE-190'],CVE-2016-9426
tats/w3m,https://github.com/tats/w3m/commit/7947052d2655da83175641f698bb3ae5a384b129,7947052d2655da83175641f698bb3ae5a384b129,['CWE-119'],CVE-2016-9429
tats/w3m,https://github.com/tats/w3m/commit/59b91cd8e30c86f23476fa81ae005cabff49ebb6,59b91cd8e30c86f23476fa81ae005cabff49ebb6,['CWE-476'],CVE-2016-9430
tats/w3m,https://github.com/tats/w3m/commit/f92e9ed28f277ec870e2786e707852ab7d4292a6,f92e9ed28f277ec870e2786e707852ab7d4292a6,['CWE-476'],CVE-2016-9430
tats/w3m,https://github.com/tats/w3m/commit/7b88478227978a8d673b4dd0e05eee410cc33330,7b88478227978a8d673b4dd0e05eee410cc33330,['CWE-119'],CVE-2016-9432
tats/w3m,https://github.com/tats/w3m/commit/807e8b7fbffca6dcaf5db40e35f05d05c5cf02d3,807e8b7fbffca6dcaf5db40e35f05d05c5cf02d3,['CWE-119'],CVE-2016-9432
tats/w3m,https://github.com/tats/w3m/commit/ddf28e2cf9e16a559a08ee10ea60d1683b894a16,ddf28e2cf9e16a559a08ee10ea60d1683b894a16,['CWE-119'],CVE-2016-9432
tats/w3m,https://github.com/tats/w3m/commit/2d549cde75bd984e09348432f813793459fc2bd3,2d549cde75bd984e09348432f813793459fc2bd3,['CWE-125'],CVE-2016-9433
tats/w3m,https://github.com/tats/w3m/commit/3d4eeda9ec0cb91e23bab7dc260d4c515119eb4b,3d4eeda9ec0cb91e23bab7dc260d4c515119eb4b,['CWE-476'],CVE-2016-9434
tats/w3m,https://github.com/tats/w3m/commit/f59dac7e6d9f0aad961c5686fe832d95ec1e7b6c,f59dac7e6d9f0aad961c5686fe832d95ec1e7b6c,['CWE-119'],CVE-2016-9437
tats/w3m,https://github.com/tats/w3m/commit/49ddfa787151349912d649beeb18029347f11042,49ddfa787151349912d649beeb18029347f11042,['CWE-476'],CVE-2016-9438
tats/w3m,https://github.com/tats/w3m/commit/4a8d16fc8d08206dd7142435054ee38ff41805b7,4a8d16fc8d08206dd7142435054ee38ff41805b7,['CWE-476'],CVE-2016-9440
tats/w3m,https://github.com/tats/w3m/commit/63e5fe1fc4a875e89942c0ebe068e717381cc78f,63e5fe1fc4a875e89942c0ebe068e717381cc78f,['CWE-476'],CVE-2016-9441
tats/w3m,https://github.com/tats/w3m/commit/ec9eb22e008a69ea9dc21fdca4b9b836679965ee,ec9eb22e008a69ea9dc21fdca4b9b836679965ee,['CWE-476'],CVE-2016-9443
tats/w3m,https://github.com/tats/w3m/commit/77c2c85da5ca7865d840f563291bb5e67c4a29c2,77c2c85da5ca7865d840f563291bb5e67c4a29c2,['CWE-476'],CVE-2016-9443
tats/w3m,https://github.com/tats/w3m/commit/eb635ae4fa298a798e7fe282b79be1ac8f348a0b,eb635ae4fa298a798e7fe282b79be1ac8f348a0b,['CWE-476'],CVE-2016-9622
tats/w3m,https://github.com/tats/w3m/commit/c6c39973e7d336854e9a2d43119d1220b36e2035,c6c39973e7d336854e9a2d43119d1220b36e2035,['CWE-476'],CVE-2016-9622
tats/w3m,https://github.com/tats/w3m/commit/a59a35211c63f12951b6266646081b08488b10ea,a59a35211c63f12951b6266646081b08488b10ea,['CWE-476'],CVE-2016-9622
tats/w3m,https://github.com/tats/w3m/commit/e2c7ecec6f9b730ad3c9bf8c8df9212970f183d7,e2c7ecec6f9b730ad3c9bf8c8df9212970f183d7,['CWE-476'],CVE-2016-9624
tats/w3m,https://github.com/tats/w3m/commit/d0af557318f84a227608bb8a80daaae0d287ce7b,d0af557318f84a227608bb8a80daaae0d287ce7b,['CWE-119'],CVE-2016-9626
tats/w3m,https://github.com/tats/w3m/commit/0c3f5d0e0d9269ad47b8f4b061d7818993913189,0c3f5d0e0d9269ad47b8f4b061d7818993913189,['CWE-119'],CVE-2016-9627
tats/w3m,https://github.com/tats/w3m/commit/9db438094e5f0d84842bcbd248f282594ccb3c89,9db438094e5f0d84842bcbd248f282594ccb3c89,['CWE-476'],CVE-2016-9628
tats/w3m,https://github.com/tats/w3m/commit/3e63e222db9dc3b000b32f805fe6fb886f6b2cd4,3e63e222db9dc3b000b32f805fe6fb886f6b2cd4,['CWE-476'],CVE-2016-9629
tats/w3m,https://github.com/tats/w3m/commit/ecfdcbe1131591502c5e7f9ff4f34b24c5a2db97,ecfdcbe1131591502c5e7f9ff4f34b24c5a2db97,['CWE-476'],CVE-2016-9631
tats/w3m,https://github.com/tats/w3m/commit/390e33436b0706dc2a77683b87235ff811d23d26,390e33436b0706dc2a77683b87235ff811d23d26,['CWE-119'],CVE-2016-9632
tats/w3m,https://github.com/tats/w3m/commit/216722ed7282cec4338b177ea9ffdd39ad1b8c8c,216722ed7282cec4338b177ea9ffdd39ad1b8c8c,['CWE-399'],CVE-2016-9633
mysql/mysql-server,https://github.com/mysql/mysql-server/commit/4e5473862e6852b0f3802b0cd0c6fa10b5253291,4e5473862e6852b0f3802b0cd0c6fa10b5253291,['CWE-362'],CVE-2016-6663
MariaDB/server,https://github.com/MariaDB/server/commit/347eeefbfc658c8531878218487d729f4e020805,347eeefbfc658c8531878218487d729f4e020805,['CWE-362'],CVE-2016-6663
torvalds/linux,https://github.com/torvalds/linux/commit/82981930125abfd39d7c8378a9cfdf5e1be2002b,82981930125abfd39d7c8378a9cfdf5e1be2002b,['CWE-119'],CVE-2012-6704
torvalds/linux,https://github.com/torvalds/linux/commit/d29216842a85c7970c536108e093963f02714498,d29216842a85c7970c536108e093963f02714498,['CWE-400'],CVE-2016-6213
torvalds/linux,https://github.com/torvalds/linux/commit/a0ac402cfcdc904f9772e1762b3fda112dcc56a0,a0ac402cfcdc904f9772e1762b3fda112dcc56a0,['CWE-416'],CVE-2016-9576
torvalds/linux,https://github.com/torvalds/linux/commit/ef85b67385436ddc1998f45f1d6a210f935b3388,ef85b67385436ddc1998f45f1d6a210f935b3388,['CWE-388'],CVE-2016-9588
torvalds/linux,https://github.com/torvalds/linux/commit/2e83b79b2d6c78bf1b4aa227938a214dcbddc83f,2e83b79b2d6c78bf1b4aa227938a214dcbddc83f,['CWE-400'],CVE-2016-9685
torvalds/linux,https://github.com/torvalds/linux/commit/9b57da0630c9fd36ed7a20fc0f98dc82cc0777fa,9b57da0630c9fd36ed7a20fc0f98dc82cc0777fa,['CWE-787'],CVE-2016-9755
torvalds/linux,https://github.com/torvalds/linux/commit/2117d5398c81554fbf803f5fd1dc55eb78216c0c,2117d5398c81554fbf803f5fd1dc55eb78216c0c,['CWE-200'],CVE-2016-9756
torvalds/linux,https://github.com/torvalds/linux/commit/81cdb259fb6d8c1c4ecfeea389ff5a73c07f5755,81cdb259fb6d8c1c4ecfeea389ff5a73c07f5755,['CWE-125'],CVE-2016-9777
torvalds/linux,https://github.com/torvalds/linux/commit/b98b0bc8c431e3ceb4b26b0dfc8db509518fb290,b98b0bc8c431e3ceb4b26b0dfc8db509518fb290,['CWE-119'],CVE-2016-9793
torvalds/linux,https://github.com/torvalds/linux/commit/3aa02cb664c5fb1042958c8d1aa8c35055a2ebc4,3aa02cb664c5fb1042958c8d1aa8c35055a2ebc4,"['CWE-362', 'CWE-416']",CVE-2016-9794
torvalds/linux,https://github.com/torvalds/linux/commit/92964c79b357efd980812c4de5c1fd2ec8bb5520,92964c79b357efd980812c4de5c1fd2ec8bb5520,"['CWE-362', 'CWE-415']",CVE-2016-9806
qemu,https://github.com/qemu/qemu/commit/a7278b36fcab9af469563bd7b9dadebe2ae25e48,a7278b36fcab9af469563bd7b,['CWE-20'],CVE-2015-8744
qemu,https://github.com/qemu/qemu/commit/c6048f849c7e3f009786df76206e895a69de032c,c6048f849c7e3f009786df76206e895,['CWE-617'],CVE-2015-8745
qemu,https://github.com/qemu/qemu/commit/702dbcc274e2ca43be20ba64c758c0ca57dab91d,702dbcc274e2ca43be20ba64c758c0ca57dab91d,['CWE-401'],CVE-2016-9914
torvalds/linux,https://github.com/torvalds/linux/commit/128394eff343fc6d2f32172f03e24829539c5835,128394eff343fc6d2f32172f03e24829539c5835,['CWE-416'],CVE-2016-10088
LibVNC/libvncserver,https://github.com/LibVNC/libvncserver/commit/5fff4353f66427b467eb29e5fdc1da4f2be028bb,5fff4353f66427b467eb29e5fdc1da4f2be028bb,['CWE-119'],CVE-2016-9941
LibVNC/libvncserver,https://github.com/LibVNC/libvncserver/commit/5418e8007c248bf9668d22a8c1fa9528149b69f2,5418e8007c248bf9668d22a8c1fa9528149b69f2,['CWE-119'],CVE-2016-9941
php/php-src,https://github.com/php/php-src/commit/086491555022b3b0ec59d26c6442a302171666ba,086491555022b3b0ec59d26c6442a302171666ba,['CWE-119'],CVE-2016-8670
php/php-src,https://github.com/php/php-src/commit/cc08cbc84d46933c1e9e0149633f1ed5d19e45e9,cc08cbc84d46933c1e9e0149633f1ed5d19e45e9,['CWE-119'],CVE-2016-8670
torproject/tor,https://github.com/torproject/tor/commit/3cea86eb2fbb65949673eb4ba8ebb695c87a57ce,3cea86eb2fbb65949673eb4ba8ebb695c87a57ce,['CWE-119'],CVE-2016-8860
php/php-src,https://github.com/php/php-src/commit/863d37ea66d5c960db08d6f4a2cbd2518f0f80d1,863d37ea66d5c960db08d6f4a2cbd2518f0f80d1,['CWE-119'],CVE-2016-9933
php/php-src,https://github.com/php/php-src/commit/6045de69c7dedcba3eadf7c4bba424b19c81d00d,6045de69c7dedcba3eadf7c4bba424b19c81d00d,['CWE-476'],CVE-2016-9934
php/php-src,https://github.com/php/php-src/commit/66fd44209d5ffcb9b3d1bc1b9fd8e35b485040c0,66fd44209d5ffcb9b3d1bc1b9fd8e35b485040c0,['CWE-125'],CVE-2016-9935
openbsd/src,https://github.com/openbsd/src/commit/9476ce1dd37d3c3218d5640b74c34c65e5f4efe5,9476ce1dd37d3c3218d5640b74c34c65e5f4efe5,['CWE-426'],CVE-2016-10009
openbsd/src,https://github.com/openbsd/src/commit/c76fac666ea038753294f2ac94d310f8adece9ce,c76fac666ea038753294f2ac94d310f8adece9ce,['CWE-264'],CVE-2016-10010
openbsd/src,https://github.com/openbsd/src/commit/ac8147a06ed2e2403fb6b9a0c03e618a9333c0e9,ac8147a06ed2e2403fb6b9a0c03e618a9333c0e9,['CWE-320'],CVE-2016-10011
openbsd/src,https://github.com/openbsd/src/commit/3095060f479b86288e31c79ecbc5131a66bcd2f9,3095060f479b86288e31c79ecbc5131a66bcd2f9,['CWE-119'],CVE-2016-10012
SchedMD/slurm,https://github.com/SchedMD/slurm/commit/92362a92fffe60187df61f99ab11c249d44120ee,92362a92fffe60187df61f99ab11c249d44120ee,['CWE-284'],CVE-2016-10030
xen-project/xen,https://github.com/xen-project/xen/commit/e1bff4c2ea3b32464510ac00c320bba28a8dbcca,e1bff4c2ea3b32464510ac00c320bba28a8dbcca,['CWE-284'],CVE-2016-6258
Exiv2/exiv2,https://github.com/Exiv2/exiv2/commit/a6765cf18b9bf9d79486946ecec8ef0e2de1ab7b,a6765cf18b9bf9d79486946ecec8ef0e2de1ab7b,['CWE-674'],CVE-2019-9144
Exiv2/exiv2,https://github.com/Exiv2/exiv2/commit/134e062b664e52a0f1e5223ea8c5d2495de2f31e,134e062b664e52a0f1e5223ea8c5d2495de2f31e,['CWE-674'],CVE-2019-9144
torvalds/linux,https://github.com/torvalds/linux/commit/c4c07b4d6fa1f11880eab8e076d3d060ef3f55fc,c4c07b4d6fa1f11880eab8e076d3d060ef3f55fc,['CWE-787'],CVE-2019-9162
jjanku/podofo,https://github.com/jjanku/podofo/commit/ada821df68fb0bf673840ed525daf4ec709dbfd9,ada821df68fb0bf673840ed525daf4ec709dbfd9,['CWE-476'],CVE-2019-9199
wireshark,https://github.com/wireshark/wireshark/commit/3d1b8004ed3a07422ca5d4e4ee8097150b934fd2,3d1b8004ed3a07422ca5d4e4ee8097150b934fd2,['CWE-476'],CVE-2019-9208
wireshark,https://github.com/wireshark/wireshark/commit/f8fbe9f934d65b2694fa74622e5eb2e1dc8cd20b,f8fbe9f934d65b2694fa74622e5eb2e1dc8cd20b,"['CWE-193', 'CWE-787']",CVE-2019-9209
wireshark,https://github.com/wireshark/wireshark/commit/c557bb0910be271e49563756411a690a1bc53ce5,c557bb0910be271e49563756411a690a1bc53ce5,['CWE-476'],CVE-2019-9214
torvalds/linux,https://github.com/torvalds/linux/commit/0a1d52994d440e21def1c2174932410b4f2a98a1,0a1d52994d440e21def1c2174932410b4f2a98a1,['CWE-476'],CVE-2019-9213
Yubico/libu2f-host,https://github.com/Yubico/libu2f-host/commit/e4bb58cc8b6202a421e65f8230217d8ae6e16eb5,e4bb58cc8b6202a421e65f8230217d8ae6e16eb5,['CWE-908'],CVE-2019-9578
GNOME/glib,https://github.com/GNOME/glib/commit/d553d92d6e9f53cbe5a34166fcb919ba652c6a8e,d553d92d6e9f53cbe5a34166fcb919ba652c6a8e,['CWE-754'],CVE-2019-9633
php/php-src,https://github.com/php/php-src/commit/e3133e4db70476fb7adfdedb738483e2255ce0e1,e3133e4db70476fb7adfdedb738483e2255ce0e1,['CWE-264'],CVE-2019-9637
php/php-src,https://github.com/php/php-src/commit/8ac6fee8562533a15db90062117210ed28b44fea,8ac6fee8562533a15db90062117210ed28b44fea,['CWE-125'],CVE-2019-9638
php/php-src,https://github.com/php/php-src/commit/30d2b94a2e88021b77b07149e1f4438662ca8e5e,30d2b94a2e88021b77b07149e1f4438662ca8e5e,['CWE-125'],CVE-2019-9640
libofx,https://github.com/libofx/libofx/commit/15d0511253d7a8011ab7fa8d1e74c265d17d1b44,15d0511253d7a8011ab7fa8d1e74c265d17d1b44,['CWE-476'],CVE-2019-9656
php/php-src,https://github.com/php/php-src/commit/e0f5d62bd6690169998474b62f92a8c5ddf0e699,e0f5d62bd6690169998474b62f92a8c5ddf0e699,['CWE-119'],CVE-2019-9675
ffmpeg,https://github.com/FFmpeg/FFmpeg/commit/23ccf3cabb4baf6e8af4b1af3fcc59c904736f21,23ccf3cabb4baf6e8af4b1af3fcc59c904736f21,['CWE-125'],CVE-2019-9718
ffmpeg,https://github.com/FFmpeg/FFmpeg/commit/273f2755ce8635d42da3cde0eeba15b2e7842774,273f2755ce8635d42da3cde0eeba15b2e7842774,['CWE-125'],CVE-2019-9721
fluent/fluent-bit,https://github.com/fluent/fluent-bit/commit/d978659be437b6f6c47997ab748ce8d253627b16,d978659be437b6f6c47997ab748ce8d253627b16,['CWE-681'],CVE-2019-9749
libsndfile,https://github.com/libsndfile/libsndfile/commit/7408c4c788ce047d4e652b60a04e7796bcd7267e,7408c4c788ce047d4e652b60a04e7796bcd7267e,['CWE-125'],CVE-2019-3832
GNOME/gvfs,https://github.com/GNOME/gvfs/commit/d8d0c8c40049cfd824b2b90d0cd47914052b9811,d8d0c8c40049cfd824b2b90d0cd47914052b9811,['CWE-863'],CVE-2019-3827
cockpit-project/cockpit,https://github.com/cockpit-project/cockpit/commit/c51f6177576d7e12614c64d316cf0b67addd17c9,c51f6177576d7e12,['CWE-909'],CVE-2019-3804
Uninett/mod_auth_mellon,https://github.com/Uninett/mod_auth_mellon/commit/e09a28a30e13e5c22b481010f26b4a7743a09280,e09a28a30e13e5c22b481010f26b4a7743a09280,['CWE-287'],CVE-2019-3878
rpm-software-management/libcomps,https://github.com/rpm-software-management/libcomps/commit/e3a5d056633677959ad924a51758876d415e7046,e3a5d056633677959ad924a51758876d415e7046,['CWE-416'],CVE-2019-3817
ceph/civetweb,https://github.com/ceph/civetweb/commit/8fba7751f61a20158fedc3fc69684e9fe8cd0dce,8fba7751f61a20158fedc3fc69684e9fe8cd0dce,['CWE-772'],CVE-2019-3821
Uninett/mod_auth_mellon,https://github.com/Uninett/mod_auth_mellon/commit/62041428a32de402e0be6ba45fe12df6a83bedb8,62041428a32de402e0be6ba45fe12df6a83bedb8,['CWE-601'],CVE-2019-3877
lh3/bwa,https://github.com/lh3/bwa/commit/66b70cf67672bd97f801107a7a366d5d5fdbb63a,66b70cf67672bd97f801107a7a366d5d5fdbb63a,['CWE-787'],CVE-2019-10269
hoene/libmysofa,https://github.com/hoene/libmysofa/commit/d39a171e9c6a1c44dbdf43f9db6c3fbd887e38c1,d39a171e9c6a1c44dbdf43f9db6c3fbd887e38c1,['CWE-20'],CVE-2019-10672
teeworlds,https://github.com/teeworlds/teeworlds/commit/e086f4b35b1adf7edc35b4ad332dc7ed1edc5988,e086f4b35b1adf7edc35b4ad332dc7ed1edc5988,"['CWE-787', 'CWE-190']",CVE-2019-10878
teeworlds,https://github.com/teeworlds/teeworlds/commit/4d529dcd2d01022e979ebfa0b91167dee37cdb8e,4d529dcd2d01022e979ebfa0b91167dee37cdb8e,['CWE-190'],CVE-2019-10879
teeworlds,https://github.com/teeworlds/teeworlds/commit/d25869626a8cfbdd320929ba93ce73abed1402ce,d25869626a8cfbdd320929ba93ce73abed1402ce,['CWE-190'],CVE-2019-10877
saitoha/libsixel,https://github.com/saitoha/libsixel/commit/b418f351f348d8273282f3fec6425b6b4e1d91da,b418f351f348d8273282f3fec6425b6b4e1d91da,['CWE-674'],CVE-2019-11024
wireshark,https://github.com/wireshark/wireshark/commit/b20e5d8aae2580e29c83ddaf0b6b2e640603e4aa,b20e5d8aae2580e29c83ddaf0b6b2e640603e4aa,['CWE-617'],CVE-2019-10894
wireshark,https://github.com/wireshark/wireshark/commit/2fbbde780e5d5d82e31dca656217daf278cf62bb,2fbbde780e5d5d82e31dca656217daf278cf62bb,['CWE-125'],CVE-2019-10895
wireshark,https://github.com/wireshark/wireshark/commit/38680c4c69f9f4e0f39e29b66fe2b02d88eb629d,38680c4c69f9f4e0f39e29b66fe2b02d88eb629d,['CWE-125'],CVE-2019-10895
wireshark,https://github.com/wireshark/wireshark/commit/441b6d9071d6341e58dfe10719375489c5b8e3f0,441b6d9071d6341e58dfe10719375489c5b8e3f0,['CWE-787'],CVE-2019-10896
wireshark,https://github.com/wireshark/wireshark/commit/00d5e9e9fb377f52ab7696f25c1dbc011ef0244d,00d5e9e9fb377f52ab7696f25c1dbc011ef0244d,['CWE-835'],CVE-2019-10897
wireshark,https://github.com/wireshark/wireshark/commit/f80b7d1b279fb6c13f640019a1bbc42b18bf7469,f80b7d1b279fb6c13f640019a1bbc42b18bf7469,['CWE-835'],CVE-2019-10898
wireshark,https://github.com/wireshark/wireshark/commit/b16fea2f175a3297edac118c8844c7987d31c1cb,b16fea2f175a3297edac118c8844c7987d31c1cb,['CWE-125'],CVE-2019-10899
wireshark,https://github.com/wireshark/wireshark/commit/26eee01f57f0a86fb375892c7937eac24ede4610,26eee01f57f0a86fb375892c7937eac24ede4610,['CWE-835'],CVE-2019-10900
wireshark,https://github.com/wireshark/wireshark/commit/cf801a25074f76dc3ae62d8ec53ace75f56ce2cd,cf801a25074f76dc3ae62d8ec53ace75f56ce2cd,['CWE-476'],CVE-2019-10901
wireshark,https://github.com/wireshark/wireshark/commit/95571f17d5e2de39735e62e5251583f930c06d51,95571f17d5e2de39735e62e5251583f930c06d51,['CWE-252'],CVE-2019-10902
wireshark,https://github.com/wireshark/wireshark/commit/eafdcfa4b6d5187a5326442a82608ab03d9dddcb,eafdcfa4b6d5187a5326442a82608ab03d9dddcb,['CWE-125'],CVE-2019-10903
GNOME/libxslt,https://github.com/GNOME/libxslt/commit/e03553605b45c88f0b4b2980adfbbb8f6fca2fd6,e03553605b45c88f0b4b2980adfbbb8f6fca2fd6,['CWE-Other'],CVE-2019-11068
zephyrproject-rtos/zephyr,https://github.com/zephyrproject-rtos/zephyr/commit/3953714a9b8508aca72ab93991e8468ba508aa4b,3953714a9b8508aca72ab93991e8468ba508aa4b,['CWE-119'],CVE-2017-14199
gpac,https://github.com/gpac/gpac/commit/f4616202e5578e65746cf7e7ceeba63bee1b094b,f4616202e5578e65746cf7e7ceeba63bee1b094b,['CWE-787'],CVE-2019-11221
php/php-src,https://github.com/php/php-src/commit/f3aefc6d071b807ddacae0a0bc49f09c38e18490,f3aefc6d071b807ddacae0a0bc49f09c38e18490,['CWE-125'],CVE-2019-11034
php/php-src,https://github.com/php/php-src/commit/330f1716df49c0d3474c18b6dcd370a9dcf57422,330f1716df49c0d3474c18b6dcd370a9dcf57422,['CWE-125'],CVE-2019-11035
ffmpeg,https://github.com/FFmpeg/FFmpeg/commit/54655623a82632e7624714d7b2a3e039dc5faa7e,54655623a82632e7624714d7b2a3e039dc5faa7e,['CWE-476'],CVE-2019-11338
ffmpeg,https://github.com/FFmpeg/FFmpeg/commit/d227ed5d598340e719eff7156b1aa0a4469e9a6a,d227ed5d598340e719eff7156b1aa0a4469e9a6a,['CWE-125'],CVE-2019-11339
ffmpeg,https://github.com/FFmpeg/FFmpeg/commit/1f686d023b95219db933394a7704ad9aa5f01cbb,1f686d023b95219db933394a7704ad9aa5f01cbb,['CWE-125'],CVE-2019-11339
MediaArea/MediaInfoLib,https://github.com/MediaArea/MediaInfoLib/commit/716747fdde2c8dd6d0fca1223362ae5ce533ae38,716747fdde2c8dd6d0fca1223362ae5ce533ae38,['CWE-125'],CVE-2019-11372
ccxvii/mujs,https://github.com/ccxvii/mujs/commit/da632ca08f240590d2dec786722ed08486ce1be6,da632ca08f240590d2dec786722ed08486ce1be6,['CWE-787'],CVE-2019-11411
ccxvii/mujs,https://github.com/ccxvii/mujs/commit/1e5479084bc9852854feb1ba9bf68b52cd127e02,1e5479084bc9852854feb1ba9bf68b52cd127e02,['CWE-670'],CVE-2019-11412
ccxvii/mujs,https://github.com/ccxvii/mujs/commit/00d4606c3baf813b7b1c176823b2729bf51002a2,00d4606c3baf813b7b1c176823b2729bf51002a2,['CWE-674'],CVE-2019-11413
GNOME/evince,https://github.com/GNOME/evince/commit/3e38d5ad724a042eebadcba8c2d57b0f48b7a8c7,3e38d5ad724a042eebadcba8c2d57b0f48b7a8c7,"['CWE-908', 'CWE-754']",CVE-2019-11459
GNOME/gnome-desktop,https://github.com/GNOME/gnome-desktop/commit/e3dca7d49bf179f98ac114cad9f4d4889f75d90c,e3dca7d49bf179f98ac114cad9f4d4889f75d90c,['CWE-20'],CVE-2019-11460
dropbox/lepton,https://github.com/dropbox/lepton/commit/6a5ceefac1162783fffd9506a3de39c85c725761,6a5ceefac1162783fffd9506a3de39c85c725761,['CWE-190'],CVE-2018-20820
sass/libsass,https://github.com/sass/libsass/commit/c9987a4206ee444bc09a3be7a690a506dfc37636,c9987a4206ee444bc09a3be7a690a506dfc37636,['CWE-674'],CVE-2018-20821
strukturag/libheif,https://github.com/strukturag/libheif/commit/995a4283d8ed2d0d2c1ceb1a577b993df2f0e014,995a4283d8ed2d0d2c1ceb1a577b993df2f0e014,['CWE-416'],CVE-2019-11471
dbry/WavPack,https://github.com/dbry/WavPack/commit/bc6cba3f552c44565f7f1e66dc1580189addb2b4,bc6cba3f552c44565f7f1e66dc1580189addb2b4,['CWE-824'],CVE-2019-11498
snapcore/snapd,https://github.com/snapcore/snapd/commit/bdbfeebef03245176ae0dc323392bb0522a339b1,bdbfeebef03245176ae0dc323392bb0522a339b1,['CWE-59'],CVE-2019-11502
DaveGamble/cJSON,https://github.com/DaveGamble/cJSON/commit/94df772485c92866ca417d92137747b2e3b0a917,94df772485c92866ca417d92137747b2e3b0a917,['CWE-125'],CVE-2016-10749
memcached,https://github.com/memcached/memcached/commit/d35334f368817a77a6bd1f33c6a5676b2c402c02,d35334f368817a77a6bd1f33c6a5676b2c402c02,['CWE-476'],CVE-2019-11596
facebookincubator/fizz,https://github.com/facebookincubator/fizz/commit/40bbb161e72fb609608d53b9d64c56bb961a6ee2,40bbb161e72fb609608d53b9d64c56bb961a6ee2,"['CWE-835', 'CWE-131']",CVE-2019-3560
facebook/hhvm,https://github.com/facebook/hhvm/commit/46003b4ab564b2abcd8470035fc324fe36aa8c75,46003b4ab564b2abcd8470035fc324fe36aa8c75,['CWE-125'],CVE-2019-3561
facebook/wangle,https://github.com/facebook/wangle/commit/5b3bceca875e4ea4ed9d14c20b20ce46c92c13c6,5b3bceca875e4ea4ed9d14c20b20ce46c92c13c6,['CWE-787'],CVE-2019-3563
torvalds/linux,https://github.com/torvalds/linux/commit/04f5866e41fb70690e28397487d8bd8eea7d712a,04f5866e41fb70690e28397487d8bd8eea7d712a,['CWE-667'],CVE-2019-11599
php/php-src,https://github.com/php/php-src/commit/f80ad18afae2230c2c1802c7d829100af646874e,f80ad18afae2230c2c1802c7d829100af646874e,['CWE-125'],CVE-2019-11036
facebook/fbthrift,https://github.com/facebook/fbthrift/commit/c5d6e07588cd03061bc54d451a7fa6e84883d62b,c5d6e07588cd03061bc54d451a7fa6e84883d62b,['CWE-755'],CVE-2019-3552
facebook/fbthrift,https://github.com/facebook/fbthrift/commit/01686e15ec77ccb4d49a77d5bce3a01601e54d64,01686e15ec77ccb4d49a77d5bce3a01601e54d64,['CWE-755'],CVE-2019-3565
torvalds/linux,https://github.com/torvalds/linux/commit/b90cd6f2b905905fb42671009dc0e27c310a16ae,b90cd6f2b905905fb42671009dc0e27c310a16ae,"['CWE-362', 'CWE-416']",CVE-2018-20836
torvalds/linux,https://github.com/torvalds/linux/commit/bcf3b67d16a4c8ffae0aa79de5853435e683945c,bcf3b67d16a4c8ffae0aa79de5853435e683945c,"['CWE-476', 'CWE-416']",CVE-2019-11810
torvalds/linux,https://github.com/torvalds/linux/commit/401e7e88d4ef80188ffa07095ac00456f901b8c4,401e7e88d4ef80188ffa07095ac00456f901b8c4,['CWE-416'],CVE-2019-11811
torvalds/linux,https://github.com/torvalds/linux/commit/cb66ddd156203daefb8d71158036b27b0e2caf63,cb66ddd156203daefb8d71158036b27b0e2caf63,"['CWE-362', 'CWE-416']",CVE-2019-11815
DaveGamble/cJSON,https://github.com/DaveGamble/cJSON/commit/a43fa56a63920343d0ac8f8e73a6b0447867f459,a43fa56a63920343d0ac8f8e73a6b0447867f459,"['CWE-787', 'CWE-125']",CVE-2019-11835
nginx/njs,https://github.com/nginx/njs/commit/3515292d7791e706795f0957ed270472715907f0,3515292d7791e706795f0957ed270472715907f0,['CWE-189'],CVE-2019-11837
nginx/njs,https://github.com/nginx/njs/commit/b0f23dbc4d4713f65470272768ef79b7cb47db78,b0f23dbc4d4713f65470272768ef79b7cb47db78,['CWE-787'],CVE-2019-11838
ImageMagick,https://github.com/ImageMagick/ImageMagick/commit/4a8a6274f5e690f9106a998de9b8a8f3929402bc,4a8a6274f5e690f9106a998de9b8a8f3929402bc,['CWE-400'],CVE-2017-12806
torvalds/linux,https://github.com/torvalds/linux/commit/a1616a5ac99ede5d605047a9012481ce7ff18b16,a1616a5ac99ede5d605047a9012481ce7ff18b16,['CWE-Other'],CVE-2019-11884
torvalds/linux,https://github.com/torvalds/linux/commit/592acbf16821288ecdc4192c47e3774a4c48bb64,592acbf16821288ecdc4192c47e3774a4c48bb64,['CWE-908'],CVE-2019-11833
capstone-engine/capstone,https://github.com/capstone-engine/capstone/commit/87a25bb543c8e4c09b48d4b4a6c7db31ce58df06,87a25bb543c8e4c09b48d4b4a6c7db31ce58df06,['CWE-125'],CVE-2016-7151
memononen/nanosvg,https://github.com/memononen/nanosvg/commit/419782d3d16e88cfa0695aa0b86c956352846712,419782d3d16e88cfa0695aa0b86c956352846712,['CWE-787'],CVE-2019-1010258
torvalds/linux,https://github.com/torvalds/linux/commit/0ad646c81b2182f7fa67ec0c8c825e0ee165696d,0ad646c81b2182f7fa67ec0c8c825e0ee165696d,['CWE-476'],CVE-2018-7191
torvalds/linux,https://github.com/torvalds/linux/commit/5c25f65fd1e42685f7ccd80e0621829c105785d9,5c25f65fd1e42685f7ccd80e0621829c105785d9,['CWE-476'],CVE-2018-7191
nginx/njs,https://github.com/nginx/njs/commit/ee332a01a8a3e87e5787927318eecc214196376c,ee332a01a8a3e87e5787927318eecc214196376c,['CWE-787'],CVE-2019-12206
nginx/njs,https://github.com/nginx/njs/commit/d14fed64975e3168346038a5ce5e11534ad84b57,d14fed64975e3168346038a5ce5e11534ad84b57,['CWE-125'],CVE-2019-12207
nginx/njs,https://github.com/nginx/njs/commit/1f4c515f74a71df9d0a40bb786cce7467f0a904e,1f4c515f74a71df9d0a40bb786cce7467f0a904e,['CWE-787'],CVE-2019-12208
wireshark,https://github.com/wireshark/wireshark/commit/7b6e197da4c497e229ed3ebf6952bae5c426a820,7b6e197da4c497e229ed3ebf6952bae5c426a820,['CWE-674'],CVE-2019-12295
JayXon/Leanify,https://github.com/JayXon/Leanify/commit/6302c20acd4355fd60f791ac2027efcbd9c9f87d,6302c20acd4355fd60f791ac2027efcbd9c9f87d,['CWE-787'],CVE-2019-12298
ArtifexSoftware/ghostpdl,https://github.com/ArtifexSoftware/ghostpdl/commit/2fc463d0efbd044a8232611f0898eeb12b72a970,2fc463d0e,['CWE-200'],CVE-2017-15652
libreswan,https://github.com/libreswan/libreswan/commit/7142d2c37d58cf024595a7549f0fb0d3946682f8,7142d2c37d58cf024595a7549f0fb0d3946682f8,"['CWE-476', 'CWE-617']",CVE-2019-12312
qemu,https://github.com/qemu/qemu/commit/3be7eb2f47bf71db5f80fcf8750ea395dd5ffdd2,3be7eb2f47bf71db5f80fcf8750ea395dd5ffdd2,['CWE-476'],CVE-2019-12155
containers/bubblewrap,https://github.com/containers/bubblewrap/commit/efc89e3b939b4bde42c10f065f6b7b02958ed50e,efc89e3b939b4bde42c10f065f6b7b02958ed50e,['CWE-20'],CVE-2019-12439
GNOME/gvfs,https://github.com/GNOME/gvfs/commit/d7d362995aa0cb8905c8d5c2a2a4c305d2ffff80,d7d362995aa0cb8905c8d5c2a2a4c305d2ffff80,['CWE-Other'],CVE-2019-12447
GNOME/gvfs,https://github.com/GNOME/gvfs/commit/764e9af7522e3096c0f44613c330377d31c9bbb5,764e9af7522e3096c0f44613c330377d31c9bbb5,['CWE-362'],CVE-2019-12448
GNOME/gvfs,https://github.com/GNOME/gvfs/commit/409619412e11be146a31b9a99ed965925f1aabb8,409619412e11be146a31b9a99ed965925f1aabb8,['CWE-755'],CVE-2019-12449
GNOME/glib,https://github.com/GNOME/glib/commit/d8f8f4d637ce43f8699ba94c9b7648beda0ca174,d8f8f4d637ce43f8699ba94c9b7648beda0ca174,"['CWE-362', 'CWE-276']",CVE-2019-12450
google/google-api-cpp-client,https://github.com/google/google-api-cpp-client/commit/c62e7bcb3ae9d8ef1a94c2fbb143019d647f6304,c62e7bcb3ae9d8ef1a94c2fbb143019d647f6304,['CWE-754'],CVE-2018-20840
gpac,https://github.com/gpac/gpac/commit/f40aaaf959d4d1f7fa0dcd04c0666592e615c8f1,f40aaaf959d4d1f7fa0dcd04c0666592e615c8f1,"['CWE-787', 'CWE-476']",CVE-2019-12481
netblue30/firejail,https://github.com/netblue30/firejail/commit/faa1ec748bed88bce0e61f3149e82b4661ab761c,faa1ec748bed88bce0e61f3149e82b4661ab761c,['CWE-Other'],CVE-2019-12499
netblue30/firejail,https://github.com/netblue30/firejail/commit/fcba07c9dca8d50547d60ed85c9ed90ab624d7f9,fcba07c9dca8d50547d60ed85c9ed90ab624d7f9,['CWE-Other'],CVE-2019-12499
godotengine/godot,https://github.com/godotengine/godot/commit/65c7fd209947d5b2e080c9818b5a0df7c7d02440,65c7fd209947d5b2e080c9818b5a0df7c7d02440,['CWE-502'],CVE-2019-10069
netblue30/firejail,https://github.com/netblue30/firejail/commit/eecf35c2f8249489a1d3e512bb07f0d427183134,eecf35c2f8249489a1d3e512bb07f0d427183134,['CWE-732'],CVE-2019-12589
ffmpeg,https://github.com/FFmpeg/FFmpeg/commit/ed188f6dcdf0935c939ed813cf8745d50742014b,ed188f6dcdf0935c939ed813cf8745d50742014b,['CWE-908'],CVE-2019-12730
Yubico/pam-u2f,https://github.com/Yubico/pam-u2f/commit/7db3386fcdb454e33a3ea30dcfb8e8960d4c3aa3,7db3386fcdb454e33a3ea30dcfb8e8960d4c3aa3,['CWE-59'],CVE-2019-12209
Yubico/pam-u2f,https://github.com/Yubico/pam-u2f/commit/18b1914e32b74ff52000f10e97067e841e5fff62,18b1914e32b74ff52000f10e97067e841e5fff62,['CWE-Other'],CVE-2019-12210
neovim,https://github.com/neovim/neovim/commit/5e611f32841e746932fbcbea292ca502ed9e694b,5e611f32841e746932fbcbea292ca502ed9e694b,['CWE-78'],CVE-2019-12735
radareorg/radare2,https://github.com/radareorg/radare2/commit/e710401ebb4a892a87b0c709d709af8b5dcbbb01,e710401ebb4a892a87b0c709d709af8b5dcbbb01,['CWE-125'],CVE-2019-12790
GNOME/gvfs,https://github.com/GNOME/gvfs/commit/70dbfc68a79faac49bd3423e079cb6902522082a,70dbfc68a79faac49bd3423e079cb6902522082a,['CWE-276'],CVE-2019-12795
ArtifexSoftware/mujs,https://github.com/ArtifexSoftware/mujs/commit/7f50591861525f76e3ec7a63392656ff8c030af9,7f50591861525f76e3ec7a63392656ff8c030af9,['CWE-185'],CVE-2019-12798
radareorg/radare2,https://github.com/radareorg/radare2/commit/93af319e0af787ede96537d46210369f5c24240c,93af319e0af787ede96537d46210369f5c24240c,['CWE-416'],CVE-2019-12802
torvalds/linux,https://github.com/torvalds/linux/commit/58bdd544e2933a21a51eecf17c3f5f94038261b5,58bdd544e2933a21a51eecf17c3f5f94038261b5,['CWE-476'],CVE-2019-12818
torvalds/linux,https://github.com/torvalds/linux/commit/6ff7b060535e87c2ae14dd8548512abfdda528fb,6ff7b060535e87c2ae14dd8548512abfdda528fb,['CWE-416'],CVE-2019-12819
radareorg/radare2,https://github.com/radareorg/radare2/commit/b282620b7a8818910c42a29b8f0855a2d13eec14,b282620b7a8818910c42a29b8f0855a2d13eec14,['CWE-787'],CVE-2019-12829
JayXon/Leanify,https://github.com/JayXon/Leanify/commit/4e3ee35019c47fdde0375debce83d1248e111a3b,4e3ee35019c47fdde0375debce83d1248e111a3b,['CWE-787'],CVE-2019-12835
radareorg/radare2,https://github.com/radareorg/radare2/commit/40453029179d230cf02ffed205f2d63e33981b8f,40453029179d230cf02ffed205f2d63e33981b8f,['CWE-415'],CVE-2019-12865
php/php-src,https://github.com/php/php-src/commit/ed6dee9a198c904ad5e03113e58a2d2c200f5184,ed6dee9a198c904ad5e03113e58a2d2c200f5184,['CWE-908'],CVE-2019-11038
libgd,https://github.com/libgd/libgd/commit/e13a342c079aeb73e31dfa19eaca119761bac3f3,e13a342c079aeb73e31dfa19eaca119761bac3f3,['CWE-908'],CVE-2019-11038
php/php-src,https://github.com/php/php-src/commit/903b1828dcd68f7cf8b9177a3fe6f481bf627ba9,903b1828dcd68f7cf8b9177a3fe6f481bf627ba9,['CWE-908'],CVE-2019-11038
php/php-src,https://github.com/php/php-src/commit/70523ce41ff400ea00343a03f297332cb1f1b77b,70523ce41ff400ea00343a03f297332cb1f1b77b,"['CWE-190', 'CWE-125']",CVE-2019-11039
php/php-src,https://github.com/php/php-src/commit/73ff4193be24192c894dc0502d06e2b2db35eefb,73ff4193be24192c894dc0502d06e2b2db35eefb,['CWE-125'],CVE-2019-11040
gpg/libgcrypt,https://github.com/gpg/libgcrypt/commit/daedbbb5541cd8ecda1459d3b843ea4d92788762,daedbbb5541cd8ecda1459d3b843ea4d92788762,['CWE-668'],CVE-2019-12904
gpg/libgcrypt,https://github.com/gpg/libgcrypt/commit/a4c561aab1014c3630bc88faf6f5246fee16b020,a4c561aab1014c3630bc88faf6f5246fee16b020,['CWE-668'],CVE-2019-12904
cesanta/mongoose,https://github.com/cesanta/mongoose/commit/b3e0f780c34cea88f057a62213c012aa88fe2deb,b3e0f780c34cea88f057a62213c012aa88fe2deb,['CWE-787'],CVE-2019-12951
facebook/hhvm,https://github.com/facebook/hhvm/commit/97ef580ec2cca9a54da6f9bd9fdd9a455f6d74ed,97ef580ec2cca9a54da6f9bd9fdd9a455f6d74ed,['CWE-668'],CVE-2019-3569
uclouvain/openjpeg,https://github.com/uclouvain/openjpeg/commit/c5bd64ea146162967c29bd2af0cbb845ba3eaaaf,c5bd64ea146162967c29bd2af0cbb845ba3eaaaf,['CWE-369'],CVE-2018-20845
uclouvain/openjpeg,https://github.com/uclouvain/openjpeg/commit/c277159986c80142180fbe5efb256bbf3bdf3edc,c277159986c80142180fbe5efb256bbf3bdf3edc,['CWE-20'],CVE-2018-20846
uclouvain/openjpeg,https://github.com/uclouvain/openjpeg/commit/5d00b719f4b93b1445e6fb4c766b9a9883c57949,5d00b719f4b93b1445e6fb4c766b9a9883c57949,['CWE-190'],CVE-2018-20847
uclouvain/openjpeg,https://github.com/uclouvain/openjpeg/commit/c58df149900df862806d0e892859b41115875845,c58df149900df862806d0e892859b41115875845,['CWE-190'],CVE-2018-20847
torvalds/linux,https://github.com/torvalds/linux/commit/385097a3675749cbc9e97c085c0e5dfe4269ca51,385097a3675749cbc9e97c085c0e5dfe4269ca51,['CWE-476'],CVE-2019-12984
GNOME/glib,https://github.com/GNOME/glib/commit/5e4da714f00f6bfb2ccd6d73d61329c6f3a08429,5e4da714f00f6bfb2ccd6d73d61329c6f3a08429,['CWE-732'],CVE-2019-13012
GNOME/glib,https://github.com/GNOME/glib/commit/26c8b29ee12f20cf63866b87b9a3c41fab9153c5,26c8b29ee12f20cf63866b87b9a3c41fab9153c5,['CWE-732'],CVE-2019-13012
GNOME/glib,https://github.com/GNOME/glib/commit/c63e3a4ada9852138042cb69441644bfe06ac430,c63e3a4ada9852138042cb69441644bfe06ac430,['CWE-732'],CVE-2019-13012
Uninett/mod_auth_mellon,https://github.com/Uninett/mod_auth_mellon/commit/9d28908e28ef70a12196c215503fb0075e1fd7f3,9d28908e28ef70a12196c215503fb0075e1fd7f3,['CWE-601'],CVE-2019-13038
nginx/njs,https://github.com/nginx/njs/commit/f15fb784bbc537917cf59a5de922131fc5c18431,f15fb784bbc537917cf59a5de922131fc5c18431,['CWE-125'],CVE-2019-13067
Exiv2/exiv2,https://github.com/Exiv2/exiv2/commit/206c357048bb52286313e3b042ddbfd528c3bcc8,206c357048bb52286313e3b042ddbfd528c3bcc8,['CWE-190'],CVE-2019-13108
Exiv2/exiv2,https://github.com/Exiv2/exiv2/commit/5d1d6981229b5e44401bf5c503100553fc7d877a,5d1d6981229b5e44401bf5c503100553fc7d877a,['CWE-190'],CVE-2019-13108
Exiv2/exiv2,https://github.com/Exiv2/exiv2/commit/491c3ebe3b3faa6d8f75fb28146186792c2439da,491c3ebe3b3faa6d8f75fb28146186792c2439da,['CWE-190'],CVE-2019-13109
Exiv2/exiv2,https://github.com/Exiv2/exiv2/commit/f7253d44da08b082781267f855cda172f75d7869,f7253d44da08b082781267f855cda172f75d7869,"['CWE-190', 'CWE-125']",CVE-2019-13110
Exiv2/exiv2,https://github.com/Exiv2/exiv2/commit/390fdfa4879ac9f54e32407b45c00b61600e750f,390fdfa4879ac9f54e32407b45c00b61600e750f,['CWE-617'],CVE-2019-13113
GNOME/libxslt,https://github.com/GNOME/libxslt/commit/c5eb6cf3aba0af048596106ed839b4ae17ecbcb1,c5eb6cf3aba0af048596106ed839b4ae17ecbcb1,['CWE-908'],CVE-2019-13117
GNOME/libxslt,https://github.com/GNOME/libxslt/commit/6ce8de69330783977dd14f6569419489875fb71b,6ce8de69330783977dd14f6569419489875fb71b,['CWE-843'],CVE-2019-13118
linuxdeepin/deepin-clone,https://github.com/linuxdeepin/deepin-clone/commit/e079f3e2712b4f8c28e3e63e71ba1a1f90fce1ab,e079f3e2712b4f8c28e3e63e71ba1a1f90fce1ab,"['CWE-362', 'CWE-59']",CVE-2019-13226
torvalds/linux,https://github.com/torvalds/linux/commit/de9f869616dd95e95c00bdd6b0fcd3421e8a4323,de9f869616dd95e95c00bdd6b0fcd3421e8a4323,"['CWE-362', 'CWE-416']",CVE-2019-13233
ArtifexSoftware/mupdf,https://github.com/ArtifexSoftware/mupdf/commit/aaf794439e40a2ef544f15b50c20e657414dec7a,aaf794439e40a2ef544f15b50c20e657414dec7a,['CWE-787'],CVE-2019-13290
ArtifexSoftware/mupdf,https://github.com/ArtifexSoftware/mupdf/commit/ed19bc806809ad10c4ddce515d375581b86ede85,ed19bc806809ad10c4ddce515d375581b86ede85,['CWE-787'],CVE-2019-13290
ImageMagick/ImageMagick6,https://github.com/ImageMagick/ImageMagick6/commit/55e6dc49f1a381d9d511ee2f888fdc3e3c3e3953,55e6dc49f1a381d9d511ee2f888fdc3e3c3e3953,['CWE-125'],CVE-2019-13295
ImageMagick/ImageMagick6,https://github.com/ImageMagick/ImageMagick6/commit/35c7032723d85eee7318ff6c82f031fa2666b773,35c7032723d85eee7318ff6c82f031fa2666b773,['CWE-125'],CVE-2019-13297
ImageMagick/ImageMagick6,https://github.com/ImageMagick/ImageMagick6/commit/5e409ae7a389cdf2ed17469303be3f3f21cec450,5e409ae7a389cdf2ed17469303be3f3f21cec450,['CWE-787'],CVE-2019-13300
squid-cache/squid,https://github.com/squid-cache/squid/commit/8619907c06707d13d2714833a802692138325e34,8619907c06707d13d2714833a802692138325e34,['CWE-79'],CVE-2019-13345
jackaudio/jack2,https://github.com/jackaudio/jack2/commit/994e225bbb07a89f56147f7ce7d59beb49f8cfba,994e225bbb07a89f56147f7ce7d59beb49f8cfba,['CWE-Other'],CVE-2019-13351
torvalds/linux,https://github.com/torvalds/linux/commit/55f0fc7a02de8f12757f4937143d8d5091b2e40b,55f0fc7a02de8f12757f4937143d8d5091b2e40b,['CWE-326'],CVE-2019-10638
torvalds/linux,https://github.com/torvalds/linux/commit/355b98553789b646ed97ad801a619ff898471b92,355b98553789b646ed97ad801a619ff898471b92,['CWE-326'],CVE-2019-10638
torvalds/linux,https://github.com/torvalds/linux/commit/df453700e8d81b1bdafdf684365ee2b9431fb702,df453700e8d81b1bdafdf684365ee2b9431fb702,['CWE-326'],CVE-2019-10638
michaelrsweet/codedoc,https://github.com/michaelrsweet/codedoc/commit/19532db97af1eccb1ed74b7ea4c41eb822ae9964,19532db97af1eccb1ed74b7ea4c41eb822ae9964,['CWE-787'],CVE-2019-13362
ImageMagick/ImageMagick6,https://github.com/ImageMagick/ImageMagick6/commit/f6ffc702c6eecd963587273a429dcd608c648984,f6ffc702c6eecd963587273a429dcd608c648984,['CWE-125'],CVE-2019-13391
kkos/oniguruma,https://github.com/kkos/oniguruma/commit/0f7f61ed1b7b697e283e37bd2d731d0bd57adb55,0f7f61ed1b7b697e283e37bd2d731d0bd57adb55,['CWE-416'],CVE-2019-13224
kkos/oniguruma,https://github.com/kkos/oniguruma/commit/c509265c5f6ae7264f7b8a8aae1cfa5fc59d108c,c509265c5f6ae7264f7b8a8aae1cfa5fc59d108c,['CWE-476'],CVE-2019-13225
cesanta/mongoose,https://github.com/cesanta/mongoose/commit/82beafb56e94655ef44e84a618afa83c42476d85,82beafb56e94655ef44e84a618afa83c42476d85,['CWE-125'],CVE-2019-13503
dbry/WavPack,https://github.com/dbry/WavPack/commit/4c0faba32fddbd0745cbfaf1e1aeb3da5d35b9fc,4c0faba32fddbd0745cbfaf1e1aeb3da5d35b9fc,['CWE-369'],CVE-2019-1010315
dbry/WavPack,https://github.com/dbry/WavPack/commit/f68a9555b548306c5b1ee45199ccdc4a16a6101b,f68a9555b548306c5b1ee45199ccdc4a16a6101b,['CWE-908'],CVE-2019-1010317
dbry/WavPack,https://github.com/dbry/WavPack/commit/33a0025d1d63ccd05d9dbaa6923d52b1446a62fe,33a0025d1d63ccd05d9dbaa6923d52b1446a62fe,['CWE-908'],CVE-2019-1010319
kyz/libmspack,https://github.com/kyz/libmspack/commit/2f084136cfe0d05e5bf5703f3e83c6d955234b4d,2f084136cfe0d05e5bf5703f3e83c6d955234b4d,['CWE-119'],CVE-2019-1010305
archivesunleashed/graphpass,https://github.com/archivesunleashed/graphpass/commit/f407fd23a2d03cd6d1c25da76b1a571126ea8d96,f407fd23a2d03cd6d1c25da76b1a571126ea8d96,['CWE-787'],CVE-2019-1010044
OP-TEE/optee_os,https://github.com/OP-TEE/optee_os/commit/95f36d661f2b75887772ea28baaad904bde96970,95f36d661f2b75887772ea28baaad904bde96970,['CWE-787'],CVE-2019-1010293
OP-TEE/optee_os,https://github.com/OP-TEE/optee_os/commit/7e768f8a473409215fe3fff8f6e31f8a3a0103c6,7e768f8a473409215fe3fff8f6e31f8a3a0103c6,['CWE-189'],CVE-2019-1010294
OP-TEE/optee_os,https://github.com/OP-TEE/optee_os/commit/d5c5b0b77b2b589666024d219a8007b3f5b6faeb,d5c5b0b77b2b589666024d219a8007b3f5b6faeb,"['CWE-787', 'CWE-125', 'CWE-20']",CVE-2019-1010295
OP-TEE/optee_os,https://github.com/OP-TEE/optee_os/commit/b60e1cee406a1ff521145ab9534370dfb85dd592,b60e1cee406a1ff521145ab9534370dfb85dd592,"['CWE-787', 'CWE-190']",CVE-2019-1010296
OP-TEE/optee_os,https://github.com/OP-TEE/optee_os/commit/a637243270fc1faae16de059091795c32d86e65e,a637243270fc1faae16de059091795c32d86e65e,"['CWE-787', 'CWE-190']",CVE-2019-1010297
OP-TEE/optee_os,https://github.com/OP-TEE/optee_os/commit/70697bf3c5dc3d201341b01a1a8e5bc6d2fb48f8,70697bf3c5dc3d201341b01a1a8e5bc6d2fb48f8,"['CWE-787', 'CWE-190']",CVE-2019-1010298
mz-automation/libiec61850,https://github.com/mz-automation/libiec61850/commit/0b2d97c7383b6aff0057eafcdf2281f717ba0d1a,0b2d97c7383b6aff0057eafcdf2281f717ba0d1a,['CWE-119'],CVE-2019-1010300
phaag/nfdump,https://github.com/phaag/nfdump/commit/9f0fe9563366f62a71d34c92229da3432ec5cf0e,9f0fe9563366f62a71d34c92229da3432ec5cf0e,['CWE-787'],CVE-2019-1010057
OP-TEE/optee_os,https://github.com/OP-TEE/optee_os/commit/e3adcf566cb278444830e7badfdcc3983e334fd1,e3adcf566cb278444830e7badfdcc3983e334fd1,['CWE-787'],CVE-2019-1010292
Matroska-Org/libebml,https://github.com/Matroska-Org/libebml/commit/05beb69ba60acce09f73ed491bb76f332849c3a0,05beb69ba60acce09f73ed491bb76f332849c3a0,['CWE-125'],CVE-2019-13615
Matroska-Org/libebml,https://github.com/Matroska-Org/libebml/commit/b66ca475be967547af9a3784e720fbbacd381be6,b66ca475be967547af9a3784e720fbbacd381be6,['CWE-125'],CVE-2019-13615
nginx/njs,https://github.com/nginx/njs/commit/ee400ea880dc46bb02c4be2564b183c114d4cd42,ee400ea880dc46bb02c4be2564b183c114d4cd42,['CWE-125'],CVE-2019-13617
gpac,https://github.com/gpac/gpac/commit/c23d54ed15a70b4543e3191e6ead5097cda0878b,c23d54ed15a70b4543e3191e6ead5097cda0878b,['CWE-125'],CVE-2019-13618
libssh2,https://github.com/libssh2/libssh2/commit/5929e269990fcf923fc5371b78a63b39c9fa7048,5929e269990fcf923fc5371b78a63b39c9fa7048,"['CWE-190', 'CWE-125']",CVE-2019-13115
libssh2,https://github.com/libssh2/libssh2/commit/b4289eeb84057d3d5e041af72af000a80b4f40d6,b4289eeb84057d3d5e041af72af000a80b4f40d6,"['CWE-190', 'CWE-125']",CVE-2019-13115
torvalds/linux,https://github.com/torvalds/linux/commit/6994eefb0053799d2e07cd140df6c2ea106c41ee,6994eefb0053799d2e07cd140df6c2ea106c41ee,['CWE-269'],CVE-2019-13272
wireshark,https://github.com/wireshark/wireshark/commit/7e90aed666e809c0db5de9d1816802a7dcea28d9,7e90aed666e809c0db5de9d1816802a7dcea28d9,['CWE-119'],CVE-2019-13619
univention/univention-corporate-server,https://github.com/univention/univention-corporate-server/commit/a28053045bd2e778c50ed1acaf4e52e1e34f6e34,a28053045bd2e778c50ed1acaf4e52e1e34f6e34,['CWE-200'],CVE-2019-1010283
qbittorrent/qBittorrent,https://github.com/qbittorrent/qBittorrent/commit/a610c8567e55516231d199b551e0e7e2dca70cbf,a610c8567e55516231d199b551e0e7e2dca70cbf,['CWE-78'],CVE-2019-13640
lewdlime/abcm2ps,https://github.com/lewdlime/abcm2ps/commit/08aef597656d065e86075f3d53fda89765845eae,08aef597656d065e86075f3d53fda89765845eae,['CWE-119'],CVE-2019-1010069
OISF/suricata,https://github.com/OISF/suricata/commit/11f3659f64a4e42e90cb3c09fcef66894205aefe,11f3659f64a4e42e90cb3c09fcef66894205aefe,['CWE-20'],CVE-2019-1010251
OISF/suricata,https://github.com/OISF/suricata/commit/8357ef3f8ffc7d99ef6571350724160de356158b,8357ef3f8ffc7d99ef6571350724160de356158b,['CWE-20'],CVE-2019-1010251
OISF/suricata,https://github.com/OISF/suricata/commit/d8634daf74c882356659addb65fb142b738a186b,d8634daf74c882356659addb65fb142b738a186b,['CWE-347'],CVE-2019-1010279
OpenIDC/mod_auth_openidc,https://github.com/OpenIDC/mod_auth_openidc/commit/132a4111bf3791e76437619a66336dce2ce4c79b,132a4111bf3791e76437619a66336dce2ce4c79b,['CWE-79'],CVE-2019-1010247
GNOME/pango,https://github.com/GNOME/pango/commit/490f8979a260c16b1df055eab386345da18a2d54,490f8979a260c16b1df055eab386345da18a2d54,['CWE-787'],CVE-2019-1010238
DaveGamble/cJSON,https://github.com/DaveGamble/cJSON/commit/be749d7efa7c9021da746e685bd6dec79f9dd99b,be749d7efa7c9021da746e685bd6dec79f9dd99b,"['CWE-476', 'CWE-754']",CVE-2019-1010239
proftpd,https://github.com/proftpd/proftpd/commit/71cd49ea82313f78d52a52d0c628a3770dc96608,71cd49ea82313f78d52a52d0c628a3770dc96608,['CWE-755'],CVE-2019-12815
haproxy,https://github.com/haproxy/haproxy/commit/f0f42389772b2303b162e929449a36b33e181c5f,f0f42389772b2303b162e929449a36b33e181c5f,['CWE-835'],CVE-2019-14241
jerryscript-project/jerryscript,https://github.com/jerryscript-project/jerryscript/commit/675047d389d4846bd4d88d5006f9e4a506770659,675047d389d4846bd4d88d5006f9e4a506770659,['CWE-787'],CVE-2019-1010176
facebook/proxygen,https://github.com/facebook/proxygen/commit/2f07985bef9fbae124cc63e5c0272e32da4fdaec,2f07985bef9fbae124cc63e5c0272e32da4fdaec,['CWE-787'],CVE-2019-11921
facebook/zstd,https://github.com/facebook/zstd/commit/3e5cdf1b6a85843e991d7d10f6a2567c15580da0,3e5cdf1b6a85843e991d7d10f6a2567c15580da0,['CWE-362'],CVE-2019-11922
torvalds/linux,https://github.com/torvalds/linux/commit/6acb47d1a318e5b3b7115354ebc4ea060c59d3a1,6acb47d1a318e5b3b7115354ebc4ea060c59d3a1,['CWE-125'],CVE-2018-20854
torvalds/linux,https://github.com/torvalds/linux/commit/0625b4ba1a5d4703c7fb01c497bd6c156908af00,0625b4ba1a5d4703c7fb01c497bd6c156908af00,['CWE-119'],CVE-2018-20855
torvalds/linux,https://github.com/torvalds/linux/commit/54648cf1ec2d7f4b6a71767799c45676a138ca24,54648cf1ec2d7f4b6a71767799c45676a138ca24,['CWE-416'],CVE-2018-20856
torvalds/linux,https://github.com/torvalds/linux/commit/da99466ac243f15fbba65bd261bfc75ffa1532b6,da99466ac243f15fbba65bd261bfc75ffa1532b6,"['CWE-190', 'CWE-125']",CVE-2019-14283
torvalds/linux,https://github.com/torvalds/linux/commit/f3554aeb991214cbfafd17d55e2bfddb50282e32,f3554aeb991214cbfafd17d55e2bfddb50282e32,['CWE-369'],CVE-2019-14284
upx,https://github.com/upx/upx/commit/6a53c0b3d499d62346a5c51034db543a4ef78ea3,6a53c0b3d499d62346a5c51034db543a4ef78ea3,['CWE-190'],CVE-2019-14295
upx,https://github.com/upx/upx/commit/276b748aa6021c38a2dc699153f61b10e76bc3d2,276b748aa6021c38a2dc699153f61b10e76bc3d2,['CWE-119'],CVE-2019-14296
torvalds/linux,https://github.com/torvalds/linux/commit/2a2f11c227bdf292b3a2900ad04139d301b56ac4,2a2f11c227bdf292b3a2900ad04139d301b56ac4,['CWE-119'],CVE-2007-6762
torvalds/linux,https://github.com/torvalds/linux/commit/0031c41be5c529f8329e327b63cde92ba1284842,0031c41be5c529f8329e327b63cde92ba1284842,['CWE-193'],CVE-2010-5331
torvalds/linux,https://github.com/torvalds/linux/commit/0926f91083f34d047abc74f1ca4fa6a9c161f7db,0926f91083f34d047abc74f1ca4fa6a9c161f7db,['CWE-119'],CVE-2010-5332
torvalds/linux,https://github.com/torvalds/linux/commit/12f09ccb4612734a53e47ed5302e0479c10a50f8,12f09ccb4612734a53e47ed5302e0479c10a50f8,['CWE-119'],CVE-2011-5327
torvalds/linux,https://github.com/torvalds/linux/commit/2da424b0773cea3db47e1e81db71eeebde8269d4,2da424b0773cea3db47e1e81db71eeebde8269d4,['CWE-119'],CVE-2012-6712
torvalds/linux,https://github.com/torvalds/linux/commit/1fa2337a315a2448c5434f41e00d56b01a22283c,1fa2337a315a2448c5434f41e00d56b01a22283c,['CWE-125'],CVE-2015-9289
torvalds/linux,https://github.com/torvalds/linux/commit/193e87143c290ec16838f5368adc0e0bc94eb931,193e87143c290ec16838f5368adc0e0bc94eb931,['CWE-119'],CVE-2016-10764
torvalds/linux,https://github.com/torvalds/linux/commit/0c319d3a144d4b8f1ea2047fd614d2149b68f889,0c319d3a144d4b8f1ea2047fd614d2149b68f889,['CWE-119'],CVE-2017-18379
troglobit/ssdp-responder,https://github.com/troglobit/ssdp-responder/commit/ce04b1f29a137198182f60bbb628d5ceb8171765,ce04b1f29a137198182f60bbb628d5ceb8171765,"['CWE-193', 'CWE-787']",CVE-2019-14323
Sigil-Ebook/Sigil,https://github.com/Sigil-Ebook/Sigil/commit/04e2f280cc4a0766bedcc7b9eb56449ceecc2ad4,04e2f280cc4a0766bedcc7b9eb56449ceecc2ad4,['CWE-22'],CVE-2019-14452
Sigil-Ebook/Sigil,https://github.com/Sigil-Ebook/Sigil/commit/369eebe936e4a8c83cc54662a3412ce8bef189e4,369eebe936e4a8c83cc54662a3412ce8bef189e4,['CWE-22'],CVE-2019-14452
Sigil-Ebook/Sigil,https://github.com/Sigil-Ebook/Sigil/commit/0979ba8d10c96ebca330715bfd4494ea0e019a8f,0979ba8d10c96ebca330715bfd4494ea0e019a8f,['CWE-22'],CVE-2019-14452
phaag/nfdump,https://github.com/phaag/nfdump/commit/3b006ededaf351f1723aea6c727c9edd1b1fff9b,3b006ededaf351f1723aea6c727c9edd1b1fff9b,['CWE-190'],CVE-2019-14459
stephane/libmodbus,https://github.com/stephane/libmodbus/commit/5ccdf5ef79d742640355d1132fa9e2abc7fbaefc,5ccdf5ef79d742640355d1132fa9e2abc7fbaefc,['CWE-125'],CVE-2019-14462
milkytracker/MilkyTracker,https://github.com/milkytracker/MilkyTracker/commit/fd607a3439fcdd0992e5efded3c16fc79c804e34,fd607a3439fcdd0992e5efded3c16fc79c804e34,['CWE-787'],CVE-2019-14464
schismtracker,https://github.com/schismtracker/schismtracker/commit/b78e8d32883f8a865035436af4fa6d541b6ebb42,b78e8d32883f8a865035436af4fa6d541b6ebb42,['CWE-787'],CVE-2019-14465
milkytracker/MilkyTracker,https://github.com/milkytracker/MilkyTracker/commit/ea7772a3fae0a9dd0a322e8fec441d15843703b7,ea7772a3fae0a9dd0a322e8fec441d15843703b7,['CWE-787'],CVE-2019-14496
schismtracker,https://github.com/schismtracker/schismtracker/commit/c8986a876959a9d282e882d782af351a86e4034c,c8986a876959a9d282e882d782af351a86e4034c,['CWE-191'],CVE-2019-14523
schismtracker,https://github.com/schismtracker/schismtracker/commit/fdf97895fc74f30ab5ef45bf1bdb0516603aea86,fdf97895fc74f30ab5ef45bf1bdb0516603aea86,['CWE-787'],CVE-2019-14524
schismtracker,https://github.com/schismtracker/schismtracker/commit/2bec16c06dd8217e9a13c0a11a8cffef056ba654,2bec16c06dd8217e9a13c0a11a8cffef056ba654,['CWE-787'],CVE-2019-14524
adplug,https://github.com/adplug/adplug/commit/b48ac59168a478e673ebf6b1aad09b8b80027e2e,b48ac59168a478e673ebf6b1aad09b8b80027e2e,['CWE-787'],CVE-2019-14691
adplug,https://github.com/adplug/adplug/commit/b5fb32c5d2af4444525cad2adef0bd63a9b5b414,b5fb32c5d2af4444525cad2adef0bd63a9b5b414,['CWE-787'],CVE-2019-14692
adplug,https://github.com/adplug/adplug/commit/30ddcfe9bd1cce3e02f8135961bceb411419dbdb,30ddcfe9bd1cce3e02f8135961bceb411419dbdb,['CWE-787'],CVE-2019-14732
adplug,https://github.com/adplug/adplug/commit/cb715174f95187bf544c11ca2a2ecd091b7fbb8a,cb715174f95187bf544c11ca2a2ecd091b7fbb8a,['CWE-787'],CVE-2019-14733
adplug,https://github.com/adplug/adplug/commit/8342139c09178823dba3f3bbd8b53d0ea0c72de9,8342139c09178823dba3f3bbd8b53d0ea0c72de9,['CWE-787'],CVE-2019-14734
torvalds/linux,https://github.com/torvalds/linux/commit/7fafcfdf6377b18b2a726ea554d6e593ba44349f,7fafcfdf6377b18b2a726ea554d6e593ba44349f,['CWE-415'],CVE-2018-20961
radareorg/radare2,https://github.com/radareorg/radare2/commit/f0c6dfa7a3eaad6a4a684ebfac0b2d282266adf9,f0c6dfa7a3eaad6a4a684ebfac0b2d282266adf9,['CWE-77'],CVE-2019-14745
torvalds/linux,https://github.com/torvalds/linux/commit/c91815b596245fd7da349ecc43c8def670d2269e,c91815b596245fd7da349ecc43c8def670d2269e,['CWE-667'],CVE-2019-14763
torvalds/linux,https://github.com/torvalds/linux/commit/072684e8c58d17e853f8e8b9f6d9ce2e58d2b036,072684e8c58d17e853f8e8b9f6d9ce2e58d2b036,['CWE-667'],CVE-2019-14763
php/php-src,https://github.com/php/php-src/commit/f22101c8308669bb63c03a73a2cac2408d844f38,f22101c8308669bb63c03a73a2cac2408d844f38,['CWE-125'],CVE-2019-11041
php/php-src,https://github.com/php/php-src/commit/e648fa4699e8d072db6db34fcc09826e8127fab8,e648fa4699e8d072db6db34fcc09826e8127fab8,['CWE-125'],CVE-2019-11042
enferex/pdfresurrect,https://github.com/enferex/pdfresurrect/commit/0c4120fffa3dffe97b95c486a120eded82afe8a6,0c4120fffa3dffe97b95c486a120eded82afe8a6,['CWE-787'],CVE-2019-14934
ImageMagick/ImageMagick6,https://github.com/ImageMagick/ImageMagick6/commit/614a257295bdcdeda347086761062ac7658b6830,614a257295bdcdeda347086761062ac7658b6830,['CWE-416'],CVE-2019-14980
Exiv2/exiv2,https://github.com/Exiv2/exiv2/commit/e925bc5addd881543fa503470c8a859e112cca62,e925bc5addd881543fa503470c8a859e112cca62,['CWE-190'],CVE-2019-14982
torvalds/linux,https://github.com/torvalds/linux/commit/99253eb750fda6a644d5188fb26c43bad8d5a745,99253eb750fda6a644d5188fb26c43bad8d5a745,['CWE-20'],CVE-2017-18509
ArtifexSoftware/mupdf,https://github.com/ArtifexSoftware/mupdf/commit/97096297d409ec6f206298444ba00719607e8ba8,97096297d409ec6f206298444ba00719607e8ba8,['CWE-125'],CVE-2019-14975
nothings/stb,https://github.com/nothings/stb/commit/98fdfc6df88b1e34a736d5e126e6c8139c8de1a6,98fdfc6df88b1e34a736d5e126e6c8139c8de1a6,"['CWE-369', 'CWE-476', 'CWE-787', 'CWE-125', 'CWE-617', 'CWE-908']",CVE-2019-13217
torvalds/linux,https://github.com/torvalds/linux/commit/c09581a52765a85f19fc35340127396d5e3379cc,c09581a52765a85f19fc35340127396d5e3379cc,['CWE-125'],CVE-2019-15090
RIOT-OS/RIOT,https://github.com/RIOT-OS/RIOT/commit/c6df2064aff1ffb4015d4cedbaefb8850cb50aa8,c6df2064aff1ffb4015d4cedbaefb8850cb50aa8,['CWE-401'],CVE-2019-15134
adplug,https://github.com/adplug/adplug/commit/e8814f46ec2285a32eed47cbaea691030da67637,e8814f46ec2285a32eed47cbaea691030da67637,['CWE-415'],CVE-2019-15151
facebookincubator/fizz,https://github.com/facebookincubator/fizz/commit/3eaddb33619eaaf74a760872850c550ad8f5c52f,3eaddb33619eaaf74a760872850c550ad8f5c52f,['CWE-770'],CVE-2019-11924
facebookincubator/fizz,https://github.com/facebookincubator/fizz/commit/6bf67137ef1ee5cd70c842b014c322b7deaf994b,6bf67137ef1ee5cd70c842b014c322b7deaf994b,['CWE-770'],CVE-2019-11924
knik0/faad2,https://github.com/knik0/faad2/commit/942c3e0aee748ea6fe97cb2c1aa5893225316174,942c3e0aee748ea6fe97cb2c1aa5893225316174,['CWE-119'],CVE-2019-15296
swoole/swoole-src,https://github.com/swoole/swoole-src/commit/a37b20878592951f4e8e7274b38bbb6e94af7e42,a37b20878592951f4e8e7274b38bbb6e94af7e42,['CWE-22'],CVE-2019-15518
swoole/swoole-src,https://github.com/swoole/swoole-src/commit/32791110749d7b57ee3007af58411823bf6f5789,32791110749d7b57ee3007af58411823bf6f5789,['CWE-22'],CVE-2019-15518
torvalds/linux,https://github.com/torvalds/linux/commit/1fb254aa983bf190cfd685d40c64a480a9bafaee,1fb254aa983bf190cfd685d40c64a480a9bafaee,['CWE-400'],CVE-2019-15538
openbsd/src,https://github.com/openbsd/src/commit/ed8fdce754a5d8d14c09e989d8877707bd43906f,ed8fdce754a5d8d14c09e989d8877707bd43906f,['CWE-1049'],CVE-2019-8460
wolfSSL/wolfssl,https://github.com/wolfSSL/wolfssl/commit/c6e4aebcdff4e774c94953ffe9de7ce287c54f4f,c6e4aebcdff4e774c94953ffe9de7ce287c54f4f,['CWE-125'],CVE-2019-15651
RIOT-OS/RIOT,https://github.com/RIOT-OS/RIOT/commit/9764697a3b21ea4c7c0d33ce4e3a83d2da620a1a,9764697a3b21ea4c7c0d33ce4e3a83d2da620a1a,['CWE-835'],CVE-2019-15702
zephyrproject-rtos/zephyr,https://github.com/zephyrproject-rtos/zephyr/commit/c55722b22e58c5337c36cc21159330735cb64603,c55722b22e58c5337c36cc21159330735cb64603,['CWE-416'],CVE-2017-14201
wireshark,https://github.com/wireshark/wireshark/commit/66417b17b3570b163a16ca81f71ce5bcb10548d2,66417b17b3570b163a16ca81f71ce5bcb10548d2,"['CWE-20', 'CWE-Other']",CVE-2016-4083
varnish/Varnish-Cache,https://github.com/varnish/Varnish-Cache/commit/29870c8fe95e4e8a672f6f28c5fbe692bea09e9c,29870c8fe95e4e8a672f6f28c5fbe692bea09e9c,['CWE-Other'],CVE-2015-8852
varnish/Varnish-Cache,https://github.com/varnish/Varnish-Cache/commit/85e8468bec9416bd7e16b0d80cb820ecd2b330c3,85e8468bec9416bd7e16b0d80cb820ecd2b330c3,['CWE-Other'],CVE-2015-8852
torvalds/linux,https://github.com/torvalds/linux/commit/2c5816b4beccc8ba709144539f6fdd764f8fa49c,2c5816b4beccc8ba709144539f6fdd764f8fa49c,['CWE-399'],CVE-2015-1339
torvalds/linux,https://github.com/torvalds/linux/commit/8e20cf2bce122ce9262d6034ee5d5b76fbb92f96,8e20cf2bce122ce9262d6034ee5d5b76fbb92f96,['CWE-476'],CVE-2015-7515
torvalds/linux,https://github.com/torvalds/linux/commit/67f1aee6f45059fd6b0f5b0ecb2c97ad0451f6b3,67f1aee6f45059fd6b0f5b0ecb2c97ad0451f6b3,['CWE-Other'],CVE-2015-8812
torvalds/linux,https://github.com/torvalds/linux/commit/e50293ef9775c5f1cf3fcc093037dd6a8c5684ea,e50293ef9775c5f1cf3fcc093037dd6a8c5684ea,['CWE-Other'],CVE-2015-8816
torvalds/linux,https://github.com/torvalds/linux/commit/d2b9d2a5ad5ef04ff978c9923d19730cb05efd55,d2b9d2a5ad5ef04ff978c9923d19730cb05efd55,['CWE-20'],CVE-2015-8844
torvalds/linux,https://github.com/torvalds/linux/commit/7f821fc9c77a9b01fe7b1d6e72717b33d8d64142,7f821fc9c77a9b01fe7b1d6e72717b33d8d64142,['CWE-284'],CVE-2015-8845
torvalds/linux,https://github.com/torvalds/linux/commit/71b3c126e61177eb693423f2e18a1914205b165e,71b3c126e61177eb693423f2e18a1914205b165e,['CWE-362'],CVE-2016-2069
torvalds/linux,https://github.com/torvalds/linux/commit/613317bd212c585c20796c10afe5daaa95d4b0a1,613317bd212c585c20796c10afe5daaa95d4b0a1,['CWE-19'],CVE-2016-2085
torvalds/linux,https://github.com/torvalds/linux/commit/3446c13b268af86391d06611327006b059b8bab1,3446c13b268af86391d06611327006b059b8bab1,['CWE-20'],CVE-2016-2143
torvalds/linux,https://github.com/torvalds/linux/commit/0f886ca12765d20124bd06291c82951fd49a33be,0f886ca12765d20124bd06291c82951fd49a33be,['CWE-Other'],CVE-2016-2184
torvalds/linux,https://github.com/torvalds/linux/commit/a1b14d27ed0965838350f1377ff97c93ee383492,a1b14d27ed0965838350f1377ff97c93ee383492,['CWE-Other'],CVE-2016-2383
torvalds/linux,https://github.com/torvalds/linux/commit/07d86ca93db7e5cdf4743564d98292042ec21af7,07d86ca93db7e5cdf4743564d98292042ec21af7,['CWE-Other'],CVE-2016-2384
torvalds/linux,https://github.com/torvalds/linux/commit/030e2c78d3a91dd0d27fef37e91950dde333eba1,030e2c78d3a91dd0d27fef37e91950dde333eba1,['CWE-Other'],CVE-2016-2543
torvalds/linux,https://github.com/torvalds/linux/commit/3567eb6af614dac436c4b16a8d426f9faed639b3,3567eb6af614dac436c4b16a8d426f9faed639b3,['CWE-362'],CVE-2016-2544
torvalds/linux,https://github.com/torvalds/linux/commit/ee8413b01045c74340aa13ad5bdf905de32be736,ee8413b01045c74340aa13ad5bdf905de32be736,['CWE-362'],CVE-2016-2545
torvalds/linux,https://github.com/torvalds/linux/commit/af368027a49a751d6ff4ee9e3f9961f35bb4fede,af368027a49a751d6ff4ee9e3f9961f35bb4fede,['CWE-362'],CVE-2016-2546
torvalds/linux,https://github.com/torvalds/linux/commit/b5a663aa426f4884c71cd8580adae73f33570f0d,b5a663aa426f4884c71cd8580adae73f33570f0d,"['CWE-362', 'CWE-20']",CVE-2016-2547
torvalds/linux,https://github.com/torvalds/linux/commit/2ba1fe7a06d3624f9a7586d672b55f08f7c670f3,2ba1fe7a06d3624f9a7586d672b55f08f7c670f3,['CWE-20'],CVE-2016-2549
torvalds/linux,https://github.com/torvalds/linux/commit/415e3d3e90ce9e18727e8843ae343eda5a58fad6,415e3d3e90ce9e18727e8843ae343eda5a58fad6,['CWE-399'],CVE-2016-2550
torvalds/linux,https://github.com/torvalds/linux/commit/cac9b50b0d75a1d50d6c056ff65c005f3224c8e0,cac9b50b0d75a1d50d6c056ff65c005f3224c8e0,['CWE-476'],CVE-2016-2782
torvalds/linux,https://github.com/torvalds/linux/commit/759c01142a5d0f364a462346168a56de28a80f52,759c01142a5d0f364a462346168a56de28a80f52,['CWE-399'],CVE-2016-2847
torvalds/linux,https://github.com/torvalds/linux/commit/54d83fc74aa9ec72794373cb47432c5f7fb1a309,54d83fc74aa9ec72794373cb47432c5f7fb1a309,['CWE-119'],CVE-2016-3134
torvalds/linux,https://github.com/torvalds/linux/commit/d157bd761585605b7882935ffb86286919f62ea1,d157bd761585605b7882935ffb86286919f62ea1,['CWE-189'],CVE-2016-3135
torvalds/linux,https://github.com/torvalds/linux/commit/fbd40ea0180a2d328c5adc61414dc8bab9335ce2,fbd40ea0180a2d328c5adc61414dc8bab9335ce2,['CWE-399'],CVE-2016-3156
torvalds/linux,https://github.com/torvalds/linux/commit/8b8addf891de8a00e4d39fc32f93f7c5eb8feceb,8b8addf891de8a00e4d39fc32f93f7c5eb8feceb,['CWE-254'],CVE-2016-3672
torvalds/linux,https://github.com/torvalds/linux/commit/124d3b7041f9a0ca7c43a6293e1cae4576c32fd5,124d3b7041f9a0ca7c43a6293e1cae4576c32fd5,['CWE-20'],CVE-2008-7316
torvalds/linux,https://github.com/torvalds/linux/commit/c290f8358acaeffd8e0c551ddcc24d1206143376,c290f8358acaeffd8e0c551ddcc24d1206143376,['CWE-Other'],CVE-2011-5321
torvalds/linux,https://github.com/torvalds/linux/commit/20e1db19db5d6b9e4e83021595eab0dc8f107bef,20e1db19db5d6b9e4e83021595eab0dc8f107bef,['CWE-284'],CVE-2012-6689
torvalds/linux,https://github.com/torvalds/linux/commit/a70b52ec1aaeaf60f4739edb1b422827cb6f3893,a70b52ec1aaeaf60f4739edb1b422827cb6f3893,['CWE-190'],CVE-2012-6701
torvalds/linux,https://github.com/torvalds/linux/commit/ce07d891a0891d3c0d0c2d73d577490486b809e1,ce07d891a0891d3c0d0c2d73d577490486b809e1,['CWE-284'],CVE-2014-9717
torvalds/linux,https://github.com/torvalds/linux/commit/a2f18db0c68fec96631c10cad9384c196e9008ac,a2f18db0c68fec96631c10cad9384c196e9008ac,['CWE-19'],CVE-2015-1573
torvalds/linux,https://github.com/torvalds/linux/commit/06c8173eb92bbfc03a0fe8bb64315857d0badd06,06c8173eb92bbfc03a0fe8bb64315857d0badd06,['CWE-20'],CVE-2015-2672
torvalds/linux,https://github.com/torvalds/linux/commit/cf872776fc84128bb779ce2b83a37c884c3203ae,cf872776fc84128bb779ce2b83a37c884c3203ae,['CWE-362'],CVE-2015-4170
torvalds/linux,https://github.com/torvalds/linux/commit/e0c9c0afd2fc958ffa34b697972721d81df8a56f,e0c9c0afd2fc958ffa34b697972721d81df8a56f,['CWE-200'],CVE-2015-4176
torvalds/linux,https://github.com/torvalds/linux/commit/cd4a40174b71acd021877341684d8bb1dc8ea4ae,cd4a40174b71acd021877341684d8bb1dc8ea4ae,['CWE-Other'],CVE-2015-4177
torvalds/linux,https://github.com/torvalds/linux/commit/820f9f147dcce2602eefd9b575bbbd9ea14f0953,820f9f147dcce2602eefd9b575bbbd9ea14f0953,['CWE-Other'],CVE-2015-4178
torvalds/linux,https://github.com/torvalds/linux/commit/4c185ce06dca14f5cea192f5a2c981ef50663f2b,4c185ce06dca14f5cea192f5a2c981ef50663f2b,['CWE-Other'],CVE-2015-8830
torvalds/linux,https://github.com/torvalds/linux/commit/c4f4b82694fe48b02f7a881a1797131a6dad1364,c4f4b82694fe48b02f7a881a1797131a6dad1364,['CWE-Other'],CVE-2015-8830
torvalds/linux,https://github.com/torvalds/linux/commit/0d62e9dd6da45bbf0f33a8617afc5fe774c8f45f,0d62e9dd6da45bbf0f33a8617afc5fe774c8f45f,['CWE-310'],CVE-2016-2053
torvalds/linux,https://github.com/torvalds/linux/commit/8b8a321ff72c785ed5e8b4cf6eda20b35d427390,8b8a321ff72c785ed5e8b4cf6eda20b35d427390,['CWE-189'],CVE-2016-2070
torvalds/linux,https://github.com/torvalds/linux/commit/f43bfaeddc79effbf3d0fcb53ca477cca66f3db8,f43bfaeddc79effbf3d0fcb53ca477cca66f3db8,['CWE-200'],CVE-2016-2117
torvalds/linux,https://github.com/torvalds/linux/commit/950336ba3e4a1ffd2ca60d29f6ef386dd2c7351d,950336ba3e4a1ffd2ca60d29f6ef386dd2c7351d,['CWE-Other'],CVE-2016-2185
torvalds/linux,https://github.com/torvalds/linux/commit/9c6ba456711687b794dcf285856fc14e2c76074f,9c6ba456711687b794dcf285856fc14e2c76074f,['CWE-Other'],CVE-2016-2186
torvalds/linux,https://github.com/torvalds/linux/commit/162f98dea487206d9ab79fc12ed64700667a894d,162f98dea487206d9ab79fc12ed64700667a894d,['CWE-Other'],CVE-2016-2187
torvalds/linux,https://github.com/torvalds/linux/commit/4ec0ef3a82125efc36173062a50624550a900ae0,4ec0ef3a82125efc36173062a50624550a900ae0,['CWE-Other'],CVE-2016-2188
torvalds/linux,https://github.com/torvalds/linux/commit/4e9a0b05257f29cf4b75f3209243ed71614d062e,4e9a0b05257f29cf4b75f3209243ed71614d062e,['CWE-Other'],CVE-2016-3136
torvalds/linux,https://github.com/torvalds/linux/commit/c55aee1bf0e6b6feec8b2927b43f7a09a6d5f754,c55aee1bf0e6b6feec8b2927b43f7a09a6d5f754,['CWE-Other'],CVE-2016-3137
torvalds/linux,https://github.com/torvalds/linux/commit/8835ba4a39cf53f705417b3b3a94eb067673f2c9,8835ba4a39cf53f705417b3b3a94eb067673f2c9,['CWE-Other'],CVE-2016-3138
torvalds/linux,https://github.com/torvalds/linux/commit/5a07975ad0a36708c6b0a5b9fea1ff811d0b0c1f,5a07975ad0a36708c6b0a5b9fea1ff811d0b0c1f,['CWE-Other'],CVE-2016-3140
torvalds/linux,https://github.com/torvalds/linux/commit/a0ad220c96692eda76b2e3fd7279f3dcd1d8a8ff,a0ad220c96692eda76b2e3fd7279f3dcd1d8a8ff,['CWE-Other'],CVE-2016-3689
torvalds/linux,https://github.com/torvalds/linux/commit/4d06dd537f95683aba3651098ae288b7cbff8274,4d06dd537f95683aba3651098ae288b7cbff8274,['CWE-Other'],CVE-2016-3951
torvalds/linux,https://github.com/torvalds/linux/commit/1666984c8625b3db19a9abc298931d35ab7bc64b,1666984c8625b3db19a9abc298931d35ab7bc64b,['CWE-Other'],CVE-2016-3951
jqlang/jq,https://github.com/jqlang/jq/commit/8eb1367ca44e772963e704a700ef72ae2e12babd,8eb1367ca44e772963e704a700ef72ae2e12babd,['CWE-119'],CVE-2015-8863
jqlang/jq,https://github.com/jqlang/jq/commit/83e2cf607f3599d208b6b3129092fa7deb2e5292,83e2cf607f3599d208b6b3129092fa7deb2e5292,['CWE-770'],CVE-2016-4074
mm2/Little-CMS,https://github.com/mm2/Little-CMS/commit/fefaaa43c382eee632ea3ad0cfa915335140e1db,fefaaa43c382eee632ea3ad0cfa915335140e1db,['CWE-Other'],CVE-2013-7455
php/php-src,https://github.com/php/php-src/commit/f3f22ff5c697aef854ffc1918bce708b37481b0f,f3f22ff5c697aef854ffc1918bce708b37481b0f,['CWE-Other'],CVE-2014-0236
php/php-src,https://github.com/php/php-src/commit/52b93f0cfd3cba7ff98cc5198df6ca4f23865f80,52b93f0cfd3cba7ff98cc5198df6ca4f23865f80,"['CWE-200', 'CWE-20', 'CWE-254']",CVE-2015-3411
php/php-src,https://github.com/php/php-src/commit/1cbd25ca15383394ffa9ee8601c5de4c0f2f90e1,1cbd25ca15383394ffa9ee8601c5de4c0f2f90e1,['CWE-Other'],CVE-2015-4116
php/php-src,https://github.com/php/php-src/commit/8fc52d77d6f66c438c98d536e2309b5fd13f90de,8fc52d77d6f66c438c98d536e2309b5fd13f90de,['CWE-20'],CVE-2015-4598
php/php-src,https://github.com/php/php-src/commit/58e590aac6839ace470650c58bf418e5fa637eb3,58e590aac6839ace470650c58bf418e5fa637eb3,['CWE-20'],CVE-2015-4598
php/php-src,https://github.com/php/php-src/commit/f7d7befae8bcc2db0093f8adaa9f72eeb7ad891e,f7d7befae8bcc2db0093f8adaa9f72eeb7ad891e,['CWE-20'],CVE-2015-4598
php/php-src,https://github.com/php/php-src/commit/0c136a2abd49298b66acb0cad504f0f972f5bfe8,0c136a2abd49298b66acb0cad504f0f972f5bfe8,['CWE-Other'],CVE-2015-4600
php/php-src,https://github.com/php/php-src/commit/fb83c76deec58f1fab17c350f04c9f042e5977d1,fb83c76deec58f1fab17c350f04c9f042e5977d1,['CWE-Other'],CVE-2015-4602
php/php-src,https://github.com/php/php-src/commit/f678693e1a6950cae08a99cd145d5d0dc24f92bb,f678693e1a6950cae08a99cd145d5d0dc24f92bb,['CWE-20'],CVE-2015-4604
php/php-src,https://github.com/php/php-src/commit/0765623d6991b62ffcd93ddb6be8a5203a2fa7e2,0765623d6991b62ffcd93ddb6be8a5203a2fa7e2,['CWE-119'],CVE-2015-4643
php/php-src,https://github.com/php/php-src/commit/2cc4e69cc6d8dbc4b3568ad3dd583324a7c11d64,2cc4e69cc6d8dbc4b3568ad3dd583324a7c11d64,['CWE-Other'],CVE-2015-4644
php/php-src,https://github.com/php/php-src/commit/bf58162ddf970f63502837f366930e44d6a992cf,bf58162ddf970f63502837f366930e44d6a992cf,['CWE-20'],CVE-2015-5589
php/php-src,https://github.com/php/php-src/commit/df4bf28f9f104ca3ef78ed94b497859f15b004e5,df4bf28f9f104ca3ef78ed94b497859f15b004e5,['CWE-Other'],CVE-2015-6835
php/php-src,https://github.com/php/php-src/commit/d8aa5675ad2ead0469c15fad167ecbdd60051716,d8aa5675ad2ead0469c15fad167ecbdd60051716,['CWE-284'],CVE-2015-8838
php/php-src,https://github.com/php/php-src/commit/f96ebb098697908641c6d37e1149cde1f90417fd,f96ebb098697908641c6d37e1149cde1f90417fd,['CWE-119'],CVE-2015-8874
knik0/faad2,https://github.com/knik0/faad2/commit/1b71a6ba963d131375f5e489b3b25e36f19f3f24,1b71a6ba963d131375f5e489b3b25e36f19f3f24,['CWE-787'],CVE-2021-32272
knik0/faad2,https://github.com/knik0/faad2/commit/1073aeef823cafd844704389e9a497c257768e2f,1073aeef823cafd844704389e9a497c257768e2f,['CWE-787'],CVE-2021-32273
knik0/faad2,https://github.com/knik0/faad2/commit/4ed30d3d232b6a7a150cc06aed14eb47e4eda14e,4ed30d3d232b6a7a150cc06aed14eb47e4eda14e,['CWE-476'],CVE-2021-32276
knik0/faad2,https://github.com/knik0/faad2/commit/b58840121d1827b4b6c7617e2431589af1776ddc,b58840121d1827b4b6c7617e2431589af1776ddc,['CWE-476'],CVE-2021-32276
knik0/faad2,https://github.com/knik0/faad2/commit/c78251b2b5d41ea840fd61ab9502b3d3036bd747,c78251b2b5d41ea840fd61ab9502b3d3036bd747,['CWE-787'],CVE-2021-32277
knik0/faad2,https://github.com/knik0/faad2/commit/e19a5e491354e0e4664d02b796dacee28fb2521e,e19a5e491354e0e4664d02b796dacee28fb2521e,['CWE-787'],CVE-2021-32278
LibreDWG/libredwg,https://github.com/LibreDWG/libredwg/commit/092725ed1332ea634081ddefe73ff36c635b4035,092725ed1332ea634081ddefe73ff36c635b4035,['CWE-476'],CVE-2021-39521
LibreDWG/libredwg,https://github.com/LibreDWG/libredwg/commit/66a3484bda00ff5af2bdb79e41db3b066fdd0d00,66a3484bda00ff5af2bdb79e41db3b066fdd0d00,['CWE-476'],CVE-2021-39521
LibreDWG/libredwg,https://github.com/LibreDWG/libredwg/commit/dac8fcc4be1007ccf4412ae5e90303e335fdb412,dac8fcc4be1007ccf4412ae5e90303e335fdb412,['CWE-787'],CVE-2021-39522
LibreDWG/libredwg,https://github.com/LibreDWG/libredwg/commit/8ebc76a03390197745a94b4e2d374aee636b84a7,8ebc76a03390197745a94b4e2d374aee636b84a7,['CWE-476'],CVE-2021-39523
LibreDWG/libredwg,https://github.com/LibreDWG/libredwg/commit/966beb52036960d2634c0b7429b875c819172b9d,966beb52036960d2634c0b7429b875c819172b9d,['CWE-787'],CVE-2021-39527
libxsmm,https://github.com/libxsmm/libxsmm/commit/d6984918886d4bd6be241ff3e6af799f4aba3375,d6984918886d4bd6be241ff3e6af799f4aba3375,"['CWE-787', 'CWE-476']",CVE-2021-39535
libxsmm,https://github.com/libxsmm/libxsmm/commit/c24027d07eef23411a56958e52afad5ee6db6393,c24027d07eef23411a56958e52afad5ee6db6393,['CWE-787'],CVE-2021-39536
apache/openoffice,https://github.com/apache/openoffice/commit/efddaef0151af3be16078cc4d88c6bae0f911e56,efddaef0151af3be16078cc4d88c6bae0f911e56,['CWE-120'],CVE-2021-33035
chromium,https://github.com/chromium/chromium/commit/3008950ba5115eb45162e0788c39bc67e5196d5d,3008950ba5115eb45162e0788c39bc67e5196d5d,['CWE-264'],CVE-2014-3197
chromium,https://github.com/chromium/chromium/commit/7c167734040a28f3618c9209bcc2259ebd60856e,7c167734040a28f3618c9209bcc2259ebd60856e,['CWE-399'],CVE-2014-3199
zeromq/libzmq,https://github.com/zeromq/libzmq/commit/77f14aad95cdf0d2a244ae9b4a025e5ba0adf01a,77f14aad95cdf0d2a244ae9b4a025e5ba0adf01a,['CWE-Other'],CVE-2014-7202
zeromq/libzmq,https://github.com/zeromq/libzmq/commit/d73b2408808375af2a6a2ac8e211db429aac71f2,d73b2408808375af2a6a2ac8e211db429aac71f2,['CWE-Other'],CVE-2014-7202
zeromq/libzmq,https://github.com/zeromq/libzmq/commit/0900a489213d74feb86fc0b343308fe7884a2a3c,0900a489213d74feb86fc0b343308fe7884a2a3c,['CWE-Other'],CVE-2014-7203
chromium,https://github.com/chromium/chromium/commit/e80ebbdab2ce3d2e343fb6d9e2fe9ce149986377,e80ebbdab2ce3d2e343fb6d9e2fe9ce149986377,['CWE-119'],CVE-2014-3201
torvalds/linux,https://github.com/torvalds/linux/commit/c88547a8119e3b581318ab65e9b72f27f23e641d,c88547a8119e3b581318ab65e9b72f27f23e641d,['CWE-399'],CVE-2014-7283
torvalds/linux,https://github.com/torvalds/linux/commit/3d4405226d27b3a215e4d03cfa51f536244e5de7,3d4405226d27b3a215e4d03cfa51f536244e5de7,['CWE-200'],CVE-2014-7284
bittorrent/bootstrap-dht,https://github.com/bittorrent/bootstrap-dht/commit/bbc0b7191e3f48461ca6e5b1b34bdf4b3f1e79a9,bbc0b7191e3f48461ca6e5b1b34bdf4b3f1e79a9,['CWE-119'],CVE-2014-8509
php/php-src,https://github.com/php/php-src/commit/1803228597e82218a8c105e67975bc50e6f5bf0d,1803228597e82218a8c105e67975bc50e6f5bf0d,['CWE-20'],CVE-2014-3710
php/php-src,https://github.com/php/php-src/commit/5b295bf19161b14d6c81151fd89c2f17bd50525c,5b295bf19161b14d6c81151fd89c2f17bd50525c,['CWE-20'],CVE-2014-3710
torvalds/linux,https://github.com/torvalds/linux/commit/854e8bb1aa06c578c2c9145fa6bfe3680ef63b23,854e8bb1aa06c578c2c9145fa6bfe3680ef63b23,['CWE-Other'],CVE-2014-3610
torvalds/linux,https://github.com/torvalds/linux/commit/2febc839133280d5a5e8e1179c94ea674489dae2,2febc839133280d5a5e8e1179c94ea674489dae2,['CWE-362'],CVE-2014-3611
torvalds/linux,https://github.com/torvalds/linux/commit/bfd0a56b90005f8c8a004baf407ad90045c2b11e,bfd0a56b90005f8c8a004baf407ad90045c2b11e,['CWE-20'],CVE-2014-3645
torvalds/linux,https://github.com/torvalds/linux/commit/a642fc305053cc1c6e47e4f4df327895747ab485,a642fc305053cc1c6e47e4f4df327895747ab485,['CWE-Other'],CVE-2014-3646
torvalds/linux,https://github.com/torvalds/linux/commit/b69040d8e39f20d5215a03502a8e8b4c6ab78395,b69040d8e39f20d5215a03502a8e8b4c6ab78395,['CWE-400'],CVE-2014-3687
torvalds/linux,https://github.com/torvalds/linux/commit/d974baa398f34393db76be45f7d4d04fbdbb4a0a,d974baa398f34393db76be45f7d4d04fbdbb4a0a,['CWE-400'],CVE-2014-3690
torvalds/linux,https://github.com/torvalds/linux/commit/086ba77a6db00ed858ff07451bedee197df868c9,086ba77a6db00ed858ff07451bedee197df868c9,"['CWE-125', 'CWE-476']",CVE-2014-7825
torvalds/linux,https://github.com/torvalds/linux/commit/3d32e4dbe71374a6780eaf51d719d76f9a9bf22f,3d32e4dbe71374a6780eaf51d719d76f9a9bf22f,['CWE-119'],CVE-2014-8369
torvalds/linux,https://github.com/torvalds/linux/commit/a430c9166312e1aa3d80bce32374233bdbfeba32,a430c9166312e1aa3d80bce32374233bdbfeba32,['CWE-399'],CVE-2014-8481
torvalds/linux,https://github.com/torvalds/linux/commit/338f977f4eb441e69bb9a46eaa0ac715c931a67f,338f977f4eb441e69bb9a46eaa0ac715c931a67f,['CWE-200'],CVE-2014-8709
chromium,https://github.com/chromium/chromium/commit/5cfbddc9cc972f5133f26664dbf5810bb569cd04,5cfbddc9cc972f5133f26664dbf5810bb569cd04,['CWE-20'],CVE-2014-7899
chromium,https://github.com/chromium/chromium/commit/e3f00cea7287f6b4b69ed90cee5a19d74c5a3e51,e3f00cea7287f6b4b69ed90cee5a19d74c5a3e51,['CWE-399'],CVE-2014-7907
xen-project/xen,https://github.com/xen-project/xen/commit/e4292c5aac41b80f33d4877104348d5ee7c95aa4,e4292c5aac41b80f33d4877104348d5ee7c95aa4,['CWE-20'],CVE-2014-8594
xen-project/xen,https://github.com/xen-project/xen/commit/1d68c1a70e00ed95ef0889cfa005379dab27b37d,1d68c1a70e00ed95ef0889cfa005379dab27b37d,['CWE-17'],CVE-2014-8595
wireshark,https://github.com/wireshark/wireshark/commit/bc2726578156f3608960fc65ce1f691639e6addc,bc2726578156f3608960fc65ce1f691639e6addc,['CWE-399'],CVE-2014-8714
wireshark,https://github.com/wireshark/wireshark/commit/1463db37d9bbc9cd532afdf2817caaf8eb367831,1463db37d9bbc9cd532afdf2817caaf8eb367831,['CWE-399'],CVE-2014-8714
xen-project/xen,https://github.com/xen-project/xen/commit/6913fa31fa898f45ecc3b00e2397b8ebc75c8df4,6913fa31fa898f45ecc3b00e2397b8ebc75c8df4,['CWE-20'],CVE-2014-9030
cisco/openh264,https://github.com/cisco/openh264/commit/f1a0a81226c23c915a8cc52a9b02ae3a44a70354,f1a0a81226c23c915a8cc52a9b02ae3a44a70354,['CWE-119'],CVE-2014-8001
cisco/openh264,https://github.com/cisco/openh264/commit/1ec213d5a7d8a1b0ee7ca4f00c725e53c2e38e66,1ec213d5a7d8a1b0ee7ca4f00c725e53c2e38e66,['CWE-119'],CVE-2014-8002
torvalds/linux,https://github.com/torvalds/linux/commit/fc3a9157d3148ab91039c75423da8ef97be3e105,fc3a9157d3148ab91039c75423da8ef97be3e105,['CWE-362'],CVE-2010-5313
torvalds/linux,https://github.com/torvalds/linux/commit/26b87c7881006311828bb0ab271a551a62dcceb4,26b87c7881006311828bb0ab271a551a62dcceb4,['CWE-399'],CVE-2014-3688
torvalds/linux,https://github.com/torvalds/linux/commit/e40607cbe270a9e8360907cb1e62ddf0736e4864,e40607cbe270a9e8360907cb1e62ddf0736e4864,['CWE-399'],CVE-2014-7841
torvalds/linux,https://github.com/torvalds/linux/commit/a2b9e6c1a35afcc0973acb72e591c714e78885ff,a2b9e6c1a35afcc0973acb72e591c714e78885ff,['CWE-362'],CVE-2014-7842
torvalds/linux,https://github.com/torvalds/linux/commit/f2e323ec96077642d397bb1c355def536d489d16,f2e323ec96077642d397bb1c355def536d489d16,['CWE-119'],CVE-2014-8884
torvalds/linux,https://github.com/torvalds/linux/commit/6f442be2fb22be02cafa606f1769fa1e6f894441,6f442be2fb22be02cafa606f1769fa1e6f894441,"['CWE-17', 'CWE-269']",CVE-2014-9090
xen-project/xen,https://github.com/xen-project/xen/commit/0ad715304b04739fd2fc9517ce8671d3947c7621,0ad715304b04739fd2fc9517ce8671d3947c7621,['CWE-17'],CVE-2014-8866
the-tcpdump-group/tcpdump,https://github.com/the-tcpdump-group/tcpdump/commit/0f95d441e4b5d7512cc5c326c8668a120e048eda,0f95d441e4b5d7512cc5c326c8668a120e048eda,['CWE-119'],CVE-2014-9140
qemu,https://github.com/qemu/qemu/commit/d3532a0db02296e687711b8cdc7791924efccea0,d3532a0db02296e687711b8cdc7791924efccea0,['CWE-119'],CVE-2014-8106
libguestfs/hivex,https://github.com/libguestfs/hivex/commit/4bbdf555f88baeae0fa804a369a81a83908bd705,4bbdf555f88baeae0fa804a369a81a83908bd705,['CWE-119'],CVE-2014-9273
libguestfs/hivex,https://github.com/libguestfs/hivex/commit/357f26fa64fd1d9ccac2331fe174a8ee9c607adb,357f26fa64fd1d9ccac2331fe174a8ee9c607adb,['CWE-119'],CVE-2014-9273
torvalds/linux,https://github.com/torvalds/linux/commit/41bdc78544b8a93a9c6814b8bbbfef966272abbe,41bdc78544b8a93a9c6814b8bbbfef966272abbe,['CWE-264'],CVE-2014-8133
Ettercap/ettercap,https://github.com/Ettercap/ettercap/commit/afe7061948e85f0a0fd417d5e4c681bfaf212f42,afe7061948e85f0a0fd417d5e4c681bfaf212f42,"['CWE-Other', 'CWE-189']",CVE-2014-9376
Ettercap/ettercap,https://github.com/Ettercap/ettercap/commit/3f0c582826095c722ab6fbf91518282a765a0b68,3f0c582826095c722ab6fbf91518282a765a0b68,['CWE-119'],CVE-2014-9377
Ettercap/ettercap,https://github.com/Ettercap/ettercap/commit/cb7b2028dc03c628aa0a1a5130ca41421ddebcb2,cb7b2028dc03c628aa0a1a5130ca41421ddebcb2,['CWE-20'],CVE-2014-9378
Ettercap/ettercap,https://github.com/Ettercap/ettercap/commit/c2a3c99af956146570d7883e4b540b9d0c0a3c46,c2a3c99af956146570d7883e4b540b9d0c0a3c46,['CWE-119'],CVE-2014-9379
php/php-src,https://github.com/php/php-src/commit/630f9c33c23639de85c3fd306b209b538b73b4c9,630f9c33c23639de85c3fd306b209b538b73b4c9,['CWE-Other'],CVE-2014-8142
mongodb/mongo,https://github.com/mongodb/mongo/commit/c151e0660b9736fe66b224f1129a16871165251b,c151e0660b9736fe66b224f1129a16871165251b,['CWE-20'],CVE-2014-3971
torvalds/linux,https://github.com/torvalds/linux/commit/f647d7c155f069c1a068030255c300663516420e,f647d7c155f069c1a068030255c300663516420e,['CWE-200'],CVE-2014-9419
torvalds/linux,https://github.com/torvalds/linux/commit/f54e18f1b831c92f6512d2eedb224cd63d607d3d,f54e18f1b831c92f6512d2eedb224cd63d607d3d,['CWE-399'],CVE-2014-9420
facebook/hhvm,https://github.com/facebook/hhvm/commit/851fff90a9b7461df2393af32239ba217bc25946,851fff90a9b7461df2393af32239ba217bc25946,['CWE-264'],CVE-2014-2209
facebook/hhvm,https://github.com/facebook/hhvm/commit/ab6fdeb84fb090b48606b6f7933028cfe7bf3a5e,ab6fdeb84fb090b48606b6f7933028cfe7bf3a5e,['CWE-310'],CVE-2014-5386
facebook/hhvm,https://github.com/facebook/hhvm/commit/1f91e076a585118495b976a413c1df40f6fd3d41,1f91e076a585118495b976a413c1df40f6fd3d41,['CWE-189'],CVE-2014-6228
facebook/hhvm,https://github.com/facebook/hhvm/commit/7135ec229882370a00411aa50030eada6034cc1b,7135ec229882370a00411aa50030eada6034cc1b,['CWE-200'],CVE-2014-6229
apache/httpd,https://github.com/apache/httpd/commit/3f1693d558d0758f829c8b53993f1749ddf6ffcb,3f1693d558d0758f829c8b53993f1749ddf6ffcb,['CWE-863'],CVE-2014-8109
php/php-src,https://github.com/php/php-src/commit/fbf3a6bc1abcc8a5b5226b0ad9464c37f11ddbd6,fbf3a6bc1abcc8a5b5226b0ad9464c37f11ddbd6,['CWE-Other'],CVE-2014-9425
php/php-src,https://github.com/php/php-src/commit/a72cd07f2983dc43a6bb35209dc4687852e53c09,a72cd07f2983dc43a6bb35209dc4687852e53c09,['CWE-17'],CVE-2014-9426
torvalds/linux,https://github.com/torvalds/linux/commit/5b6698b0e4a37053de35cc24ee695b98a7eb712b,5b6698b0e4a37053de35cc24ee695b98a7eb712b,['CWE-399'],CVE-2014-9428
xen-project/xen,https://github.com/xen-project/xen/commit/d3c151fd3a4365fc6107198bfc975807d40d157d,d3c151fd3a4365fc6107198bfc975807d40d157d,['CWE-Other'],CVE-2015-0361
torvalds/linux,https://github.com/torvalds/linux/commit/a3a8784454692dd72e5d5d34dcdab17b4420e74c,a3a8784454692dd72e5d5d34dcdab17b4420e74c,['CWE-362'],CVE-2014-9529
torvalds/linux,https://github.com/torvalds/linux/commit/4e2024624e678f0ebb916e6192bd23c1f9fdf696,4e2024624e678f0ebb916e6192bd23c1f9fdf696,['CWE-20'],CVE-2014-9584
wireshark,https://github.com/wireshark/wireshark/commit/e843c6797db98bfceab382d5d7e76727e1014f5e,e843c6797db98bfceab382d5d7e76727e1014f5e,['CWE-Other'],CVE-2015-0559
wireshark,https://github.com/wireshark/wireshark/commit/a442a1c0e815fd61416cf408bd74d85a042ccc6a,a442a1c0e815fd61416cf408bd74d85a042ccc6a,['CWE-19'],CVE-2015-0560
wireshark,https://github.com/wireshark/wireshark/commit/a559f2a050947f793c00159c0cd4d30f403f217c,a559f2a050947f793c00159c0cd4d30f403f217c,['CWE-Other'],CVE-2015-0562
wireshark,https://github.com/wireshark/wireshark/commit/d3581aecda62d2a51ea7088fd46975415b03ec57,d3581aecda62d2a51ea7088fd46975415b03ec57,['CWE-119'],CVE-2015-0564
xen-project/xen,https://github.com/xen-project/xen/commit/a4e0cea6fced50e251453dfe52e1b9dde77a84f5,a4e0cea6fced50e251453dfe52e1b9dde77a84f5,['CWE-399'],CVE-2014-6268
illumos/illumos-gate,https://github.com/illumos/illumos-gate/commit/d65686849024838243515b5c40ae2c479460b4b5,d65686849024838243515b5c40ae2c479460b4b5,['CWE-Other'],CVE-2014-9491
GNOME/libxml2,https://github.com/GNOME/libxml2/commit/9cd1c3cfbd32655d60572c0a413e017260c854df,9cd1c3cfbd32655d60572c0a413e017260c854df,['CWE-Other'],CVE-2014-0191
madler/pigz,https://github.com/madler/pigz/commit/fdad1406b3ec809f4954ff7cdf9e99eb18c2458f,fdad1406b3ec809f4954ff7cdf9e99eb18c2458f,['CWE-22'],CVE-2015-1191
chromium,https://github.com/chromium/chromium/commit/1c9a2205471d42b2262d7b957c5e14a287a4531b,1c9a2205471d42b2262d7b957c5e14a287a4531b,['CWE-Other'],CVE-2014-7925
chromium,https://github.com/chromium/chromium/commit/c9f63369d8e222a54cc5f03d7a03c4cfb56b80fc,c9f63369d8e222a54cc5f03d7a03c4cfb56b80fc,['CWE-Other'],CVE-2014-7925
chromium,https://github.com/chromium/chromium/commit/6b51dbf1788c15785cb3e0febaab1593dc9fec5a,6b51dbf1788c15785cb3e0febaab1593dc9fec5a,['CWE-17'],CVE-2014-7929
chromium,https://github.com/chromium/chromium/commit/388118e6169b92a1de01ab2988610464a26eaaf9,388118e6169b92a1de01ab2988610464a26eaaf9,['CWE-Other'],CVE-2014-7930
chromium,https://github.com/chromium/chromium/commit/20666ed323c7bc89fb1fed6dc8e164e35a0e391b,20666ed323c7bc89fb1fed6dc8e164e35a0e391b,['CWE-Other'],CVE-2014-7932
chromium,https://github.com/chromium/chromium/commit/17cddbee555d4a0dd1e2ef4f5fe6a1d20d529a26,17cddbee555d4a0dd1e2ef4f5fe6a1d20d529a26,['CWE-Other'],CVE-2014-7934
chromium,https://github.com/chromium/chromium/commit/abbb4880590d4b4934d0a2db3251f253733ae362,abbb4880590d4b4934d0a2db3251f253733ae362,['CWE-Other'],CVE-2014-7934
chromium,https://github.com/chromium/chromium/commit/af0c3d57bd3496d3b37cbb079337180b25e3a95d,af0c3d57bd3496d3b37cbb079337180b25e3a95d,['CWE-119'],CVE-2014-7946
php/php-src,https://github.com/php/php-src/commit/b585a3aed7880a5fa5c18e2b838fc96f40e075bd,b585a3aed7880a5fa5c18e2b838fc96f40e075bd,['CWE-Other'],CVE-2015-0231
php/php-src,https://github.com/php/php-src/commit/2fc178cf448d8e1b95d1314e47eeef610729e0df,2fc178cf448d8e1b95d1314e47eeef610729e0df,['CWE-Other'],CVE-2015-0232
chromium,https://github.com/chromium/chromium/commit/1be560402876e236d05f5cb4c1cc3f5387d4b289,1be560402876e236d05f5cb4c1cc3f5387d4b289,['CWE-416'],CVE-2015-1209
chromium,https://github.com/chromium/chromium/commit/6d067124e87295721c62a77f0610e4b37f6098ad,6d067124e87295721c62a77f0610e4b37f6098ad,['CWE-Other'],CVE-2015-1210
xen-project/xen,https://github.com/xen-project/xen/commit/c96222cc6dbb285a4de8f25e3b8e284e212ef964,c96222cc6dbb285a4de8f25e3b8e284e212ef964,['CWE-399'],CVE-2015-1563
xen-project/xen,https://github.com/xen-project/xen/commit/d0b2caa80fccafbb131b28b7b8488001d82ab4bf,d0b2caa80fccafbb131b28b7b8488001d82ab4bf,['CWE-399'],CVE-2015-1563
xen-project/xen,https://github.com/xen-project/xen/commit/97c4e77538f24786dc7521cdffb2b4d6e3dad7ed,97c4e77538f24786dc7521cdffb2b4d6e3dad7ed,['CWE-20'],CVE-2015-0268
phusion/passenger,https://github.com/phusion/passenger/commit/34b1087870c2bf85ebfd72c30b78577e10ab9744,34b1087870c2,['CWE-Other'],CVE-2014-1831
phusion/passenger,https://github.com/phusion/passenger/commit/94428057c602da3d6d34ef75c78091066ecac5c0,94428057c602da3d6d34ef75c78091066ecac5c0,['CWE-Other'],CVE-2014-1832
torvalds/linux,https://github.com/torvalds/linux/commit/db29a9508a9246e77087c5531e45b2c88ec6988b,db29a9508a9246e77087c5531e45b2c88ec6988b,['CWE-20'],CVE-2014-8160
torvalds/linux,https://github.com/torvalds/linux/commit/4943ba16bbc2db05115707b3ff7b4874e9e3c560,4943ba16bbc2db05115707b3ff7b4874e9e3c560,['CWE-269'],CVE-2014-9644
torvalds/linux,https://github.com/torvalds/linux/commit/f3747379accba8e95d70cec0eae0582c8c182050,f3747379accba8e95d70cec0eae0582c8c182050,['CWE-269'],CVE-2015-0239
torvalds/linux,https://github.com/torvalds/linux/commit/942080643bce061c3dd9d5718d3b745dcb39a8bc,942080643bce061c3dd9d5718d3b745dcb39a8bc,['CWE-189'],CVE-2014-9683
apache/httpd,https://github.com/apache/httpd/commit/643f0fcf3b8ab09a68f0ecd2aa37aafeda3e63ef,643f0fcf3b8ab09a68f0ecd2aa37aafeda3e63ef,['CWE-20'],CVE-2015-0228
wireshark,https://github.com/wireshark/wireshark/commit/1a3dd349233a4ee3e69295c8e79f9a216027037e,1a3dd349233a4ee3e69295c8e79f9a216027037e,['CWE-20'],CVE-2015-2187
wireshark,https://github.com/wireshark/wireshark/commit/a835c85e3d662343d7283f1dcdacb8a11d1d0727,a835c85e3d662343d7283f1dcdacb8a11d1d0727,['CWE-189'],CVE-2015-2189
wireshark,https://github.com/wireshark/wireshark/commit/d1865e000ebedf49fc0d9f221a11d6af74360837,d1865e000ebedf49fc0d9f221a11d6af74360837,['CWE-19'],CVE-2015-2190
wireshark,https://github.com/wireshark/wireshark/commit/608cf324b3962877e9699f3e81e8f82ac9f1ea14,608cf324b3962877e9699f3e81e8f82ac9f1ea14,['CWE-189'],CVE-2015-2191
wireshark,https://github.com/wireshark/wireshark/commit/c35ca6c051adb28c321db54cc138f18637977c9a,c35ca6c051adb28c321db54cc138f18637977c9a,['CWE-189'],CVE-2015-2192
chromium,https://github.com/chromium/chromium/commit/82eeef54780833a29e88c5677a7cfa11205a9878,82eeef54780833a29e88c5677a7cfa11205a9878,['CWE-Other'],CVE-2015-1216
chromium,https://github.com/chromium/chromium/commit/fc81fcf38edd250876cc384a6ed5567e1b2999e4,fc81fcf38edd250876cc384a6ed5567e1b2999e4,['CWE-17'],CVE-2015-1217
chromium,https://github.com/chromium/chromium/commit/a44e76cf18a5c8ceee040e44e686b88fce891980,a44e76cf18a5c8ceee040e44e686b88fce891980,['CWE-Other'],CVE-2015-1218
chromium,https://github.com/chromium/chromium/commit/4f9c9adef4036aff60b734b4a0045c43c320fe1d,4f9c9adef4036aff60b734b4a0045c43c320fe1d,['CWE-Other'],CVE-2015-1220
chromium,https://github.com/chromium/chromium/commit/5c54467c776a8ff194116034cc27af1566269509,5c54467c776a8ff194116034cc27af1566269509,['CWE-Other'],CVE-2015-1221
chromium,https://github.com/chromium/chromium/commit/ec6cc00e82d6a42e841a85d4bb6ce6f565d82942,ec6cc00e82d6a42e841a85d4bb6ce6f565d82942,['CWE-Other'],CVE-2015-1221
chromium,https://github.com/chromium/chromium/commit/80636b85932f429456f5a6e92312facea12a846b,80636b85932f429456f5a6e92312facea12a846b,['CWE-399'],CVE-2015-1227
chromium,https://github.com/chromium/chromium/commit/3527a453038dde455b701c3e11eb0dc5d5fbe297,3527a453038dde455b701c3e11eb0dc5d5fbe297,['CWE-399'],CVE-2015-1228
chromium,https://github.com/chromium/chromium/commit/7470ac47dc09a2b111efd855860809f12f51648f,7470ac47dc09a2b111efd855860809f12f51648f,['CWE-Other'],CVE-2015-1230
xen-project/xen,https://github.com/xen-project/xen/commit/c9e57594e1ba5da9d705dee9f00aa4e7e925963d,c9e57594e1ba5da9d705dee9f00aa4e7e925963d,['CWE-200'],CVE-2015-2044
torvalds/linux,https://github.com/torvalds/linux/commit/af6fc858a35b90e89ea7a7ee58e66628c55c776b,af6fc858a35b90e89ea7a7ee58e66628c55c776b,['CWE-264'],CVE-2015-2150
torvalds/linux,https://github.com/torvalds/linux/commit/eee5cc2702929fd41cce28058dc6d6717f723f87,eee5cc2702929fd41cce28058dc6d6717f723f87,['CWE-17'],CVE-2014-8172
torvalds/linux,https://github.com/torvalds/linux/commit/600ddd6825543962fb807884169e57b580dba208,600ddd6825543962fb807884169e57b580dba208,['CWE-Other'],CVE-2015-1421
torvalds/linux,https://github.com/torvalds/linux/commit/4e7c22d447bb6d7e37bfe39ff658486ae78e8d77,4e7c22d447bb6d7e37bfe39ff658486ae78e8d77,['CWE-264'],CVE-2015-1593
xen-project/xen,https://github.com/xen-project/xen/commit/91b0ae9db33f72468b1d411a07f53085c893c097,91b0ae9db33f72468b1d411a07f53085c893c097,['CWE-264'],CVE-2015-2152
php/php-src,https://github.com/php/php-src/commit/afbf725e7380dfb3ff43a993e43abd9759a66c2b,afbf725e7380dfb3ff43a993e43abd9759a66c2b,['CWE-119'],CVE-2014-9709
php/php-src,https://github.com/php/php-src/commit/777c39f4042327eac4b63c7ee87dc1c7a09a3115,777c39f4042327eac4b63c7ee87dc1c7a09a3115,['CWE-416'],CVE-2015-1351
php/php-src,https://github.com/php/php-src/commit/968fbc6acf0bc27be17c0209be7f966e89a55943,968fbc6acf0bc27be17c0209be7f966e89a55943,['CWE-Other'],CVE-2015-1352
php/php-src,https://github.com/php/php-src/commit/124fb22a13fafa3648e4e15b4f207c7096d8155e,124fb22a13fafa3648e4e15b4f207c7096d8155e,['CWE-Other'],CVE-2015-1352
php/php-src,https://github.com/php/php-src/commit/b2cf3f064b8f5efef89bb084521b61318c71781b,b2cf3f064b8f5efef89bb084521b61318c71781b,['CWE-416'],CVE-2015-2301
php/php-src,https://github.com/php/php-src/commit/ef8fc4b53d92fbfcd8ef1abbd6f2f5fe2c4a11e5,ef8fc4b53d92fbfcd8ef1abbd6f2f5fe2c4a11e5,['CWE-189'],CVE-2015-2331
xen-project/xen,https://github.com/xen-project/xen/commit/b10bca0483a1fa74de99807b89b13b27064794e1,b10bca0483a1fa74de99807b89b13b27064794e1,['CWE-20'],CVE-2015-2752
torvalds/linux,https://github.com/torvalds/linux/commit/df4d92549f23e1c037e83323aff58a21b3de7fe0,df4d92549f23e1c037e83323aff58a21b3de7fe0,['CWE-17'],CVE-2015-1465
facebook/hhvm,https://github.com/facebook/hhvm/commit/324701c9fd31beb4f070f1b7ef78b115fbdfec34,324701c9fd31beb4f070f1b7ef78b115fbdfec34,['CWE-79'],CVE-2014-9714
kmatheussen/das_watchdog,https://github.com/kmatheussen/das_watchdog/commit/bd20bb02e75e2c0483832b52f2577253febfb690,bd20bb02e75e2c0483832b52f2577253febfb690,['CWE-119'],CVE-2015-2831
chromium,https://github.com/chromium/chromium/commit/74928e8fa2a5033dfd69584dc8a8321191fc44a4,74928e8fa2a5033dfd69584dc8a8321191fc44a4,['CWE-264'],CVE-2015-1235
chromium,https://github.com/chromium/chromium/commit/6834289784ed45b5524de0fb7ef43ae283b0d6d3,6834289784ed45b5524de0fb7ef43ae283b0d6d3,['CWE-264'],CVE-2015-1236
ffmpeg,https://github.com/FFmpeg/FFmpeg/commit/e8714f6f93d1a32f4e4655209960afcf4c185214,e8714f6f93d1a32f4e4655209960afcf4c185214,['CWE-Other'],CVE-2015-3417
xen-project/xen,https://github.com/xen-project/xen/commit/4ff3449f0e9d175ceb9551d3f2aecb59273f639d,4ff3449f0e9d175ceb9551d3f2aecb59273f639d,['CWE-200'],CVE-2015-3340
chromium,https://github.com/chromium/chromium/commit/8d8f2e1e111607fec4c8aa3885e3f55a0b2fb3f3,8d8f2e1e111607fec4c8aa3885e3f55a0b2fb3f3,['CWE-Other'],CVE-2015-1243
chromium,https://github.com/chromium/chromium/commit/ad6d56fe76a49244896156182c30d8e9ff3afbf2,ad6d56fe76a49244896156182c30d8e9ff3afbf2,['CWE-284'],CVE-2015-1253
chromium,https://github.com/chromium/chromium/commit/6c1f5c63fa856651e2ce54a3e68e97ee05f7c329,6c1f5c63fa856651e2ce54a3e68e97ee05f7c329,['CWE-264'],CVE-2015-1254
chromium,https://github.com/chromium/chromium/commit/e0cccdf7c7f1a7e666b65c59b336d47bfe5a53b8,e0cccdf7c7f1a7e666b65c59b336d47bfe5a53b8,['CWE-Other'],CVE-2015-1256
chromium,https://github.com/chromium/chromium/commit/34d7c7dc4327329632881a6f8ce866d49d756eb3,34d7c7dc4327329632881a6f8ce866d49d756eb3,['CWE-119'],CVE-2015-1257
chromium,https://github.com/chromium/chromium/commit/c1edcafcbe5b8fa20d7e1adb2d1a5322924d8df0,c1edcafcbe5b8fa20d7e1adb2d1a5322924d8df0,['CWE-119'],CVE-2015-1257
chromium,https://github.com/chromium/chromium/commit/d8fccaec4e73a9120074293c1997f963f810c9dd,d8fccaec4e73a9120074293c1997f963f810c9dd,['CWE-17'],CVE-2015-1262
wireshark,https://github.com/wireshark/wireshark/commit/c19860dba8d158c42865c3d9051b6f318cb41169,c19860dba8d158c42865c3d9051b6f318cb41169,['CWE-189'],CVE-2015-3808
wireshark,https://github.com/wireshark/wireshark/commit/a6fc6aa0b4efc1a1c3d7a2e3b5189e888fb6ccc2,a6fc6aa0b4efc1a1c3d7a2e3b5189e888fb6ccc2,['CWE-17'],CVE-2015-3811
wireshark,https://github.com/wireshark/wireshark/commit/b8ccc2a6add29823a0ff0492fc50372449007e7b,b8ccc2a6add29823a0ff0492fc50372449007e7b,['CWE-399'],CVE-2015-3812
wireshark,https://github.com/wireshark/wireshark/commit/c35f2ccb4433718416551cc7a85afb0860529d57,c35f2ccb4433718416551cc7a85afb0860529d57,['CWE-399'],CVE-2015-3813
wireshark,https://github.com/wireshark/wireshark/commit/e243b0041328980a9bbd43bb8a8166d7422f9096,e243b0041328980a9bbd43bb8a8166d7422f9096,['CWE-189'],CVE-2015-3814
torvalds/linux,https://github.com/torvalds/linux/commit/f84598bd7c851f8b0bf8cd0d7c3be0d73c432ff4,f84598bd7c851f8b0bf8cd0d7c3be0d73c432ff4,['CWE-119'],CVE-2015-2666
torvalds/linux,https://github.com/torvalds/linux/commit/ccfe8c3f7e52ae83155cb038753f4c75b774ca8a,ccfe8c3f7e52ae83155cb038753f4c75b774ca8a,['CWE-119'],CVE-2015-3331
torvalds/linux,https://github.com/torvalds/linux/commit/8b01fc86b9f425899f8a3a8fc1c47d73c2c20543,8b01fc86b9f425899f8a3a8fc1c47d73c2c20543,['CWE-362'],CVE-2015-3339
NetworkBlockDevice/nbd,https://github.com/NetworkBlockDevice/nbd/commit/741495cb08503fd32a9d22648e63b64390c601f4,741495cb08503fd32a9d22648e63b64390c601f4,['CWE-399'],CVE-2013-7441
zeromq/libzmq,https://github.com/zeromq/libzmq/commit/77ef79e3b565f120172c6d1c30fabec6185553da,77ef79e3b565f120172c6d1c30fabec6185553da,['CWE-20'],CVE-2014-9721
torvalds/linux,https://github.com/torvalds/linux/commit/b1bb5b49373b61bf9d2c73a4d30058ba6f069e4c,b1bb5b49373b61bf9d2c73a4d30058ba6f069e4c,['CWE-189'],CVE-2015-4001
torvalds/linux,https://github.com/torvalds/linux/commit/d114b9fe78c8d6fc6e70808c2092aa307c36dc8e,d114b9fe78c8d6fc6e70808c2092aa307c36dc8e,['CWE-119'],CVE-2015-4002
torvalds/linux,https://github.com/torvalds/linux/commit/9a59029bc218b48eff8b5d4dde5662fd79d3e1a8,9a59029bc218b48eff8b5d4dde5662fd79d3e1a8,['CWE-119'],CVE-2015-4002
torvalds/linux,https://github.com/torvalds/linux/commit/04bf464a5dfd9ade0dda918e44366c2c61fce80b,04bf464a5dfd9ade0dda918e44366c2c61fce80b,['CWE-189'],CVE-2015-4003
kohler/t1utils,https://github.com/kohler/t1utils/commit/6b9d1aafcb61a3663c883663eb19ccdbfcde8d33,6b9d1aafcb61a3663c883663eb19ccdbfcde8d33,['CWE-119'],CVE-2015-3905
php/php-src,https://github.com/php/php-src/commit/17cbd0b5b78a7500f185b3781a2149881bfff8ae,17cbd0b5b78a7500f185b3781a2149881bfff8ae,['CWE-119'],CVE-2015-2783
php/php-src,https://github.com/php/php-src/commit/945b9ffee666e147231a1f37da69eb8d05e3193c,945b9ffee666e147231a1f37da69eb8d05e3193c,['CWE-119'],CVE-2015-3329
php/php-src,https://github.com/php/php-src/commit/01883bcffb682f34309f9fbf112eecb050559522,01883bcffb682f34309f9fbf112eecb050559522,['CWE-20'],CVE-2015-3330
php/php-src,https://github.com/php/php-src/commit/c27f012b7a447e59d4a704688971cbfa7dddaa74,c27f012b7a447e59d4a704688971cbfa7dddaa74,['CWE-189'],CVE-2015-4021
php/php-src,https://github.com/php/php-src/commit/739adee1912176aacf351edc5751a02ded6ef1ec,739adee1912176aacf351edc5751a02ded6ef1ec,"['CWE-119', 'CWE-189']",CVE-2015-4022
php/php-src,https://github.com/php/php-src/commit/4605d536d23b00813d11cc906bb48d39bdcf5f25,4605d536d23b00813d11cc906bb48d39bdcf5f25,['CWE-399'],CVE-2015-4024
php/php-src,https://github.com/php/php-src/commit/bbe4b87e1d1fa858c208368a28c0fb17c7774fe0,bbe4b87e1d1fa858c208368a28c0fb17c7774fe0,['CWE-19'],CVE-2015-4025
php/php-src,https://github.com/php/php-src/commit/be9b2a95adb504abd5acdc092d770444ad6f6854,be9b2a95adb504abd5acdc092d770444ad6f6854,['CWE-19'],CVE-2015-4025
kyz/libmspack,https://github.com/kyz/libmspack/commit/18b6a2cc0b87536015bedd4f7763e6b02d5aa4f3,18b6a2cc0b87536015bedd4f7763e6b02d5aa4f3,['CWE-189'],CVE-2015-4471
xen-project/xen,https://github.com/xen-project/xen/commit/5d5c09d853d3f212861f70c577c65d1703f752ae,5d5c09d853d3f212861f70c577c65d1703f752ae,['CWE-Other'],CVE-2015-4163
xen-project/xen,https://github.com/xen-project/xen/commit/1f0721377952fc038b48f175d7061ec701359aac,1f0721377952fc038b48f175d7061ec701359aac,['CWE-399'],CVE-2015-4164
bblanchon/ArduinoJson,https://github.com/bblanchon/ArduinoJson/commit/5e7b9ec688d79e7b16ec7064e1d37e8481a31e72,5e7b9ec688d79e7b16ec7064e1d37e8481a31e72,['CWE-119'],CVE-2015-4590
chromium,https://github.com/chromium/chromium/commit/ca9573d5b634524afefe1e65bb905b89b6545970,ca9573d5b634524afefe1e65bb905b89b6545970,['CWE-254'],CVE-2015-1267
chromium,https://github.com/chromium/chromium/commit/542ab473e104b7df23e95f933bda41723794d4da,542ab473e104b7df23e95f933bda41723794d4da,['CWE-254'],CVE-2015-1268
weidai11/cryptopp,https://github.com/weidai11/cryptopp/commit/9425e16437439e68c7d96abef922167d68fafaff,9425e16437439e68c7d96abef922167d68fafaff,['CWE-200'],CVE-2015-2141
apache/httpd,https://github.com/apache/httpd/commit/be0f5335e3e73eb63253b050fdc23f252f5c8ae3,be0f5335e3e73eb63253b050fdc23f252f5c8ae3,['CWE-Other'],CVE-2015-0253
apache/httpd,https://github.com/apache/httpd/commit/cd2b7a26c776b0754fb98426a67804fd48118708,cd2b7a26c776b0754fb98426a67804fd48118708,['CWE-264'],CVE-2015-3185
wireshark,https://github.com/wireshark/wireshark/commit/d93be95fc0e7011e8b4ade9171e7e66146063296,d93be95fc0e7011e8b4ade9171e7e66146063296,['CWE-20'],CVE-2015-4652
chromium,https://github.com/chromium/chromium/commit/9fb1e9fc1f3829f9597f830e599fc40fadc84db3,9fb1e9fc1f3829f9597f830e599fc40fadc84db3,['CWE-254'],CVE-2015-1281
chromium,https://github.com/chromium/chromium/commit/02ab4913c82188af2c7e440742a11d5231dbaa0e,02ab4913c82188af2c7e440742a11d5231dbaa0e,['CWE-20'],CVE-2015-1284
chromium,https://github.com/chromium/chromium/commit/a9b3b3ea911c133c2575fd1c1c2e7571068d55c0,a9b3b3ea911c133c2575fd1c1c2e7571068d55c0,['CWE-200'],CVE-2015-1285
chromium,https://github.com/chromium/chromium/commit/0522e0ad97fd5814fc17353f2e373534c4cfebb1,0522e0ad97fd5814fc17353f2e373534c4cfebb1,['CWE-17'],CVE-2015-1287
torvalds/linux,https://github.com/torvalds/linux/commit/ce40cd3fc7fa40a6119e5fe6c0f2bc0eb4541009,ce40cd3fc7fa40a6119e5fe6c0f2bc0eb4541009,['CWE-Other'],CVE-2015-4692
torvalds/linux,https://github.com/torvalds/linux/commit/23b133bdc452aa441fcb9b82cbf6dd05cfd342d0,23b133bdc452aa441fcb9b82cbf6dd05cfd342d0,['CWE-189'],CVE-2015-4167
torvalds/linux,https://github.com/torvalds/linux/commit/a134f083e79fb4c3d0a925691e732c56911b4326,a134f083e79fb4c3d0a925691e732c56911b4326,['CWE-Other'],CVE-2015-3636
torvalds/linux,https://github.com/torvalds/linux/commit/637b58c2887e5e57850865839cc75f59184b23d1,637b58c2887e5e57850865839cc75f59184b23d1,['CWE-17'],CVE-2015-1805
torvalds/linux,https://github.com/torvalds/linux/commit/f0d1bec9d58d4c038d0ac958c9af82be6eb18045,f0d1bec9d58d4c038d0ac958c9af82be6eb18045,['CWE-17'],CVE-2015-1805
ArtifexSoftware/ghostpdl,https://github.com/ArtifexSoftware/ghostpdl/commit/0c0b0859ae1aba64861599f0e7f74f143f305932,0c0b0859,['CWE-189'],CVE-2015-3228
htacg/tidy-html5,https://github.com/htacg/tidy-html5/commit/0fb7ccdfc6ea4e066ec60cd5c931e17eaa71d856,0fb7ccdfc6ea4e066ec60cd5c931e17eaa71d856,['CWE-119'],CVE-2015-5522
htacg/tidy-html5,https://github.com/htacg/tidy-html5/commit/c18f27a58792f7fbd0b30a0ff50d6b40a82f940d,c18f27a58792f7fbd0b30a0ff50d6b40a82f940d,['CWE-119'],CVE-2015-5522
ClusterLabs/pacemaker,https://github.com/ClusterLabs/pacemaker/commit/84ac07c7d02b3badd708b1ef13a2159dede70715,84ac07c,['CWE-264'],CVE-2015-1867
bittorrent/bootstrap-dht,https://github.com/bittorrent/bootstrap-dht/commit/e809ea80e3527e32c40756eddd8b2ae44bc3af1a,e809ea80e3527e32c40756eddd8b2ae44bc3af1a,['CWE-20'],CVE-2015-5685
GNOME/libxml2,https://github.com/GNOME/libxml2/commit/213f1fe0d76d30eaed6e5853057defc43e6df2c9,213f1fe0d76d30eaed6e5853057defc43e6df2c9,['CWE-399'],CVE-2015-1819
GNOME/gdk-pixbuf,https://github.com/GNOME/gdk-pixbuf/commit/ffec86ed5010c5a2be14f47b33bcf4ed3169a199,ffec86ed5010c5a2be14f47b33bcf4ed3169a199,['CWE-189'],CVE-2015-4491
GNOME/gdk-pixbuf,https://github.com/GNOME/gdk-pixbuf/commit/8dba67cb4f38d62a47757741ad41e3f245b4a32a,8dba67cb4f38d62a47757741ad41e3f245b4a32a,['CWE-189'],CVE-2015-4491
openssh/openssh-portable,https://github.com/openssh/openssh-portable/commit/d4697fe9a28dab7255c60433e4dd23cf7fce8a8b,d4697fe9a28dab7255c60433e4dd23cf7fce8a8b,['CWE-20'],CVE-2015-6563
openssh/openssh-portable,https://github.com/openssh/openssh-portable/commit/5e75f5198769056089fb06c4d738ab0e5abc66f7,5e75f5198769056089fb06c4d738ab0e5abc66f7,['CWE-264'],CVE-2015-6564
wireshark,https://github.com/wireshark/wireshark/commit/eaf1aad31e7c0a4908c20a42ae118c4dc8d474b6,eaf1aad31e7c0a4908c20a42ae118c4dc8d474b6,['CWE-20'],CVE-2015-6242
wireshark,https://github.com/wireshark/wireshark/commit/eb1ccbdccde89701f255f921d88992878057477d,eb1ccbdccde89701f255f921d88992878057477d,['CWE-20'],CVE-2015-6243
wireshark,https://github.com/wireshark/wireshark/commit/31571144be5f03f054a9c7e195b38c2f5792fe54,31571144be5f03f054a9c7e195b38c2f5792fe54,['CWE-20'],CVE-2015-6244
wireshark,https://github.com/wireshark/wireshark/commit/43c2e5769a17f0945fdcdabe35204a13ca9bbc85,43c2e5769a17f0945fdcdabe35204a13ca9bbc85,['CWE-20'],CVE-2015-6244
wireshark,https://github.com/wireshark/wireshark/commit/655b0dc623e29da212be3e205314624fe3182562,655b0dc623e29da212be3e205314624fe3182562,['CWE-20'],CVE-2015-6244
wireshark,https://github.com/wireshark/wireshark/commit/78bc3dd93a562ca1b1c5dbc8f71d2967008be7ed,78bc3dd93a562ca1b1c5dbc8f71d2967008be7ed,['CWE-20'],CVE-2015-6245
wireshark,https://github.com/wireshark/wireshark/commit/5523726e6960fe9d7e301376fd7a94599f65fd42,5523726e6960fe9d7e301376fd7a94599f65fd42,['CWE-20'],CVE-2015-6246
wireshark,https://github.com/wireshark/wireshark/commit/828358d22c6bcf0a1ade5b3ffaa8018a385bfc6c,828358d22c6bcf0a1ade5b3ffaa8018a385bfc6c,['CWE-20'],CVE-2015-6247
wireshark,https://github.com/wireshark/wireshark/commit/5b53445e815fd6b652d49df03ec3d60b088c4fbc,5b53445e815fd6b652d49df03ec3d60b088c4fbc,['CWE-20'],CVE-2015-6248
wireshark,https://github.com/wireshark/wireshark/commit/3fc4a831e035604b0af14ed8a5c9f6596a3448d0,3fc4a831e035604b0af14ed8a5c9f6596a3448d0,['CWE-20'],CVE-2015-6248
wireshark,https://github.com/wireshark/wireshark/commit/b1eaf29d4056f05d1bd6a7f3d692553ec069a228,b1eaf29d4056f05d1bd6a7f3d692553ec069a228,['CWE-20'],CVE-2015-6249
torvalds/linux,https://github.com/torvalds/linux/commit/e237ec37ec154564f8690c5bd1795339955eeef9,e237ec37ec154564f8690c5bd1795339955eeef9,"['CWE-119', 'CWE-Other']",CVE-2014-9728
torvalds/linux,https://github.com/torvalds/linux/commit/e159332b9af4b04d882dbcfe1bb0117f0a6d4b58,e159332b9af4b04d882dbcfe1bb0117f0a6d4b58,"['CWE-119', 'CWE-Other']",CVE-2014-9728
torvalds/linux,https://github.com/torvalds/linux/commit/a1d47b262952a45aae62bd49cfaf33dd76c11a2c,a1d47b262952a45aae62bd49cfaf33dd76c11a2c,"['CWE-119', 'CWE-Other']",CVE-2014-9728
torvalds/linux,https://github.com/torvalds/linux/commit/0e5cc9a40ada6046e6bc3bdfcd0c0d7e4b706b14,0e5cc9a40ada6046e6bc3bdfcd0c0d7e4b706b14,['CWE-17'],CVE-2014-9731
torvalds/linux,https://github.com/torvalds/linux/commit/ca4da5dd1f99fe9c59f1709fb43e818b18ad20e0,ca4da5dd1f99fe9c59f1709fb43e818b18ad20e0,['CWE-119'],CVE-2015-1333
torvalds/linux,https://github.com/torvalds/linux/commit/2d45a02d0166caf2627fe91897c6ffc3b19514c4,2d45a02d0166caf2627fe91897c6ffc3b19514c4,['CWE-362'],CVE-2015-3212
torvalds/linux,https://github.com/torvalds/linux/commit/ee73f656a604d5aa9df86a97102e4e462dd79924,ee73f656a604d5aa9df86a97102e4e462dd79924,['CWE-119'],CVE-2015-3214
torvalds/linux,https://github.com/torvalds/linux/commit/3f7352bf21f8fd7ba3e2fcef9488756f188e12be,3f7352bf21f8fd7ba3e2fcef9488756f188e12be,['CWE-17'],CVE-2015-4700
torvalds/linux,https://github.com/torvalds/linux/commit/beb39db59d14990e401e235faf66a6b9b31240b0,beb39db59d14990e401e235faf66a6b9b31240b0,['CWE-399'],CVE-2015-5364
torvalds/linux,https://github.com/torvalds/linux/commit/b6878d9e03043695dbf3fa1caa6dfc09db225b16,b6878d9e03043695dbf3fa1caa6dfc09db225b16,['CWE-200'],CVE-2015-5697
torvalds/linux,https://github.com/torvalds/linux/commit/f15133df088ecadd141ea1907f2c96df67c729f0,f15133df088ecadd141ea1907f2c96df67c729f0,['CWE-416'],CVE-2015-5706
torvalds/linux,https://github.com/torvalds/linux/commit/9a5cbce421a283e6aea3c4007f141735bf9da8c3,9a5cbce421a283e6aea3c4007f141735bf9da8c3,['CWE-399'],CVE-2015-6526
tillkamppeter/ippusbxd,https://github.com/tillkamppeter/ippusbxd/commit/46844402bca7a38fc224483ba6f0a93c4613203f,46844402bca7a38fc224483ba6f0a93c4613203f,['CWE-264'],CVE-2015-6520
xen-project/xen,https://github.com/xen-project/xen/commit/afc13fe5e21d18c09e44f8ae6f7f4484e9f1de7f,afc13fe5e21d18c09e44f8ae6f7f4484e9f1de7f,['CWE-264'],CVE-2015-6654
chromium,https://github.com/chromium/chromium/commit/2c36e1fa592c341f27f758cf8b6770957c9bfdd4,2c36e1fa592c341f27f758cf8b6770957c9bfdd4,['CWE-264'],CVE-2015-1291
chromium,https://github.com/chromium/chromium/commit/c62d8db228d01f75d74b5a3420c6dec8f7d961fd,c62d8db228d01f75d74b5a3420c6dec8f7d961fd,['CWE-264'],CVE-2015-1292
chromium,https://github.com/chromium/chromium/commit/acf50d484e3b9fdc676a75d266303c7163b2f59f,acf50d484e3b9fdc676a75d266303c7163b2f59f,['CWE-254'],CVE-2015-1300
chromium,https://github.com/chromium/chromium/commit/1fdafc3d1a1e067b73021696c0ed08a33ca7c325,1fdafc3d1a1e067b73021696c0ed08a33ca7c325,['CWE-254'],CVE-2015-6582
qemu,https://github.com/qemu/qemu/commit/7aa2bcad0ca837dd6d4bf4fa38a80314b4a6b755,7aa2bcad0ca837dd6d4bf4fa38a80314b4a6b755,['CWE-119'],CVE-2015-5279
xen-project/xen,https://github.com/xen-project/xen/commit/fa30003c13577b7ae4bbb46252ec1cbabd65c645,fa30003c13577b7ae4bbb46252ec1cbabd65c645,['CWE-17'],CVE-2015-7311
chromium,https://github.com/chromium/chromium/commit/c71a21e6dda9025c2bf823c5aab791c2ae8cdfc2,c71a21e6dda9025c2bf823c5aab791c2ae8cdfc2,['CWE-264'],CVE-2015-6755
chromium,https://github.com/chromium/chromium/commit/9bb0d54685f77eab2556dc7433f9ba0d43c98f5a,9bb0d54685f77eab2556dc7433f9ba0d43c98f5a,['CWE-200'],CVE-2015-6759
chromium,https://github.com/chromium/chromium/commit/212b92858f0ae007c90abd10b40ba805a13af43c,212b92858f0ae007c90abd10b40ba805a13af43c,['CWE-254'],CVE-2015-6762
torvalds/linux,https://github.com/torvalds/linux/commit/0f2af21aae11972fa924374ddcf52e88347cf5a8,0f2af21aae11972fa924374ddcf52e88347cf5a8,['CWE-17'],CVE-2015-0275
torvalds/linux,https://github.com/torvalds/linux/commit/48900cb6af4282fa0fb6ff4d72a81aa3dadb5c39,48900cb6af4282fa0fb6ff4d72a81aa3dadb5c39,['CWE-119'],CVE-2015-5156
torvalds/linux,https://github.com/torvalds/linux/commit/fdc81f45e9f57858da6351836507fbcf1b7583ee,fdc81f45e9f57858da6351836507fbcf1b7583ee,['CWE-190'],CVE-2015-5707
torvalds/linux,https://github.com/torvalds/linux/commit/451a2886b6bf90e2fb378f7c46c655450fb96e81,451a2886b6bf90e2fb378f7c46c655450fb96e81,['CWE-190'],CVE-2015-5707
torvalds/linux,https://github.com/torvalds/linux/commit/7932c0bd7740f4cd2aa168d3ce0199e7af7d72d5,7932c0bd7740f4cd2aa168d3ce0199e7af7d72d5,['CWE-399'],CVE-2015-6252
torvalds/linux,https://github.com/torvalds/linux/commit/74e98eb085889b0d2d4908f59f6e00026063014f,74e98eb085889b0d2d4908f59f6e00026063014f,['CWE-Other'],CVE-2015-6937
torvalds/linux,https://github.com/torvalds/linux/commit/b9a532277938798b53178d5a66af6e2915cb27cf,b9a532277938798b53178d5a66af6e2915cb27cf,['CWE-362'],CVE-2015-7613
GNOME/gdk-pixbuf,https://github.com/GNOME/gdk-pixbuf/commit/edf6fb8d856574bc3bb3a703037f56533229267c,edf6fb8d856574bc3bb3a703037f56533229267c,['CWE-119'],CVE-2015-7673
GNOME/gdk-pixbuf,https://github.com/GNOME/gdk-pixbuf/commit/19f9685dbff7d1f929c61cf99188df917a18811d,19f9685dbff7d1f929c61cf99188df917a18811d,['CWE-119'],CVE-2015-7673
GNOME/gdk-pixbuf,https://github.com/GNOME/gdk-pixbuf/commit/6ddca835100107e6b5841ce9d56074f6d98c387e,6ddca835100107e6b5841ce9d56074f6d98c387e,['CWE-119'],CVE-2015-7673
GNOME/gdk-pixbuf,https://github.com/GNOME/gdk-pixbuf/commit/e9a5704edaa9aee9498f1fbf6e1b70fcce2e55aa,e9a5704edaa9aee9498f1fbf6e1b70fcce2e55aa,['CWE-189'],CVE-2015-7674
xen-project/xen,https://github.com/xen-project/xen/commit/1c0e59ff15764e7b0c59282365974f5b8924ce83,1c0e59ff15764e7b0c59282365974f5b8924ce83,['CWE-399'],CVE-2015-7813
xen-project/xen,https://github.com/xen-project/xen/commit/1ef01396fdff88b1c3331a09ca5c69619b90f4ea,1ef01396fdff88b1c3331a09ca5c69619b90f4ea,"['CWE-362', 'CWE-119']",CVE-2015-7814
xen-project/xen,https://github.com/xen-project/xen/commit/fe360c90ea13f309ef78810f1a2b92f2ae3b30b8,fe360c90ea13f309ef78810f1a2b92f2ae3b30b8,"['CWE-264', 'CWE-20']",CVE-2015-7835
xen-project/xen,https://github.com/xen-project/xen/commit/6e97c4b37386c2d09e09e9b5d5d232e37728b960,6e97c4b37386c2d09e09e9b5d5d232e37728b960,['CWE-399'],CVE-2015-7969
xen-project/xen,https://github.com/xen-project/xen/commit/d46896ebbb23f3a9fef2eb6066ae614fd1acfd96,d46896ebbb23f3a9fef2eb6066ae614fd1acfd96,['CWE-399'],CVE-2015-7969
xen-project/xen,https://github.com/xen-project/xen/commit/101ce53266866144e724ed593173bc4098b300b9,101ce53266866144e724ed593173bc4098b300b9,['CWE-399'],CVE-2015-7970
xen-project/xen,https://github.com/xen-project/xen/commit/95e7415843b94c346e5ba8682665f508f220e04b,95e7415843b94c346e5ba8682665f508f220e04b,['CWE-19'],CVE-2015-7971
xen-project/xen,https://github.com/xen-project/xen/commit/e294a0c3af9f4443dc692b180fb1771b1cb075e8,e294a0c3af9f4443dc692b180fb1771b1cb075e8,['CWE-399'],CVE-2015-7972
twigphp/Twig,https://github.com/twigphp/Twig/commit/22500609b69a9f17a64102d9376cb114f706ee2f,22500609b69a9f17a64102d9376cb114f706ee2f,['CWE-264'],CVE-2015-7809
wireshark,https://github.com/wireshark/wireshark/commit/72497918b16b706c3ba75e1f731f58b802ca14d1,72497918b16b706c3ba75e1f731f58b802ca14d1,['CWE-20'],CVE-2015-7830
torvalds/linux,https://github.com/torvalds/linux/commit/cde93be45a8a90d8c264c776fab63487b5038a65,cde93be45a8a90d8c264c776fab63487b5038a65,['CWE-254'],CVE-2015-2925
torvalds/linux,https://github.com/torvalds/linux/commit/397d425dc26da728396e66d392d5dcb8dac30c37,397d425dc26da728396e66d392d5dcb8dac30c37,['CWE-254'],CVE-2015-2925
torvalds/linux,https://github.com/torvalds/linux/commit/54a20552e1eae07aa240fa370a0293e006b5faed,54a20552e1eae07aa240fa370a0293e006b5faed,['CWE-399'],CVE-2015-5307
xen-project/xen,https://github.com/xen-project/xen/commit/bd2239d9fa975a1ee5bcd27c218ae042cd0a57bc,bd2239d9fa975a1ee5bcd27c218ae042cd0a57bc,['CWE-399'],CVE-2015-5307
torvalds/linux,https://github.com/torvalds/linux/commit/f05819df10d7b09f6d1eb6f8534a8f68e5a4fe61,f05819df10d7b09f6d1eb6f8534a8f68e5a4fe61,['CWE-20'],CVE-2015-7872
torvalds/linux,https://github.com/torvalds/linux/commit/cbdb967af3d54993f5814f1cee0ed311a055377d,cbdb967af3d54993f5814f1cee0ed311a055377d,['CWE-399'],CVE-2015-8104
xen-project/xen,https://github.com/xen-project/xen/commit/29bcf64ce8bc0b1b7aacd00c8668f255c4f0686c,29bcf64ce8bc0b1b7aacd00c8668f255c4f0686c,['CWE-254'],CVE-2015-7812
GNOME/libxml2,https://github.com/GNOME/libxml2/commit/9b8512337d14c8ddf662fcb98b0135f225a1c489,9b8512337d14c8ddf662fcb98b0135f225a1c489,['CWE-119'],CVE-2015-7941
GNOME/libxml2,https://github.com/GNOME/libxml2/commit/a7dfab7411cbf545f359dd3157e5df1eb0e7ce31,a7dfab7411cbf545f359dd3157e5df1eb0e7ce31,['CWE-119'],CVE-2015-7941
chromium,https://github.com/chromium/chromium/commit/ab1fe99b063542657a7c6fa507ff225c00a3545b,ab1fe99b063542657a7c6fa507ff225c00a3545b,['CWE-20'],CVE-2012-2882
chromium,https://github.com/chromium/chromium/commit/2de493f4a1d48952e09230a0c32ccbd45db973b2,2de493f4a1d48952e09230a0c32ccbd45db973b2,['CWE-399'],CVE-2012-2893
torvalds/linux,https://github.com/torvalds/linux/commit/764355487ea220fdc2faf128d577d7f679b91f97,764355487ea220fdc2faf128d577d7f679b91f97,"['CWE-362', 'CWE-264']",CVE-2011-1833
torvalds/linux,https://github.com/torvalds/linux/commit/f8bd2258e2d520dff28c855658bd24bdafb5102d,f8bd2258e2d520dff28c855658bd24bdafb5102d,['CWE-189'],CVE-2011-3209
torvalds/linux,https://github.com/torvalds/linux/commit/1df2ae31c724e57be9d7ac00d78db8a5dabdd050,1df2ae31c724e57be9d7ac00d78db8a5dabdd050,['CWE-787'],CVE-2012-3400
torvalds/linux,https://github.com/torvalds/linux/commit/adee11b2085bee90bd8f4f52123ffb07882d6256,adee11b2085bee90bd8f4f52123ffb07882d6256,['CWE-787'],CVE-2012-3400
torvalds/linux,https://github.com/torvalds/linux/commit/68cb695ccecf949d48949e72f8ce591fdaaa325c,68cb695ccecf949d48949e72f8ce591fdaaa325c,['CWE-189'],CVE-2012-3412
torvalds/linux,https://github.com/torvalds/linux/commit/06b6a1cf6e776426766298d055bb3991957d90a7,06b6a1cf6e776426766298d055bb3991957d90a7,['CWE-200'],CVE-2012-3430
torvalds/linux,https://github.com/torvalds/linux/commit/f0ec1aaf54caddd21c259aea8b2ecfbde4ee4fb9,f0ec1aaf54caddd21c259aea8b2ecfbde4ee4fb9,['CWE-399'],CVE-2012-3510
torvalds/linux,https://github.com/torvalds/linux/commit/e0e3cea46d31d23dc40df0a49a7a2c04fe8edfea,e0e3cea46d31d23dc40df0a49a7a2c04fe8edfea,['CWE-287'],CVE-2012-3520
torvalds/linux,https://github.com/torvalds/linux/commit/9ab4233dd08036fe34a89c7dc6f47a8bf2eb29eb,9ab4233dd08036fe34a89c7dc6f47a8bf2eb29eb,['CWE-362'],CVE-2012-3511
torvalds/linux,https://github.com/torvalds/linux/commit/ed6fe9d614fc1bca95eb8c0ccd0e92db00ef9d5d,ed6fe9d614fc1bca95eb8c0ccd0e92db00ef9d5d,['CWE-399'],CVE-2012-4467
GNOME/gnome-keyring,https://github.com/GNOME/gnome-keyring/commit/5dff623470b859e332dbe12afb0dc57b292832d2,5dff623470b859e332dbe12afb0dc57b292832d2,['CWE-264'],CVE-2012-3466
GNOME/gnome-keyring,https://github.com/GNOME/gnome-keyring/commit/51606f299e5ee9d48096db0a5957efe26cbf7cc3,51606f299e5ee9d48096db0a5957efe26cbf7cc3,['CWE-264'],CVE-2012-3466
davidben/nspluginwrapper,https://github.com/davidben/nspluginwrapper/commit/7e4ab8e1189846041f955e6c83f72bc1624e7a98,7e4ab8e1189846041f955e6c83f72bc1624e7a98,['CWE-264'],CVE-2011-2486
GNOME/evince,https://github.com/GNOME/evince/commit/439c5070022eab6cef7266aab47f978058012c72,439c5070022e,['CWE-189'],CVE-2011-5244
GNOME/evince,https://github.com/GNOME/evince/commit/d4139205b010ed06310d14284e63114e88ec6de2,d4139205b010,['CWE-189'],CVE-2011-5244
GNOME/libxml2,https://github.com/GNOME/libxml2/commit/6a36fbe3b3e001a8a840b5c1fdd81cefc9947f0d,6a36fbe3b3e001a8a840b5c1fdd81cefc9947f0d,['CWE-119'],CVE-2012-5134
GNOME/gimp,https://github.com/GNOME/gimp/commit/2873262fccba12af144ed96ed91be144d92ff2e1,2873262fccba12af144ed96ed91be144d92ff2e1,['CWE-787'],CVE-2012-5576
GNOME/libxml2,https://github.com/GNOME/libxml2/commit/8973d58b7498fa5100a876815476b81fd1a2412a,8973d58b7498fa5100a876815476b81fd1a2412a,['CWE-399'],CVE-2012-0841
torvalds/linux,https://github.com/torvalds/linux/commit/2702b1526c7278c4d65d78de209a465d4de2885e,2702b1526c7278c4d65d78de209a465d4de2885e,['CWE-16'],CVE-2012-0957
torvalds/linux,https://github.com/torvalds/linux/commit/70789d7052239992824628db8133de08dc78e593,70789d7052239992824628db8133de08dc78e593,['CWE-Other'],CVE-2012-4444
torvalds/linux,https://github.com/torvalds/linux/commit/dee1f973ca341c266229faa5a1a5bb268bed3531,dee1f973ca341c266229faa5a1a5bb268bed3531,['CWE-362'],CVE-2012-4508
torvalds/linux,https://github.com/torvalds/linux/commit/8f363b77ee4fbf7c3bbcf5ec2c5ca482d396d664,8f363b77ee4fbf7c3bbcf5ec2c5ca482d396d664,['CWE-189'],CVE-2012-4565
torvalds/linux,https://github.com/torvalds/linux/commit/08dff7b7d629807dbb1f398c68dd9cd58dd657a1,08dff7b7d629807dbb1f398c68dd9cd58dd657a1,['CWE-Other'],CVE-2012-5517
torvalds/linux,https://github.com/torvalds/linux/commit/bcc2c9c3fff859e0eb019fe6fec26f9b8eba795c,bcc2c9c3fff859e0eb019fe6fec26f9b8eba795c,['CWE-20'],CVE-2012-2669
torvalds/linux,https://github.com/torvalds/linux/commit/95a69adab9acfc3981c504737a2b6578e4d846ef,95a69adab9acfc3981c504737a2b6578e4d846ef,['CWE-Other'],CVE-2012-5532
torvalds/linux,https://github.com/torvalds/linux/commit/b92946e2919134ebe2a4083e4302236295ea2a73,b92946e2919134ebe2a4083e4302236295ea2a73,['CWE-119'],CVE-2012-2119
torvalds/linux,https://github.com/torvalds/linux/commit/67de956ff5dc1d4f321e16cfbd63f5be3b691b43,67de956ff5dc1d4f321e16cfbd63f5be3b691b43,['CWE-119'],CVE-2012-3364
chromium,https://github.com/chromium/chromium/commit/f96f1f27d9bc16b1a045c4fb5c8a8a82f73ece59,f96f1f27d9bc16b1a045c4fb5c8a8a82f73ece59,['CWE-119'],CVE-2013-0843
torvalds/linux,https://github.com/torvalds/linux/commit/b66c5984017533316fd1951770302649baf1aa33,b66c5984017533316fd1951770302649baf1aa33,['CWE-200'],CVE-2012-4530
torvalds/linux,https://github.com/torvalds/linux/commit/48856286b64e4b66ec62b94e504d0b29c1ade664,48856286b64e4b66ec62b94e504d0b29c1ade664,['CWE-20'],CVE-2013-0216
torvalds/linux,https://github.com/torvalds/linux/commit/7d5145d8eb2b9791533ffe4dc003b129b9696c48,7d5145d8eb2b9791533ffe4dc003b129b9696c48,['CWE-399'],CVE-2013-0217
torvalds/linux,https://github.com/torvalds/linux/commit/c903f0456bc69176912dee6dd25c6a66ee1aed00,c903f0456bc69176912dee6dd25c6a66ee1aed00,['CWE-264'],CVE-2013-0268
torvalds/linux,https://github.com/torvalds/linux/commit/9899d11f654474d2d54ea52ceaa2a1f4db3abd68,9899d11f654474d2d54ea52ceaa2a1f4db3abd68,['CWE-362'],CVE-2013-0871
torvalds/linux,https://github.com/torvalds/linux/commit/9c52057c698fb96f8f07e7a4bcf4801a092bda89,9c52057c698fb96f8f07e7a4bcf4801a092bda89,['CWE-310'],CVE-2012-5374
torvalds/linux,https://github.com/torvalds/linux/commit/77c1090f94d1b0b5186fb13a1b71b47b1343f87f,77c1090f94d1b0b5186fb13a1b71b47b1343f87f,['CWE-20'],CVE-2013-0290
torvalds/linux,https://github.com/torvalds/linux/commit/027ef6c87853b0a9df53175063028edb4950d476,027ef6c87853b0a9df53175063028edb4950d476,['CWE-119'],CVE-2013-0309
torvalds/linux,https://github.com/torvalds/linux/commit/89d7ae34cdda4195809a5a987f697a517a2a3177,89d7ae34cdda4195809a5a987f697a517a2a3177,['CWE-119'],CVE-2013-0310
torvalds/linux,https://github.com/torvalds/linux/commit/bd97120fc3d1a11f3124c7c9ba1d91f51829eb85,bd97120fc3d1a11f3124c7c9ba1d91f51829eb85,['CWE-Other'],CVE-2013-0311
torvalds/linux,https://github.com/torvalds/linux/commit/a67adb997419fb53540d4a4f79c6471c60bc69b6,a67adb997419fb53540d4a4f79c6471c60bc69b6,['CWE-Other'],CVE-2013-0313
torvalds/linux,https://github.com/torvalds/linux/commit/0a9ab9bdb3e891762553f667066190c1d22ad62b,0a9ab9bdb3e891762553f667066190c1d22ad62b,['CWE-200'],CVE-2013-0349
torvalds/linux,https://github.com/torvalds/linux/commit/6e601a53566d84e1ffd25e7b6fe0b6894ffd79c0,6e601a53566d84e1ffd25e7b6fe0b6894ffd79c0,['CWE-20'],CVE-2013-1763
torvalds/linux,https://github.com/torvalds/linux/commit/5f00110f7273f9ff04ac69a5f85bb535a4fd0987,5f00110f7273f9ff04ac69a5f85bb535a4fd0987,['CWE-399'],CVE-2013-1767
torvalds/linux,https://github.com/torvalds/linux/commit/ce0030c00f95cf9110d9cdcd41e901e1fb814417,ce0030c00f95cf9110d9cdcd41e901e1fb814417,['CWE-119'],CVE-2013-1772
torvalds/linux,https://github.com/torvalds/linux/commit/0720a06a7518c9d0c0125bd5d1f3b6264c55c3dd,0720a06a7518c9d0c0125bd5d1f3b6264c55c3dd,['CWE-119'],CVE-2013-1773
torvalds/linux,https://github.com/torvalds/linux/commit/1ee0a224bc9aad1de496c795f96bc6ba2c394811,1ee0a224bc9aad1de496c795f96bc6ba2c394811,['CWE-264'],CVE-2013-1774
torvalds/linux,https://github.com/torvalds/linux/commit/8909c9ad8ff03611c9c96c9a92656213e4bb495b,8909c9ad8ff03611c9c96c9a92656213e4bb495b,['CWE-Other'],CVE-2011-1019
torvalds/linux,https://github.com/torvalds/linux/commit/da48524eb20662618854bb3df2db01fc65f3070c,da48524eb20662618854bb3df2db01fc65f3070c,['CWE-Other'],CVE-2011-1182
torvalds/linux,https://github.com/torvalds/linux/commit/78f11a255749d09025f54d4e2df4fbcb031530e2,78f11a255749d09025f54d4e2df4fbcb031530e2,['CWE-399'],CVE-2011-2479
torvalds/linux,https://github.com/torvalds/linux/commit/0b760113a3a155269a3fba93a409c640031dd68f,0b760113a3a155269a3fba93a409c640031dd68f,['CWE-400'],CVE-2011-2491
torvalds/linux,https://github.com/torvalds/linux/commit/aba8d056078e47350d85b06a9cabd5afcc4b72ea,aba8d056078e47350d85b06a9cabd5afcc4b72ea,['CWE-Other'],CVE-2011-2905
php/php-src,https://github.com/php/php-src/commit/8e76d0404b7f664ee6719fd98f0483f0ac4669d6,8e76d0404b7f664ee6719fd98f0483f0ac4669d6,['CWE-200'],CVE-2013-1643
torvalds/linux,https://github.com/torvalds/linux/commit/eb178619f930fa2ba2348de332a1ff1c66a31424,eb178619f930fa2ba2348de332a1ff1c66a31424,['CWE-20'],CVE-2013-1819
chromium,https://github.com/chromium/chromium/commit/96bd23b73e977a18652a1340e76806b0f8a07864,96bd23b73e977a18652a1340e76806b0f8a07864,['CWE-119'],CVE-2013-2493
GNOME/evolution,https://github.com/GNOME/evolution/commit/588c410718068388f8ce0004a71c104a4c89cce3,588c410718068388f8ce0004a71c104a4c89cce3,['CWE-200'],CVE-2011-3201
alandekok/freeradius-server,https://github.com/alandekok/freeradius-server/commit/1b1ec5ce75e224bd1755650c18ccdaa6dc53e605,1b1ec5ce75e224bd1755650c18ccdaa6dc53e605,['CWE-255'],CVE-2011-4966
torvalds/linux,https://github.com/torvalds/linux/commit/ecd7918745234e423dd87fcc0c077da557909720,ecd7918745234e423dd87fcc0c077da557909720,['CWE-200'],CVE-2012-6536
torvalds/linux,https://github.com/torvalds/linux/commit/7b789836f434c87168eab067cfbed1ec4783dffd,7b789836f434c87168eab067cfbed1ec4783dffd,['CWE-200'],CVE-2012-6537
torvalds/linux,https://github.com/torvalds/linux/commit/f778a636713a435d3a922c60b1622a91136560c1,f778a636713a435d3a922c60b1622a91136560c1,['CWE-200'],CVE-2012-6537
torvalds/linux,https://github.com/torvalds/linux/commit/1f86840f897717f86d523a13e99a447e6a5d2fa5,1f86840f897717f86d523a13e99a447e6a5d2fa5,['CWE-200'],CVE-2012-6537
torvalds/linux,https://github.com/torvalds/linux/commit/4c87308bdea31a7b4828a51f6156e6f721a1fcc9,4c87308bdea31a7b4828a51f6156e6f721a1fcc9,['CWE-200'],CVE-2012-6538
torvalds/linux,https://github.com/torvalds/linux/commit/43da5f2e0d0c69ded3d51907d9552310a6b545e8,43da5f2e0d0c69ded3d51907d9552310a6b545e8,['CWE-200'],CVE-2012-6539
torvalds/linux,https://github.com/torvalds/linux/commit/2d8a041b7bfe1097af21441cb77d6af95f4f4680,2d8a041b7bfe1097af21441cb77d6af95f4f4680,['CWE-200'],CVE-2012-6540
torvalds/linux,https://github.com/torvalds/linux/commit/7b07f8eb75aa3097cdfd4f6eac3da49db787381d,7b07f8eb75aa3097cdfd4f6eac3da49db787381d,['CWE-200'],CVE-2012-6541
torvalds/linux,https://github.com/torvalds/linux/commit/3592aaeb80290bda0f2cf0b5456c97bfc638b192,3592aaeb80290bda0f2cf0b5456c97bfc638b192,['CWE-200'],CVE-2012-6542
torvalds/linux,https://github.com/torvalds/linux/commit/04d4fbca1017c11381e7d82acea21dd741e748bc,04d4fbca1017c11381e7d82acea21dd741e748bc,['CWE-200'],CVE-2012-6543
torvalds/linux,https://github.com/torvalds/linux/commit/792039c73cf176c8e39a6e8beef2c94ff46522ed,792039c73cf176c8e39a6e8beef2c94ff46522ed,['CWE-200'],CVE-2012-6544
torvalds/linux,https://github.com/torvalds/linux/commit/3f68ba07b1da811bf383b4b701b129bfcb2e4988,3f68ba07b1da811bf383b4b701b129bfcb2e4988,['CWE-200'],CVE-2012-6544
torvalds/linux,https://github.com/torvalds/linux/commit/e15ca9a0ef9a86f0477530b0f44a725d67f889ee,e15ca9a0ef9a86f0477530b0f44a725d67f889ee,['CWE-200'],CVE-2012-6544
torvalds/linux,https://github.com/torvalds/linux/commit/f9432c5ec8b1e9a09b9b0e5569e3c73db8de432a,f9432c5ec8b1e9a09b9b0e5569e3c73db8de432a,['CWE-200'],CVE-2012-6545
torvalds/linux,https://github.com/torvalds/linux/commit/9ad2de43f1aee7e7274a4e0d41465489299e344b,9ad2de43f1aee7e7274a4e0d41465489299e344b,['CWE-200'],CVE-2012-6545
torvalds/linux,https://github.com/torvalds/linux/commit/9344a972961d1a6d2c04d9008b13617bcb6ec2ef,9344a972961d1a6d2c04d9008b13617bcb6ec2ef,['CWE-200'],CVE-2012-6545
torvalds/linux,https://github.com/torvalds/linux/commit/e862f1a9b7df4e8196ebec45ac62295138aa3fc2,e862f1a9b7df4e8196ebec45ac62295138aa3fc2,['CWE-200'],CVE-2012-6546
torvalds/linux,https://github.com/torvalds/linux/commit/3c0c5cfdcd4d69ffc4b9c0907cec99039f30a50a,3c0c5cfdcd4d69ffc4b9c0907cec99039f30a50a,['CWE-200'],CVE-2012-6546
torvalds/linux,https://github.com/torvalds/linux/commit/a117dacde0288f3ec60b6e5bcedae8fa37ee0dfc,a117dacde0288f3ec60b6e5bcedae8fa37ee0dfc,['CWE-200'],CVE-2012-6547
torvalds/linux,https://github.com/torvalds/linux/commit/0143fc5e9f6f5aad4764801015bc8d4b4a278200,0143fc5e9f6f5aad4764801015bc8d4b4a278200,['CWE-200'],CVE-2012-6548
torvalds/linux,https://github.com/torvalds/linux/commit/fe685aabf7c8c9f138e5ea900954d295bf229175,fe685aabf7c8c9f138e5ea900954d295bf229175,['CWE-200'],CVE-2012-6549
torvalds/linux,https://github.com/torvalds/linux/commit/9a5467bf7b6e9e02ec9c3da4e23747c05faeaac6,9a5467bf7b6e9e02ec9c3da4e23747c05faeaac6,['CWE-310'],CVE-2013-2546
torvalds/linux,https://github.com/torvalds/linux/commit/2ca39528c01a933f6689cd6505ce65bd6d68a530,2ca39528c01a933f6689cd6505ce65bd6d68a530,['CWE-264'],CVE-2013-0914
torvalds/linux,https://github.com/torvalds/linux/commit/0da9dfdd2cd9889201bc6f6f43580c99165cd087,0da9dfdd2cd9889201bc6f6f43580c99165cd087,['CWE-362'],CVE-2013-1792
torvalds/linux,https://github.com/torvalds/linux/commit/c300aa64ddf57d9c5d9c898a64b36877345dd4a9,c300aa64ddf57d9c5d9c898a64b36877345dd4a9,['CWE-119'],CVE-2013-1796
torvalds/linux,https://github.com/torvalds/linux/commit/0b79459b482e85cb7426aa7da683a9f2c97aeae1,0b79459b482e85cb7426aa7da683a9f2c97aeae1,['CWE-399'],CVE-2013-1797
torvalds/linux,https://github.com/torvalds/linux/commit/a2c118bfab8bc6b8bb213abfc35201e441693d55,a2c118bfab8bc6b8bb213abfc35201e441693d55,['CWE-20'],CVE-2013-1798
torvalds/linux,https://github.com/torvalds/linux/commit/864745d291b5ba80ea0bd0edcbe67273de368836,864745d291b5ba80ea0bd0edcbe67273de368836,['CWE-Other'],CVE-2013-1826
torvalds/linux,https://github.com/torvalds/linux/commit/276bdb82dedb290511467a5a4fdbe9f0b52dce6f,276bdb82dedb290511467a5a4fdbe9f0b52dce6f,['CWE-Other'],CVE-2013-1827
torvalds/linux,https://github.com/torvalds/linux/commit/726bc6b092da4c093eb74d13c07184b18c1af0f1,726bc6b092da4c093eb74d13c07184b18c1af0f1,['CWE-20'],CVE-2013-1828
torvalds/linux,https://github.com/torvalds/linux/commit/8d0c2d10dd72c5292eda7a06231056a4c972e4cc,8d0c2d10dd72c5292eda7a06231056a4c972e4cc,['CWE-20'],CVE-2013-1848
torvalds/linux,https://github.com/torvalds/linux/commit/c0f5ecee4e741667b2493c742b60b6218d40b3aa,c0f5ecee4e741667b2493c742b60b6218d40b3aa,['CWE-119'],CVE-2013-1860
torvalds/linux,https://github.com/torvalds/linux/commit/29cd8ae0e1a39e239a3a7b67da1986add1199fc0,29cd8ae0e1a39e239a3a7b67da1986add1199fc0,['CWE-399'],CVE-2013-2634
torvalds/linux,https://github.com/torvalds/linux/commit/84d73cd3fb142bf1298a8c13fd4ca50fd2432372,84d73cd3fb142bf1298a8c13fd4ca50fd2432372,['CWE-399'],CVE-2013-2635
torvalds/linux,https://github.com/torvalds/linux/commit/c085c49920b2f900ba716b4ca1c1a55ece9872cc,c085c49920b2f900ba716b4ca1c1a55ece9872cc,['CWE-399'],CVE-2013-2636
GNOME/gnome-online-accounts,https://github.com/GNOME/gnome-online-accounts/commit/9cf4bc0ced2c53bcdd36922caa65afc8a167bbd8,9cf4bc0ced2c53bcdd36922caa65afc8a167bbd8,['CWE-310'],CVE-2013-1799
torvalds/linux,https://github.com/torvalds/linux/commit/e66eded8309ebf679d3d3c1f5820d1f2ca332c71,e66eded8309ebf679d3d3c1f5820d1f2ca332c71,['CWE-264'],CVE-2013-1858
GNOME/libxslt,https://github.com/GNOME/libxslt/commit/dc11b6b379a882418093ecc8adf11f6166682e8d,dc11b6b379a882418093ecc8adf11f6166682e8d,['CWE-Other'],CVE-2012-6139
GNOME/libxslt,https://github.com/GNOME/libxslt/commit/6c99c519d97e5fcbec7a9537d190efb442e4e833,6c99c519d97e5fcbec7a9537d190efb442e4e833,['CWE-Other'],CVE-2012-6139
torvalds/linux,https://github.com/torvalds/linux/commit/fc9bbca8f650e5f738af8806317c0a041a48ae4a,fc9bbca8f650e5f738af8806317c0a041a48ae4a,['CWE-189'],CVE-2013-2596
torvalds/linux,https://github.com/torvalds/linux/commit/72a763d805a48ac8c0bf48fdb510e84c12de51fe,72a763d805a48ac8c0bf48fdb510e84c12de51fe,['CWE-200'],CVE-2013-3076
torvalds/linux,https://github.com/torvalds/linux/commit/9b3e617f3df53822345a8573b6d358f6b9e5ed87,9b3e617f3df53822345a8573b6d358f6b9e5ed87,['CWE-200'],CVE-2013-3222
torvalds/linux,https://github.com/torvalds/linux/commit/ef3313e84acbf349caecae942ab3ab731471f1a1,ef3313e84acbf349caecae942ab3ab731471f1a1,['CWE-200'],CVE-2013-3223
torvalds/linux,https://github.com/torvalds/linux/commit/4683f42fde3977bdb4e8a09622788cc8b5313778,4683f42fde3977bdb4e8a09622788cc8b5313778,['CWE-200'],CVE-2013-3224
torvalds/linux,https://github.com/torvalds/linux/commit/e11e0455c0d7d3d62276a0c55d9dfbc16779d691,e11e0455c0d7d3d62276a0c55d9dfbc16779d691,['CWE-200'],CVE-2013-3225
torvalds/linux,https://github.com/torvalds/linux/commit/c8c499175f7d295ef867335bceb9a76a2c3cdc38,c8c499175f7d295ef867335bceb9a76a2c3cdc38,['CWE-200'],CVE-2013-3226
torvalds/linux,https://github.com/torvalds/linux/commit/2d6fbfe733f35c6b355c216644e08e149c61b271,2d6fbfe733f35c6b355c216644e08e149c61b271,['CWE-200'],CVE-2013-3227
torvalds/linux,https://github.com/torvalds/linux/commit/5ae94c0d2f0bed41d6718be743985d61b7f5c47d,5ae94c0d2f0bed41d6718be743985d61b7f5c47d,['CWE-200'],CVE-2013-3228
torvalds/linux,https://github.com/torvalds/linux/commit/a5598bd9c087dc0efc250a5221e5d0e6f584ee88,a5598bd9c087dc0efc250a5221e5d0e6f584ee88,['CWE-200'],CVE-2013-3229
torvalds/linux,https://github.com/torvalds/linux/commit/b860d3cc62877fad02863e2a08efff69a19382d2,b860d3cc62877fad02863e2a08efff69a19382d2,['CWE-200'],CVE-2013-3230
torvalds/linux,https://github.com/torvalds/linux/commit/c77a4b9cffb6215a15196ec499490d116dfad181,c77a4b9cffb6215a15196ec499490d116dfad181,['CWE-200'],CVE-2013-3231
torvalds/linux,https://github.com/torvalds/linux/commit/c802d759623acbd6e1ee9fbdabae89159a513913,c802d759623acbd6e1ee9fbdabae89159a513913,['CWE-200'],CVE-2013-3232
torvalds/linux,https://github.com/torvalds/linux/commit/3ce5efad47b62c57a4f5c54248347085a750ce0e,3ce5efad47b62c57a4f5c54248347085a750ce0e,['CWE-200'],CVE-2013-3232
torvalds/linux,https://github.com/torvalds/linux/commit/d26d6504f23e803824e8ebd14e52d4fc0a0b09cb,d26d6504f23e803824e8ebd14e52d4fc0a0b09cb,['CWE-200'],CVE-2013-3233
torvalds/linux,https://github.com/torvalds/linux/commit/4a184233f21645cf0b719366210ed445d1024d72,4a184233f21645cf0b719366210ed445d1024d72,['CWE-200'],CVE-2013-3234
torvalds/linux,https://github.com/torvalds/linux/commit/60085c3d009b0df252547adb336d1ccca5ce52ec,60085c3d009b0df252547adb336d1ccca5ce52ec,['CWE-200'],CVE-2013-3235
torvalds/linux,https://github.com/torvalds/linux/commit/680d04e0ba7e926233e3b9cee59125ce181f66ba,680d04e0ba7e926233e3b9cee59125ce181f66ba,['CWE-200'],CVE-2013-3236
torvalds/linux,https://github.com/torvalds/linux/commit/d5e0d0f607a7a029c6563a0470d88255c89a8d11,d5e0d0f607a7a029c6563a0470d88255c89a8d11,['CWE-200'],CVE-2013-3237
torvalds/linux,https://github.com/torvalds/linux/commit/3151527ee007b73a0ebd296010f1c0454a919c7d,3151527ee007b73a0ebd296010f1c0454a919c7d,['CWE-264'],CVE-2013-1956
torvalds/linux,https://github.com/torvalds/linux/commit/132c94e31b8bca8ea921f9f96a57d684fa4ae0a9,132c94e31b8bca8ea921f9f96a57d684fa4ae0a9,['CWE-264'],CVE-2013-1957
torvalds/linux,https://github.com/torvalds/linux/commit/92f28d973cce45ef5823209aab3138eb45d8b349,92f28d973cce45ef5823209aab3138eb45d8b349,['CWE-264'],CVE-2013-1958
GNOME/libxml2,https://github.com/GNOME/libxml2/commit/23f05e0c33987d6605387b300c4be5da2120a7ab,23f05e0c33987d6605387b300c4be5da2120a7ab,['CWE-119'],CVE-2013-0338
SpiderLabs/ModSecurity,https://github.com/SpiderLabs/ModSecurity/commit/d4d80b38aa85eccb26e3c61b04d16e8ca5de76fe,d4d80b38aa85eccb26e3c61b04d16e8ca5de76fe,['CWE-611'],CVE-2013-1915
GNOME/libxml2,https://github.com/GNOME/libxml2/commit/de0cc20c29cb3f056062925395e0f68d2250a46f,de0cc20c29cb3f056062925395e0f68d2250a46f,['CWE-399'],CVE-2013-1969
gsliepen/tinc,https://github.com/gsliepen/tinc/commit/17a33dfd95b1a29e90db76414eb9622df9632320,17a33dfd95b1a29e90db76414eb9622df9632320,['CWE-119'],CVE-2013-1428
torvalds/linux,https://github.com/torvalds/linux/commit/12176503366885edd542389eed3aaf94be163fdb,12176503366885edd542389eed3aaf94be163fdb,['CWE-200'],CVE-2013-1928
torvalds/linux,https://github.com/torvalds/linux/commit/0e9a9a1ad619e7e987815d20262d36a2f95717ca,0e9a9a1ad619e7e987815d20262d36a2f95717ca,"['CWE-20', 'CWE-399']",CVE-2013-2015
torvalds/linux,https://github.com/torvalds/linux/commit/ea702b80e0bbb2448e201472127288beb82ca2fe,ea702b80e0bbb2448e201472127288beb82ca2fe,['CWE-362'],CVE-2013-3302
torvalds/linux,https://github.com/torvalds/linux/commit/e3211c120a85b792978bcb4be7b2886df18d27f0,e3211c120a85b792978bcb4be7b2886df18d27f0,['CWE-264'],CVE-2013-1959
torvalds/linux,https://github.com/torvalds/linux/commit/6708075f104c3c9b04b23336bb0366ca30c3931b,6708075f104c3c9b04b23336bb0366ca30c3931b,['CWE-264'],CVE-2013-1959
torvalds/linux,https://github.com/torvalds/linux/commit/83f1b4ba917db5dc5a061a44b3403ddb6e783494,83f1b4ba917db5dc5a061a44b3403ddb6e783494,['CWE-264'],CVE-2013-1979
torvalds/linux,https://github.com/torvalds/linux/commit/6ec82562ffc6f297d0de36d65776cff8e5704867,6ec82562ffc6f297d0de36d65776cff8e5704867,['CWE-399'],CVE-2013-2017
Cisco-Talos/clamav,https://github.com/Cisco-Talos/clamav/commit/24ff855c82d3f5c62bc5788a5776cefbffce2971,24ff855c82d3f5c62bc5788a5776cefbffce2971,['CWE-119'],CVE-2013-2021
torvalds/linux,https://github.com/torvalds/linux/commit/8176cced706b5e5d15887584150764894e94e02f,8176cced706b5e5d15887584150764894e94e02f,['CWE-189'],CVE-2013-2094
php/php-src,https://github.com/php/php-src/commit/fb58e69a84f4fde603a630d2c9df2fa3be16d846,fb58e69a84f4fde603a630d2c9df2fa3be16d846,['CWE-20'],CVE-2013-3735
torvalds/linux,https://github.com/torvalds/linux/commit/b5a1eeef04cc7859f34dec9b72ea1b28e4aba07c,b5a1eeef04cc7859f34dec9b72ea1b28e4aba07c,['CWE-119'],CVE-2011-4604
torvalds/linux,https://github.com/torvalds/linux/commit/715230a44310a8cf66fbfb5a46f9a62a9b2de424,715230a44310a8cf66fbfb5a46f9a62a9b2de424,['CWE-119'],CVE-2013-1929
torvalds/linux,https://github.com/torvalds/linux/commit/baff42ab1494528907bf4d5870359e31711746ae,baff42ab1494528907bf4d5870359e31711746ae,['CWE-400'],CVE-2013-2128
torvalds/linux,https://github.com/torvalds/linux/commit/b9e146d8eb3b9ecae5086d373b50fa0c1f3e7f0f,b9e146d8eb3b9ecae5086d373b50fa0c1f3e7f0f,['CWE-399'],CVE-2013-2141
torvalds/linux,https://github.com/torvalds/linux/commit/f1923820c447e986a9da0fc6bf60c1dccdf0408e,f1923820c447e986a9da0fc6bf60c1dccdf0408e,['CWE-20'],CVE-2013-2146
torvalds/linux,https://github.com/torvalds/linux/commit/cea4dcfdad926a27a18e188720efe0f2c9403456,cea4dcfdad926a27a18e188720efe0f2c9403456,['CWE-119'],CVE-2013-2850
torvalds/linux,https://github.com/torvalds/linux/commit/d370af0ef7951188daeb15bae75db7ba57c67846,d370af0ef7951188daeb15bae75db7ba57c67846,['CWE-787'],CVE-2011-1180
torvalds/linux,https://github.com/torvalds/linux/commit/4ff67b720c02c36e54d55b88c2931879b7db1cd2,4ff67b720c02c36e54d55b88c2931879b7db1cd2,['CWE-264'],CVE-2011-1585
torvalds/linux,https://github.com/torvalds/linux/commit/ea2bc483ff5caada7c4aa0d5fbf87d3a6590273d,ea2bc483ff5caada7c4aa0d5fbf87d3a6590273d,['CWE-476'],CVE-2011-2482
torvalds/linux,https://github.com/torvalds/linux/commit/a5b2c5b2ad5853591a6cac6134cd0f599a720865,a5b2c5b2ad5853591a6cac6134cd0f599a720865,['CWE-20'],CVE-2011-3619
torvalds/linux,https://github.com/torvalds/linux/commit/f8e9881c2aef1e982e5abc25c046820cd0b7cf64,f8e9881c2aef1e982e5abc25c046820cd0b7cf64,['CWE-665'],CVE-2011-4087
torvalds/linux,https://github.com/torvalds/linux/commit/64dd153c83743af81f20924c6343652d731eeecb,64dd153c83743af81f20924c6343652d731eeecb,['CWE-119'],CVE-2011-4098
torvalds/linux,https://github.com/torvalds/linux/commit/c4e7f9022e506c6635a5037713c37118e23193e4,c4e7f9022e506c6635a5037713c37118e23193e4,['CWE-264'],CVE-2011-4347
torvalds/linux,https://github.com/torvalds/linux/commit/ae53b5bd77719fed58086c5be60ce4f22bffe1c6,ae53b5bd77719fed58086c5be60ce4f22bffe1c6,['CWE-362'],CVE-2011-4348
chromium,https://github.com/chromium/chromium/commit/ae6ef14fe8d5c5df694efc7e09bcf86e4747d7ad,ae6ef14fe8d5c5df694efc7e09bcf86e4747d7ad,['CWE-264'],CVE-2013-2866
php/php-src,https://github.com/php/php-src/commit/74555e7c26b2c61bb8e67b7d6a6f4d2b8eb3a5f3,74555e7c26b2c61bb8e67b7d6a6f4d2b8eb3a5f3,['CWE-20'],CVE-2013-4636
torvalds/linux,https://github.com/torvalds/linux/commit/f2815633504b442ca0b0605c16bf3d88a3a0fcea,f2815633504b442ca0b0605c16bf3d88a3a0fcea,['CWE-Other'],CVE-2013-2206
torvalds/linux,https://github.com/torvalds/linux/commit/a963a37d384d71ad43b3e9e79d68d42fbe0901f3,a963a37d384d71ad43b3e9e79d68d42fbe0901f3,['CWE-20'],CVE-2013-2232
torvalds/linux,https://github.com/torvalds/linux/commit/a5cc68f3d63306d0d288f31edfc2ae6ef8ecd887,a5cc68f3d63306d0d288f31edfc2ae6ef8ecd887,['CWE-119'],CVE-2013-2234
torvalds/linux,https://github.com/torvalds/linux/commit/85dfb745ee40232876663ae206cba35f24ab2a40,85dfb745ee40232876663ae206cba35f24ab2a40,['CWE-119'],CVE-2013-2237
chromium,https://github.com/chromium/chromium/commit/33eb7f5b08752fa81a2c75bbc0d20fb061bbe383,33eb7f5b08752fa81a2c75bbc0d20fb061bbe383,['CWE-119'],CVE-2013-2875
php/php-src,https://github.com/php/php-src/commit/7d163e8a0880ae8af2dd869071393e5dc07ef271,7d163e8a0880ae8af2dd869071393e5dc07ef271,['CWE-787'],CVE-2013-4113
SpiderLabs/ModSecurity,https://github.com/SpiderLabs/ModSecurity/commit/0840b13612a0b7ef1ce7441cf811dcfc6b463fba,0840b13612a0b7ef1ce7441cf811dcfc6b463fba,['CWE-476'],CVE-2013-2765
torvalds/linux,https://github.com/torvalds/linux/commit/307f2fb95e9b96b3577916e73d92e104f8f26494,307f2fb95e9b96b3577916e73d92e104f8f26494,['CWE-399'],CVE-2013-4125
torvalds/linux,https://github.com/torvalds/linux/commit/fa3d315a4ce2c0891cdde262562e710d95fba19e,fa3d315a4ce2c0891cdde262562e710d95fba19e,['CWE-20'],CVE-2013-1943
GNOME/file-roller,https://github.com/GNOME/file-roller/commit/b147281293a8307808475e102a14857055f81631,b147281293a8307808475e102a14857055f81631,['CWE-22'],CVE-2013-4668
torvalds/linux,https://github.com/torvalds/linux/commit/dd7633ecd553a5e304d349aa6f8eb8a0417098c5,dd7633ecd553a5e304d349aa6f8eb8a0417098c5,['CWE-399'],CVE-2013-4127
torvalds/linux,https://github.com/torvalds/linux/commit/c7e8e8a8f7a70b343ca1e0f90a31e35ab2d16de1,c7e8e8a8f7a70b343ca1e0f90a31e35ab2d16de1,['CWE-20'],CVE-2013-4129
torvalds/linux,https://github.com/torvalds/linux/commit/8822b64a0fa64a5dd1dfcf837c5b0be83f8c05d1,8822b64a0fa64a5dd1dfcf837c5b0be83f8c05d1,['CWE-399'],CVE-2013-4162
torvalds/linux,https://github.com/torvalds/linux/commit/75a493e60ac4bbe2e977e7129d6d8cbb0dd236be,75a493e60ac4bbe2e977e7129d6d8cbb0dd236be,['CWE-399'],CVE-2013-4163
chromium,https://github.com/chromium/chromium/commit/c52aaf32adda2716f43065ddabaa2708378f1dcf,c52aaf32adda2716f43065ddabaa2708378f1dcf,['CWE-264'],CVE-2013-2881
chromium,https://github.com/chromium/chromium/commit/afea522e2f80f56fed7e54bd3d2070da358f42f2,afea522e2f80f56fed7e54bd3d2070da358f42f2,['CWE-399'],CVE-2013-2883
chromium,https://github.com/chromium/chromium/commit/4ac8bc08e3306f38a5ab3e551aef6ad43753579c,4ac8bc08e3306f38a5ab3e551aef6ad43753579c,['CWE-399'],CVE-2013-2884
LawnGnome/php-radius,https://github.com/LawnGnome/php-radius/commit/13c149b051f82b709e8d7cc32111e84b49d57234,13c149b051f82b709e8d7cc32111e84b49d57234,['CWE-119'],CVE-2013-2220
bitcoin,https://github.com/bitcoin/bitcoin/commit/5d3228217c6d2159b2155ef1d17e9462e651c497,5d3228217c6d2159b2155ef1d17e9462e651c497,['CWE-200'],CVE-2013-4165
bitcoin,https://github.com/bitcoin/bitcoin/commit/bd8420dda743c36940d3986fb7e81a2f195495f8,bd8420dda743c36940d3986fb7e81a2f195495f8,['CWE-200'],CVE-2013-4165
bitcoin,https://github.com/bitcoin/bitcoin/commit/351229cfc0d0f6c54af8e4d7ac7426c16e776fb1,351229cfc0d0f6c54af8e4d7ac7426c16e776fb1,['CWE-200'],CVE-2013-4165
php/php-src,https://github.com/php/php-src/commit/25e8fcc88fa20dc9d4c47184471003f436927cde,25e8fcc88fa20dc9d4c47184471003f436927cde,['CWE-264'],CVE-2011-4718
mongodb/mongo-python-driver,https://github.com/mongodb/mongo-python-driver/commit/a060c15ef87e0f0e72974c7c0e57fe811bbd06a2,a060c15ef87e0f0e72974c7c0e57fe811bbd06a2,['CWE-Other'],CVE-2013-2132
chromium,https://github.com/chromium/chromium/commit/aca6327545556b90a9efe385594e38b8fc9530b4,aca6327545556b90a9efe385594e38b8fc9530b4,['CWE-399'],CVE-2013-2902
chromium,https://github.com/chromium/chromium/commit/f4d0ee00fa66b781d5b8c5dad488a2ffba7abf2b,f4d0ee00fa66b781d5b8c5dad488a2ffba7abf2b,['CWE-399'],CVE-2013-2903
chromium,https://github.com/chromium/chromium/commit/81d421ae7b33771dfd64bcf3208e856724b4a39e,81d421ae7b33771dfd64bcf3208e856724b4a39e,['CWE-399'],CVE-2013-2904
chromium,https://github.com/chromium/chromium/commit/afb848acb43ba316097ab4fddfa38dbd80bc6a71,afb848acb43ba316097ab4fddfa38dbd80bc6a71,['CWE-264'],CVE-2013-2905
torvalds/linux,https://github.com/torvalds/linux/commit/6160968cee8b90a5dd95318d716e31d7775c4ef3,6160968cee8b90a5dd95318d716e31d7775c4ef3,['CWE-399'],CVE-2013-4205
torvalds/linux,https://github.com/torvalds/linux/commit/9955ac47f4ba1c95ecb6092aeaefb40a22e99268,9955ac47f4ba1c95ecb6092aeaefb40a22e99268,['CWE-Other'],CVE-2013-4220
torvalds/linux,https://github.com/torvalds/linux/commit/1fc29bacedeabb278080e31bb9c1ecb49f143c3b,1fc29bacedeabb278080e31bb9c1ecb49f143c3b,['CWE-189'],CVE-2013-4247
torvalds/linux,https://github.com/torvalds/linux/commit/c95eb3184ea1a3a2551df57190c81da695e2144b,c95eb3184ea1a3a2551df57190c81da695e2144b,['CWE-20'],CVE-2013-4254
php/php-src,https://github.com/php/php-src/commit/188c196d4da60bdde9190d2fc532650d17f7af2d,188c196d4da60bdde9190d2fc532650d17f7af2d,['CWE-611'],CVE-2013-1824
php/php-src,https://github.com/php/php-src/commit/afe98b7829d50806559acac9b530acb8283c3bf4,afe98b7829d50806559acac9b530acb8283c3bf4,['CWE-611'],CVE-2013-1824
torvalds/linux,https://github.com/torvalds/linux/commit/604c499cbbcc3d5fe5fb8d53306aa0fae1990109,604c499cbbcc3d5fe5fb8d53306aa0fae1990109,['CWE-20'],CVE-2013-2140
torvalds/linux,https://github.com/torvalds/linux/commit/95ee62083cb6453e056562d91f597552021e6ae7,95ee62083cb6453e056562d91f597552021e6ae7,['CWE-310'],CVE-2013-4350
torvalds/linux,https://github.com/torvalds/linux/commit/e8180dcaa8470ceca21109f143876fdcd9fe050a,e8180dcaa8470ceca21109f143876fdcd9fe050a,['CWE-399'],CVE-2013-5634
vadz/libtiff,https://github.com/vadz/libtiff/commit/ce6841d9e41d621ba23cf18b190ee6a23b2cc833,ce6841d9e41d621ba23cf18b190ee6a23b2cc833,['CWE-119'],CVE-2013-4244
phusion/passenger,https://github.com/phusion/passenger/commit/5483b3292cc2af1c83033eaaadec20dba4dcfd9b,5483b3292cc2af1c83033eaaadec20dba4dcfd9b,['CWE-59'],CVE-2013-4136
Mbed-TLS/mbedtls,https://github.com/Mbed-TLS/mbedtls/commit/1922a4e6aade7b1d685af19d4d9339ddb5c02859,1922a4e6aade7b1d685af19d4d9339ddb5c02859,['CWE-20'],CVE-2013-4623
chromium,https://github.com/chromium/chromium/commit/359243beed567c314d0ee94faed2ad8080ce389d,359243beed567c314d0ee94faed2ad8080ce389d,['CWE-Other'],CVE-2013-2908
chromium,https://github.com/chromium/chromium/commit/c8d45a61036403b019bb604e3bea388f0eacae65,c8d45a61036403b019bb604e3bea388f0eacae65,['CWE-399'],CVE-2013-2910
chromium,https://github.com/chromium/chromium/commit/0220f39fac21d169a834ef91de362f4169f2eef5,0220f39fac21d169a834ef91de362f4169f2eef5,['CWE-399'],CVE-2013-2911
chromium,https://github.com/chromium/chromium/commit/f3a93852bb05e19ac912c9e42f829c859a78dfc4,f3a93852bb05e19ac912c9e42f829c859a78dfc4,['CWE-399'],CVE-2013-2913
chromium,https://github.com/chromium/chromium/commit/5ecc8d42ff888ff8b459df566208e7e01a3be5ba,5ecc8d42ff888ff8b459df566208e7e01a3be5ba,['CWE-399'],CVE-2013-2914
chromium,https://github.com/chromium/chromium/commit/b12eb22a27110f49a2ad54b9e4ffd0ccb6cf9ce9,b12eb22a27110f49a2ad54b9e4ffd0ccb6cf9ce9,['CWE-Other'],CVE-2013-2915
chromium,https://github.com/chromium/chromium/commit/47a054e9ad826421b789097d82b44c102ab6ac97,47a054e9ad826421b789097d82b44c102ab6ac97,['CWE-Other'],CVE-2013-2916
chromium,https://github.com/chromium/chromium/commit/6bdf46c517fd12674ffc61d827dc8987e67f0334,6bdf46c517fd12674ffc61d827dc8987e67f0334,['CWE-119'],CVE-2013-2917
chromium,https://github.com/chromium/chromium/commit/1b7ff2a8799dd3f0365b3c3358c97fe99a4287dc,1b7ff2a8799dd3f0365b3c3358c97fe99a4287dc,['CWE-399'],CVE-2013-2918
chromium,https://github.com/chromium/chromium/commit/3ca8e38ff57e83fcce76f9b54cd8f8bfa09c34ad,3ca8e38ff57e83fcce76f9b54cd8f8bfa09c34ad,['CWE-119'],CVE-2013-2920
chromium,https://github.com/chromium/chromium/commit/739caf62f8354c90010c385e73218f2dc6d66e2f,739caf62f8354c90010c385e73218f2dc6d66e2f,['CWE-399'],CVE-2013-2921
chromium,https://github.com/chromium/chromium/commit/c168f9a06914e190a96e376544e93cf286a71fba,c168f9a06914e190a96e376544e93cf286a71fba,['CWE-399'],CVE-2013-2922
xinetd-org/xinetd,https://github.com/xinetd-org/xinetd/commit/91e2401a219121eae15244a6b25d2e79c1af5864,91e2401a219121eae15244a6b25d2e79c1af5864,['CWE-264'],CVE-2013-4342
torvalds/linux,https://github.com/torvalds/linux/commit/2811ebac2521ceac84f2bdae402455baa6a7fb47,2811ebac2521ceac84f2bdae402455baa6a7fb47,['CWE-119'],CVE-2013-4387
chromium,https://github.com/chromium/chromium/commit/a276a009de874306899f9c88edb722ae58d313f9,a276a009de874306899f9c88edb722ae58d313f9,['CWE-399'],CVE-2013-2925
chromium,https://github.com/chromium/chromium/commit/24c7296e95a3f2518d9a84d262d806a87a07099a,24c7296e95a3f2518d9a84d262d806a87a07099a,['CWE-399'],CVE-2013-2926
chromium,https://github.com/chromium/chromium/commit/4d77eed905ce1d00361282e8822a2a3be61d25c0,4d77eed905ce1d00361282e8822a2a3be61d25c0,['CWE-399'],CVE-2013-2927
torvalds/linux,https://github.com/torvalds/linux/commit/e9c6a182649f4259db704ae15a91ac820e63b0ca,e9c6a182649f4259db704ae15a91ac820e63b0ca,"['CWE-200', 'CWE-264']",CVE-2013-4299
torvalds/linux,https://github.com/torvalds/linux/commit/929473ea05db455ad88cdc081f2adc556b8dc48f,929473ea05db455ad88cdc081f2adc556b8dc48f,['CWE-119'],CVE-2013-2058
torvalds/linux,https://github.com/torvalds/linux/commit/c547dbf55d5f8cf615ccc0e7265e98db27d3fb8b,c547dbf55d5f8cf615ccc0e7265e98db27d3fb8b,['CWE-264'],CVE-2013-4470
torvalds/linux,https://github.com/torvalds/linux/commit/e93b7d748be887cd7639b113ba7d7ef792a7efb9,e93b7d748be887cd7639b113ba7d7ef792a7efb9,['CWE-264'],CVE-2013-4470
torvalds/linux,https://github.com/torvalds/linux/commit/7314e613d5ff9f0934f7a0f74ed7973b903315d1,7314e613d5ff9f0934f7a0f74ed7973b903315d1,"['CWE-119', 'CWE-189']",CVE-2013-4511
torvalds/linux,https://github.com/torvalds/linux/commit/201f99f170df14ba52ea4c52847779042b7a623b,201f99f170df14ba52ea4c52847779042b7a623b,['CWE-119'],CVE-2013-4512
torvalds/linux,https://github.com/torvalds/linux/commit/c2c65cd2e14ada6de44cb527e7f1990bede24e15,c2c65cd2e14ada6de44cb527e7f1990bede24e15,['CWE-119'],CVE-2013-4513
torvalds/linux,https://github.com/torvalds/linux/commit/b5e2f339865fb443107e5b10603e53bbc92dc054,b5e2f339865fb443107e5b10603e53bbc92dc054,['CWE-119'],CVE-2013-4514
torvalds/linux,https://github.com/torvalds/linux/commit/a8b33654b1e3b0c74d4a1fed041c9aae50b3c427,a8b33654b1e3b0c74d4a1fed041c9aae50b3c427,['CWE-200'],CVE-2013-4516
chromium,https://github.com/chromium/chromium/commit/a4e53f62f8a1d500a1950d123600bd47214c06d8,a4e53f62f8a1d500a1950d123600bd47214c06d8,['CWE-119'],CVE-2013-6623
chromium,https://github.com/chromium/chromium/commit/90fb08ed0146c9beacfd4dde98a20fc45419fff3,90fb08ed0146c9beacfd4dde98a20fc45419fff3,['CWE-Other'],CVE-2013-6626
chromium,https://github.com/chromium/chromium/commit/9519554063b33251506876e9bfa8072e29a95a57,9519554063b33251506876e9bfa8072e29a95a57,['CWE-119'],CVE-2013-6627
chromium,https://github.com/chromium/chromium/commit/8dd1631f2aa8512be172e3d94a209d241baeb36d,8dd1631f2aa8512be172e3d94a209d241baeb36d,"['CWE-310', 'CWE-Other']",CVE-2013-6628
OpenVPN/openvpn,https://github.com/OpenVPN/openvpn/commit/11d21349a4e7e38a025849479b36ace7c2eec2ee,11d21349a4e7e38a025849479b36ace7c2eec2ee,['CWE-200'],CVE-2013-2061
torvalds/linux,https://github.com/torvalds/linux/commit/0e033e04c2678dbbe74a46b23fffb7bb918c288e,0e033e04c2678dbbe74a46b23fffb7bb918c288e,['CWE-189'],CVE-2013-4563
torvalds/linux,https://github.com/torvalds/linux/commit/04bcef2a83f40c6db24222b27a52892cba39dffb,04bcef2a83f40c6db24222b27a52892cba39dffb,['CWE-119'],CVE-2013-4588
torvalds/linux,https://github.com/torvalds/linux/commit/7d3e91a89b7adbc2831334def9e494dd9892f9af,7d3e91a89b7adbc2831334def9e494dd9892f9af,['CWE-119'],CVE-2013-4591
torvalds/linux,https://github.com/torvalds/linux/commit/12d6e7538e2d418c08f082b1b44ffa5fb7270ed8,12d6e7538e2d418c08f082b1b44ffa5fb7270ed8,['CWE-399'],CVE-2013-4592
torvalds/linux,https://github.com/torvalds/linux/commit/e40f193f5bb022e927a57a4f5d5194e4f12ddb74,e40f193f5bb022e927a57a4f5d5194e4f12ddb74,['CWE-399'],CVE-2013-4592
ffmpeg,https://github.com/FFmpeg/FFmpeg/commit/e43a0a232dbf6d3c161823c2e07c52e76227a1bc,e43a0a232dbf6d3c161823c2e07c52e76227a1bc,['CWE-119'],CVE-2013-4263
ffmpeg,https://github.com/FFmpeg/FFmpeg/commit/2960576378d17d71cc8dccc926352ce568b5eec1,2960576378d17d71cc8dccc926352ce568b5eec1,['CWE-119'],CVE-2013-4264
ffmpeg,https://github.com/FFmpeg/FFmpeg/commit/c94f9e854228e0ea00e1de8769d8d3f7cab84a55,c94f9e854228e0ea00e1de8769d8d3f7cab84a55,['CWE-Other'],CVE-2013-4265
hercules-team/augeas,https://github.com/hercules-team/augeas/commit/b8de6a8c5cfffb007149036ffa561ced4d11c462,b8de6a8c,['CWE-Other'],CVE-2012-0787
torvalds/linux,https://github.com/torvalds/linux/commit/a497e47d4aec37aaf8f13509f3ef3d1f6a717d88,a497e47d4aec37aaf8f13509f3ef3d1f6a717d88,['CWE-189'],CVE-2013-6378
torvalds/linux,https://github.com/torvalds/linux/commit/b4789b8e6be3151a955ade74872822f30e8cd914,b4789b8e6be3151a955ade74872822f30e8cd914,['CWE-20'],CVE-2013-6380
torvalds/linux,https://github.com/torvalds/linux/commit/6fb392b1a63ae36c31f62bc3fc8630b49d602b62,6fb392b1a63ae36c31f62bc3fc8630b49d602b62,['CWE-119'],CVE-2013-6381
torvalds/linux,https://github.com/torvalds/linux/commit/f856567b930dfcdbc3323261bf77240ccdde01f5,f856567b930dfcdbc3323261bf77240ccdde01f5,['CWE-264'],CVE-2013-6383
php/php-src,https://github.com/php/php-src/commit/a0bb3fd6793fe16dbf4d3b5eb3413093088a6b37,a0bb3fd6793fe16dbf4d3b5eb3413093088a6b37,['CWE-119'],CVE-2013-6712
chromium,https://github.com/chromium/chromium/commit/787c37304814f96e37345ffcab8509b4c7569da3,787c37304814f96e37345ffcab8509b4c7569da3,['CWE-399'],CVE-2013-6635
chromium,https://github.com/chromium/chromium/commit/726d8e72dbba9005a8a45d6d7b95144ee54ba64e,726d8e72dbba9005a8a45d6d7b95144ee54ba64e,['CWE-20'],CVE-2013-6636
ffmpeg,https://github.com/FFmpeg/FFmpeg/commit/29ffeef5e73b8f41ff3a3f2242d356759c66f91f,29ffeef5e73b8f41ff3a3f2242d356759c66f91f,['CWE-Other'],CVE-2013-7008
ffmpeg,https://github.com/FFmpeg/FFmpeg/commit/3819db745da2ac7fb3faacb116788c32f4753f34,3819db745da2ac7fb3faacb116788c32f4753f34,['CWE-119'],CVE-2013-7009
ffmpeg,https://github.com/FFmpeg/FFmpeg/commit/454a11a1c9c686c78aa97954306fb63453299760,454a11a1c9c686c78aa97954306fb63453299760,['CWE-189'],CVE-2013-7010
ffmpeg,https://github.com/FFmpeg/FFmpeg/commit/547d690d676064069d44703a1917e0dab7e33445,547d690d676064069d44703a1917e0dab7e33445,['CWE-119'],CVE-2013-7011
ffmpeg,https://github.com/FFmpeg/FFmpeg/commit/780669ef7c23c00836a24921fcc6b03be2b8ca4a,780669ef7c23c00836a24921fcc6b03be2b8ca4a,['CWE-119'],CVE-2013-7012
ffmpeg,https://github.com/FFmpeg/FFmpeg/commit/821a5938d100458f4d09d634041b05c860554ce0,821a5938d100458f4d09d634041b05c860554ce0,['CWE-189'],CVE-2013-7013
ffmpeg,https://github.com/FFmpeg/FFmpeg/commit/86736f59d6a527d8bc807d09b93f971c0fe0bb07,86736f59d6a527d8bc807d09b93f971c0fe0bb07,['CWE-189'],CVE-2013-7014
ffmpeg,https://github.com/FFmpeg/FFmpeg/commit/880c73cd76109697447fbfbaa8e5ee5683309446,880c73cd76109697447fbfbaa8e5ee5683309446,['CWE-20'],CVE-2013-7015
ffmpeg,https://github.com/FFmpeg/FFmpeg/commit/8bb11c3ca77b52e05a9ed1496a65f8a76e6e2d8f,8bb11c3ca77b52e05a9ed1496a65f8a76e6e2d8f,['CWE-119'],CVE-2013-7016
ffmpeg,https://github.com/FFmpeg/FFmpeg/commit/912ce9dd2080c5837285a471d750fa311e09b555,912ce9dd2080c5837285a471d750fa311e09b555,['CWE-Other'],CVE-2013-7017
ffmpeg,https://github.com/FFmpeg/FFmpeg/commit/9a271a9368eaabf99e6c2046103acb33957e63b7,9a271a9368eaabf99e6c2046103acb33957e63b7,['CWE-119'],CVE-2013-7018
ffmpeg,https://github.com/FFmpeg/FFmpeg/commit/a1b9004b768bef606ee98d417bceb9392ceb788d,a1b9004b768bef606ee98d417bceb9392ceb788d,['CWE-20'],CVE-2013-7019
ffmpeg,https://github.com/FFmpeg/FFmpeg/commit/b05cd1ea7e45a836f7f6071a716c38bb30326e0f,b05cd1ea7e45a836f7f6071a716c38bb30326e0f,['CWE-119'],CVE-2013-7020
ffmpeg,https://github.com/FFmpeg/FFmpeg/commit/cdd5df8189ff1537f7abe8defe971f80602cc2d2,cdd5df8189ff1537f7abe8defe971f80602cc2d2,['CWE-399'],CVE-2013-7021
ffmpeg,https://github.com/FFmpeg/FFmpeg/commit/e07ac727c1cc9eed39e7f9117c97006f719864bd,e07ac727c1cc9eed39e7f9117c97006f719864bd,['CWE-119'],CVE-2013-7022
ffmpeg,https://github.com/FFmpeg/FFmpeg/commit/f31011e9abfb2ae75bb32bc44e2c34194c8dc40a,f31011e9abfb2ae75bb32bc44e2c34194c8dc40a,['CWE-119'],CVE-2013-7023
ffmpeg,https://github.com/FFmpeg/FFmpeg/commit/fe448cd28d674c3eff3072552eae366d0b659ce9,fe448cd28d674c3eff3072552eae366d0b659ce9,['CWE-119'],CVE-2013-7024
torvalds/linux,https://github.com/torvalds/linux/commit/d049f74f2dbe71354d43d393ac3a188947811348,d049f74f2dbe71354d43d393ac3a188947811348,['CWE-264'],CVE-2013-2929
torvalds/linux,https://github.com/torvalds/linux/commit/12ae030d54ef250706da5642fc7697cc60ad0df7,12ae030d54ef250706da5642fc7697cc60ad0df7,['CWE-264'],CVE-2013-2930
torvalds/linux,https://github.com/torvalds/linux/commit/2433c8f094a008895e66f25bd1773cdb01c91d01,2433c8f094a008895e66f25bd1773cdb01c91d01,['CWE-20'],CVE-2013-4270
torvalds/linux,https://github.com/torvalds/linux/commit/ae7b4e1f213aa659aedf9c6ecad0bf5f0476e1e2,ae7b4e1f213aa659aedf9c6ecad0bf5f0476e1e2,['CWE-264'],CVE-2013-6431
torvalds/linux,https://github.com/torvalds/linux/commit/cf970c002d270c36202bd5b9c2804d3097a52da0,cf970c002d270c36202bd5b9c2804d3097a52da0,['CWE-Other'],CVE-2013-6432
torvalds/linux,https://github.com/torvalds/linux/commit/a399b29dfbaaaf91162b2dc5a5875dd51bbfa2a1,a399b29dfbaaaf91162b2dc5a5875dd51bbfa2a1,['CWE-362'],CVE-2013-7026
torvalds/linux,https://github.com/torvalds/linux/commit/f5563318ff1bde15b10e736e97ffce13be08bc1a,f5563318ff1bde15b10e736e97ffce13be08bc1a,['CWE-119'],CVE-2013-7027
torvalds/linux,https://github.com/torvalds/linux/commit/b963a22e6d1a266a67e9eecc88134713fd54775c,b963a22e6d1a266a67e9eecc88134713fd54775c,['CWE-189'],CVE-2013-6367
torvalds/linux,https://github.com/torvalds/linux/commit/fda4e2e85589191b123d31cdc21fd33ee70f50fd,fda4e2e85589191b123d31cdc21fd33ee70f50fd,['CWE-20'],CVE-2013-6368
torvalds/linux,https://github.com/torvalds/linux/commit/17d68b763f09a9ce824ae23eb62c9efc57b69271,17d68b763f09a9ce824ae23eb62c9efc57b69271,['CWE-189'],CVE-2013-6376
php/php-src,https://github.com/php/php-src/commit/c1224573c773b6845e83505f717fbf820fc18415,c1224573c773b6845e83505f717fbf820fc18415,['CWE-119'],CVE-2013-6420
GNOME/gnumeric,https://github.com/GNOME/gnumeric/commit/b5480b69345b3c6d56ee0ed9c9e9880bb2a08cdc,b5480b69345b3c6d56ee0ed9c9e9880bb2a08cdc,['CWE-119'],CVE-2013-6836
MapServer,https://github.com/MapServer/MapServer/commit/3a10f6b829297dae63492a8c63385044bc6953ed,3a10f6b829297dae63492a8c63385044bc6953ed,['CWE-89'],CVE-2013-7262
torvalds/linux,https://github.com/torvalds/linux/commit/bceaa90240b6019ed73b49965eac7d167610be69,bceaa90240b6019ed73b49965eac7d167610be69,"['CWE-200', 'CWE-20']",CVE-2013-7263
cisco/libsrtp,https://github.com/cisco/libsrtp/commit/0acbb039c12b790621839facf56bfedbd071b74d,0acbb039c12b790621839facf56bfedbd071b74d,['CWE-119'],CVE-2013-2139
cisco/libsrtp,https://github.com/cisco/libsrtp/commit/8e47faf0f5b90672c7ebf2f0cf0562ee81a8b621,8e47faf0f5b90672c7ebf2f0cf0562ee81a8b621,['CWE-119'],CVE-2013-2139
cisco/libsrtp,https://github.com/cisco/libsrtp/commit/8884f4d8eb4ca7122dfcbd640b933b98ef4bab80,8884f4d8eb4ca7122dfcbd640b933b98ef4bab80,['CWE-119'],CVE-2013-2139
chromium,https://github.com/chromium/chromium/commit/d2ca8f4fb2eae277b26b3015332be5cf1b8bdb5e,d2ca8f4fb2eae277b26b3015332be5cf1b8bdb5e,['CWE-287'],CVE-2013-6643
chromium,https://github.com/chromium/chromium/commit/42971407d2af08e7165a4926ef5848e35fc5cc05,42971407d2af08e7165a4926ef5848e35fc5cc05,['CWE-416'],CVE-2013-6645
chromium,https://github.com/chromium/chromium/commit/a7b9a33ca1fbe72f8a821e6338bc2147644d4215,a7b9a33ca1fbe72f8a821e6338bc2147644d4215,['CWE-416'],CVE-2013-6646
torvalds/linux,https://github.com/torvalds/linux/commit/26bef1318adc1b3a530ecc807ef99346db2aa8b0,26bef1318adc1b3a530ecc807ef99346db2aa8b0,['CWE-264'],CVE-2014-1438
torvalds/linux,https://github.com/torvalds/linux/commit/96b340406724d87e4621284ebac5e059d67b2194,96b340406724d87e4621284ebac5e059d67b2194,['CWE-399'],CVE-2014-1444
torvalds/linux,https://github.com/torvalds/linux/commit/2b13d06c9584b4eb773f1e80bbaedab9a1c344e1,2b13d06c9584b4eb773f1e80bbaedab9a1c344e1,['CWE-399'],CVE-2014-1445
torvalds/linux,https://github.com/torvalds/linux/commit/8e3fbf870481eb53b2d3a322d1fc395ad8b367ed,8e3fbf870481eb53b2d3a322d1fc395ad8b367ed,['CWE-399'],CVE-2014-1446
GNOME/libxml2,https://github.com/GNOME/libxml2/commit/4629ee02ac649c27f9c0cf98ba017c6b5526070f,4629ee02ac649c27f9c0cf98ba017c6b5526070f,['CWE-264'],CVE-2013-0339
mm2/Little-CMS,https://github.com/mm2/Little-CMS/commit/91c2db7f2559be504211b283bc3a2c631d6f06d9,91c2db7f2559be504211b283bc3a2c631d6f06d9,['CWE-Other'],CVE-2013-4160
hercules-team/augeas,https://github.com/hercules-team/augeas/commit/f5b4fc0ceb0e5a2be5f3a19f63ad936897a3ac26,f5b4fc0c,['CWE-264'],CVE-2013-6412
xen-project/xen,https://github.com/xen-project/xen/commit/650fc2f76d0a156e23703683d0c18fa262ecea36,650fc2f76d0a156e23703683d0c18fa262ecea36,['CWE-399'],CVE-2014-1642
xen-project/xen,https://github.com/xen-project/xen/commit/9c7e789a1b60b6114e0b1ef16dff95f03f532fb5,9c7e789a1b60b6114e0b1ef16dff95f03f532fb5,['CWE-264'],CVE-2014-1666
maekitalo/tntnet,https://github.com/maekitalo/tntnet/commit/9bd3b14042e12d84f39ea9f55731705ba516f525,9bd3b14042e12d84f39ea9f55731705ba516f525,['CWE-200'],CVE-2013-7299
chromium,https://github.com/chromium/chromium/commit/70bcb6b3396a395e871e10b2ff883d92b8218e9f,70bcb6b3396a395e871e10b2ff883d92b8218e9f,['CWE-399'],CVE-2013-6649
facebook/hhvm,https://github.com/facebook/hhvm/commit/95f96e7287effe2fcdfb9a5338d1a7e4f55b083b,95f96e7287effe2fcdfb9a5338d1a7e4f55b083b,['CWE-Other'],CVE-2014-1439
torvalds/linux,https://github.com/torvalds/linux/commit/2def2ef2ae5f3990aabdbe8a755911902707d268,2def2ef2ae5f3990aabdbe8a755911902707d268,['CWE-20'],CVE-2014-0038
xen-project/xen,https://github.com/xen-project/xen/commit/d883c179a74111a6804baf8cb8224235242a88fc,d883c179a74111a6804baf8cb8224235242a88fc,['CWE-399'],CVE-2014-1950
torvalds/linux,https://github.com/torvalds/linux/commit/819cbb120eaec7e014e5abd029260db1ca8c5735,819cbb120eaec7e014e5abd029260db1ca8c5735,['CWE-200'],CVE-2011-2909
torvalds/linux,https://github.com/torvalds/linux/commit/fdf5af0daf8019cec2396cdef8fb042d80fe71fa,fdf5af0daf8019cec2396cdef8fb042d80fe71fa,['CWE-400'],CVE-2012-6638
php/php-src,https://github.com/php/php-src/commit/8f4a5373bb71590352fd934028d6dde5bc18530b,8f4a5373bb71590352fd934028d6dde5bc18530b,"['CWE-20', 'CWE-189']",CVE-2013-7226
php/php-src,https://github.com/php/php-src/commit/2938329ce19cb8c4197dec146c3ec887c6f61d01,2938329ce19cb8c4197dec146c3ec887c6f61d01,"['CWE-20', 'CWE-189']",CVE-2013-7226
chromium,https://github.com/chromium/chromium/commit/172c77a9f7922fc9b58632abe62173c66fb6e10b,172c77a9f7922fc9b58632abe62173c66fb6e10b,['CWE-22'],CVE-2013-6652
chromium,https://github.com/chromium/chromium/commit/820957a3386e960334be3b93b48636e749d38ea3,820957a3386e960334be3b93b48636e749d38ea3,['CWE-399'],CVE-2013-6653
chromium,https://github.com/chromium/chromium/commit/8876cdc1294b2a10be1724a04f864c542e2d9b6f,8876cdc1294b2a10be1724a04f864c542e2d9b6f,['CWE-20'],CVE-2013-6654
chromium,https://github.com/chromium/chromium/commit/5d37b543df5ddecfd6f1d89335f37f29dc86f80d,5d37b543df5ddecfd6f1d89335f37f29dc86f80d,['CWE-399'],CVE-2013-6655
chromium,https://github.com/chromium/chromium/commit/64bebe14963d4059d2e5fdba3c8879b83acc39d0,64bebe14963d4059d2e5fdba3c8879b83acc39d0,['CWE-200'],CVE-2013-6656
chromium,https://github.com/chromium/chromium/commit/a6d23b1b720689b2247e9e046f0be4e1eaf8f314,a6d23b1b720689b2247e9e046f0be4e1eaf8f314,['CWE-264'],CVE-2013-6657
chromium,https://github.com/chromium/chromium/commit/fe24110c2b904cbeeab1fe15b20bf7fb7b2b6a55,fe24110c2b904cbeeab1fe15b20bf7fb7b2b6a55,['CWE-399'],CVE-2013-6658
chromium,https://github.com/chromium/chromium/commit/1161a49d663dd395bd639549c2dfe7324f847938,1161a49d663dd395bd639549c2dfe7324f847938,['CWE-264'],CVE-2013-6660
torvalds/linux,https://github.com/torvalds/linux/commit/5d81de8e8667da7135d3a32a964087c0faf5483f,5d81de8e8667da7135d3a32a964087c0faf5483f,['CWE-119'],CVE-2014-0069
torvalds/linux,https://github.com/torvalds/linux/commit/2690d97ade05c5325cbf7c72b94b90d265659886,2690d97ade05c5325cbf7c72b94b90d265659886,['CWE-200'],CVE-2014-1690
torvalds/linux,https://github.com/torvalds/linux/commit/2172fa709ab32ca60e86179dc67d0857be8e2c98,2172fa709ab32ca60e86179dc67d0857be8e2c98,['CWE-20'],CVE-2014-1874
torvalds/linux,https://github.com/torvalds/linux/commit/263b4509ec4d47e0da3e753f85a39ea12d1eff24,263b4509ec4d47e0da3e753f85a39ea12d1eff24,['CWE-200'],CVE-2014-2038
ArtifexSoftware/mupdf,https://github.com/ArtifexSoftware/mupdf/commit/60dabde18d7fe12b19da8b509bdfee9cc886aafc,60dabde18d7fe12b19da8b509bdfee9cc886aafc,['CWE-119'],CVE-2014-2013
chromium,https://github.com/chromium/chromium/commit/cfebb479b8e2498f63912c095fe57d84576bcfcf,cfebb479b8e2498f63912c095fe57d84576bcfcf,['CWE-119'],CVE-2013-6665
chromium,https://github.com/chromium/chromium/commit/59296d9276ffcc8bced092828210748d2ed19ab0,59296d9276ffcc8bced092828210748d2ed19ab0,['CWE-264'],CVE-2013-6666
torvalds/linux,https://github.com/torvalds/linux/commit/a08d3b3b99efd509133946056531cdf8f3a0c09b,a08d3b3b99efd509133946056531cdf8f3a0c09b,['CWE-120'],CVE-2014-0049
torvalds/linux,https://github.com/torvalds/linux/commit/ec0223ec48a90cb605244b45f7c62de856403729,ec0223ec48a90cb605244b45f7c62de856403729,['CWE-476'],CVE-2014-0101
wireshark,https://github.com/wireshark/wireshark/commit/217293ba4a0353bf5d657e74fe8623dd3c86fe08,217293ba4a0353bf5d657e74fe8623dd3c86fe08,['CWE-Other'],CVE-2014-2283
wireshark,https://github.com/wireshark/wireshark/commit/f567435ac7140c96a5de56dbce3d5e7659af4d09,f567435ac7140c96a5de56dbce3d5e7659af4d09,['CWE-119'],CVE-2014-2299
chromium,https://github.com/chromium/chromium/commit/5df5039760b6827f83f500b5040ae78654178c54,5df5039760b6827f83f500b5040ae78654178c54,['CWE-399'],CVE-2014-1700
chromium,https://github.com/chromium/chromium/commit/e6e535be7e2d398058f1292f026e07252b3cd214,e6e535be7e2d398058f1292f026e07252b3cd214,['CWE-399'],CVE-2014-1702
chromium,https://github.com/chromium/chromium/commit/09b09312b9847e025249b9ba5bb2071dd77a19c3,09b09312b9847e025249b9ba5bb2071dd77a19c3,['CWE-399'],CVE-2014-1703
chromium,https://github.com/chromium/chromium/commit/b71fc042e1124cda2ab51dfdacc2362da62779a6,b71fc042e1124cda2ab51dfdacc2362da62779a6,['CWE-119'],CVE-2014-1710
chromium,https://github.com/chromium/chromium/commit/5bf02fe48f23634b215a40d584891f787fc825b0,5bf02fe48f23634b215a40d584891f787fc825b0,['CWE-119'],CVE-2014-1710
akheron/jansson,https://github.com/akheron/jansson/commit/8f80c2d83808150724d31793e6ade92749b1faa4,8f80c2d83808150724d31793e6ade92749b1faa4,['CWE-310'],CVE-2013-6401
jktjkt/trojita,https://github.com/jktjkt/trojita/commit/25fffa3e25cbad85bbca804193ad336b090a9ce1,25fffa3e25cbad85bbca804193ad336b090a9ce1,['CWE-200'],CVE-2014-2567
php/php-src,https://github.com/php/php-src/commit/cf4753691dc55999373d1c576f62ecb298723420,cf4753691dc55999373d1c576f62ecb298723420,['CWE-476'],CVE-2014-2497
torvalds/linux,https://github.com/torvalds/linux/commit/c2349758acf1874e4c2b93fe41d072336f1a31d0,c2349758acf1874e4c2b93fe41d072336f1a31d0,['CWE-476'],CVE-2013-7339
torvalds/linux,https://github.com/torvalds/linux/commit/1fd819ecb90cc9b822cd84d3056ddba315d3340f,1fd819ecb90cc9b822cd84d3056ddba315d3340f,['CWE-416'],CVE-2014-0131
torvalds/linux,https://github.com/torvalds/linux/commit/b22f5126a24b3b2f15448c3f2a254fc10cbc2b92,b22f5126a24b3b2f15448c3f2a254fc10cbc2b92,['CWE-20'],CVE-2014-2523
xen-project/xen,https://github.com/xen-project/xen/commit/0fe53c4f279e1a8ef913e71ed000236d21ce96de,0fe53c4f279e1a8ef913e71ed000236d21ce96de,['CWE-20'],CVE-2014-2599
bonzini/qemu,https://github.com/bonzini/qemu/commit/103b40f51e4012b3b0ad20f615562a1806d7f49a,103b40f51e4012b3b0ad20f615562a1806d7f49a,['CWE-119'],CVE-2011-3346
bonzini/qemu,https://github.com/bonzini/qemu/commit/7285477ab11831b1cf56e45878a89170dd06d9b9,7285477ab11831b1cf56e45878a89170dd06d9b9,['CWE-119'],CVE-2011-3346
torvalds/linux,https://github.com/torvalds/linux/commit/d558023207e008a4476a3b7bb8706b2a2bf5d84f,d558023207e008a4476a3b7bb8706b2a2bf5d84f,['CWE-399'],CVE-2013-7348
xen-project/xen,https://github.com/xen-project/xen/commit/6c79e0ab9ac6042e60434c02e1d99b0cf0cc3470,6c79e0ab9ac6042e60434c02e1d99b0cf0cc3470,"['CWE-119', 'CWE-189']",CVE-2014-1891
xen-project/xen,https://github.com/xen-project/xen/commit/2e1cba2da4631c5cd7218a8f30d521dce0f41370,2e1cba2da4631c5cd7218a8f30d521dce0f41370,['CWE-189'],CVE-2014-1895
xen-project/xen,https://github.com/xen-project/xen/commit/2efcb0193bf3916c8ce34882e845f5ceb1e511f7,2efcb0193bf3916c8ce34882e845f5ceb1e511f7,['CWE-20'],CVE-2014-1896
torvalds/linux,https://github.com/torvalds/linux/commit/21f8aaee0c62708654988ce092838aa7df4d25d8,21f8aaee0c62708654988ce092838aa7df4d25d8,['CWE-362'],CVE-2014-2672
torvalds/linux,https://github.com/torvalds/linux/commit/621b5060e823301d0cba4cb52a7ee3491922d291,621b5060e823301d0cba4cb52a7ee3491922d291,['CWE-20'],CVE-2014-2673
chromium,https://github.com/chromium/chromium/commit/b183147e6d71fdafc675a769abb07c568b47241b,b183147e6d71fdafc675a769abb07c568b47241b,['CWE-399'],CVE-2014-1719
chromium,https://github.com/chromium/chromium/commit/d22bd7ecd1cc576a1a586ee59d5e08d7eee6cdf3,d22bd7ecd1cc576a1a586ee59d5e08d7eee6cdf3,['CWE-399'],CVE-2014-1720
chromium,https://github.com/chromium/chromium/commit/473ef14d0db5a25bfddc8030f7bcd5d6f5d64a27,473ef14d0db5a25bfddc8030f7bcd5d6f5d64a27,['CWE-399'],CVE-2014-1722
chromium,https://github.com/chromium/chromium/commit/2cd905494ba700a8e2097d614ed39ad36d1519f2,2cd905494ba700a8e2097d614ed39ad36d1519f2,['CWE-20'],CVE-2014-1723
chromium,https://github.com/chromium/chromium/commit/e99a988a6345c7a1fabee2779918d0b0a152456a,e99a988a6345c7a1fabee2779918d0b0a152456a,['CWE-399'],CVE-2014-1724
chromium,https://github.com/chromium/chromium/commit/91b27188b728e90c651c55a985d23ad0c26eb662,91b27188b728e90c651c55a985d23ad0c26eb662,['CWE-20'],CVE-2014-1725
chromium,https://github.com/chromium/chromium/commit/359ad5ab6284590e7816d1440c1a5c2343d3d14e,359ad5ab6284590e7816d1440c1a5c2343d3d14e,['CWE-Other'],CVE-2014-1726
radareorg/radare2,https://github.com/radareorg/radare2/commit/919e3ac1a13f753c73e7a8e8d8bb4a143218732d,919e3ac1a13f753c73e7a8e8d8bb4a143218732d,['CWE-824'],CVE-2022-1809
LibreDWG/libredwg,https://github.com/LibreDWG/libredwg/commit/45d2a290c65ed691be0901ba2b2ef51044e07a16,45d2a290c65ed691be0901ba2b2ef51044e07a16,['CWE-787'],CVE-2021-42586
radareorg/radare2,https://github.com/radareorg/radare2/commit/fdc9f4c36ca94dc3351efd3a5a6d4810416faf31,fdc9f4c36ca94dc3351efd3a5a6d4810416faf31,['CWE-119'],CVE-2021-44975
gost-engine/engine,https://github.com/gost-engine/engine/commit/b2b4d629f100eaee9f5942a106b1ccefe85b8808,b2b4d629f100eaee9f5942a106b1ccefe85b8808,['CWE-120'],CVE-2022-29242
gost-engine/engine,https://github.com/gost-engine/engine/commit/c6655a0b620a3e31f085cc906f8073fe81b2fad3,c6655a0b620a3e31f085cc906f8073fe81b2fad3,['CWE-120'],CVE-2022-29242
gost-engine/engine,https://github.com/gost-engine/engine/commit/7df766124f87768b43b9e8947c5a01e17545772c,7df766124f87768b43b9e8947c5a01e17545772c,['CWE-120'],CVE-2022-29242
nginx/njs,https://github.com/nginx/njs/commit/ab1702c7af9959366a5ddc4a75b4357d4e9ebdc1,ab1702c7af9959366a5ddc4a75b4357d4e9ebdc1,['CWE-787'],CVE-2022-29379
torvalds/linux,https://github.com/torvalds/linux/commit/0a70f118475e037732557796accd0878a00fc25a,0a70f118475e037732557796accd0878a00fc25a,['CWE-911'],CVE-2022-1678
thorfdbg/libjpeg,https://github.com/thorfdbg/libjpeg/commit/ef4a29a62ab48b8dc235f4af52cfd6319eda9a6a,ef4a29a62ab48b8dc235f4af52cfd6319eda9a6a,['CWE-617'],CVE-2022-31620
MariaDB/server,https://github.com/MariaDB/server/commit/b1351c15946349f9daa7e5297fb2ac6f3139e4a8,b1351c15946349f9daa7e5297fb2ac6f3139e4a8,['CWE-667'],CVE-2022-31621
MariaDB/server,https://github.com/MariaDB/server/commit/e1eb39a446c30b8459c39fd7f2ee1c55a36e97d2,e1eb39a446c30b8459c39fd7f2ee1c55a36e97d2,['CWE-667'],CVE-2022-31622
MariaDB/server,https://github.com/MariaDB/server/commit/7c30bc38a588b22b01f11130cfe99e7f36accf94,7c30bc38a588b22b01f11130cfe99e7f36accf94,['CWE-667'],CVE-2022-31623
MariaDB/server,https://github.com/MariaDB/server/commit/d627d00b13ab2f2c0954ea7b77202470cb102944,d627d00b13ab2f2c0954ea7b77202470cb102944,['CWE-667'],CVE-2022-31624
radareorg/radare2,https://github.com/radareorg/radare2/commit/193f4fe01d7f626e2ea937450f2e0c4604420e9d,193f4fe01d7f626e2ea937450f2e0c4604420e9d,['CWE-125'],CVE-2022-1899
OpenPrinting/cups,https://github.com/OpenPrinting/cups/commit/de4f8c196106033e4c372dce3e91b9d42b0b9444,de4f8c196106033e4c372dce3e91b9d42b0b9444,['CWE-697'],CVE-2022-26691
bfabiszewski/libmobi,https://github.com/bfabiszewski/libmobi/commit/1e0378e6f9e4ae415cedc9eb10850888897c5dba,1e0378e6f9e4ae415cedc9eb10850888897c5dba,['CWE-125'],CVE-2022-1907
unicorn-engine/unicorn,https://github.com/unicorn-engine/unicorn/commit/3d3deac5e6d38602b689c4fef5dac004f07a2e63,3d3deac5e6d38602b689c4fef5dac004f07a2e63,['CWE-476'],CVE-2022-29694
unicorn-engine/unicorn,https://github.com/unicorn-engine/unicorn/commit/31389e59457f304be3809f9679f91a42daa7ebaa,31389e59457f304be3809f9679f91a42daa7ebaa,['CWE-476'],CVE-2022-29694
unicorn-engine/unicorn,https://github.com/unicorn-engine/unicorn/commit/6a879a082d4d67a5d13f1233ae0334cde0a7f844,6a879a082d4d67a5d13f1233ae0334cde0a7f844,['CWE-476'],CVE-2022-29694
ONLYOFFICE/core,https://github.com/ONLYOFFICE/core/commit/b17d5e860f30e8be2caeb0022b63be4c76660178,b17d5e860f30e8be2caeb0022b63be4c76660178,['CWE-787'],CVE-2022-29777
nginx/njs,https://github.com/nginx/njs/commit/2e00e95473861846aa8538be87db07699d9f676d,2e00e95473861846aa8538be87db07699d9f676d,['CWE-Other'],CVE-2022-29779
nginx/njs,https://github.com/nginx/njs/commit/8b39afdad9a0761e0a5d4af1a762bd9a6daef572,8b39afdad9a0761e0a5d4af1a762bd9a6daef572,['CWE-Other'],CVE-2022-29780
bfabiszewski/libmobi,https://github.com/bfabiszewski/libmobi/commit/ce0ab6586069791b1e8e2a42f44318e581c39939,ce0ab6586069791b1e8e2a42f44318e581c39939,['CWE-476'],CVE-2022-29788
nginx/njs,https://github.com/nginx/njs/commit/5c6130a2a0b4c41ab415f6b8992aa323636338b9,5c6130a2a0b4c41ab415f6b8992aa323636338b9,['CWE-Other'],CVE-2022-30503
thorfdbg/libjpeg,https://github.com/thorfdbg/libjpeg/commit/187035b9726710b4fe11d565c7808975c930895d,187035b9726710b4fe11d565c7808975c930895d,['CWE-125'],CVE-2022-31796
davea42/libdwarf-code,https://github.com/davea42/libdwarf-code/commit/8151575a6ace77d005ca5bb5d71c1bfdba3f7069,8151575a6ace77d005ca5bb5d71c1bfdba3f7069,['CWE-125'],CVE-2022-32200
thorfdbg/libjpeg,https://github.com/thorfdbg/libjpeg/commit/ea6315164b1649ff932a396b7600eac4bffcfaba,ea6315164b1649ff932a396b7600eac4bffcfaba,['CWE-476'],CVE-2022-32201
thorfdbg/libjpeg,https://github.com/thorfdbg/libjpeg/commit/51c3241b6da39df30f016b63f43f31c4011222c7,51c3241b6da39df30f016b63f43f31c4011222c7,['CWE-476'],CVE-2022-32202
wolkykim/qdecoder,https://github.com/wolkykim/qdecoder/commit/ce7c8a7ac450a823a11b06508ef1eb7441241f81,ce7c8a7ac450a823a11b06508ef1eb7441241f81,['CWE-Other'],CVE-2022-32265
bfabiszewski/libmobi,https://github.com/bfabiszewski/libmobi/commit/612562bc1ea38f1708b044e7a079c47a05b1291d,612562bc1ea38f1708b044e7a079c47a05b1291d,['CWE-125'],CVE-2022-1987
pjsip/pjproject,https://github.com/pjsip/pjproject/commit/450baca94f475345542c6953832650c390889202,450baca94f475345542c6953832650c390889202,['CWE-120'],CVE-2022-31031
xen-project/xen,https://github.com/xen-project/xen/commit/9a67ffee3371506e1cbfdfff5b90658d4828f6a2,9a67ffee3371506e1cbfdfff5b90658d4828f6a2,['CWE-Other'],CVE-2022-26363
xen-project/xen,https://github.com/xen-project/xen/commit/062868a5a8b428b85db589fa9a6d6e43969ffeb9,062868a5a8b428b85db589fa9a6d6e43969ffeb9,['CWE-Other'],CVE-2022-26363
envoyproxy/envoy,https://github.com/envoyproxy/envoy/commit/9b1c3962172a972bc0359398af6daa3790bb59db,9b1c3962172a972bc0359398af6daa3790bb59db,['CWE-476'],CVE-2022-29224
envoyproxy/envoy,https://github.com/envoyproxy/envoy/commit/cb4ef0b09200c720dfdb07e097092dd105450343,cb4ef0b09200c720dfdb07e097092dd105450343,"['CWE-400', 'CWE-409']",CVE-2022-29225
envoyproxy/envoy,https://github.com/envoyproxy/envoy/commit/7ffda4e809dec74449ebc330cebb9d2f4ab61360,7ffda4e809dec74449ebc330cebb9d2f4ab61360,"['CWE-306', 'CWE-416']",CVE-2022-29226
envoyproxy/envoy,https://github.com/envoyproxy/envoy/commit/fe7c69c248f4fe5a9080c7ccb35275b5218bb5ab,fe7c69c248f4fe5a9080c7ccb35275b5218bb5ab,['CWE-416'],CVE-2022-29227
thorfdbg/libjpeg,https://github.com/thorfdbg/libjpeg/commit/4746b577931e926a49e50de9720a4946de3069a7,4746b577931e926a49e50de9720a4946de3069a7,['CWE-617'],CVE-2022-32978
hpjansson/chafa,https://github.com/hpjansson/chafa/commit/e6ce3746cdcf0836b9dae659a5aed15d73a080d8,e6ce3746cdcf0836b9dae659a5aed15d73a080d8,['CWE-787'],CVE-2022-2061
oracle/linux-uek,https://github.com/oracle/linux-uek/commit/49c68f5f892d8c2be00e0a89ff2a035422c03b59,49c68f5f892d8c2be00e0a89ff2a035422c03b59,['CWE-416'],CVE-2022-21504
brackeen/ok-file-formats,https://github.com/brackeen/ok-file-formats/commit/8d68dad9c9f220058e86dc7f3d05acca6b9aedf5,8d68dad9c9f220058e86dc7f3d05acca6b9aedf5,['CWE-120'],CVE-2021-41413
COVESA/dlt-daemon,https://github.com/COVESA/dlt-daemon/commit/44c814c469eb89cca218a41341d9de5016c5d096,44c814c469eb89cca218a41341d9de5016c5d096,['CWE-415'],CVE-2022-31291
ImageMagick/ImageMagick6,https://github.com/ImageMagick/ImageMagick6/commit/450949ed017f009b399c937cf362f0058eacc5fa,450949ed017f009b399c937cf362f0058eacc5fa,['CWE-190'],CVE-2022-32545
ImageMagick,https://github.com/ImageMagick/ImageMagick/commit/9c9a84cec4ab28ee0b57c2b9266d6fbe68183512,9c9a84cec4ab28ee0b57c2b9266d6fbe68183512,['CWE-190'],CVE-2022-32545
ImageMagick/ImageMagick6,https://github.com/ImageMagick/ImageMagick6/commit/29c8abce0da56b536542f76a9ddfebdaab5b2943,29c8abce0da56b536542f76a9ddfebdaab5b2943,['CWE-190'],CVE-2022-32546
ImageMagick,https://github.com/ImageMagick/ImageMagick/commit/f221ea0fa3171f0f4fdf74ac9d81b203b9534c23,f221ea0fa3171f0f4fdf74ac9d81b203b9534c23,['CWE-190'],CVE-2022-32546
ompl,https://github.com/ompl/ompl/commit/5587c98a594e0452c06742d9c62134c2a5ecfbba,5587c98a594e0452c06742d9c62134c2a5ecfbba,['CWE-401'],CVE-2021-41490
torvalds/linux,https://github.com/torvalds/linux/commit/233087ca063686964a53c829d547c7571e3f67bf,233087ca063686964a53c829d547c7571e3f67bf,['CWE-416'],CVE-2022-33981
nginx/njs,https://github.com/nginx/njs/commit/81af26364c21c196dd21fb5e14c7fa9ce7debd17,81af26364c21c196dd21fb5e14c7fa9ce7debd17,['CWE-416'],CVE-2022-31306
nginx/njs,https://github.com/nginx/njs/commit/eafe4c7a326b163612f10861392622b5da5b1792,eafe4c7a326b163612f10861392622b5da5b1792,['CWE-416'],CVE-2022-31307
nginx/njs,https://github.com/nginx/njs/commit/31ed93a5623f24ca94e6d47e895ba735d9d97d46,31ed93a5623f24ca94e6d47e895ba735d9d97d46,['CWE-416'],CVE-2022-32414
LibreDWG/libredwg,https://github.com/LibreDWG/libredwg/commit/7209631ce9b38244dd5ac69da8e21cb9478c24e8,7209631ce9b38244dd5ac69da8e21cb9478c24e8,['CWE-415'],CVE-2022-33033
harfbuzz,https://github.com/harfbuzz/harfbuzz/commit/62e803b36173fd096d7ad460dd1d1db9be542593,62e803b36173fd096d7ad460dd1d1db9be542593,['CWE-190'],CVE-2022-33068
ethereum/solidity,https://github.com/ethereum/solidity/commit/07870d031894505132843555652f88f4cdf45874,07870d031894505132843555652f88f4cdf45874,['CWE-617'],CVE-2022-33069
protobuf-c,https://github.com/protobuf-c/protobuf-c/commit/6e389ce2c34355d36009a8fb1666bed29fa2d4f4,6e389ce2c34355d36009a8fb1666bed29fa2d4f4,['CWE-Other'],CVE-2022-33070
fwdillema/totd,https://github.com/fwdillema/totd/commit/afd8a10a6a21f82a70940d1b43cff48143250399,afd8a10a6a21f82a70940d1b43cff48143250399,['CWE-330'],CVE-2022-34295
davea42/libdwarf-code,https://github.com/davea42/libdwarf-code/commit/7ef09e1fc9ba07653dd078edb2408631c7969162,7ef09e1fc9ba07653dd078edb2408631c7969162,['CWE-125'],CVE-2022-34299
syoyo/tinyexr,https://github.com/syoyo/tinyexr/commit/9c602a37b3d3a1d98d473cda32b88f8014344990,9c602a37b3d3a1d98d473cda32b88f8014344990,['CWE-125'],CVE-2022-34300
GNOME/gimp,https://github.com/GNOME/gimp/commit/22af0bcfe67c1c86381f33975ca7fdbde6b36b39,22af0bcfe67c1c86381f33975ca7fdbde6b36b39,['CWE-755'],CVE-2022-32990
torvalds/linux,https://github.com/torvalds/linux/commit/1680939e9ecf7764fba8689cfb3429c2fe2bb23c,1680939e9ecf7764fba8689cfb3429c2fe2bb23c,['CWE-415'],CVE-2022-34494
torvalds/linux,https://github.com/torvalds/linux/commit/c2eecefec5df1306eafce28ccdf1ca159a552ecc,c2eecefec5df1306eafce28ccdf1ca159a552ecc,['CWE-415'],CVE-2022-34495
DCMTK/dcmtk,https://github.com/DCMTK/dcmtk/commit/a9697dfeb672b0b9412c00c7d36d801e27ec85cb,a9697dfeb672b0b9412c00c7d36d801e27ec85cb,"['CWE-415', 'CWE-401']",CVE-2021-41687
DCMTK/dcmtk,https://github.com/DCMTK/dcmtk/commit/5c14bf53fb42ceca12bbcc0016e8704b1580920d,5c14bf53fb42ceca12bbcc0016e8704b1580920d,['CWE-476'],CVE-2021-41689
torvalds/linux,https://github.com/torvalds/linux/commit/fee060cd52d69c114b62d1a2948ea9648b5131f9,fee060cd52d69c114b62d1a2948ea9648b5131f9,['CWE-476'],CVE-2022-1852
bfabiszewski/libmobi,https://github.com/bfabiszewski/libmobi/commit/c0699c8693c47f14a2e57dec7292e862ac7adf9c,c0699c8693c47f14a2e57dec7292e862ac7adf9c,['CWE-476'],CVE-2022-2279
hpjansson/chafa,https://github.com/hpjansson/chafa/commit/56fabfa18a6880b4cb66047fa6557920078048d9,56fabfa18a6880b4cb66047fa6557920078048d9,['CWE-125'],CVE-2022-2301
xen-project/xen,https://github.com/xen-project/xen/commit/54d8f27d0477937e1f99a414fc1ffd93d184b38a,54d8f27d0477937e1f99a414fc1ffd93d184b38a,"['CWE-200', 'CWE-212', 'CWE-401']",CVE-2022-26365
torvalds/linux,https://github.com/torvalds/linux/commit/9cc02ede696272c5271a401e4f27c262359bc2f6,9cc02ede696272c5271a401e4f27c262359bc2f6,['CWE-416'],CVE-2022-2318
AttorneyOnline/akashi,https://github.com/AttorneyOnline/akashi/commit/5566cdfedddef1f219aee33477d9c9690bf2f78b,5566cdfedddef1f219aee33477d9c9690bf2f78b,['CWE-129'],CVE-2022-31135
wolfSSL/wolfssh,https://github.com/wolfSSL/wolfssh/commit/edb272e35ee57e7b89f3e127222c6981b6a1e730,edb272e35ee57e7b89f3e127222c6981b6a1e730,['CWE-190'],CVE-2022-32073
babelouest/rhonabwy,https://github.com/babelouest/rhonabwy/commit/b4c2923a1ba4fabf9b55a89244127e153a3e549b,b4c2923a1ba4fabf9b55a89244127e153a3e549b,['CWE-120'],CVE-2022-32096
jerryscript-project/jerryscript,https://github.com/jerryscript-project/jerryscript/commit/bffc7c25ae05e75ceac4769f9d4fb676c182065e,bffc7c25ae05e75ceac4769f9d4fb676c182065e,['CWE-787'],CVE-2022-32117
squid-cache/squid,https://github.com/squid-cache/squid/commit/5e2ea2b13bd98f53e29964ca26bb0d602a8a12b9,5e2ea2b13bd98f53e29964ca26bb0d602a8a12b9,['CWE-617'],CVE-2021-46784
torproject/tor,https://github.com/torproject/tor/commit/b0496d40197dd5b4fb7b694c1410082d4e34dda6,b0496d40197dd5b4fb7b694c1410082d4e34dda6,['CWE-Other'],CVE-2022-33903
nginx/njs,https://github.com/nginx/njs/commit/6549d49630ce5f5ac823fd3ae0c6c8558b8716ae,6549d49630ce5f5ac823fd3ae0c6c8558b8716ae,['CWE-Other'],CVE-2022-34027
nginx/njs,https://github.com/nginx/njs/commit/36f04a3178fcb6da8513cc3dbf35215c2a581b3f,36f04a3178fcb6da8513cc3dbf35215c2a581b3f,['CWE-Other'],CVE-2022-34028
nginx/njs,https://github.com/nginx/njs/commit/d09868bc71f9a990445959329ad8c1b10d3898f5,d09868bc71f9a990445959329ad8c1b10d3898f5,['CWE-125'],CVE-2022-34029
nginx/njs,https://github.com/nginx/njs/commit/7b3fba59f96e51ddf602222958ec855fba1e4383,7b3fba59f96e51ddf602222958ec855fba1e4383,['CWE-Other'],CVE-2022-34030
nginx/njs,https://github.com/nginx/njs/commit/86c2c8270240d0a7a1bc4757fd2010fd989e8037,86c2c8270240d0a7a1bc4757fd2010fd989e8037,['CWE-Other'],CVE-2022-34031
nginx/njs,https://github.com/nginx/njs/commit/c756e23eb09dac519fe161c88587cc034306630f,c756e23eb09dac519fe161c88587cc034306630f,['CWE-Other'],CVE-2022-34032
radareorg/radare2,https://github.com/radareorg/radare2/commit/b4ca66f5d4363d68a6379e5706353b3bde5104a4,b4ca66f5d4363d68a6379e5706353b3bde5104a4,['CWE-787'],CVE-2022-34502
radareorg/radare2,https://github.com/radareorg/radare2/commit/fc285cecb8469f0262db0170bf6dd7c01d9b8ed5,fc285cecb8469f0262db0170bf6dd7c01d9b8ed5,['CWE-476'],CVE-2022-34520
GNOME/gdk-pixbuf,https://github.com/GNOME/gdk-pixbuf/commit/6976bdc8ee9dd2c2954f91066f7b0f643769a379,6976bdc8ee9dd2c2954f91066f7b0f643769a379,['CWE-190'],CVE-2021-46829
xen-project/xen,https://github.com/xen-project/xen/commit/a9949efb288fd6e21bbaf9d5826207c7c41cda27,a9949efb288fd6e21bbaf9d5826207c7c41cda27,['CWE-Other'],CVE-2022-33745
rizinorg/rizin,https://github.com/rizinorg/rizin/commit/652d01e0c6e5d7ce17224ce3ceb10be42a48a84c,652d01e0c6e5d7ce17224ce3ceb10be42a48a84c,['CWE-190'],CVE-2022-34612
torvalds/linux,https://github.com/torvalds/linux/commit/f85daf0e725358be78dfd208dea5fd665d8cb901,f85daf0e725358be78dfd208dea5fd665d8cb901,['CWE-Other'],CVE-2022-36879
ImageMagick,https://github.com/ImageMagick/ImageMagick/commit/c52b177e0cb11c896b8cc9525a3184c5c0f322c3,c52b177e0cb11c896b8cc9525a3184c5c0f322c3,['CWE-772'],CVE-2017-8343
ImageMagick,https://github.com/ImageMagick/ImageMagick/commit/4c6289b2f39a47a430ce27b61d3e3967201e77e8,4c6289b2f39a47a430ce27b61d3e3967201e77e8,['CWE-772'],CVE-2017-8344
ImageMagick,https://github.com/ImageMagick/ImageMagick/commit/3933497bbe8a1ccd826cca2e3835efa6d41ae2e0,3933497bbe8a1ccd826cca2e3835efa6d41ae2e0,['CWE-772'],CVE-2017-8346
ImageMagick,https://github.com/ImageMagick/ImageMagick/commit/babb3b6c992bef4098ba40353c16d3beba5920a4,babb3b6c992bef4098ba40353c16d3beba5920a4,['CWE-772'],CVE-2017-8347
ImageMagick,https://github.com/ImageMagick/ImageMagick/commit/0c60e6ead120fe2036ceb87662de91d52a4ec4aa,0c60e6ead120fe2036ceb87662de91d52a4ec4aa,['CWE-772'],CVE-2017-8348
ImageMagick,https://github.com/ImageMagick/ImageMagick/commit/5b1b7895bb5c75596942e5c642ea44b0dd13ddec,5b1b7895bb5c75596942e5c642ea44b0dd13ddec,['CWE-772'],CVE-2017-8349
ImageMagick,https://github.com/ImageMagick/ImageMagick/commit/a353ee3914d7f0a83078f5ef84a7766587c98121,a353ee3914d7f0a83078f5ef84a7766587c98121,['CWE-772'],CVE-2017-8350
ImageMagick,https://github.com/ImageMagick/ImageMagick/commit/23071f835d44e661177957fde0add67db7788a69,23071f835d44e661177957fde0add67db7788a69,['CWE-772'],CVE-2017-8351
ImageMagick,https://github.com/ImageMagick/ImageMagick/commit/2917930679a3543e52070668c3adb3d8c183d1f6,2917930679a3543e52070668c3adb3d8c183d1f6,['CWE-772'],CVE-2017-8352
ImageMagick,https://github.com/ImageMagick/ImageMagick/commit/a537c728561b7eedb17ee50c615e11dec005213a,a537c728561b7eedb17ee50c615e11dec005213a,['CWE-772'],CVE-2017-8353
ImageMagick,https://github.com/ImageMagick/ImageMagick/commit/d22fd1ff6b41dc81369e255fab81e409049a6e15,d22fd1ff6b41dc81369e255fab81e409049a6e15,['CWE-772'],CVE-2017-8355
ImageMagick,https://github.com/ImageMagick/ImageMagick/commit/59a1f6136fb2ee9d32cc03d00a3de6883ed206b1,59a1f6136fb2ee9d32cc03d00a3de6883ed206b1,['CWE-772'],CVE-2017-8356
ImageMagick,https://github.com/ImageMagick/ImageMagick/commit/e82f14da961e607f1b6ffa525644535686070228,e82f14da961e607f1b6ffa525644535686070228,['CWE-772'],CVE-2017-8357
LibreOffice/core,https://github.com/LibreOffice/core/commit/6e6e54f944a5ebb49e9110bdeff844d00a96c56c,6e6e54f944a5ebb49e9110bdeff844d00a96c56c,"['CWE-119', 'CWE-787']",CVE-2017-8358
grpc,https://github.com/grpc/grpc/commit/aab6992c006be6fb80df73fd9f218365099c016d,aab6992c006be6fb80df73fd9f218365099c016d,['CWE-787'],CVE-2017-8359
telegramdesktop/tdesktop,https://github.com/telegramdesktop/tdesktop/commit/388703b9ca1912a5438e37f9dd54c35805f2c594,388703b9ca1912a5438e37f9dd54c35805f2c594,['CWE-200'],CVE-2016-10351
lathiat/avahi,https://github.com/lathiat/avahi/commit/e111def44a7df4624a4aa3f85fe98054bffb6b4f,e111def44a7df4624a4aa3f85fe98054bffb6b4f,['CWE-346'],CVE-2017-6519
matthiaskramm/swftools,https://github.com/matthiaskramm/swftools/commit/7139f3cf7c8bc576bea1dbd07c58ce1ad92b774a,7139f3cf7c8bc576bea1dbd07c58ce1ad92b774a,['CWE-787'],CVE-2017-8400
torvalds/linux,https://github.com/torvalds/linux/commit/c3c87e770458aa004bd7ed3f29945ff436fd6511,c3c87e770458aa004bd7ed3f29945ff436fd6511,['CWE-264'],CVE-2015-9004
ImageMagick,https://github.com/ImageMagick/ImageMagick/commit/b3299a3f2ec597172b092e9f7b71d2c9e75287c7,b3299a3f2ec597172b092e9f7b71d2c9e75287c7,['CWE-772'],CVE-2017-8765
stoth68000/media-tree,https://github.com/stoth68000/media-tree/commit/354dd3924a2e43806774953de536257548b5002c,354dd3924a2e43806774953de536257548b5002c,['CWE-125'],CVE-2017-8831
dinhvh/libetpan,https://github.com/dinhvh/libetpan/commit/1fe8fbc032ccda1db9af66d93016b49c16c1f22d,1fe8fbc032ccda1db9af66d93016b49c16c1f22d,['CWE-476'],CVE-2017-8825
torvalds/linux,https://github.com/torvalds/linux/commit/657831ffc38e30092a2d5f03d385d710eb88b09a,657831ffc38e30092a2d5f03d385d710eb88b09a,['CWE-415'],CVE-2017-8890
dropbox/lepton,https://github.com/dropbox/lepton/commit/82167c144a322cc956da45407f6dce8d4303d346,82167c144a322cc956da45407f6dce8d4303d346,['CWE-1187'],CVE-2017-8891
torvalds/linux,https://github.com/torvalds/linux/commit/c9f838d104fed6f2f61d68164712e3204bf5271b,c9f838d104fed6f2f61d68164712e3204bf5271b,['CWE-404'],CVE-2017-7472
xen-project/xen,https://github.com/xen-project/xen/commit/22c096c99d8c05833c3c19870e36efb2dd4e8013,22c096c99d8c05833c3c19870e36efb2dd4e8013,['CWE-Other'],CVE-2017-8903
xen-project/xen,https://github.com/xen-project/xen/commit/eaf537342c909875c10f49b06e17493655410681,eaf537342c909875c10f49b06e17493655410681,['CWE-Other'],CVE-2017-8904
MisterTea/EternalTerminal,https://github.com/MisterTea/EternalTerminal/commit/92c4c6ada445c1925a8b397f4171ca7735cbda16,92c4c6ada445c1925a8b397f4171ca7735cbda16,"['CWE-Other', 'CWE-732']",CVE-2022-48257
MisterTea/EternalTerminal,https://github.com/MisterTea/EternalTerminal/commit/04e64d442adb780a126996aa910da84e6939185a,04e64d442adb780a126996aa910da84e6939185a,"['CWE-Other', 'CWE-732']",CVE-2022-48257
MisterTea/EternalTerminal,https://github.com/MisterTea/EternalTerminal/commit/4a8b02d5f1afb38b00c77ab1321d5f56720f4e30,4a8b02d5f1afb38b00c77ab1321d5f56720f4e30,"['CWE-Other', 'CWE-732']",CVE-2022-48257
vim,https://github.com/vim/vim/commit/232bdaaca98c34a99ffadf27bf6ee08be6cc8f6a,232bdaaca98c34a99ffadf27bf6ee08be6cc8f6a,['CWE-122'],CVE-2023-0288
radareorg/radare2,https://github.com/radareorg/radare2/commit/961f0e723903011d4f54c2396e44efa91fcc74ce,961f0e723903011d4f54c2396e44efa91fcc74ce,['CWE-74'],CVE-2023-0302
torvalds/linux,https://github.com/torvalds/linux/commit/ec4eb8a86ade4d22633e1da2a7d85a846b7d1798,ec4eb8a86ade4d22633e1da2a7d85a846b7d1798,['CWE-476'],CVE-2022-41858
FreeRADIUS/freeradius-server,https://github.com/FreeRADIUS/freeradius-server/commit/9e5e8f2f912ad2da8ac6e176ac3a606333469937,9e5e8f2f,['CWE-522'],CVE-2022-41859
FreeRADIUS/freeradius-server,https://github.com/FreeRADIUS/freeradius-server/commit/f1cdbb33ec61c4a64a32e107d4d02f936051c708,f1cdbb33ec61c4a64a,['CWE-476'],CVE-2022-41860
FreeRADIUS/freeradius-server,https://github.com/FreeRADIUS/freeradius-server/commit/0ec2b39d260e08e4c3464f6b95005821dc559c62,0ec2b39d260e,['CWE-20'],CVE-2022-41861
dinhvh/libetpan,https://github.com/dinhvh/libetpan/commit/5c9eb6b6ba64c4eb927d7a902317410181aacbba,5c9eb6b6ba64c4eb927d7a902317410181aacbba,['CWE-476'],CVE-2022-4121
AenBleidd/FiND,https://github.com/AenBleidd/FiND/commit/ee2eef34a83644f286c9adcaf30437f92e9c48f1,ee2eef34a83644f286c9adcaf30437f92e9c48f1,['CWE-120'],CVE-2015-10065
gpac,https://github.com/gpac/gpac/commit/9971fb125cf91cefd081a080c417b90bbe4a467b,9971fb125cf91cefd081a080c417b90bbe4a467b,['CWE-416'],CVE-2023-0358
tpm2-software/tpm2-tss,https://github.com/tpm2-software/tpm2-tss/commit/306490c8d848c367faa2d9df81f5e69dab46ffb5,306490c8d848c367faa2d9df81f5e69dab46ffb5,['CWE-120'],CVE-2023-22745
redis,https://github.com/redis/redis/commit/1ec82e6e97e1db06a72ca505f9fbf6b981f31ef7,1ec82e6e97e1db06a72ca505f9fbf6b981f31ef7,['CWE-190'],CVE-2022-35977
xiph/opusfile,https://github.com/xiph/opusfile/commit/0a4cd796df5b030cb866f3f4a5e41a4b92caddf5,0a4cd796df5b030cb866f3f4a5e41a4b92caddf5,['CWE-476'],CVE-2022-47021
vim,https://github.com/vim/vim/commit/a63ad78ed31e36dbdf3a9cd28071dcdbefce7d19,a63ad78ed31e36dbdf3a9cd28071dcdbefce7d19,['CWE-476'],CVE-2022-47024
redis,https://github.com/redis/redis/commit/16f408b1a0121cacd44cbf8aee275d69dc627f02,16f408b1a0121cacd44cbf8aee275d69dc627f02,['CWE-190'],CVE-2023-22458
gpac,https://github.com/gpac/gpac/commit/af6a5e7a96ee01a139cce6c9e4edfc069aad17a6,af6a5e7a96ee01a139cce6c9e4edfc069aad17a6,['CWE-120'],CVE-2023-23143
gpac,https://github.com/gpac/gpac/commit/3a2458a49b3e6399709d456d7b35e7a6f50cfb86,3a2458a49b3e6399709d456d7b35e7a6f50cfb86,['CWE-190'],CVE-2023-23144
gpac,https://github.com/gpac/gpac/commit/4ade98128cbc41d5115b97a41ca2e59529c8dd5f,4ade98128cbc41d5115b97a41ca2e59529c8dd5f,['CWE-401'],CVE-2023-23145
SpiderLabs/ModSecurity,https://github.com/SpiderLabs/ModSecurity/commit/4324f0ac59f8225aa44bc5034df60dbeccd1d334,4324f0ac59f8225aa44bc5034df60dbeccd1d334,['CWE-Other'],CVE-2023-24021
vim,https://github.com/vim/vim/commit/11977f917506d950b7e0cae558bd9189260b253b,11977f917506d950b7e0cae558bd9189260b253b,['CWE-122'],CVE-2023-0433
onnx,https://github.com/onnx/onnx/commit/f369b0e859024095d721f1d1612da5a8fa38988d,f369b0e859024095d721f1d1612da5a8fa38988d,['CWE-22'],CVE-2022-25882
contiki-ng,https://github.com/contiki-ng/contiki-ng/commit/20ae1a06f2fa13acfba43da73adb71dc61fcef84,20ae1a06f2fa13acfba43da73adb71dc61fcef84,['CWE-787'],CVE-2023-23609
torvalds/linux,https://github.com/torvalds/linux/commit/56b88b50565cd8b946a2d00b0c83927b7ebb055e,56b88b50565cd8b946a2d00b0c83927b7ebb055e,['CWE-416'],CVE-2023-0266
torvalds/linux,https://github.com/torvalds/linux/commit/becf9e5d553c2389d857a3c178ce80fdb34a02e1,becf9e5d553c2389d857a3c178ce80fdb34a02e1,['CWE-416'],CVE-2023-0266
vim,https://github.com/vim/vim/commit/870219c58c0804bdc55419b2e455c06ac715a835,870219c58c0804bdc55419b2e455c06ac715a835,['CWE-369'],CVE-2023-0512
editorconfig/editorconfig-core-c,https://github.com/editorconfig/editorconfig-core-c/commit/41281ea82fbf24b060a9f69b9c5369350fb0529e,41281ea82fbf24b060a9f69b9c5369350fb0529e,['CWE-787'],CVE-2023-0341
SSSD/sssd,https://github.com/SSSD/sssd/commit/a2b9a84460429181f2a4fa7e2bb5ab49fd561274,a2b9a84460429181f2a4fa7e2bb5ab49fd561274,['CWE-90'],CVE-2022-4254
openssh/openssh-portable,https://github.com/openssh/openssh-portable/commit/486c4dc3b83b4b67d663fb0fa62bc24138ec3946,486c4dc3b83b4b67d663fb0fa62bc24138ec3946,['CWE-415'],CVE-2023-25136
HDFGroup/hdf5,https://github.com/HDFGroup/hdf5/commit/14b21d2b04805a213f67a9631b79f18fd39176af,14b21d2b04805a213f67a9631b79f18fd39176af,['CWE-787'],CVE-2021-37501
HDFGroup/hdf5,https://github.com/HDFGroup/hdf5/commit/6463322c70b1080aba687fc61c5eaa0a0a3f3be9,6463322c70b1080aba687fc61c5eaa0a0a3f3be9,['CWE-787'],CVE-2021-37501
memcached,https://github.com/memcached/memcached/commit/264722ae4e248b453be00e97197dadc685b60fd0,264722ae4e248b453be00e97197dadc685b60fd0,['CWE-787'],CVE-2021-37519
xbmc,https://github.com/xbmc/xbmc/commit/7e5f9fbf9aaa3540aab35e7504036855b23dcf60,7e5f9fbf9aaa3540aab35e7504036855b23dcf60,['CWE-787'],CVE-2023-23082
xbmc,https://github.com/xbmc/xbmc/commit/00fec1dbdd1df827872c7b55ad93059636dfc076,00fec1dbdd1df827872c7b55ad93059636dfc076,['CWE-787'],CVE-2023-23082
harfbuzz,https://github.com/harfbuzz/harfbuzz/commit/85be877925ddbf34f74a1229f3ca1716bb6170dc,85be877925ddbf34f74a1229f3ca1716bb6170dc,['CWE-770'],CVE-2023-25193
michaelrsweet/pdfio,https://github.com/michaelrsweet/pdfio/commit/4f10021e7ee527c1aa24853e2947e38e154d9ccb,4f10021e7ee527c1aa24853e2947e38e154d9ccb,['CWE-835'],CVE-2023-24808
bitcoin,https://github.com/bitcoin/bitcoin/commit/2fb9c1e6681370478e24a19172ed6d78d95d50d3,2fb9c1e6681370478e24a19172ed6d78d95d50d3,['CWE-Other'],CVE-2021-37491
gpac,https://github.com/gpac/gpac/commit/ea7395f39f601a7750d48d606e9d10ea0b7beefe,ea7395f39f601a7750d48d606e9d10ea0b7beefe,['CWE-122'],CVE-2023-0760
gpac,https://github.com/gpac/gpac/commit/c31941822ee275a35bc148382bafef1c53ec1c26,c31941822ee275a35bc148382bafef1c53ec1c26,['CWE-121'],CVE-2023-0770
gpac,https://github.com/gpac/gpac/commit/be9f8d395bbd196e3812e9cd80708f06bcc206f7,be9f8d395bbd196e3812e9cd80708f06bcc206f7,['CWE-125'],CVE-2023-0817
gpac,https://github.com/gpac/gpac/commit/377ab25f3e502db2934a9cf4b54739e1c89a02ff,377ab25f3e502db2934a9cf4b54739e1c89a02ff,['CWE-193'],CVE-2023-0818
gpac,https://github.com/gpac/gpac/commit/d067ab3ccdeaa340e8c045a0fd5bcfc22b809e8f,d067ab3ccdeaa340e8c045a0fd5bcfc22b809e8f,['CWE-122'],CVE-2023-0819
timescale/timescaledb,https://github.com/timescale/timescaledb/commit/014b40fb7e8d59087cf1c1988a68dd1979f86cb3,014b40fb7e8d59087cf1c1988a68dd1979f86cb3,['CWE-269'],CVE-2023-25149
gssapi/gss-ntlmssp,https://github.com/gssapi/gss-ntlmssp/commit/97c62c6167299028d80765080e74d91dfc99efbd,97c62c6167299028d80765080e74d91dfc99efbd,['CWE-125'],CVE-2023-25563
gssapi/gss-ntlmssp,https://github.com/gssapi/gss-ntlmssp/commit/c753000eb31835c0664e528fbc99378ae0cbe950,c753000eb31835c0664e528fbc99378ae0cbe950,['CWE-787'],CVE-2023-25564
gssapi/gss-ntlmssp,https://github.com/gssapi/gss-ntlmssp/commit/c16100f60907a2de92bcb676f303b81facee0f64,c16100f60907a2de92bcb676f303b81facee0f64,['CWE-763'],CVE-2023-25565
gssapi/gss-ntlmssp,https://github.com/gssapi/gss-ntlmssp/commit/8660fb16474054e692a596e9c79670cd4d3954f4,8660fb16474054e692a596e9c79670cd4d3954f4,['CWE-401'],CVE-2023-25566
gssapi/gss-ntlmssp,https://github.com/gssapi/gss-ntlmssp/commit/025fbb756d44ffee8f847db4222ed6aa4bd1fbe4,025fbb756d44ffee8f847db4222ed6aa4bd1fbe4,['CWE-125'],CVE-2023-25567
virtualsquare/picotcp,https://github.com/virtualsquare/picotcp/commit/7c195747d88a37b4059f5ad9df4bfbb6f1179e08,7c195747d88a37b4059f5ad9df4bfbb6f1179e08,['CWE-415'],CVE-2021-33304
gpac,https://github.com/gpac/gpac/commit/b964fe4226f1424cf676d5822ef898b6b01f5937,b964fe4226f1424cf676d5822ef898b6b01f5937,['CWE-122'],CVE-2023-0866
mpv-player/mpv,https://github.com/mpv-player/mpv/commit/5858e3cdbd6fbae3ed80366912dd5df0af4fa126,5858e3cdbd6fbae3ed80366912dd5df0af4fa126,['CWE-362'],CVE-2020-19824
LibRaw,https://github.com/LibRaw/LibRaw/commit/bc3aaf4223fdb70d52d470dae65c5a7923ea2a49,bc3aaf4223fdb70d52d470dae65c5a7923ea2a49,['CWE-787'],CVE-2021-32142
schismtracker,https://github.com/schismtracker/schismtracker/commit/1e2cc389a2a058fd13d99460c11115a6f7f7a6a4,1e2cc389a2a058fd13d99460c11115a6f7f7a6a4,['CWE-787'],CVE-2021-32419
htacg/tidy-html5,https://github.com/htacg/tidy-html5/commit/efa61528aa500a1efbd2768121820742d3bb709b,efa61528aa500a1efbd2768121820742d3bb709b,['CWE-416'],CVE-2021-33391
tsl0922/ttyd,https://github.com/tsl0922/ttyd/commit/39206089c0094dcf075e07b19e7eda9ada47d020,39206089c0094dcf075e07b19e7eda9ada47d020,['CWE-276'],CVE-2021-34182
moby/hyperkit,https://github.com/moby/hyperkit/commit/df0e46c7dbfd81a957d85e449ba41b52f6f7beb4,df0e46c7dbfd81a957d85e449ba41b52f6f7beb4,['CWE-476'],CVE-2021-32843
moby/hyperkit,https://github.com/moby/hyperkit/commit/451558fe8aaa8b24e02e34106e3bb9fe41d7ad13,451558fe8aaa8b24e02e34106e3bb9fe41d7ad13,['CWE-476'],CVE-2021-32844
moby/hyperkit,https://github.com/moby/hyperkit/commit/41272a980197917df8e58ff90642d14dec8fe948,41272a980197917df8e58ff90642d14dec8fe948,['CWE-252'],CVE-2021-32845
moby/hyperkit,https://github.com/moby/hyperkit/commit/af5eba2360a7351c08dfd9767d9be863a50ebaba,af5eba2360a7351c08dfd9767d9be863a50ebaba,['CWE-754'],CVE-2021-32846
moby/hyperkit,https://github.com/moby/hyperkit/commit/cf60095a4d8c3cb2e182a14415467afd356e982f,cf60095a4d8c3cb2e182a14415467afd356e982f,['CWE-125'],CVE-2021-32847
rtcwcoop,https://github.com/rtcwcoop/rtcwcoop/commit/f2cd18bc2e1cbca8c4b78bee9c392272bd5f42ac,f2cd18bc2e1cbca8c4b78bee9c392272bd5f42ac,['CWE-404'],CVE-2019-25104
AFLplusplus,https://github.com/AFLplusplus/AFLplusplus/commit/f2be73186e2e16c3992f92b65ae9ba598d6fff2f,f2be73186e2e16c3992f92b65ae9ba598d6fff2f,['CWE-Other'],CVE-2023-26266
UIKit0/libplist,https://github.com/UIKit0/libplist/commit/c086cb139af7c82845f6d565e636073ff4b37440,c086cb139af7c82845f6d565e636073ff4b37440,['CWE-611'],CVE-2015-10082
airtower-luna/mod_gnutls,https://github.com/airtower-luna/mod_gnutls/commit/d7eec4e598158ab6a98bf505354e84352f9715ec,d7eec4e598158ab6a98bf505354e84352f9715ec,['CWE-835'],CVE-2023-25824
strukturag/libheif,https://github.com/strukturag/libheif/commit/43cce643f5ae1adedd6b731d44a7230d53b5f258,43cce643f5ae1adedd6b731d44a7230d53b5f258,['CWE-120'],CVE-2023-0996
torvalds/linux,https://github.com/torvalds/linux/commit/fda6c89fe3d9aca073495a664e1d5aea28cd4377,fda6c89fe3d9aca073495a664e1d5aea28cd4377,['CWE-415'],CVE-2023-26545
COVESA/dlt-daemon,https://github.com/COVESA/dlt-daemon/commit/b6149e203f919c899fefc702a17fbb78bdec3700,b6149e203f919c899fefc702a17fbb78bdec3700,['CWE-401'],CVE-2023-26257
colinbourassa/crasm,https://github.com/colinbourassa/crasm/commit/c7a4d332b426a25478afd3118f3be5af37972edd,c7a4d332b426a25478afd3118f3be5af37972edd,"['CWE-369', 'CWE-476']",CVE-2023-23108
colinbourassa/crasm,https://github.com/colinbourassa/crasm/commit/1be14c2d38cf74d481754ca595fcaa3e928a87a6,1be14c2d38cf74d481754ca595fcaa3e928a87a6,"['CWE-369', 'CWE-476']",CVE-2023-23108
torvalds/linux,https://github.com/torvalds/linux/commit/fa0ef93868a6062babe1144df2807a8b1d4924d2,fa0ef93868a6062babe1144df2807a8b1d4924d2,['CWE-Other'],CVE-2023-22995
torvalds/linux,https://github.com/torvalds/linux/commit/4b41a9d0fe3db5f91078a380f62f0572c3ecf2dd,4b41a9d0fe3db5f91078a380f62f0572c3ecf2dd,['CWE-772'],CVE-2023-22996
torvalds/linux,https://github.com/torvalds/linux/commit/45af1d7aae7d5520d2858f8517a1342646f015db,45af1d7aae7d5520d2858f8517a1342646f015db,['CWE-476'],CVE-2023-22997
torvalds/linux,https://github.com/torvalds/linux/commit/c24968734abfed81c8f93dc5f44a7b7a9aecadfa,c24968734abfed81c8f93dc5f44a7b7a9aecadfa,['CWE-436'],CVE-2023-22998
torvalds/linux,https://github.com/torvalds/linux/commit/b52fe2dbb3e655eb1483000adfab68a219549e13,b52fe2dbb3e655eb1483000adfab68a219549e13,['CWE-476'],CVE-2023-22999
torvalds/linux,https://github.com/torvalds/linux/commit/580077855a40741cf511766129702d97ff02f4d9,580077855a40741cf511766129702d97ff02f4d9,['CWE-476'],CVE-2023-1095
SerenityOS/serenity,https://github.com/SerenityOS/serenity/commit/f6c6047e49f1517778f5565681fb64750b14bf60,f6c6047e49f1517778f5565681fb64750b14bf60,['CWE-190'],CVE-2021-4327
strukturag/libde265,https://github.com/strukturag/libde265/commit/7ea8e3cbb010bc02fa38419e87ed2281d7933850,7ea8e3cbb010bc02fa38419e87ed2281d7933850,['CWE-476'],CVE-2023-24751
strukturag/libde265,https://github.com/strukturag/libde265/commit/052bacb2535cf0024042eefde58e48df2c778f7c,052bacb2535cf0024042eefde58e48df2c778f7c,['CWE-476'],CVE-2023-24752
strukturag/libde265,https://github.com/strukturag/libde265/commit/48eb7dafe204b825b4a62948ed171a0cd3f1bda2,48eb7dafe204b825b4a62948ed171a0cd3f1bda2,['CWE-476'],CVE-2023-24756
strukturag/libde265,https://github.com/strukturag/libde265/commit/857290982330e82d9e25d9d39527c6737021aa7d,857290982330e82d9e25d9d39527c6737021aa7d,['CWE-787'],CVE-2023-25221
LibreDWG/libredwg,https://github.com/LibreDWG/libredwg/commit/ae09b9b7b51bda4a719279a6ade6dadeaf5ef39f,ae09b9b7b51bda4a719279a6ade6dadeaf5ef39f,['CWE-787'],CVE-2023-25222
vim,https://github.com/vim/vim/commit/e0f869196930ef5f25a0ac41c9215b09c9ce2d3c,e0f869196930ef5f25a0ac41c9215b09c9ce2d3c,['CWE-369'],CVE-2023-1127
torvalds/linux,https://github.com/torvalds/linux/commit/045a31b95509c8f25f5f04ec5e0dec5cd09f2c5f,045a31b95509c8f25f5f04ec5e0dec5cd09f2c5f,['CWE-476'],CVE-2023-23000
torvalds/linux,https://github.com/torvalds/linux/commit/3ba880a12df5aa4488c18281701b5b1bc3d4531a,3ba880a12df5aa4488c18281701b5b1bc3d4531a,['CWE-476'],CVE-2023-23001
torvalds/linux,https://github.com/torvalds/linux/commit/6845667146a28c09b5dfc401c1ad112374087944,6845667146a28c09b5dfc401c1ad112374087944,['CWE-476'],CVE-2023-23002
torvalds/linux,https://github.com/torvalds/linux/commit/0a515a06c5ebfa46fee3ac519e418f801e718da4,0a515a06c5ebfa46fee3ac519e418f801e718da4,['CWE-252'],CVE-2023-23003
torvalds/linux,https://github.com/torvalds/linux/commit/15342f930ebebcfe36f2415049736a77d7d2e045,15342f930ebebcfe36f2415049736a77d7d2e045,['CWE-476'],CVE-2023-23004
torvalds/linux,https://github.com/torvalds/linux/commit/4a625ceee8a0ab0273534cb6b432ce6b331db5ee,4a625ceee8a0ab0273534cb6b432ce6b331db5ee,['CWE-476'],CVE-2023-23005
torvalds/linux,https://github.com/torvalds/linux/commit/6b8b42585886c59a008015083282aae434349094,6b8b42585886c59a008015083282aae434349094,['CWE-476'],CVE-2023-23006
redis,https://github.com/redis/redis/commit/2a2a582e7cd99ba3b531336b8bd41df2b566e619,2a2a582e7cd99ba3b531336b8bd41df2b566e619,['CWE-190'],CVE-2023-25155
torvalds/linux,https://github.com/torvalds/linux/commit/29b0589a865b6f66d141d79b2dd1373e4e50fe17,29b0589a865b6f66d141d79b2dd1373e4e50fe17,['CWE-416'],CVE-2023-1118
strukturag/libde265,https://github.com/strukturag/libde265/commit/2f0430ecda4dc83b5a3feaa3bea4826d1840dc68,2f0430ecda4dc83b5a3feaa3bea4826d1840dc68,['CWE-787'],CVE-2022-47665
openbsd/src,https://github.com/openbsd/src/commit/0a543725ccdd2a01669122ce79bb67e66ede77f2,0a543725ccdd2a01669122ce79bb67e66ede77f2,['CWE-Other'],CVE-2023-27567
vim,https://github.com/vim/vim/commit/1c73b65229c25e3c1fd8824ba958f7cc4d604f9c,1c73b65229c25e3c1fd8824ba958f7cc4d604f9c,['CWE-122'],CVE-2023-1170
vim,https://github.com/vim/vim/commit/c99cbf8f289bdda5d4a77d7ec415850a520330ba,c99cbf8f289bdda5d4a77d7ec415850a520330ba,['CWE-131'],CVE-2023-1175
torvalds/linux,https://github.com/torvalds/linux/commit/643a16a0eb1d6ac23744bb6e90a00fc21148a9dc,643a16a0eb1d6ac23744bb6e90a00fc21148a9dc,['CWE-416'],CVE-2022-3424
c-ares,https://github.com/c-ares/c-ares/commit/ac596026e77244481fd68736ae7f15855803a08a,ac596026e77244481fd68736ae7f15855803a08a,['CWE-1284'],CVE-2022-4904
awesomized/libmemcached,https://github.com/awesomized/libmemcached/commit/48dcc61a4919f6f3d5ee164630a843f2d8b8ade9,48dcc61a,['CWE-200'],CVE-2023-27478
vim,https://github.com/vim/vim/commit/7ac5023a5f1a37baafbe1043645f97ba3443d9f6,7ac5023a5f1a37baafbe1043645f97ba3443d9f6,['CWE-476'],CVE-2023-1264
torvalds/linux,https://github.com/torvalds/linux/commit/729eba3355674f2d9524629b73683ba1d1cd3f10,729eba3355674f2d9524629b73683ba1d1cd3f10,['CWE-416'],CVE-2023-0030
radareorg/radare2,https://github.com/radareorg/radare2/commit/a15067a8eaa836bcc24b0882712c14d1baa66509,a15067a8eaa836bcc24b0882712c14d1baa66509,['CWE-476'],CVE-2023-27114
lwindolf/liferea,https://github.com/lwindolf/liferea/commit/8d8b5b963fa64c7a2122d1bbfbb0bed46e813e59,8d8b5b963fa64c7a2122d1bbfbb0bed46e813e59,['CWE-78'],CVE-2023-1350
vim,https://github.com/vim/vim/commit/d13dd30240e32071210f55b587182ff48757ea46,d13dd30240e32071210f55b587182ff48757ea46,['CWE-476'],CVE-2023-1355
merces/libpe,https://github.com/merces/libpe/commit/9b5fedc37ccbcd23695a0e97c0fe46c999e26100,9b5fedc37ccbcd23695a0e97c0fe46c999e26100,['CWE-120'],CVE-2021-45423
merces/libpe,https://github.com/merces/libpe/commit/8960f7d710c4d1a43badd2bbf273721248b864f8,8960f7d710c4d1a43badd2bbf273721248b864f8,['CWE-120'],CVE-2021-45423
pjsip/pjproject,https://github.com/pjsip/pjproject/commit/d1c5e4da5bae7f220bc30719888bb389c905c0c5,d1c5e4da5bae7f220bc30719888bb389c905c0c5,"['CWE-120', 'CWE-122']",CVE-2023-27585
rizinorg/rizin,https://github.com/rizinorg/rizin/commit/d6196703d89c84467b600ba2692534579dc25ed4,d6196703d89c84467b600ba2692534579dc25ed4,"['CWE-121', 'CWE-120']",CVE-2023-27590
Stellarium/stellarium,https://github.com/Stellarium/stellarium/commit/1261f74dc4aa6bbd01ab514343424097f8cf46b7,1261f74dc4aa6bbd01ab514343424097f8cf46b7,['CWE-22'],CVE-2023-28371
Stellarium/stellarium,https://github.com/Stellarium/stellarium/commit/787a894897b7872ae96e6f5804a182210edd5c78,787a894897b7872ae96e6f5804a182210edd5c78,['CWE-22'],CVE-2023-28371
Stellarium/stellarium,https://github.com/Stellarium/stellarium/commit/eba61df3b38605befcb43687a4c0a159dbc0c5cb,eba61df3b38605befcb43687a4c0a159dbc0c5cb,['CWE-22'],CVE-2023-28371
strukturag/libde265,https://github.com/strukturag/libde265/commit/0b1752abff97cb542941d317a0d18aa50cb199b1,0b1752abff97cb542941d317a0d18aa50cb199b1,['CWE-476'],CVE-2023-27102
strukturag/libde265,https://github.com/strukturag/libde265/commit/d6bf73e765b7a23627bfd7a8645c143fd9097995,d6bf73e765b7a23627bfd7a8645c143fd9097995,['CWE-787'],CVE-2023-27103
kamailio,https://github.com/kamailio/kamailio/commit/ada3701d22b1fd579f06b4f54fa695fa988e685f,ada3701d22b1fd579f06b4f54fa695fa988e685f,['CWE-120'],CVE-2020-27507
OpenSIPS/opensips,https://github.com/OpenSIPS/opensips/commit/dd051f8ed5ae3347fb1d556ced3c97822c9d8450,dd051f8ed5ae3347fb1d556ced3c97822c9d8450,['CWE-770'],CVE-2023-27596
OpenSIPS/opensips,https://github.com/OpenSIPS/opensips/commit/cb56694d290530ac308f44b453c18120b1c1109d,cb56694d290530ac308f44b453c18120b1c1109d,['CWE-20'],CVE-2023-27599
OpenSIPS/opensips,https://github.com/OpenSIPS/opensips/commit/c6ab3bb406c447e30c7d33a1a8970048b4612100,c6ab3bb406c447e30c7d33a1a8970048b4612100,['CWE-20'],CVE-2023-27600
OpenSIPS/opensips,https://github.com/OpenSIPS/opensips/commit/8f87c7c03da55f9c79bd92e67fa2c94b2a7ce5cf,8f87c7c03da55f9c79bd92e67fa2c94b2a7ce5cf,['CWE-20'],CVE-2023-27601
OpenSIPS/opensips,https://github.com/OpenSIPS/opensips/commit/417568707520af25ec5c5dd91da18e6db3649dcb,417568707520af25ec5c5dd91da18e6db3649dcb,['CWE-401'],CVE-2023-28096
OpenSIPS/opensips,https://github.com/OpenSIPS/opensips/commit/7cab422e2fc648f910abba34f3f0dbb3ae171ff5,7cab422e2fc648f910abba34f3f0dbb3ae171ff5,['CWE-190'],CVE-2023-28097
OpenSIPS/opensips,https://github.com/OpenSIPS/opensips/commit/e2f13d3747577937152346b031b86639b37bc2b5,e2f13d374,['CWE-20'],CVE-2023-28099
liblouis,https://github.com/liblouis/liblouis/commit/f432de31058b5a94874d47405216d07910c18a9a,f432de31058b5a94874d47405216d07910c18a9a,['CWE-120'],CVE-2023-26767
liblouis,https://github.com/liblouis/liblouis/commit/47822bb418fb77564c159469e3be79989b11aced,47822bb418fb77564c159469e3be79989b11aced,['CWE-120'],CVE-2023-26768
liblouis,https://github.com/liblouis/liblouis/commit/565ac66ec0c187ffb442226487de3db376702958,565ac66ec0c187ffb442226487de3db376702958,['CWE-120'],CVE-2023-26768
liblouis,https://github.com/liblouis/liblouis/commit/6f39e88745e8ec602ccc46042c305a6188f28b0a,6f39e88745e8ec602ccc46042c305a6188f28b0a,['CWE-120'],CVE-2023-26769
liblouis,https://github.com/liblouis/liblouis/commit/9f6cec9b63c1d9396fcc32fed77267a2815b648f,9f6cec9b63c1d9396fcc32fed77267a2815b648f,['CWE-120'],CVE-2023-26769
liblouis,https://github.com/liblouis/liblouis/commit/d45430431f8c75941f863328eb3f7fc09f902b2e,d45430431f8c75941f863328eb3f7fc09f902b2e,['CWE-120'],CVE-2023-26769
appneta/tcpreplay,https://github.com/appneta/tcpreplay/commit/e831aad6d48874abab6efa37d4460da2be3ac765,e831aad6d48874abab6efa37d4460da2be3ac765,['CWE-617'],CVE-2023-27783
appneta/tcpreplay,https://github.com/appneta/tcpreplay/commit/df18c48812462ea802d639d2477887055666ee58,df18c48812462ea802d639d2477887055666ee58,"['CWE-476', 'CWE-617']",CVE-2023-27786
flatpak,https://github.com/flatpak/flatpak/commit/8e63de9a7d3124f91140fc74f8ca9ed73ed53be9,8e63de9a7d3124f91140fc74f8ca9ed73ed53be9,['CWE-20'],CVE-2023-28100
flatpak,https://github.com/flatpak/flatpak/commit/6cac99dafe6003c8a4bd5666341c217876536869,6cac99dafe6003c8a4bd5666341c217876536869,['CWE-116'],CVE-2023-28101
flatpak,https://github.com/flatpak/flatpak/commit/7fe63f2e8f1fd2dafc31d45154cf0b191ebec66c,7fe63f2e8f1fd2dafc31d45154cf0b191ebec66c,['CWE-116'],CVE-2023-28101
flatpak,https://github.com/flatpak/flatpak/commit/409e34187de2b2b2c4ef34c79f417be698830f6c,409e34187de2b2b2c4ef34c79f417be698830f6c,['CWE-116'],CVE-2023-28101
torvalds/linux,https://github.com/torvalds/linux/commit/b77413446408fdd256599daf00d5be72b5f3e7c6,b77413446408fdd256599daf00d5be72b5f3e7c6,['CWE-1050'],CVE-2023-1390
michaelrsweet/pdfio,https://github.com/michaelrsweet/pdfio/commit/97d4955666779dc5b0665e15dd951a5c12426a31,97d4955666779dc5b0665e15dd951a5c12426a31,['CWE-770'],CVE-2023-28428
redis,https://github.com/redis/redis/commit/48e0d4788434833b47892fe9f3d91be7687f25c9,48e0d4788434833b47892fe9f3d91be7687f25c9,['CWE-77'],CVE-2023-28425
xen-project/xen,https://github.com/xen-project/xen/commit/33fb3a6612235a23b30df556bf92b52a3450c340,33fb3a6612235a23b30df556bf92b52a3450c340,['CWE-416'],CVE-2022-42332
torvalds/linux,https://github.com/torvalds/linux/commit/d3b16034a24a112bb83aeb669ac5b9b01f744bb7,d3b16034a24a112bb83aeb669ac5b9b01f744bb7,['CWE-120'],CVE-2023-28772
radareorg/radare2,https://github.com/radareorg/radare2/commit/508a6307045441defd1bef0999a1f7052097613f,508a6307045441defd1bef0999a1f7052097613f,['CWE-400'],CVE-2023-1605
ImageMagick,https://github.com/ImageMagick/ImageMagick/commit/c5b23cbf2119540725e6dc81f4deb25798ead6a4,c5b23cbf2119540725e6dc81f4deb25798ead6a4,['CWE-20'],CVE-2023-1289
torvalds/linux,https://github.com/torvalds/linux/commit/2c10b61421a28e95a46ab489fd56c0f442ff6952,2c10b61421a28e95a46ab489fd56c0f442ff6952,['CWE-665'],CVE-2023-1513
torvalds/linux,https://github.com/torvalds/linux/commit/7690aa1cdf7c4565ad6b013b324c28b685505e24,7690aa1cdf7c4565ad6b013b324c28b685505e24,['CWE-674'],CVE-2020-36691
rizinorg/rizin,https://github.com/rizinorg/rizin/commit/16826ed91f10b353f9732f70b743d0afdaa07010,16826ed91f10b353f9732f70b743d0afdaa07010,['CWE-125'],CVE-2021-3674
rizinorg/rizin,https://github.com/rizinorg/rizin/commit/1e0c34946dddf9b8e5e63933aefacf2b26d08103,1e0c34946dddf9b8e5e63933aefacf2b26d08103,['CWE-125'],CVE-2021-3674
upx,https://github.com/upx/upx/commit/c8386ee47db1bb2ad702eadcdb8b13f2b2dc57d8,c8386ee47db1bb2ad702eadcdb8b13f2b2dc57d8,['CWE-787'],CVE-2021-43311
upx,https://github.com/upx/upx/commit/828a6cf07b69bc7314e888d7b76f0eafe125a3f6,828a6cf07b69bc7314e888d7b76f0eafe125a3f6,['CWE-787'],CVE-2021-43312
upx,https://github.com/upx/upx/commit/962c35aa08ef3dcee13d3f7ef6e2d845da912f25,962c35aa08ef3dcee13d3f7ef6e2d845da912f25,['CWE-787'],CVE-2021-43316
tensorflow,https://github.com/tensorflow/tensorflow/commit/ee004b18b976eeb5a758020af8880236cd707d05,ee004b18b976eeb5a758020af8880236cd707d05,['CWE-125'],CVE-2023-25659
tensorflow,https://github.com/tensorflow/tensorflow/commit/6d423b8bcc9aa9f5554dc988c1c16d038b508df1,6d423b8bcc9aa9f5554dc988c1c16d038b508df1,['CWE-476'],CVE-2023-25660
tensorflow,https://github.com/tensorflow/tensorflow/commit/239139d2ae6a81ae9ba499ad78b56d9b2931538a,239139d2ae6a81ae9ba499ad78b56d9b2931538a,['CWE-476'],CVE-2023-25663
tensorflow,https://github.com/tensorflow/tensorflow/commit/5e0ecfb42f5f65629fd7a4edd6c4afe7ff0feb04,5e0ecfb42f5f65629fd7a4edd6c4afe7ff0feb04,['CWE-476'],CVE-2023-25665
tensorflow,https://github.com/tensorflow/tensorflow/commit/d0d4e779da0d0f56499c6fa5ba09f0a576cc6b14,d0d4e779da0d0f56499c6fa5ba09f0a576cc6b14,['CWE-697'],CVE-2023-25666
tensorflow,https://github.com/tensorflow/tensorflow/commit/8dc723fcdd1a6127d6c970bd2ecb18b019a1a58d,8dc723fcdd1a6127d6c970bd2ecb18b019a1a58d,['CWE-190'],CVE-2023-25667
tensorflow,https://github.com/tensorflow/tensorflow/commit/1295ae4dbb52fe06b19733b0257e2340d7b63b8d,1295ae4dbb52fe06b19733b0257e2340d7b63b8d,['CWE-697'],CVE-2023-25669
tensorflow,https://github.com/tensorflow/tensorflow/commit/760322a71ac9033e122ef1f4b1c62813021e5938,760322a71ac9033e122ef1f4b1c62813021e5938,['CWE-787'],CVE-2023-25671
tensorflow,https://github.com/tensorflow/tensorflow/commit/2eedc8f676d2c3b8be9492e547b2bc814c10b367,2eedc8f676d2c3b8be9492e547b2bc814c10b367,['CWE-787'],CVE-2023-25671
tensorflow,https://github.com/tensorflow/tensorflow/commit/8ae76cf085f4be26295d2ecf2081e759e04b8acf,8ae76cf085f4be26295d2ecf2081e759e04b8acf,['CWE-697'],CVE-2023-25675
tensorflow,https://github.com/tensorflow/tensorflow/commit/ee50d1e00f81f62a4517453f721c634bbb478307,ee50d1e00f81f62a4517453f721c634bbb478307,['CWE-415'],CVE-2023-25801
tensorflow,https://github.com/tensorflow/tensorflow/commit/34f8368c535253f5c9cb3a303297743b62442aaa,34f8368c535253f5c9cb3a303297743b62442aaa,['CWE-697'],CVE-2023-27579
gpac,https://github.com/gpac/gpac/commit/e7f96c2d3774e4ea25f952bcdf55af1dd6e919f4,e7f96c2d3774e4ea25f952bcdf55af1dd6e919f4,['CWE-122'],CVE-2023-1655
gpac,https://github.com/gpac/gpac/commit/2c055153d401b8c49422971e3a0159869652d3da,2c055153d401b8c49422971e3a0159869652d3da,['CWE-400'],CVE-2023-1654
cifsd-team/ksmbd,https://github.com/cifsd-team/ksmbd/commit/8824b7af409f51f1316e92e9887c2fd48c0b26d6,8824b7af409f51f1316e92e9887c2fd48c0b26d6,['CWE-787'],CVE-2023-0210
musescore/MuseScore,https://github.com/musescore/MuseScore/commit/570e4775c3a4dfd4028bc69435bf043776cda6dc,570e4775c3a4dfd4028bc69435bf043776cda6dc,['CWE-787'],CVE-2023-26923
Netatalk/netatalk,https://github.com/Netatalk/netatalk/commit/72216b33128365037466f357da572a28e0496ca4,72216b33128365037466f357da572a28e0496ca4,['CWE-122'],CVE-2022-43634
dlundquist/sniproxy,https://github.com/dlundquist/sniproxy/commit/f8d9a433fe22ab2fa15c00179048ab02ae23d583,f8d9a433fe22ab2fa15c00179048ab02ae23d583,['CWE-120'],CVE-2023-25076
ArtifexSoftware/ghostpdl,https://github.com/ArtifexSoftware/ghostpdl/commit/37ed5022cecd584de868933b5b60da2e995b3179,37ed5022cecd584de868933b5b60da2e995b3179,['CWE-787'],CVE-2023-28879
facebook/zstd,https://github.com/facebook/zstd/commit/e1873ad576cb478fff0e6e44ad99599cd5fd2846,e1873ad576cb478fff0e6e44ad99599cd5fd2846,['CWE-400'],CVE-2022-4899
facebook/zstd,https://github.com/facebook/zstd/commit/f9f27de91c89d826c6a39c3ef44fb1b02f9a43aa,f9f27de91c89d826c6a39c3ef44fb1b02f9a43aa,['CWE-400'],CVE-2022-4899
admesh,https://github.com/admesh/admesh/commit/5fab257268a0ee6f832c18d72af89810a29fbd5f,5fab257268a0ee6f832c18d72af89810a29fbd5f,['CWE-129'],CVE-2022-38072
torvalds/linux,https://github.com/torvalds/linux/commit/2f1a6be12ab6c8470d5776e68644726c94257c54,2f1a6be12ab6c8470d5776e68644726c94257c54,['CWE-416'],CVE-2023-1611
CESNET/libyang,https://github.com/CESNET/libyang/commit/dc668d296f9f05aeab6315d44cff3208641e3096,dc668d296f9f05aeab6315d44cff3208641e3096,['CWE-476'],CVE-2023-26916
nextcloud/desktop,https://github.com/nextcloud/desktop/commit/75fd1d21be5ae03834209bc1fcf9fb8221b97e7b,75fd1d21be5ae03834209bc1fcf9fb8221b97e7b,['CWE-323'],CVE-2023-28997
nginx/njs,https://github.com/nginx/njs/commit/b0f62312e39d4cf35515838174f11c2f500c3c1f,b0f62312e39d4cf35515838174f11c2f500c3c1f,['CWE-120'],CVE-2020-19692
espruino/Espruino,https://github.com/espruino/Espruino/commit/38b983ceed0b297f3e8fb5e20823404ebf5eba25,38b983ceed0b297f3e8fb5e20823404ebf5eba25,['CWE-787'],CVE-2020-19693
nginx/njs,https://github.com/nginx/njs/commit/e6263dd0086779138aa3ab5fbac9b6b012639b0c,e6263dd0086779138aa3ab5fbac9b6b012639b0c,['CWE-120'],CVE-2020-19695
pcmacdon/jsish,https://github.com/pcmacdon/jsish/commit/20ff8e2f6f66493b65f20c00c53d4f1e9f426631,20ff8e2f6f66493b65f20c00c53d4f1e9f426631,"['CWE-787', 'CWE-476']",CVE-2020-23258
eteran/edb-debugger,https://github.com/eteran/edb-debugger/commit/32f325f4016e0090f76934320173581860f090be,32f325f4016e0090f76934320173581860f090be,['CWE-Other'],CVE-2023-27734
openbsd/src,https://github.com/openbsd/src/commit/f748277ed1fc7065ae8998d61ed78b9ab1e55fae,f748277ed1fc7065ae8998d61ed78b9ab1e55fae,['CWE-Other'],CVE-2023-29323
torvalds/linux,https://github.com/torvalds/linux/commit/cb090e64cf25602b9adaf32d5dfc9c8bec493cd1,cb090e64cf25602b9adaf32d5dfc9c8bec493cd1,['CWE-416'],CVE-2023-1855
kspalaiologos/bzip3,https://github.com/kspalaiologos/bzip3/commit/56c24ca1f8f25e648d42154369b6962600f76465,56c24ca1f8f25e648d42154369b6962600f76465,['CWE-Other'],CVE-2023-29415
kspalaiologos/bzip3,https://github.com/kspalaiologos/bzip3/commit/bfa5bf82b53715dfedf048e5859a46cf248668ff,bfa5bf82b53715dfedf048e5859a46cf248668ff,['CWE-787'],CVE-2023-29416
kspalaiologos/bzip3,https://github.com/kspalaiologos/bzip3/commit/aae16d107f804f69000c09cd92027a140968cc9d,aae16d107f804f69000c09cd92027a140968cc9d,['CWE-125'],CVE-2023-29418
kspalaiologos/bzip3,https://github.com/kspalaiologos/bzip3/commit/8ec8ce7d3d58bf42dabc47e4cc53aa27051bd602,8ec8ce7d3d58bf42dabc47e4cc53aa27051bd602,['CWE-125'],CVE-2023-29419
kspalaiologos/bzip3,https://github.com/kspalaiologos/bzip3/commit/bb06deb85f1c249838eb938e0dab271d4194f8fa,bb06deb85f1c249838eb938e0dab271d4194f8fa,['CWE-119'],CVE-2023-29420
the-tcpdump-group/tcpdump,https://github.com/the-tcpdump-group/tcpdump/commit/03c037bbd75588beba3ee09f26d17783d21e30bc,03c037bbd75588beba3ee09f26d17783d21e30bc,['CWE-787'],CVE-2023-1801
nginx/njs,https://github.com/nginx/njs/commit/484411868bf9351ae7513008f6efd28caa72574f,484411868bf9351ae7513008f6efd28caa72574f,['CWE-125'],CVE-2023-27727
nginx/njs,https://github.com/nginx/njs/commit/1f54b79cabd1d112624ebba4d0a5f07cb3f70e95,1f54b79cabd1d112624ebba4d0a5f07cb3f70e95,['CWE-125'],CVE-2023-27728
nginx/njs,https://github.com/nginx/njs/commit/455f6d4f0447a60329c21928d67f61c79ac3b243,455f6d4f0447a60329c21928d67f61c79ac3b243,['CWE-Other'],CVE-2023-27729
nginx/njs,https://github.com/nginx/njs/commit/9cec874582b925e373adb0896b85a112702f6664,9cec874582b925e373adb0896b85a112702f6664,['CWE-125'],CVE-2023-27730
torvalds/linux,https://github.com/torvalds/linux/commit/112e66017bff7f2837030f34c2bc19501e9212d5,112e66017bff7f2837030f34c2bc19501e9212d5,['CWE-Other'],CVE-2023-30456
lua,https://github.com/lua/lua/commit/cf613cdc6fa367257fc61c256f63d917350858b5,cf613cdc6fa367257fc61c256f63d917350858b5,['CWE-787'],CVE-2021-45985
CESNET/libyang,https://github.com/CESNET/libyang/commit/cfa1a965a429e4bfc5ae1539a8e87a9cf71c3090,cfa1a965a429e4bfc5ae1539a8e87a9cf71c3090,['CWE-476'],CVE-2023-26917
libjxl,https://github.com/libjxl/libjxl/commit/d95b050c1822a5b1ede9e0dc937e43fca1b10159,d95b050c1822a5b1ede9e0dc937e43fca1b10159,['CWE-125'],CVE-2023-0645
fluent/fluent-bit,https://github.com/fluent/fluent-bit/commit/8040e0b04e48d2cf1a2853e8ac2c2561e18c4a11,8040e0b04e48d2cf1a2853e8ac2c2561e18c4a11,['CWE-843'],CVE-2021-46878
fluent/fluent-bit,https://github.com/fluent/fluent-bit/commit/75f0e0e5f7267682674029820524d22460f498b0,75f0e0e5f7267682674029820524d22460f498b0,['CWE-787'],CVE-2021-46879
openbsd/src,https://github.com/openbsd/src/commit/4f94258c65a918ee3d8670e93916d15bf879e6ec,4f94258c65a918ee3d8670e93916d15bf879e6ec,['CWE-295'],CVE-2022-48437
raysan5/raylib,https://github.com/raysan5/raylib/commit/b436c8d7e5346a241b00511a11585936895d959d,b436c8d7e5346a241b00511a11585936895d959d,['CWE-79'],CVE-2023-26123
torvalds/linux,https://github.com/torvalds/linux/commit/05b252cccb2e5c3f56119d25de684b4f810ba40a,05b252cccb2e5c3f56119d25de684b4f810ba4,['CWE-129'],CVE-2023-2008
shadow-maint/shadow,https://github.com/shadow-maint/shadow/commit/e5905c4b84d4fb90aefcd96ee618411ebfac663d,e5905c4b84d4fb90aefcd96ee618411ebfac663d,['CWE-74'],CVE-2023-29383
ffmpeg,https://github.com/FFmpeg/FFmpeg/commit/e6d3fd942f772f54ab6a5ca619cdaadef26b7702,e6d3fd942f772f54ab6a5ca619cdaadef26b7702,['CWE-125'],CVE-2018-13300
ffmpeg,https://github.com/FFmpeg/FFmpeg/commit/2aa9047486dbff12d9e040f917e5f799ed2fd78b,2aa9047486dbff12d9e040f917e5f799ed2fd78b,['CWE-476'],CVE-2018-13301
ffmpeg,https://github.com/FFmpeg/FFmpeg/commit/ed22dc22216f74c75ee7901f82649e1ff725ba50,ed22dc22216f74c75ee7901f82649e1ff725ba50,['CWE-129'],CVE-2018-13302
ffmpeg,https://github.com/FFmpeg/FFmpeg/commit/00e8181bd97c834fe60751b0c511d4bb97875f78,00e8181bd97c834fe60751b0c511d4bb97875f78,['CWE-476'],CVE-2018-13303
ffmpeg,https://github.com/FFmpeg/FFmpeg/commit/bd27a9364ca274ca97f1df6d984e88a0700fb235,bd27a9364ca274ca97f1df6d984e88a0700fb235,['CWE-617'],CVE-2018-13304
GNOME/libsoup,https://github.com/GNOME/libsoup/commit/db2b0d5809d5f8226d47312b40992cadbcde439f,db2b0d5809d5f8226d47312b40992cadbcde439f,['CWE-125'],CVE-2018-12910
ntop/ntopng,https://github.com/ntop/ntopng/commit/30610bda60cbfc058f90a1c0a17d0e8f4516221a,30610bda60cbfc058f90a1c0a17d0e8f4516221a,['CWE-335'],CVE-2018-12520
torvalds/linux,https://github.com/torvalds/linux/commit/9f645bcc566a1e9f921bdae7528a01ced5bc3713,9f645bcc566a1e9f921bdae7528a01ced5bc3713,['CWE-190'],CVE-2018-13406
torvalds/linux,https://github.com/torvalds/linux/commit/073c516ff73557a8f7315066856c04b50383ac34,073c516ff73557a8f7315066856c04b50383ac34,"['CWE-362', 'CWE-416']",CVE-2018-5873
glennrp/libpng,https://github.com/glennrp/libpng/commit/8a05766cb74af05c04c53e6c9d60c13fc4d59bf2,8a05766cb74af05c04c53e6c9d60c13fc4d59bf2,"['CWE-190', 'CWE-369']",CVE-2018-13785
EOSIO/eos,https://github.com/EOSIO/eos/commit/cf7209e703e6d3f7a5413e0cb1fe88a4d8e4b38d,cf7209e703e6d3f7a5413e0cb1fe88a4d8e4b38d,['CWE-674'],CVE-2018-1000618
EOSIO/eos,https://github.com/EOSIO/eos/commit/cc5722858cc24808f7bd4fa699718eec0240b3a2,cc5722858cc24808f7bd4fa699718eec0240b3a2,['CWE-674'],CVE-2018-1000618
samtools/htslib,https://github.com/samtools/htslib/commit/99acb64270f43a015672b4cd9e72c3b02c334c4d,99acb64270f43a015672b4cd9e72c3b02c334c4d,"['CWE-772', 'CWE-125', 'CWE-401']",CVE-2018-13843
axiomatic-systems/Bento4,https://github.com/axiomatic-systems/Bento4/commit/17a8c2e8d020197e20782e27605d07f429524a64,17a8c2e8d020197e20782e27605d07f429524a64,['CWE-125'],CVE-2018-13846
axiomatic-systems/Bento4,https://github.com/axiomatic-systems/Bento4/commit/6e605d68200e4c632c8e844521e5380ce1f47235,6e605d68200e4c632c8e844521e5380ce1f47235,['CWE-119'],CVE-2018-13847
axiomatic-systems/Bento4,https://github.com/axiomatic-systems/Bento4/commit/ab4d641e395b09c7bb86acfe243a8b986609d72c,ab4d641e395b09c7bb86acfe243a8b986609d72c,['CWE-119'],CVE-2018-13848
radareorg/radare2,https://github.com/radareorg/radare2/commit/d37d2b858ac47f2f108034be0bcecadaddfbc8b3,d37d2b858ac47f2f108034be0bcecadaddfbc8b3,['CWE-119'],CVE-2018-14015
radareorg/radare2,https://github.com/radareorg/radare2/commit/eb7deb281df54771fb8ecf5890dc325a7d22d3e2,eb7deb281df54771fb8ecf5890dc325a7d22d3e2,['CWE-125'],CVE-2018-14016
radareorg/radare2,https://github.com/radareorg/radare2/commit/e9ce0d64faf19fa4e9c260250fbdf25e3c11e152,e9ce0d64faf19fa4e9c260250fbdf25e3c11e152,['CWE-125'],CVE-2018-14017
Monetra/mstdlib,https://github.com/Monetra/mstdlib/commit/db124b8f607dd0a40a9aef2d4d468fad433522a7,db124b8f607dd0a40a9aef2d4d468fad433522a7,['CWE-732'],CVE-2018-14043
Exiv2/exiv2,https://github.com/Exiv2/exiv2/commit/81b6d36c90ed36a1c878171f0794f632f2ee5a78,81b6d36c90ed36a1c878171f0794f632f2ee5a78,['CWE-125'],CVE-2018-14046
saitoha/libsixel,https://github.com/saitoha/libsixel/commit/f94bc6fec696abd77be275226f28409602bd1f27,f94bc6fec696abd77be275226f28409602bd1f27,['CWE-772'],CVE-2018-14072
resiprocate,https://github.com/resiprocate/resiprocate/commit/2cb291191c93c7c4e371e22cb89805a5b31d6608,2cb291191c93c7c4e371e22cb89805a5b31d6608,['CWE-120'],CVE-2018-12584
mruby,https://github.com/mruby/mruby/commit/695f29cd604787f43be1af16e38d13610bf8312b,695f29cd604787f43be1af16e38d13610bf8312b,['CWE-190'],CVE-2018-14337
Exiv2/exiv2,https://github.com/Exiv2/exiv2/commit/624c829c77f3510198d22282fa2ce22545599e11,624c829c77f3510198d22282fa2ce22545599e11,['CWE-119'],CVE-2018-14338
wireshark,https://github.com/wireshark/wireshark/commit/3b77c0a596a8071aebc1de71e3f79e5e15e919ca,3b77c0a596a8071aebc1de71e3f79e5e15e919ca,"['CWE-835', 'CWE-20']",CVE-2018-14339
wireshark,https://github.com/wireshark/wireshark/commit/672d882a53f96730e4ef1e5b1639c585823b0df8,672d882a53f96730e4ef1e5b1639c585823b0df8,['CWE-125'],CVE-2018-14340
wireshark,https://github.com/wireshark/wireshark/commit/2e716c32be6aa20e1813b0002878853e71f8b2f4,2e716c32be6aa20e1813b0002878853e71f8b2f4,"['CWE-835', 'CWE-190']",CVE-2018-14341
wireshark,https://github.com/wireshark/wireshark/commit/36af43dbb7673495948cd65d0346e8b9812b941c,36af43dbb7673495948cd65d0346e8b9812b941c,['CWE-834'],CVE-2018-14342
wireshark,https://github.com/wireshark/wireshark/commit/4f7153685b39a164aea09ba7f96ebb648b8328ae,4f7153685b39a164aea09ba7f96ebb648b8328ae,['CWE-125'],CVE-2018-14344
wireshark,https://github.com/wireshark/wireshark/commit/81ce5fcb3e37a0aaeb7532f7a2a09366f16fa310,81ce5fcb3e37a0aaeb7532f7a2a09366f16fa310,['CWE-252'],CVE-2018-14367
wireshark,https://github.com/wireshark/wireshark/commit/6c44312f465014eb409d766a9828b7f101f6251c,6c44312f465014eb409d766a9828b7f101f6251c,['CWE-835'],CVE-2018-14368
wireshark,https://github.com/wireshark/wireshark/commit/038cd225bfa54e2a7ade4043118796334920a61e,038cd225bfa54e2a7ade4043118796334920a61e,['CWE-20'],CVE-2018-14369
wireshark,https://github.com/wireshark/wireshark/commit/b1446124eebc3ea5591d18e719c2a5cff3630638,b1446124eebc3ea5591d18e719c2a5cff3630638,['CWE-125'],CVE-2018-14370
ffmpeg,https://github.com/FFmpeg/FFmpeg/commit/3a2d21bc5f97aa0161db3ae731fc2732be6108b8,3a2d21bc5f97aa0161db3ae731fc2732be6108b8,['CWE-369'],CVE-2018-14394
ffmpeg,https://github.com/FFmpeg/FFmpeg/commit/2c0e98a0b478284bdff6d7a4062522605a8beae5,2c0e98a0b478284bdff6d7a4062522605a8beae5,['CWE-369'],CVE-2018-14395
GNOME/evolution-data-server,https://github.com/GNOME/evolution-data-server/commit/f26a6f672096790d0bbd76903db4c9a2e44f116b,f26a6f67,['CWE-200'],CVE-2016-10727
axiomatic-systems/Bento4,https://github.com/axiomatic-systems/Bento4/commit/6acb92d0beaebf5bb46ebc1ae94ddc64a5f0f6d5,6acb92d0beaebf5bb46ebc1ae94ddc64a5f0f6d5,['CWE-835'],CVE-2018-14445
LibreDWG/libredwg,https://github.com/LibreDWG/libredwg/commit/7bb6307da56c753b962de127a43ebde3e621ecbb,7bb6307da56c753b962de127a43ebde3e621ecbb,['CWE-476'],CVE-2018-14471
aubio,https://github.com/aubio/aubio/commit/a81b12a3b4174953b3bc7ef4c37103f4d5636740,a81b12a3b4174953b3bc7ef4c37103f4d5636740,['CWE-119'],CVE-2018-14521
aubio,https://github.com/aubio/aubio/commit/99c7aa2e3efec988a5f81018b48d9388ff24bba1,99c7aa2e3efec988a5f81018b48d9388ff24bba1,['CWE-119'],CVE-2018-14522
aubio,https://github.com/aubio/aubio/commit/af4f9e6a93b629fb6defa2a229ec828885b9d187,af4f9e6a93b629fb6defa2a229ec828885b9d187,['CWE-125'],CVE-2018-14523
LibreDWG/libredwg,https://github.com/LibreDWG/libredwg/commit/9a8b9fb49108bab5d12f3353292f8fd8ea12898f,9a8b9fb49108bab5d12f3353292f8fd8ea12898f,['CWE-415'],CVE-2018-14524
axiomatic-systems/Bento4,https://github.com/axiomatic-systems/Bento4/commit/96b522a1ff5e726d20ee09298de59a7e1fe64ed4,96b522a1ff5e726d20ee09298de59a7e1fe64ed4,['CWE-476'],CVE-2018-14543
axiomatic-systems/Bento4,https://github.com/axiomatic-systems/Bento4/commit/0de27979fb2f70cb7c9f302946c2b199964ee6aa,0de27979fb2f70cb7c9f302946c2b199964ee6aa,['CWE-125'],CVE-2018-14544
ffmpeg,https://github.com/FFmpeg/FFmpeg/commit/cced03dd667a5df6df8fd40d8de0bff477ee02e8,cced03dd667a5df6df8fd40d8de0bff477ee02e8,['CWE-125'],CVE-2018-1999010
ffmpeg,https://github.com/FFmpeg/FFmpeg/commit/2b46ebdbff1d8dec7a3d8ea280a612b91a582869,2b46ebdbff1d8dec7a3d8ea280a612b91a582869,['CWE-119'],CVE-2018-1999011
ffmpeg,https://github.com/FFmpeg/FFmpeg/commit/9807d3976be0e92e4ece3b4b1701be894cd7c2e1,9807d3976be0e92e4ece3b4b1701be894cd7c2e1,['CWE-835'],CVE-2018-1999012
ffmpeg,https://github.com/FFmpeg/FFmpeg/commit/a7e032a277452366771951e29fd0bf2bd5c029f0,a7e032a277452366771951e29fd0bf2bd5c029f0,['CWE-416'],CVE-2018-1999013
ffmpeg,https://github.com/FFmpeg/FFmpeg/commit/bab0716c7f4793ec42e05a5aa7e80d82a0dd4e75,bab0716c7f4793ec42e05a5aa7e80d82a0dd4e75,['CWE-125'],CVE-2018-1999014
ffmpeg,https://github.com/FFmpeg/FFmpeg/commit/5aba5b89d0b1d73164d3b81764828bb8b20ff32a,5aba5b89d0b1d73164d3b81764828bb8b20ff32a,['CWE-125'],CVE-2018-1999015
OISF/suricata,https://github.com/OISF/suricata/commit/843d0b7a10bb45627f94764a6c5d468a24143345,843d0b7a10bb45627f94764a6c5d468a24143345,['CWE-Other'],CVE-2018-14568
stachenov/quazip,https://github.com/stachenov/quazip/commit/5d2fc16a1976e5bf78d2927b012f67a2ae047a98,5d2fc16a1976e5bf78d2927b012f67a2ae047a98,['CWE-22'],CVE-2018-1002209
GNOME/NetworkManager-vpnc,https://github.com/GNOME/NetworkManager-vpnc/commit/07ac18a32b4e361a27ef48ac757d36cbb46e8e12,07ac18a32b4,['CWE-78'],CVE-2018-10900
GNOME/gdm,https://github.com/GNOME/gdm/commit/ff98b2817014684ae1acec78ff06f0f461a56a9f,ff98b28,['CWE-665'],CVE-2017-12164
torvalds/linux,https://github.com/torvalds/linux/commit/cef31d9af908243421258f1df35a4a644604efbe,cef31d9af908243421258f1df35a4a644604efbe,['CWE-125'],CVE-2017-18344
kyz/libmspack,https://github.com/kyz/libmspack/commit/72e70a921f0f07fee748aec2274b30784e1d312a,72e70a921f0f07fee748aec2274b30784e1d312a,"['CWE-193', 'CWE-20']",CVE-2018-14679
torvalds/linux,https://github.com/torvalds/linux/commit/cb2595c1393b4a5211534e6f0a0fbad369e21ad8,cb2595c1393b4a5211534e6f0a0fbad369e21ad8,['CWE-416'],CVE-2018-14734
szukw000/openjpeg,https://github.com/szukw000/openjpeg/commit/7b28bd2b723df6be09fe7791eba33147c1c47d0d,7b28bd2b723df6be09fe7791eba33147c1c47d0d,"['CWE-125', 'CWE-476']",CVE-2016-9573
lavv17/lftp,https://github.com/lavv17/lftp/commit/a27e07d90a4608ceaf928b1babb27d4d803e1992,a27e07d90a4608ceaf928b1babb27d4d803e1992,['CWE-20'],CVE-2018-10916
jasper-software/jasper,https://github.com/jasper-software/jasper/commit/4a59cfaf9ab3d48fca4a15c0d2674bf7138e3d1a,4a59cfaf9ab3d48fca4a15c0d2674bf7138e3d1a,['CWE-119'],CVE-2016-8654
php/php-src,https://github.com/php/php-src/commit/3462efa386f26d343062094514af604c29e3edce,3462efa386f26d343062094514af604c29e3edce,['CWE-125'],CVE-2018-14851
php/php-src,https://github.com/php/php-src/commit/1baeae42703f9b2ec21fff787146eeca08d45535,1baeae42703f9b2ec21fff787146eeca08d45535,"['CWE-190', 'CWE-125']",CVE-2018-14883
simsong/tcpflow,https://github.com/simsong/tcpflow/commit/a4e1cd14eb5ccc51ed271b65b3420f7d692c40eb,a4e1cd14eb5ccc51ed271b65b3420f7d692c40eb,"['CWE-190', 'CWE-125']",CVE-2018-14938
cisco/thor,https://github.com/cisco/thor/commit/18de8f9f0762c3a542b1122589edb8af859d9813,18de8f9f0762c3a542b1122589edb8af859d9813,['CWE-119'],CVE-2018-0429
rpm-software-management/rpm,https://github.com/rpm-software-management/rpm/commit/f2d3be2a8741234faaa96f5fd05fdfdc75779a79,f2d3be2a8741234faaa96f5fd05fdfdc75779a79,['CWE-59'],CVE-2017-7500
rpm-software-management/rpm,https://github.com/rpm-software-management/rpm/commit/c815822c8bdb138066ff58c624ae83e3a12ebfa9,c815822c8bdb138066ff58c624ae83e3a12ebfa9,['CWE-59'],CVE-2017-7500
GNOME/gdm,https://github.com/GNOME/gdm/commit/1ac1697b3b019f50729a6e992065959586e170da,1ac1697b3b019f50729a6e992065959586e170da,['CWE-416'],CVE-2018-14424
GNOME/libxml2,https://github.com/GNOME/libxml2/commit/2240fbf5912054af025fb6e01e26375100275e74,2240fbf5912054af025fb6e01e26375100275e74,['CWE-835'],CVE-2018-14567
xen-project/xen,https://github.com/xen-project/xen/commit/2a8a8e99feb950504559196521bc9fd63ed3a962,2a8a8e99feb950504559196521bc9fd63ed3a962,['CWE-863'],CVE-2018-15468
openbsd/src,https://github.com/openbsd/src/commit/779974d35b4859c07bc3cb8a12c74b43b0a7d1e0,779974d35b4859c07bc3cb8a12c74b43b0a7d1e0,['CWE-362'],CVE-2018-15473
Legrandin/pycryptodome,https://github.com/Legrandin/pycryptodome/commit/7c57e7d94cb84544f97472761b2d95d99291a564,7c57e7d94cb84544f97472761b2d95d99291a564,['CWE-190'],CVE-2018-15560
torvalds/linux,https://github.com/torvalds/linux/commit/fdf82a7856b32d905c39afc85e34364491e46346,fdf82a7856b32d905c39afc85e34364491e46346,['CWE-Other'],CVE-2018-15572
torvalds/linux,https://github.com/torvalds/linux/commit/5800dc5c19f34e6e03b5adab1282535cb102fafd,5800dc5c19f34e6e03b5adab1282535cb102fafd,['CWE-200'],CVE-2018-15594
jerryscript-project/jerryscript,https://github.com/jerryscript-project/jerryscript/commit/a4ee88ce3f30126a456d3f261014868385ab2fa9,a4ee88ce3f30126a456d3f261014868385ab2fa9,['CWE-476'],CVE-2018-1000636
DaveGamble/cJSON,https://github.com/DaveGamble/cJSON/commit/d514bb866ef9d7d8ab394fbce5168c3b45f7c504,d514bb866ef9d7d8ab394fbce5168c3b45f7c504,['CWE-415'],CVE-2018-1000216
intel/openlldp,https://github.com/intel/openlldp/commit/cf3f54d1883e5bc23e4c4006a63e1dde88684013,cf3f54d1883e5bc23e4c4006a63e1dde88684013,['CWE-117'],CVE-2018-10932
ffmpeg,https://github.com/FFmpeg/FFmpeg/commit/6b67d7f05918f7a1ee8fc6ff21355d7e8736aa10,6b67d7f05918f7a1ee8fc6ff21355d7e8736aa10,['CWE-617'],CVE-2018-15822
ffmpeg,https://github.com/FFmpeg/FFmpeg/commit/d8ecb335fe4852bbc172c7b79e66944d158b4d92,d8ecb335fe4852bbc172c7b79e66944d158b4d92,['CWE-617'],CVE-2018-15822
GNOME/pango,https://github.com/GNOME/pango/commit/71aaeaf020340412b8d012fe23a556c0420eda5f,71aaeaf020340412b8d012fe23a556c0420eda5f,['CWE-119'],CVE-2018-15120
libming,https://github.com/libming/libming/commit/3a000c7b6fe978dd9925266bb6847709e06dbaa3,3a000c7b6fe978dd9925266bb6847709e06dbaa3,"['CWE-119', 'CWE-125', 'CWE-476']",CVE-2018-15870
xkbcommon/libxkbcommon,https://github.com/xkbcommon/libxkbcommon/commit/1f9d1248c07cda8aaff762429c0dce146de8632a,1f9d1248c07cda8aaff762429c0dce146de8632a,['CWE-400'],CVE-2018-15853
xkbcommon/libxkbcommon,https://github.com/xkbcommon/libxkbcommon/commit/917636b1d0d70205a13f89062b95e3a0fc31d4ff,917636b1d0d70205a13f89062b95e3a0fc31d4ff,['CWE-476'],CVE-2018-15855
xkbcommon/libxkbcommon,https://github.com/xkbcommon/libxkbcommon/commit/842e4351c2c97de6051cab6ce36b4a81e709a0e1,842e4351c2c97de6051cab6ce36b4a81e709a0e1,['CWE-835'],CVE-2018-15856
xkbcommon/libxkbcommon,https://github.com/xkbcommon/libxkbcommon/commit/c1e5ac16e77a21f87bdf3bc4dea61b037a17dddb,c1e5ac16e77a21f87bdf3bc4dea61b037a17dddb,['CWE-416'],CVE-2018-15857
xkbcommon/libxkbcommon,https://github.com/xkbcommon/libxkbcommon/commit/badb428e63387140720f22486b3acbd3d738859f,badb428e63387140720f22486b3acbd3d738859f,['CWE-476'],CVE-2018-15858
xkbcommon/libxkbcommon,https://github.com/xkbcommon/libxkbcommon/commit/bb4909d2d8fa6b08155e449986a478101e2b2634,bb4909d2d8fa6b08155e449986a478101e2b2634,['CWE-476'],CVE-2018-15859
xkbcommon/libxkbcommon,https://github.com/xkbcommon/libxkbcommon/commit/38e1766bc6e20108948aec8a0b222a4bad0254e9,38e1766bc6e20108948aec8a0b222a4bad0254e9,['CWE-476'],CVE-2018-15861
xkbcommon/libxkbcommon,https://github.com/xkbcommon/libxkbcommon/commit/4e2ee9c3f6050d773f8bbe05bc0edb17f1ff8371,4e2ee9c3f6050d773f8bbe05bc0edb17f1ff8371,['CWE-476'],CVE-2018-15862
xkbcommon/libxkbcommon,https://github.com/xkbcommon/libxkbcommon/commit/96df3106d49438e442510c59acad306e94f3db4d,96df3106d49438e442510c59acad306e94f3db4d,['CWE-476'],CVE-2018-15863
ArtifexSoftware/ghostpdl,https://github.com/ArtifexSoftware/ghostpdl/commit/0d3901189f245232f0161addf215d7268c4d05a3,0d3901189f245232f0161addf215d7268c4d05a3,['CWE-Other'],CVE-2018-15908
ArtifexSoftware/ghostpdl,https://github.com/ArtifexSoftware/ghostpdl/commit/c3476dde7743761a4e1d39a631716199b696b880,c3476dde7743761a4e1d39a631716199b696b880,['CWE-704'],CVE-2018-15910
ArtifexSoftware/ghostpdl,https://github.com/ArtifexSoftware/ghostpdl/commit/8e9ce5016db968b40e4ec255a3005f2786cce45f,8e9ce5016db968b40e4ec255a3005f2786cce45f,['CWE-908'],CVE-2018-15911
apache/trafficserver,https://github.com/apache/trafficserver/commit/f9f017a9035a1befcc9e3afe689be54aa6c11576,f9f017a9035a1befcc9e3afe689be54aa6c11576,['CWE-20'],CVE-2018-1318
apache/trafficserver,https://github.com/apache/trafficserver/commit/015c9bc58d5ebf733060e6b23f54bfb143155f9d,015c9bc58d5ebf733060e6b23f54bfb143155f9d,['CWE-400'],CVE-2018-8005
apache/trafficserver,https://github.com/apache/trafficserver/commit/6d248026b04d69e5c5049709c17ea671328ea4ea,6d248026b04d69e5c5049709c17ea671328ea4ea,['CWE-400'],CVE-2018-8005
apache/trafficserver,https://github.com/apache/trafficserver/commit/79e057fa5cc42b4c7a6b689bf6cb638ac40d2ec5,79e057fa5cc42b4c7a6b689bf6cb638ac40d2ec5,['CWE-20'],CVE-2018-8022
wireshark,https://github.com/wireshark/wireshark/commit/bbf46eb46ae38392af8e6cd288795f0def50a621,bbf46eb46ae38392af8e6cd288795f0def50a621,['CWE-Other'],CVE-2018-16057
wireshark,https://github.com/wireshark/wireshark/commit/c48d6a6d60c5c9111838a945966b6cb8750777be,c48d6a6d60c5c9111838a945966b6cb8750777be,['CWE-665'],CVE-2018-16058
torvalds/linux,https://github.com/torvalds/linux/commit/f1e255d60ae66a9f672ff9a207ee6cd8e33d2679,f1e255d60ae66a9f672ff9a207ee6cd8e33d2679,['CWE-787'],CVE-2018-16276
Exiv2/exiv2,https://github.com/Exiv2/exiv2/commit/35b3e596edacd2437c2c5d3dd2b5c9502626163d,35b3e596edacd2437c2c5d3dd2b5c9502626163d,['CWE-125'],CVE-2018-16336
GNOME/glib,https://github.com/GNOME/glib/commit/fccef3cc822af74699cca84cd202719ae61ca3b9,fccef3cc822af74699cca84cd202719ae61ca3b9,['CWE-476'],CVE-2018-16428
GNOME/glib,https://github.com/GNOME/glib/commit/cec71705406f0b2790422f0c1aa0ff3b4b464b1b,cec71705406f0b2790422f0c1aa0ff3b4b464b1b,['CWE-125'],CVE-2018-16429
mm2/Little-CMS,https://github.com/mm2/Little-CMS/commit/768f70ca405cd3159d990e962d54456773bb8cf8,768f70ca405cd3159d990e962d54456773bb8cf8,"['CWE-787', 'CWE-190']",CVE-2018-16435
ArtifexSoftware/ghostpdl,https://github.com/ArtifexSoftware/ghostpdl/commit/5516c614dc33662a2afdc377159f70218e67bde5,5516c614dc33662a2afdc377159f70218e67bde5,['CWE-Other'],CVE-2018-16509
ArtifexSoftware/ghostpdl,https://github.com/ArtifexSoftware/ghostpdl/commit/78911a01b67d590b4a91afac2e8417360b934156,78911a01b67d590b4a91afac2e8417360b934156,['CWE-Other'],CVE-2018-16509
ArtifexSoftware/ghostpdl,https://github.com/ArtifexSoftware/ghostpdl/commit/ea735ba37dc0fd5f5622d031830b9a559dec1cc9,ea735ba37dc0fd5f5622d031830b9a559dec1cc9,['CWE-119'],CVE-2018-16510
ArtifexSoftware/ghostpdl,https://github.com/ArtifexSoftware/ghostpdl/commit/0edd3d6c634a577db261615a9dc2719bca7f6e01,0edd3d6c634a577db261615a9dc2719bca7f6e01,['CWE-704'],CVE-2018-16511
ArtifexSoftware/ghostpdl,https://github.com/ArtifexSoftware/ghostpdl/commit/b326a71659b7837d3acde954b18bda1a6f5e9498,b326a71659b7837d3acde954b18bda1a6f5e9498,['CWE-704'],CVE-2018-16513
ArtifexSoftware/ghostpdl,https://github.com/ArtifexSoftware/ghostpdl/commit/c432131c3fdb2143e148e8ba88555f7f7a63b25e,c432131c3fdb2143e148e8ba88555f7f7a63b25e,['CWE-416'],CVE-2018-16540
ArtifexSoftware/ghostpdl,https://github.com/ArtifexSoftware/ghostpdl/commit/241d91112771a6104de10b3948c3f350d6690c1d,241d91112771a6104de10b3948c3f350d6690c1d,['CWE-416'],CVE-2018-16541
ArtifexSoftware/ghostpdl,https://github.com/ArtifexSoftware/ghostpdl/commit/b575e1ec42cc86f6a58c603f2a88fcc2af699cc8,b575e1ec42cc86f6a58c603f2a88fcc2af699cc8,['CWE-787'],CVE-2018-16542
ArtifexSoftware/mupdf,https://github.com/ArtifexSoftware/mupdf/commit/38f883fe129a5e89306252a4676eaaf4bc968824,38f883fe129a5e89306252a4676eaaf4bc968824,['CWE-129'],CVE-2018-16648
torvalds/linux,https://github.com/torvalds/linux/commit/8f3fafc9c2f0ece10832c25f7ffcb07c97a32ad4,8f3fafc9c2f0ece10832c25f7ffcb07c97a32ad4,['CWE-200'],CVE-2018-16658
ImageMagick,https://github.com/ImageMagick/ImageMagick/commit/3fd58ce46f4a731043e5b7ccf81400d5f60f9a35,3fd58ce46f4a731043e5b7ccf81400d5f60f9a35,['CWE-476'],CVE-2018-16749
jsummers/imageworsener,https://github.com/jsummers/imageworsener/commit/9df77f9d9d296e5ec44570c217bb29f1e0b4fda4,9df77f9d9d296e5ec44570c217bb29f1e0b4fda4,['CWE-119'],CVE-2018-16782
mongodb/mongo-c-driver,https://github.com/mongodb/mongo-c-driver/commit/0d9a4d98bfdf4acd2c0138d4aaeb4e2e0934bd84,0d9a4d98bfdf4acd2c0138d4aaeb4e2e0934bd84,['CWE-125'],CVE-2018-16790
ClusterLabs/pacemaker,https://github.com/ClusterLabs/pacemaker/commit/5d71e65049d143435b03d6b3709d82900f32276f,5d71e65049,['CWE-285'],CVE-2016-7035
ArtifexSoftware/ghostpdl,https://github.com/ArtifexSoftware/ghostpdl/commit/3e5d316b72e3965b7968bb1d96baa137cd063ac6,3e5d316b72e3965b7968bb1d96baa137cd063ac6,['CWE-Other'],CVE-2018-16802
ArtifexSoftware/ghostpdl,https://github.com/ArtifexSoftware/ghostpdl/commit/643b24dbd002fb9c131313253c307cf3951b3d47,643b24dbd002fb9c131313253c307cf3951b3d47,['CWE-Other'],CVE-2018-16802
radareorg/radare2,https://github.com/radareorg/radare2/commit/ee1727f272d69d904cc84e4d368ece8c260f5ead,ee1727f272d69d904cc84e4d368ece8c260f5ead,['CWE-787'],CVE-2018-15834
radareorg/radare2,https://github.com/radareorg/radare2/commit/c415dacc46f54b6d4a499946d0a3ecf695ebe645,c415dacc46f54b6d4a499946d0a3ecf695ebe645,['CWE-787'],CVE-2018-15834
radareorg/radare2,https://github.com/radareorg/radare2/commit/ab66fb07e02e71df921f2da6d69f54c05e69d5c5,ab66fb07e02e71df921f2da6d69f54c05e69d5c5,['CWE-787'],CVE-2018-15834
nothings/stb,https://github.com/nothings/stb/commit/6570d6a825e2982a4f1c9ae7173a737eed4dd6f0,6570d6a825e2982a4f1c9ae7173a737eed4dd6f0,['CWE-787'],CVE-2018-16981
nothings/stb,https://github.com/nothings/stb/commit/50b1bfba583b12ceb23ef949567bdd914461e524,50b1bfba583b12ceb23ef949567bdd914461e524,['CWE-787'],CVE-2018-16981
wernsey/bitmap,https://github.com/wernsey/bitmap/commit/1c88bbd728da6bff8f4533bcfdb0dfef4ed8038b,1c88bbd728da6bff8f4533bcfdb0dfef4ed8038b,['CWE-476'],CVE-2018-17073
logological/gpp,https://github.com/logological/gpp/commit/329aa63a70d32d1e2ae529130a792e0c6ae4ce79,329aa63a70d32d1e2ae529130a792e0c6ae4ce79,['CWE-119'],CVE-2018-17076
php/php-src,https://github.com/php/php-src/commit/23b057742e3cf199612fa8050ae86cae675e214e,23b057742e3cf199612fa8050ae86cae675e214e,['CWE-79'],CVE-2018-17082
torvalds/linux,https://github.com/torvalds/linux/commit/7a9cdebdcc17e426fb5287e4a82db1dfe86339b2,7a9cdebdcc17e426fb5287e4a82db1dfe86339b2,['CWE-416'],CVE-2018-17182
ArtifexSoftware/ghostpdl,https://github.com/ArtifexSoftware/ghostpdl/commit/fb713b3818b52d8a6cf62c951eba2e1795ff9624,fb713b3818b52d8a6cf62c951eba2e1795ff9624,['CWE-Other'],CVE-2018-17183
openvswitch/ovs,https://github.com/openvswitch/ovs/commit/4af6da3b275b764b1afe194df6499b33d2bf4cde,4af6da3b275b764b1afe194df6499b33d2bf4cde,['CWE-617'],CVE-2018-17204
openvswitch/ovs,https://github.com/openvswitch/ovs/commit/9237a63c47bd314b807cda0bd2216264e82edbe8,9237a63c47bd314b807cda0bd2216264e82edbe8,['CWE-125'],CVE-2018-17206
Exiv2/exiv2,https://github.com/Exiv2/exiv2/commit/670fb73dd5ee8acab90971c4878de29f9fc43a02,670fb73dd5ee8acab90971c4878de29f9fc43a02,['CWE-476'],CVE-2018-17282
WAVM,https://github.com/WAVM/WAVM/commit/2de6cf70c5ef31e22ed119a25ac2daeefd3d18a1,2de6cf70c5ef31e22ed119a25ac2daeefd3d18a1,['CWE-125'],CVE-2018-17292
WAVM,https://github.com/WAVM/WAVM/commit/31d670b6489e6d708c3b04b911cdf14ac43d846d,31d670b6489e6d708c3b04b911cdf14ac43d846d,['CWE-476'],CVE-2018-17293
storaged-project/udisks,https://github.com/storaged-project/udisks/commit/60c02598de3c7ec4100cc88c6fc208b9cac91075,60c02598de3c7ec4100cc88c6fc208b9cac91075,['CWE-134'],CVE-2018-17336
kermitt2/pdfalto,https://github.com/kermitt2/pdfalto/commit/23d01be8dfe792e54d9a2f34f4118d2947eea80b,23d01be8dfe792e54d9a2f34f4118d2947eea80b,['CWE-787'],CVE-2018-17338
TeX-Live/texlive-source,https://github.com/TeX-Live/texlive-source/commit/6ed0077520e2b0da1fd060c7f88db7b2e6068e4c,6ed0077520e2b0da1fd060c7f88db7b2e6068e4c,['CWE-119'],CVE-2018-17407
xelerance/Openswan,https://github.com/xelerance/Openswan/commit/9eaa6c2a823c1d2b58913506a15f9474bf857a3d,9eaa6c2a823c1d2b58913506a15f9474bf857a3d,['CWE-347'],CVE-2018-15836
Exiv2/exiv2,https://github.com/Exiv2/exiv2/commit/b3d077dcaefb6747fff8204490f33eba5a144edb,b3d077dcaefb6747fff8204490f33eba5a144edb,['CWE-400'],CVE-2018-17581
appneta/tcpreplay,https://github.com/appneta/tcpreplay/commit/68f67b1a3a4d319543692afb5bd5b191ec984287,68f67b1a3a4d319543692afb5bd5b191ec984287,['CWE-125'],CVE-2018-17582
appneta/tcpreplay,https://github.com/appneta/tcpreplay/commit/9062a91125065314877e03fc1e6ebbea7fc01ee8,9062a91125065314877e03fc1e6ebbea7fc01ee8,['CWE-125'],CVE-2018-17582
appneta/tcpreplay,https://github.com/appneta/tcpreplay/commit/6d2fd968d8d520283b96986945a1b91c8a60131b,6d2fd968d8d520283b96986945a1b91c8a60131b,['CWE-125'],CVE-2018-17582
adplug,https://github.com/adplug/adplug/commit/19ebb61bf92262dc1868de10ba5a211db249ce76,19ebb61bf92262dc1868de10ba5a211db249ce76,['CWE-415'],CVE-2018-17825
coreutils/gnulib,https://github.com/coreutils/gnulib/commit/278b4175c9d7dd47c1a3071554aac02add3b3c35,278b4175c9d7dd47c1a3071554aac02add3b3c35,['CWE-787'],CVE-2018-17942
appneta/tcpreplay,https://github.com/appneta/tcpreplay/commit/af0398766558a868dca232238f5df9eb151de304,af0398766558a868dca232238f5df9eb151de304,['CWE-125'],CVE-2018-17974
ImageMagick,https://github.com/ImageMagick/ImageMagick/commit/b3d74575addd7cc8a7aaf6a4b273fe9a589cd16b,b3d74575addd7cc8a7aaf6a4b273fe9a589cd16b,['CWE-772'],CVE-2018-18016
torvalds/linux,https://github.com/torvalds/linux/commit/d26c25a9d19b5976b319af528886f89cf455692d,d26c25a9d19b5976b319af528886f89cf455692d,['CWE-20'],CVE-2018-18021
torvalds/linux,https://github.com/torvalds/linux/commit/2a3f93459d689d990b3ecfbe782fec89b97d3279,2a3f93459d689d990b3ecfbe782fec89b97d3279,['CWE-20'],CVE-2018-18021
uclouvain/openjpeg,https://github.com/uclouvain/openjpeg/commit/cab352e249ed3372dd9355c85e837613fff98fa2,cab352e249ed3372dd9355c85e837613fff98fa2,"['CWE-787', 'CWE-476']",CVE-2018-18088
uclouvain/openjpeg,https://github.com/uclouvain/openjpeg/commit/0bc90e4062a5f9258c91eca018c019b179066c62,0bc90e4062a5f9258c91eca018c019b179066c62,"['CWE-787', 'CWE-476']",CVE-2018-18088
wireshark,https://github.com/wireshark/wireshark/commit/b2bbd9fdf209911d94b23cc33f4daccbceb7fa8a,b2bbd9fdf209911d94b23cc33f4daccbceb7fa8a,['CWE-682'],CVE-2018-18225
wireshark,https://github.com/wireshark/wireshark/commit/6e920ddc3cad2886ef07ca1a8e50e2a5c50986f7,6e920ddc3cad2886ef07ca1a8e50e2a5c50986f7,['CWE-772'],CVE-2018-18226
ArtifexSoftware/ghostpdl,https://github.com/ArtifexSoftware/ghostpdl/commit/a6807394bd94b708be24758287b606154daaaed9,a6807394bd94,['CWE-209'],CVE-2018-17961
ArtifexSoftware/ghostpdl,https://github.com/ArtifexSoftware/ghostpdl/commit/34cc326eb2c5695833361887fe0b32e8d987741c,34cc326eb2c5695833361887fe0b32e8d987741c,['CWE-200'],CVE-2018-18073
appneta/tcpreplay,https://github.com/appneta/tcpreplay/commit/59dc76a1d641b1a6b22fd7cd409bee6e0a015616,59dc76a1d641b1a6b22fd7cd409bee6e0a015616,['CWE-416'],CVE-2018-18408
simsong/tcpflow,https://github.com/simsong/tcpflow/commit/89c04b4fb0e46b3c4f1388686e83966e531cbea9,89c04b4fb0e46b3c4f1388686e83966e531cbea9,['CWE-125'],CVE-2018-18409
AcademySoftwareFoundation/openexr,https://github.com/AcademySoftwareFoundation/openexr/commit/adbc1900cb9d25fcc4df008d4008b781cf2fa4f8,adbc1900cb9d25fcc4df008d4008b781cf2fa4f8,['CWE-772'],CVE-2018-18443
torvalds/linux,https://github.com/torvalds/linux/commit/b799207e1e1816b09e7a5920fbb2d5fcf6edd681,b799207e1e1816b09e7a5920fbb2d5fcf6edd681,['CWE-125'],CVE-2018-18445
torvalds/linux,https://github.com/torvalds/linux/commit/966031f340185eddd05affcf72b740549f056348,966031f340185eddd05affcf72b740549f056348,['CWE-704'],CVE-2018-18386
pganalyze/libpg_query,https://github.com/pganalyze/libpg_query/commit/bc8a2f43a8fa30948da34a7543713c16630b49fb,bc8a2f43a8fa30948da34a7543713c16630b49fb,['CWE-772'],CVE-2018-18482
kyz/libmspack,https://github.com/kyz/libmspack/commit/8759da8db6ec9e866cb8eb143313f397f925bb4f,8759da8db6ec9e866cb8eb143313f397f925bb4f,['CWE-476'],CVE-2018-18585
torvalds/linux,https://github.com/torvalds/linux/commit/7b38460dc8e4eafba06c78f8e37099d3b34d473c,7b38460dc8e4eafba06c78f8e37099d3b34d473c,['CWE-754'],CVE-2018-18690
torvalds/linux,https://github.com/torvalds/linux/commit/e4f3aa2e1e67bb48dfbaaf1cad59013d5a5bc276,e4f3aa2e1e67bb48dfbaaf1cad59013d5a5bc276,['CWE-200'],CVE-2018-18710
GNOME/gthumb,https://github.com/GNOME/gthumb/commit/06c39346fda502bd37429006d4822dd977995661,06c39346fda502bd37429006d4822dd977995661,['CWE-415'],CVE-2018-18718
jasper-software/jasper,https://github.com/jasper-software/jasper/commit/12db8078ba17a8ffc5cc2429fb506988f0f11b44,12db8078ba17a8ffc5cc2429fb506988f0f11b44,['CWE-476'],CVE-2018-18873
xen-project/xen,https://github.com/xen-project/xen/commit/35cd5ba367515ffbd274ca529c5e946447f4ba48,35cd5ba367515ffbd274ca529c5e946447f4ba48,['CWE-476'],CVE-2018-18883
unicode-org/icu,https://github.com/unicode-org/icu/commit/53d8c8f3d181d87a6aa925b449b51c4a2c922a51,53d8c8f3d181d87a6aa925b449b51c4a2c922a51,['CWE-190'],CVE-2018-18928
mz-automation/libiec61850,https://github.com/mz-automation/libiec61850/commit/074f7a8cd19b7661a59047e9257691df5470551c,074f7a8cd19b7661a59047e9257691df5470551c,['CWE-787'],CVE-2018-18957
igrr/axtls-8266,https://github.com/igrr/axtls-8266/commit/5efe2947ab45e81d84b5f707c51d1c64be52f36c,5efe2947ab45e81d84b5f707c51d1c64be52f36c,['CWE-347'],CVE-2018-16149
Exiv2/exiv2,https://github.com/Exiv2/exiv2/commit/b642b97fb9b08f188cfc7d461d60cd6bc971cbbf,b642b97fb9b08f188cfc7d461d60cd6bc971cbbf,"['CWE-125', 'CWE-190', 'CWE-835']",CVE-2018-19107
Exiv2/exiv2,https://github.com/Exiv2/exiv2/commit/e4b3bdd712566ffefeec9809043bdfb843e42f53,e4b3bdd712566ffefeec9809043bdfb843e42f53,"['CWE-125', 'CWE-190', 'CWE-835']",CVE-2018-19107
acassen/keepalived,https://github.com/acassen/keepalived/commit/04f2d32871bb3b11d7dc024039952f2fe2750306,04f2d32871bb3b11d7dc024039952f2fe2750306,"['CWE-200', 'CWE-59']",CVE-2018-19044
acassen/keepalived,https://github.com/acassen/keepalived/commit/c6247a9ef2c7b33244ab1d3aa5d629ec49f0a067,c6247a9ef2c7b33244ab1d3aa5d629ec49f0a067,['CWE-200'],CVE-2018-19045
acassen/keepalived,https://github.com/acassen/keepalived/commit/5241e4d7b177d0b6f073cfc9ed5444bf51ec89d6,5241e4d7b177d0b6f073cfc9ed5444bf51ec89d6,['CWE-200'],CVE-2018-19045
acassen/keepalived,https://github.com/acassen/keepalived/commit/f28015671a4b04785859d1b4b1327b367b6a10e9,f28015671a4b04785859d1b4b1327b367b6a10e9,['CWE-787'],CVE-2018-19115
squid-cache/squid,https://github.com/squid-cache/squid/commit/d241f11e4aaa2ab719358cb808935c98612e71b5,d241f11e4aaa2ab719358cb808935c98612e71b5,['CWE-79'],CVE-2018-19131
squid-cache/squid,https://github.com/squid-cache/squid/commit/4a49b6dd822597691b4d25c2bd21d0d418413246,4a49b6dd822597691b4d25c2bd21d0d418413246,['CWE-772'],CVE-2018-19132
varnishcache/varnish-cache,https://github.com/varnishcache/varnish-cache/commit/82b0a629f60136e76112c6f2c6372cce77b683be,82b0a629f60136e76112c6f2c6372cce77b683be,['CWE-444'],CVE-2021-36740
radareorg/radare2-extras,https://github.com/radareorg/radare2-extras/commit/4a8b24475549ff10bdf6d07fd4b5f6c1cc6246ea,4a8b24475549ff10bdf6d07fd4b5f6c1cc6246ea,['CWE-787'],CVE-2020-24133
radareorg/radare2-extras,https://github.com/radareorg/radare2-extras/commit/9f6a221433964d9b14f3ed78bc9fb059395b893b,9f6a221433964d9b14f3ed78bc9fb059395b893b,['CWE-787'],CVE-2020-24133
jasper-software/jasper,https://github.com/jasper-software/jasper/commit/fd564ee3377d9fc2484c657e4f464a3fb9764d31,fd564ee3377d9fc2484c657e4f464a3fb9764d31,['CWE-369'],CVE-2021-27845
libvips,https://github.com/libvips/libvips/commit/2fb81b8ed6a4a6b2385f3efbb0412f24f80163c4,2fb81b8ed6a4a6b2385f3efbb0412f24f80163c4,['CWE-369'],CVE-2021-27847
libvips,https://github.com/libvips/libvips/commit/65a259a0258b2036b168cdeff6e9db434471225a,65a259a0258b2036b168cdeff6e9db434471225a,['CWE-369'],CVE-2021-27847
brackeen/ok-file-formats,https://github.com/brackeen/ok-file-formats/commit/56fe72255a63654d98e01edcfc649b96761b2bde,56fe72255a63654d98e01edcfc649b96761b2bde,['CWE-787'],CVE-2020-23706
brackeen/ok-file-formats,https://github.com/brackeen/ok-file-formats/commit/ce43dd0a862485928dc30f282e69094b21d925fc,ce43dd0a862485928dc30f282e69094b21d925fc,['CWE-787'],CVE-2020-23707
Mbed-TLS/mbedtls,https://github.com/Mbed-TLS/mbedtls/commit/a4e86141f1451e8097f85a823a4426e1c1cfdf7c,a4e86141f1451e8097f85a823a4426e1c1cfdf7c,['CWE-295'],CVE-2020-36425
OSGeo/gdal,https://github.com/OSGeo/gdal/commit/27b9bf644bcf1208f7d6594bdd104cc8a8bb0646,27b9bf644bcf1208f7d6594bdd104cc8a8bb0646,['CWE-787'],CVE-2019-25050
GNUAspell/aspell,https://github.com/GNUAspell/aspell/commit/0718b375425aad8e54e1150313b862e4c6fd324a,0718b375425aad8e54e1150313b862e4c6fd324a,['CWE-787'],CVE-2019-25051
unicorn-engine/unicorn,https://github.com/unicorn-engine/unicorn/commit/bf1713d9e011b55ca1f502a6779fc4722b4bb077,bf1713d9e011b55ca1f502a6779fc4722b4bb077,['CWE-787'],CVE-2021-36979
torvalds/linux,https://github.com/torvalds/linux/commit/8cae8cd89f05f6de223d63e6d15e31c8ba9cf53b,8cae8cd89f05f6de223d63e6d15e31c8ba9cf53b,"['CWE-787', 'CWE-190']",CVE-2021-33909
systemd,https://github.com/systemd/systemd/commit/441e0115646d54f080e5c3bb0ba477c892861ab9,441e0115646d54f080e5c3bb0ba477c892861ab9,['CWE-770'],CVE-2021-33910
ArtifexSoftware/mupdf,https://github.com/ArtifexSoftware/mupdf/commit/b7892cdc7fae62aa57d63ae62144e1f11b5f9275,b7892cdc7fae62aa57d63ae62144e1f11b5f9275,['CWE-787'],CVE-2020-19609
wolfSSL/wolfssl,https://github.com/wolfSSL/wolfssl/commit/73076940af8904f98eee085994c176fe1876b95a,73076940af8904f98eee085994c176fe1876b95a,['CWE-Other'],CVE-2021-37155
syoyo/tinyexr,https://github.com/syoyo/tinyexr/commit/a685e3332f61cd4e59324bf3f669d36973d64270,a685e3332f61cd4e59324bf3f669d36973d64270,['CWE-190'],CVE-2020-19490
tbeu/matio,https://github.com/tbeu/matio/commit/5fa49ef9fc4368fe3d19b5fdaa36d8fa5e7f4606,5fa49ef9fc4368fe3d19b5fdaa36d8fa5e7f4606,['CWE-190'],CVE-2020-19497
strukturag/libheif,https://github.com/strukturag/libheif/commit/2710c930918609caaf0a664e9c7bc3dce05d5b58,2710c930918609caaf0a664e9c7bc3dce05d5b58,['CWE-Other'],CVE-2020-19498
strukturag/libheif,https://github.com/strukturag/libheif/commit/f7399b62d7fbc596f1b2871578c1d2053bedf1dd,f7399b62d7fbc596f1b2871578c1d2053bedf1dd,['CWE-125'],CVE-2020-19499
ArtifexSoftware/mupdf,https://github.com/ArtifexSoftware/mupdf/commit/f5712c9949d026e4b891b25837edd2edc166151f,f5712c9949d026e4b891b25837edd2edc166151f,['CWE-787'],CVE-2021-37220
facebook/folly,https://github.com/facebook/folly/commit/4f304af1411e68851bdd00ef6140e9de4616f7d3,4f304af1411e68851bdd00ef6140e9de4616f7d3,['CWE-190'],CVE-2021-24036
pjsip/pjproject,https://github.com/pjsip/pjproject/commit/d5f95aa066f878b0aef6a64e60b61e8626e664cd,d5f95aa066f878b0aef6a64e60b61e8626e664cd,['CWE-362'],CVE-2021-32686
OpenIDC/mod_auth_openidc,https://github.com/OpenIDC/mod_auth_openidc/commit/00c315cb0c8ab77c67be4a2ac08a71a83ac58751,00c315cb0c8ab77c67be4a2ac08a71a83ac58751,['CWE-79'],CVE-2021-32792
OpenIDC/mod_auth_openidc,https://github.com/OpenIDC/mod_auth_openidc/commit/55ea0a085290cd2c8cdfdd960a230cbc38ba8b56,55ea0a085290cd2c8cdfdd960a230cbc38ba8b56,['CWE-79'],CVE-2021-32792
wez/atomicparsley,https://github.com/wez/atomicparsley/commit/8d1c7dac0ece36c835ed0c3d8730e0db8b17e3ec,8d1c7dac0ece36c835ed0c3d8730e0db8b17e3ec,['CWE-787'],CVE-2021-37231
wez/atomicparsley,https://github.com/wez/atomicparsley/commit/abbce70ecf54a8bbc6e84d3ad8ca5d98f9476e1d,abbce70ecf54a8bbc6e84d3ad8ca5d98f9476e1d,['CWE-787'],CVE-2021-37231
wez/atomicparsley,https://github.com/wez/atomicparsley/commit/020176f688d9efec68f1ce1b100e052bff1cfc2e,020176f688d9efec68f1ce1b100e052bff1cfc2e,['CWE-787'],CVE-2021-37231
wez/atomicparsley,https://github.com/wez/atomicparsley/commit/d72ccf06c98259d7261e0f3ac4fd8717778782c1,d72ccf06c98259d7261e0f3ac4fd8717778782c1,['CWE-787'],CVE-2021-37232
gpac,https://github.com/gpac/gpac/commit/e90526f3d2ec0dee4cddc5244eb115668f10341f,e90526f3d2ec0dee4cddc5244eb115668f10341f,['CWE-476'],CVE-2020-22352
ffmpeg,https://github.com/FFmpeg/FFmpeg/commit/7150f9575671f898382c370acae35f9087a30ba1,7150f9575671f898382c370acae35f9087a30ba1,['CWE-252'],CVE-2021-38114
gpac,https://github.com/gpac/gpac/commit/13442ec1c401a4181ba6d7f79c27df6054c817c7,13442ec1c401a4181ba6d7f79c27df6054c817c7,['CWE-787'],CVE-2021-36584
torvalds/linux,https://github.com/torvalds/linux/commit/d00d8da5869a2608e97cfede094dfc5e11462a46,d00d8da5869a2608e97cfede094dfc5e11462a46,['CWE-120'],CVE-2021-38160
FillZpp/sys-info-rs,https://github.com/FillZpp/sys-info-rs/commit/4fda8b6a5ffbea03d05fcfc0a89594e6ca495fc7,4fda8b6a5ffbea03d05fcfc0a89594e6ca495fc7,['CWE-415'],CVE-2020-36434
torvalds/linux,https://github.com/torvalds/linux/commit/dd99e9f98fbf423ff6d365b37a98e8879170f17c,dd99e9f98fbf423ff6d365b37a98e8879170f17c,['CWE-Other'],CVE-2021-38199
torvalds/linux,https://github.com/torvalds/linux/commit/60b7ed54a41b550d50caf7f2418db4a7e75b5bdc,60b7ed54a41b550d50caf7f2418db4a7e75b5bdc,['CWE-476'],CVE-2021-38200
torvalds/linux,https://github.com/torvalds/linux/commit/6d1c0f3d28f98ea2736128ed3e46821496dc3a8c,6d1c0f3d28f98ea2736128ed3e46821496dc3a8c,['CWE-119'],CVE-2021-38201
torvalds/linux,https://github.com/torvalds/linux/commit/1cb3db1cf383a3c7dbda1aa0ce748b0958759947,1cb3db1cf383a3c7dbda1aa0ce748b0958759947,['CWE-667'],CVE-2021-38203
torvalds/linux,https://github.com/torvalds/linux/commit/b5fdf5c6e6bee35837e160c00ac89327bdad031b,b5fdf5c6e6bee35837e160c00ac89327bdad031b,['CWE-416'],CVE-2021-38204
torvalds/linux,https://github.com/torvalds/linux/commit/d0d62baa7f505bd4c59cd169692ff07ec49dde37,d0d62baa7f505bd4c59cd169692ff07ec49dde37,['CWE-824'],CVE-2021-38205
torvalds/linux,https://github.com/torvalds/linux/commit/bddc0c411a45d3718ac535a070f349be8eca8d48,bddc0c411a45d3718ac535a070f349be8eca8d48,['CWE-476'],CVE-2021-38206
torvalds/linux,https://github.com/torvalds/linux/commit/c364df2489b8ef2f5e3159b1dff1ff1fdb16040d,c364df2489b8ef2f5e3159b1dff1ff1fdb16040d,['CWE-120'],CVE-2021-38207
torvalds/linux,https://github.com/torvalds/linux/commit/4ac06a1e013cf5fdd963317ffd3b968560f33bba,4ac06a1e013cf5fdd963317ffd3b968560f33bba,['CWE-476'],CVE-2021-38208
torvalds/linux,https://github.com/torvalds/linux/commit/2671fa4dc0109d3fb581bc3078fdf17b5d9080f6,2671fa4dc0109d3fb581bc3078fdf17b5d9080f6,['CWE-203'],CVE-2021-38209
Exiv2/exiv2,https://github.com/Exiv2/exiv2/commit/c79d83f25fdd09218697d482211a61db87ce5333,c79d83f25fdd09218697d482211a61db87ce5333,['CWE-617'],CVE-2021-32815
Exiv2/exiv2,https://github.com/Exiv2/exiv2/commit/0c17eb33c0a7fad1796ce23b8bbc32067f511aed,0c17eb33c0a7fad1796ce23b8bbc32067f511aed,['CWE-617'],CVE-2021-32815
Exiv2/exiv2,https://github.com/Exiv2/exiv2/commit/04466168b87dedff4ec09c09e9c23f2334ba1734,04466168b87dedff4ec09c09e9c23f2334ba1734,['CWE-617'],CVE-2021-32815
Exiv2/exiv2,https://github.com/Exiv2/exiv2/commit/3ac426b2c04004422c290425259082281e090116,3ac426b2c04004422c290425259082281e090116,['CWE-476'],CVE-2021-37616
Exiv2/exiv2,https://github.com/Exiv2/exiv2/commit/dbf472751fc8b87ea7d1de02f54eaf64233a2fb6,dbf472751fc8b87ea7d1de02f54eaf64233a2fb6,['CWE-125'],CVE-2021-37618
Exiv2/exiv2,https://github.com/Exiv2/exiv2/commit/9be257340193dbe3fb810aa33531c40ae9df6414,9be257340193dbe3fb810aa33531c40ae9df6414,['CWE-125'],CVE-2021-37619
Exiv2/exiv2,https://github.com/Exiv2/exiv2/commit/2e7bb581a234bfb0d0c9e16a1dbf037a8c30681e,2e7bb581a234bfb0d0c9e16a1dbf037a8c30681e,['CWE-125'],CVE-2021-37620
Exiv2/exiv2,https://github.com/Exiv2/exiv2/commit/76e313745e813f80e8910aceb2210af3ad8cf897,76e313745e813f80e8910aceb2210af3ad8cf897,['CWE-125'],CVE-2021-37620
Exiv2/exiv2,https://github.com/Exiv2/exiv2/commit/191cd2690608f19335d82ed2be36c7ce8bdc60b9,191cd2690608f19335d82ed2be36c7ce8bdc60b9,['CWE-835'],CVE-2021-37621
Exiv2/exiv2,https://github.com/Exiv2/exiv2/commit/d9fd4c4272df172ae89c0a9c41341adc75ebba86,d9fd4c4272df172ae89c0a9c41341adc75ebba86,['CWE-835'],CVE-2021-37621
Exiv2/exiv2,https://github.com/Exiv2/exiv2/commit/19026fab2bc2b6dee2150f38153feb65a41cea17,19026fab2bc2b6dee2150f38153feb65a41cea17,['CWE-835'],CVE-2021-37622
Exiv2/exiv2,https://github.com/Exiv2/exiv2/commit/ffe5eb517dad93845e62144d8e53f52b17420ecd,ffe5eb517dad93845e62144d8e53f52b17420ecd,['CWE-835'],CVE-2021-37622
Exiv2/exiv2,https://github.com/Exiv2/exiv2/commit/2d8d44e47b1500030e5b249bffbaf1e80aa74815,2d8d44e47b1500030e5b249bffbaf1e80aa74815,['CWE-369'],CVE-2021-34335
kuba--/zip,https://github.com/kuba--/zip/commit/0d24296d51ac9c03c5b1ed96d79230f5eab59003,0d24296d51ac9c03c5b1ed96d79230f5eab59003,['CWE-22'],CVE-2020-23172
owntone/owntone-server,https://github.com/owntone/owntone-server/commit/246d8ae0cef27377e5dfe9ee3ad87e864d6b6266,246d8ae0cef27377e5dfe9ee3ad87e864d6b6266,['CWE-416'],CVE-2021-38383
OP-TEE/optee_os,https://github.com/OP-TEE/optee_os/commit/34a08bec755670ea0490cb53bbc68058cafc69b6,34a08bec755670ea0490cb53bbc68058cafc69b6,['CWE-327'],CVE-2019-25052
qt/qtbase,https://github.com/qt/qtbase/commit/1ca02cf2879a5e1511a2f2109f0925cf4c892862,1ca02cf2879a5e1511a2f2109f0925cf4c892862,['CWE-787'],CVE-2021-38593
wolfSSL/wolfssl,https://github.com/wolfSSL/wolfssl/commit/f93083be72a3b3d956b52a7ec13f307a27b6e093,f93083be72a3b3d956b52a7ec13f307a27b6e093,['CWE-345'],CVE-2021-38597
axiomatic-systems/Bento4,https://github.com/axiomatic-systems/Bento4/commit/c9f2c53169ffe90980724a46f64e9f5c2c3d9fc5,c9f2c53169ffe90980724a46f64e9f5c2c3d9fc5,['CWE-476'],CVE-2020-23330
axiomatic-systems/Bento4,https://github.com/axiomatic-systems/Bento4/commit/b4a6fd5fce18addcde7daf42b63fa10e8bb02cf0,b4a6fd5fce18addcde7daf42b63fa10e8bb02cf0,['CWE-787'],CVE-2020-23333
axiomatic-systems/Bento4,https://github.com/axiomatic-systems/Bento4/commit/13a6e92333cd776374f6540edefc6991af9174a0,13a6e92333cd776374f6540edefc6991af9174a0,['CWE-787'],CVE-2020-23334
nextcloud/desktop,https://github.com/nextcloud/desktop/commit/7fb09a81632de6066e55def20308d6e61cadbc48,7fb09a81632de6066e55def20308d6e61cadbc48,['CWE-295'],CVE-2021-32728
ffmpeg,https://github.com/FFmpeg/FFmpeg/commit/9ffa49496d1aae4cbbb387aac28a9e061a6ab0a6,9ffa49496d1aae4cbbb387aac28a9e061a6ab0a6,['CWE-252'],CVE-2021-38171
GNOME/libgfbgraph,https://github.com/GNOME/libgfbgraph/commit/0ddb634dde56dbd7c589ce1fb7c8871fd183e1e9,0ddb634dde56dbd7c589ce1fb7c8871fd183e1e9,['CWE-295'],CVE-2021-39358
GNOME/libgda,https://github.com/GNOME/libgda/commit/bebdffb4de586fb43fd07ac549121f4b22f6812d,bebdffb4de586fb43fd07ac549121f4b22f6812d,['CWE-295'],CVE-2021-39359
GNOME/grilo,https://github.com/GNOME/grilo/commit/cd2472e506dafb1bb8ae510e34ad4797f63e263e,cd2472e506dafb1bb8ae510e34ad4797f63e263e,['CWE-295'],CVE-2021-39365
Mbed-TLS/mbedtls,https://github.com/Mbed-TLS/mbedtls/commit/f3e4bd8632b71dc491e52e6df87dc3e409d2b869,f3e4bd8632b71dc491e52e6df87dc3e409d2b869,['CWE-295'],CVE-2020-36477
brackeen/ok-file-formats,https://github.com/brackeen/ok-file-formats/commit/4713de399170a22ccad1833383561a18df1eda85,4713de399170a22ccad1833383561a18df1eda85,['CWE-787'],CVE-2021-32263
sonicdoe/detect-character-encoding,https://github.com/sonicdoe/detect-character-encoding/commit/992a11007fff6cfd40b952150ab8d30410c4a20a,992a11007fff6cfd40b952150ab8d30410c4a20a,['CWE-755'],CVE-2021-39157
appneta/tcpreplay,https://github.com/appneta/tcpreplay/commit/e1cec7746cd52ab4910289e3b0f72e7c888022d2,e1cec7746cd52ab4910289e3b0f72e7c888022d2,['CWE-120'],CVE-2020-18976
plougher/squashfs-tools,https://github.com/plougher/squashfs-tools/commit/79b5a555058eef4e1e7ff220c344d39f8cd09646,79b5a555058eef4e1e7ff220c344d39f8cd09646,['CWE-22'],CVE-2021-40153
miniupnp/ngiflib,https://github.com/miniupnp/ngiflib/commit/19913ae4b4ff58ebcb84e9dc9fbef81da5c8d850,19913ae4b4ff58ebcb84e9dc9fbef81da5c8d850,['CWE-787'],CVE-2021-36531
sonicdoe/detect-character-encoding,https://github.com/sonicdoe/detect-character-encoding/commit/d44356927b92e3b13e178071bf6d7c671766f588,d44356927b92e3b13e178071bf6d7c671766f588,['CWE-401'],CVE-2021-39176
OpenIDC/mod_auth_openidc,https://github.com/OpenIDC/mod_auth_openidc/commit/03e6bfb446f4e3f27c003d30d6a433e5dd8e2b3d,03e6bfb446f4e3f27c003d30d6a433e5dd8e2b3d,['CWE-601'],CVE-2021-39191
jedisct1/pure-ftpd,https://github.com/jedisct1/pure-ftpd/commit/37ad222868e52271905b94afea4fc780d83294b4,37ad222868e52271905b94afea4fc780d83294b4,['CWE-434'],CVE-2021-40524
randombit/botan,https://github.com/randombit/botan/commit/9a23e4e3bc3966340531f2ff608fa9d33b5185a2,9a23e4e3bc3966340531f2ff608fa9d33b5185a2,['CWE-327'],CVE-2021-40529
babelouest/ulfius,https://github.com/babelouest/ulfius/commit/c83f564c184a27145e07c274b305cabe943bbfaa,c83f564c184a27145e07c274b305cabe943bbfaa,['CWE-Other'],CVE-2021-40540
gpac,https://github.com/gpac/gpac/commit/3fcf66c6031da966cf33ee89bcbefa2f8bec4b02,3fcf66c6031da966cf33ee89bcbefa2f8bec4b02,['CWE-125'],CVE-2020-19750
gpac,https://github.com/gpac/gpac/commit/c26b0aa605aaea1f0ebe8d21fe1398d94680adf7,c26b0aa605aaea1f0ebe8d21fe1398d94680adf7,['CWE-125'],CVE-2020-19751
kohler/gifsicle,https://github.com/kohler/gifsicle/commit/eb9e083dcc0050996d79de2076ddc76011ad2f10,eb9e083dcc0050996d79de2076ddc76011ad2f10,['CWE-476'],CVE-2020-19752
xen-project/xen,https://github.com/xen-project/xen/commit/eb6bbf7b30da5bae87932514d54d0e3c68b23757,eb6bbf7b30da5bae87932514d54d0e3c68b23757,['CWE-362'],CVE-2021-28701
babelouest/glewlwyd,https://github.com/babelouest/glewlwyd/commit/0efd112bb62f566877750ad62ee828bff579b4e2,0efd112bb62f566877750ad62ee828bff579b4e2,['CWE-120'],CVE-2021-40818
plougher/squashfs-tools,https://github.com/plougher/squashfs-tools/commit/e0485802ec72996c20026da320650d8362f555bd,e0485802ec72996c20026da320650d8362f555bd,"['CWE-22', 'CWE-59']",CVE-2021-41072
saitoha/libsixel,https://github.com/saitoha/libsixel/commit/cb373ab6614c910407c5e5a93ab935144e62b037,cb373ab6614c910407c5e5a93ab935144e62b037,['CWE-Other'],CVE-2020-21048
saitoha/libsixel,https://github.com/saitoha/libsixel/commit/0b1e0b3f7b44233f84e5c9f512f8c90d6bbbe33d,0b1e0b3f7b44233f84e5c9f512f8c90d6bbbe33d,['CWE-125'],CVE-2020-21049
saitoha/libsixel,https://github.com/saitoha/libsixel/commit/7808a06b88c11dbc502318cdd51fa374f8cd47ee,7808a06b88c11dbc502318cdd51fa374f8cd47ee,['CWE-787'],CVE-2020-21050
bfabiszewski/libmobi,https://github.com/bfabiszewski/libmobi/commit/ab5bf0e37e540eac682a14e628853b918626e72b,ab5bf0e37e540eac682a14e628853b918626e72b,['CWE-787'],CVE-2021-3751
ImageMagick,https://github.com/ImageMagick/ImageMagick/commit/a542c9f9a53327b623333150874d4e5a5b3bcbd0,a542c9f9a53327b623333150874d4e5a5b3bcbd0,['CWE-772'],CVE-2017-14326
xen-project/xen,https://github.com/xen-project/xen/commit/2fece35303529395bfea6b03d2268380ef682c93,2fece35303529395bfea6b03d2268380ef682c93,['CWE-125'],CVE-2017-14316
xen-project/xen,https://github.com/xen-project/xen/commit/562a1c0f7ef3fbf3c122c3dfa4f2ad9dd51da9fe,562a1c0f7ef3fbf3c122c3dfa4f2ad9dd51da9fe,['CWE-362'],CVE-2017-14317
xen-project/xen,https://github.com/xen-project/xen/commit/c3d830b244998b3686e2eb64db95996be5eb5e5c,c3d830b244998b3686e2eb64db95996be5eb5e5c,['CWE-476'],CVE-2017-14318
ImageMagick,https://github.com/ImageMagick/ImageMagick/commit/6d5b22baedd49ef8a35011789bd600762ce1ef21,6d5b22baedd49ef8a35011789bd600762ce1ef21,['CWE-400'],CVE-2017-14342
xen-project/xen,https://github.com/xen-project/xen/commit/93e1435290867703c50acad1f54b9208df473562,93e1435290867703c50acad1f54b9208df473562,['CWE-772'],CVE-2017-14431
the-tcpdump-group/tcpdump,https://github.com/the-tcpdump-group/tcpdump/commit/6f5ba2b651cd9d4b7fa8ee5c4f94460645877c45,6f5ba2b651cd9d4b7fa8ee5c4f94460645877c45,['CWE-125'],CVE-2017-12893
the-tcpdump-group/tcpdump,https://github.com/the-tcpdump-group/tcpdump/commit/730fc35968c5433b9e2a829779057f4f9495dc51,730fc35968c5433b9e2a829779057f4f9495dc51,['CWE-125'],CVE-2017-12894
the-tcpdump-group/tcpdump,https://github.com/the-tcpdump-group/tcpdump/commit/2b62d1dda41590db29368ec7ba5f4faf3464765a,2b62d1dda41590db29368ec7ba5f4faf3464765a,['CWE-125'],CVE-2017-12895
the-tcpdump-group/tcpdump,https://github.com/the-tcpdump-group/tcpdump/commit/f76e7feb41a4327d2b0978449bbdafe98d4a3771,f76e7feb41a4327d2b0978449bbdafe98d4a3771,['CWE-125'],CVE-2017-12896
the-tcpdump-group/tcpdump,https://github.com/the-tcpdump-group/tcpdump/commit/1dcd10aceabbc03bf571ea32b892c522cbe923de,1dcd10aceabbc03bf571ea32b892c522cbe923de,['CWE-125'],CVE-2017-12897
the-tcpdump-group/tcpdump,https://github.com/the-tcpdump-group/tcpdump/commit/19d25dd8781620cd41bf178a5e2e27fc1cf242d0,19d25dd8781620cd41bf178a5e2e27fc1cf242d0,['CWE-125'],CVE-2017-12898
the-tcpdump-group/tcpdump,https://github.com/the-tcpdump-group/tcpdump/commit/c6e0531b5def26ecf912e8de6ade86cbdaed3751,c6e0531b5def26ecf912e8de6ade86cbdaed3751,['CWE-125'],CVE-2017-12899
the-tcpdump-group/tcpdump,https://github.com/the-tcpdump-group/tcpdump/commit/de981e6070d168b58ec1bb0713ded77ed4ad87f4,de981e6070d168b58ec1bb0713ded77ed4ad87f4,['CWE-125'],CVE-2017-12901
the-tcpdump-group/tcpdump,https://github.com/the-tcpdump-group/tcpdump/commit/d17507ffa3e9742199b02a66aa940e79ababfa30,d17507ffa3e9742199b02a66aa940e79ababfa30,['CWE-125'],CVE-2017-12902
the-tcpdump-group/tcpdump,https://github.com/the-tcpdump-group/tcpdump/commit/66df248b49095c261138b5a5e34d341a6bf9ac7f,66df248b49095c261138b5a5e34d341a6bf9ac7f,['CWE-125'],CVE-2017-12985
the-tcpdump-group/tcpdump,https://github.com/the-tcpdump-group/tcpdump/commit/99798bd9a41bd3d03fdc1e949810a38967f20ed3,99798bd9a41bd3d03fdc1e949810a38967f20ed3,['CWE-125'],CVE-2017-12987
the-tcpdump-group/tcpdump,https://github.com/the-tcpdump-group/tcpdump/commit/8934a7d6307267d301182f19ed162563717e29e3,8934a7d6307267d301182f19ed162563717e29e3,['CWE-125'],CVE-2017-12988
the-tcpdump-group/tcpdump,https://github.com/the-tcpdump-group/tcpdump/commit/db24063b01cba8e9d4d88b7d8ac70c9000c104e4,db24063b01cba8e9d4d88b7d8ac70c9000c104e4,['CWE-835'],CVE-2017-12989
the-tcpdump-group/tcpdump,https://github.com/the-tcpdump-group/tcpdump/commit/c2ef693866beae071a24b45c49f9674af1df4028,c2ef693866beae071a24b45c49f9674af1df4028,['CWE-835'],CVE-2017-12990
the-tcpdump-group/tcpdump,https://github.com/the-tcpdump-group/tcpdump/commit/e942fb84fbe3a73a98a00d2a279425872b5fb9d2,e942fb84fbe3a73a98a00d2a279425872b5fb9d2,['CWE-125'],CVE-2017-12992
the-tcpdump-group/tcpdump,https://github.com/the-tcpdump-group/tcpdump/commit/b534e304568585707c4a92422aeca25cf908ff02,b534e304568585707c4a92422aeca25cf908ff02,['CWE-125'],CVE-2017-12993
the-tcpdump-group/tcpdump,https://github.com/the-tcpdump-group/tcpdump/commit/3a76fd7c95fced2c2f8c8148a9055c3a542eff29,3a76fd7c95fced2c2f8c8148a9055c3a542eff29,['CWE-835'],CVE-2017-12995
the-tcpdump-group/tcpdump,https://github.com/the-tcpdump-group/tcpdump/commit/6fca58f5f9c96749a575f52e20598ad43f5bdf30,6fca58f5f9c96749a575f52e20598ad43f5bdf30,['CWE-125'],CVE-2017-12996
the-tcpdump-group/tcpdump,https://github.com/the-tcpdump-group/tcpdump/commit/34cec721d39c76be1e0a600829a7b17bdfb832b6,34cec721d39c76be1e0a600829a7b17bdfb832b6,['CWE-835'],CVE-2017-12997
the-tcpdump-group/tcpdump,https://github.com/the-tcpdump-group/tcpdump/commit/979dcefd7b259e9e233f77fe1c5312793bfd948f,979dcefd7b259e9e233f77fe1c5312793bfd948f,['CWE-125'],CVE-2017-12998
the-tcpdump-group/tcpdump,https://github.com/the-tcpdump-group/tcpdump/commit/7a923447fd49a069a0fd3b6c3547438ab5ee2123,7a923447fd49a069a0fd3b6c3547438ab5ee2123,['CWE-125'],CVE-2017-13001
the-tcpdump-group/tcpdump,https://github.com/the-tcpdump-group/tcpdump/commit/cbddb98484ea8ec1deece351abd56e063d775b38,cbddb98484ea8ec1deece351abd56e063d775b38,['CWE-125'],CVE-2017-13002
the-tcpdump-group/tcpdump,https://github.com/the-tcpdump-group/tcpdump/commit/42073d54c53a496be40ae84152bbfe2c923ac7bc,42073d54c53a496be40ae84152bbfe2c923ac7bc,['CWE-125'],CVE-2017-13004
tats/w3m,https://github.com/tats/w3m/commit/33509cc81ec5f2ba44eb6fd98bd5c1b5873e46bd,33509cc81ec5f2ba44eb6fd98bd5c1b5873e46bd,['CWE-20'],CVE-2016-9435
libimobiledevice/libplist,https://github.com/libimobiledevice/libplist/commit/7391a506352c009fe044dead7baad9e22dd279ee,7391a506352c009fe044dead7baad9e22dd279ee,['CWE-125'],CVE-2017-5545
m6w6/ext-http,https://github.com/m6w6/ext-http/commit/3724cd76a28be1d6049b5537232e97ac567ae1f5,3724cd76a28be1d6049b5537232e97ac,['CWE-119'],CVE-2016-5873
appneta/tcpreplay,https://github.com/appneta/tcpreplay/commit/c81307df429ac43322e40edde421429e4cd8bcc9,c81307df429ac43322e40edde421429e4cd8bcc9,['CWE-399'],CVE-2016-6160
xen-project/xen,https://github.com/xen-project/xen/commit/93aa42b85ae0084ba7b749d0e990c94fbf0c17e3,93aa42b85ae0084ba7b749d0e990c94fbf0c17e3,['CWE-264'],CVE-2016-9382
xen-project/xen,https://github.com/xen-project/xen/commit/f3fa3abf3e61fb1f25ce721e14ac324dda67311f,f3fa3abf3e61fb1f25ce721e14ac324dda67311f,['CWE-20'],CVE-2016-9385
xen-project/xen,https://github.com/xen-project/xen/commit/04beafa8e6c66f5cd814c00e2d2b51cfbc41cb8a,04beafa8e6c66f5cd814c00e2d2b51cfbc41cb8a,['CWE-264'],CVE-2016-9386
FRRouting/frr,https://github.com/FRRouting/frr/commit/2af38873d89e20bd039255418366c1601aa99e64,2af38873d89e20bd039255418366c1601aa99e64,['CWE-119'],CVE-2017-5495
php/php-src,https://github.com/php/php-src/commit/1cda0d7c2ffb62d8331c64e703131d9cabdc03ea,1cda0d7c2ffb62d8331c64e703131d9cabdc03ea,['CWE-189'],CVE-2016-10158
php/php-src,https://github.com/php/php-src/commit/ca46d0acbce55019b970fcd4c1e8a10edfdded93,ca46d0acbce55019b970fcd4c1e8a10edfdded93,['CWE-190'],CVE-2016-10159
php/php-src,https://github.com/php/php-src/commit/b28b8b2fee6dfa6fcd13305c581bb835689ac3be,b28b8b2fee6dfa6fcd13305c581bb835689ac3be,['CWE-193'],CVE-2016-10160
php/php-src,https://github.com/php/php-src/commit/16b3003ffc6393e250f069aa28a78dc5a2c064b2,16b3003ffc6393e250f069aa28a78dc5a2c064b2,['CWE-125'],CVE-2016-10161
php/php-src,https://github.com/php/php-src/commit/8d2539fa0faf3f63e1d1e7635347c5b9e777d47b,8d2539fa0faf3f63e1d1e7635347c5b9e777d47b,['CWE-476'],CVE-2016-10162
wireshark,https://github.com/wireshark/wireshark/commit/781f03580c81339513bb1238b202b72469a1240b,781f03580c81339513bb1238b202b72469a1240b,"['CWE-835', 'CWE-190']",CVE-2017-5596
wireshark,https://github.com/wireshark/wireshark/commit/57894f741f7cc98b46c9fdce7eee8256d2a4ae3f,57894f741f7cc98b46c9fdce7eee8256d2a4ae3f,['CWE-190'],CVE-2017-5597
xen-project/xen,https://github.com/xen-project/xen/commit/74dcd0ce6f4fadce8093e54f0fc1a45426577e13,74dcd0ce6f4fadce8093e54f0fc1a45426577e13,['CWE-476'],CVE-2016-10025
ArtifexSoftware/mujs,https://github.com/ArtifexSoftware/mujs/commit/4006739a28367c708dea19aeb19b8a1a9326ce08,4006739a28367c708dea19aeb19b8a1a9326ce08,['CWE-190'],CVE-2017-5627
ArtifexSoftware/mujs,https://github.com/ArtifexSoftware/mujs/commit/8f62ea10a0af68e56d5c00720523ebcba13c2e6a,8f62ea10a0af68e56d5c00720523ebcba13c2e6a,['CWE-190'],CVE-2017-5628
ruby/openssl,https://github.com/ruby/openssl/commit/8108e0a6db133f3375608303fdd2083eb5115062,8108e0a6db133f3375608303fdd2083eb5115062,['CWE-326'],CVE-2016-7798
opencontainers/runc,https://github.com/opencontainers/runc/commit/50a19c6ff828c58e5dab13830bd3dacde268afe5,50a19c6ff828c58e5dab13830bd3dacde268afe5,['CWE-362'],CVE-2016-9962
libgit2,https://github.com/libgit2/libgit2/commit/a719ef5e6d4a1a8ec53469c7914032ed67922772,a719ef5e6d4a1a8ec53469c7914032ed67922772,"['CWE-125', 'CWE-476']",CVE-2016-8568
libgit2,https://github.com/libgit2/libgit2/commit/4974e3a59648095ffa6fce6c5b651a820c0c34b9,4974e3a59648095ffa6fce6c5b651a820c0c34b9,"['CWE-125', 'CWE-476']",CVE-2016-8568
uclouvain/openjpeg,https://github.com/uclouvain/openjpeg/commit/162f6199c0cd3ec1c6c6dc65e41b2faab92b2d91,162f6199c0cd3ec1c6c6dc65e41b2faab92b2d91,['CWE-119'],CVE-2016-4796
uclouvain/openjpeg,https://github.com/uclouvain/openjpeg/commit/8f9cc62b3f9a1da9712329ddcedb9750d585505c,8f9cc62b3f9a1da9712329ddcedb9750d585505c,['CWE-369'],CVE-2016-4797
mm2/Little-CMS,https://github.com/mm2/Little-CMS/commit/5ca71a7bc18b6897ab21d815d15e218e204581e2,5ca71a7bc18b6897ab21d815d15e218e204581e2,['CWE-125'],CVE-2016-10165
torvalds/linux,https://github.com/torvalds/linux/commit/f106eee10038c2ee5b6056aaf3f6d5229be6dcdd,f106eee10038c2ee5b6056aaf3f6d5229be6dcdd,['CWE-20'],CVE-2010-5328
torvalds/linux,https://github.com/torvalds/linux/commit/a0f1d21c1ccb1da66629627a74059dd7f5ac9c61,a0f1d21c1ccb1da66629627a74059dd7f5ac9c61,"['CWE-416', 'CWE-264']",CVE-2016-10150
torvalds/linux,https://github.com/torvalds/linux/commit/06deeec77a5a689cc94b21a8a91a76e42176685d,06deeec77a5a689cc94b21a8a91a76e42176685d,['CWE-119'],CVE-2016-10154
torvalds/linux,https://github.com/torvalds/linux/commit/33ab91103b3415e12457e3104f0e4517ce12d0f3,33ab91103b3415e12457e3104f0e4517ce12d0f3,['CWE-Other'],CVE-2017-2583
torvalds/linux,https://github.com/torvalds/linux/commit/c4e490cf148e85ead0d1b1c2caaba833f1d5b29f,c4e490cf148e85ead0d1b1c2caaba833f1d5b29f,['CWE-Other'],CVE-2017-5546
torvalds/linux,https://github.com/torvalds/linux/commit/6d104af38b570d37aa32a5803b04c354f8ed513d,6d104af38b570d37aa32a5803b04c354f8ed513d,['CWE-119'],CVE-2017-5547
torvalds/linux,https://github.com/torvalds/linux/commit/05a974efa4bdf6e2a150e3f27dc6fcf0a9ad5655,05a974efa4bdf6e2a150e3f27dc6fcf0a9ad5655,['CWE-119'],CVE-2017-5548
torvalds/linux,https://github.com/torvalds/linux/commit/146cc8a17a3b4996f6805ee5c080e7101277c410,146cc8a17a3b4996f6805ee5c080e7101277c410,['CWE-532'],CVE-2017-5549
torvalds/linux,https://github.com/torvalds/linux/commit/b9dc6f65bc5e232d1c05fe34b5daadc7e8bbf1fb,b9dc6f65bc5e232d1c05fe34b5daadc7e8bbf1fb,['CWE-200'],CVE-2017-5550
torvalds/linux,https://github.com/torvalds/linux/commit/497de07d89c1410d76a15bec2bb41f24a2a89f31,497de07d89c1410d76a15bec2bb41f24a2a89f31,['CWE-Other'],CVE-2017-5551
torvalds/linux,https://github.com/torvalds/linux/commit/0f2ff82e11c86c05d051cae32b58226392d33bbf,0f2ff82e11c86c05d051cae32b58226392d33bbf,['CWE-190'],CVE-2017-5576
torvalds/linux,https://github.com/torvalds/linux/commit/6b8ac63847bc2f958dd93c09edc941a0118992d9,6b8ac63847bc2f958dd93c09edc941a0118992d9,['CWE-388'],CVE-2017-5577
torvalds/linux,https://github.com/torvalds/linux/commit/9709674e68646cee5a24e3000b3558d25412203a,9709674e68646cee5a24e3000b3558d25412203a,"['CWE-362', 'CWE-416']",CVE-2014-9914
torvalds/linux,https://github.com/torvalds/linux/commit/22f6b4d34fcf039c63a94e7670e0da24f8575a5a,22f6b4d34fcf039c63a94e7670e0da24f8575a5a,['CWE-264'],CVE-2016-10044
ffmpeg,https://github.com/FFmpeg/FFmpeg/commit/2a05c8f813de6f2278827734bf8102291e7484aa,2a05c8f813de6f2278827734bf8102291e7484aa,['CWE-119'],CVE-2016-10190
ffmpeg,https://github.com/FFmpeg/FFmpeg/commit/7d57ca4d9a75562fa32e40766211de150f8b3ee7,7d57ca4d9a75562fa32e40766211de150f8b3ee7,['CWE-119'],CVE-2016-10191
ffmpeg,https://github.com/FFmpeg/FFmpeg/commit/a5d25faa3f4b18dac737fdb35d0dd68eb0dc2156,a5d25faa3f4b18dac737fdb35d0dd68eb0dc2156,['CWE-119'],CVE-2016-10192
GStreamer/gst-plugins-ugly,https://github.com/GStreamer/gst-plugins-ugly/commit/d21017b52a585f145e8d62781bcc1c5fefc7ee37,d21017b52a585f145e8d62781bcc1c5fefc7ee37,['CWE-125'],CVE-2017-5847
profanity-im/profanity,https://github.com/profanity-im/profanity/commit/8e75437a7e43d4c55e861691f74892e666e29b0b,8e75437a7e43d4c55e861691f74892e666e29b0b,"['CWE-346', 'CWE-20']",CVE-2017-5592
psi-im/iris,https://github.com/psi-im/iris/commit/02e976d4426a1319a7af7d26d7aba9d8c6077570,02e976d4426a1319a7af7d26d7aba9d8c6077570,"['CWE-346', 'CWE-20']",CVE-2017-5593
weidai11/cryptopp,https://github.com/weidai11/cryptopp/commit/9f335d719ebc27f58251559240de0077ec42c583,9f335d719ebc27f58251559240de0077ec42c583,['CWE-200'],CVE-2016-3995
libtom/libtomcrypt,https://github.com/libtom/libtomcrypt/commit/5eb9743410ce4657e9d54fef26a2ee31a1b5dd09,5eb9743410ce4657e9d54fef26a2ee31a1b5dd0,['CWE-20'],CVE-2016-6129
containers/bubblewrap,https://github.com/containers/bubblewrap/commit/133dcb7cba65c56767b5ab7b5f60bfc590799b6f,133dcb7cba65c56767b5ab7b5f60bfc590799b6f,['CWE-264'],CVE-2016-8659
torvalds/linux,https://github.com/torvalds/linux/commit/34b2cef20f19c87999fff3da4071e66937db9644,34b2cef20f19c87999fff3da4071e66937db9644,['CWE-476'],CVE-2017-5970
ArtifexSoftware/mupdf,https://github.com/ArtifexSoftware/mupdf/commit/1912de5f08e90af1d9d0a9791f58ba3afdb9d465,1912de5f08e90af1d9d0a9791f58ba3afdb9d465,['CWE-476'],CVE-2017-5991
jasper-software/jasper,https://github.com/jasper-software/jasper/commit/8f62b4761711d036fd8964df256b938c809b7fca,8f62b4761711d036fd8964df256b938c809b7fca,['CWE-476'],CVE-2016-8690
jasper-software/jasper,https://github.com/jasper-software/jasper/commit/d8c2604cd438c41ec72aff52c16ebd8183068020,d8c2604cd438c41ec72aff52c16ebd8183068020,['CWE-369'],CVE-2016-8691
jasper-software/jasper,https://github.com/jasper-software/jasper/commit/44a524e367597af58d6265ae2014468b334d0309,44a524e367597af58d6265ae2014468b334d0309,['CWE-415'],CVE-2016-8693
ImageMagick,https://github.com/ImageMagick/ImageMagick/commit/d94d85622f120f82240921ae7a83a72afcb79ddf,d94d85622f120f82240921ae7a83a72afcb79ddf,['CWE-119'],CVE-2016-8862
jasper-software/jasper,https://github.com/jasper-software/jasper/commit/1abc2e5a401a4bf1d5ca4df91358ce5df111f495,1abc2e5a401a4bf1d5ca4df91358ce5df111f495,['CWE-787'],CVE-2016-9560
ArtifexSoftware/mupdf,https://github.com/ArtifexSoftware/mupdf/commit/40ac85bfb676bb4373bda4b18f9fd90268c9f1e9,40ac85bfb676bb4373bda4b18f9fd90268c9f1e9,"['CWE-125', 'CWE-416']",CVE-2017-5896
ArtifexSoftware/mupdf,https://github.com/ArtifexSoftware/mupdf/commit/2c4e5867ee699b1081527bc6c6ea0e99a35a5c27,2c4e5867ee699b1081527bc6c6ea0e99a35a5c27,"['CWE-125', 'CWE-416']",CVE-2017-5896
ArtifexSoftware/mupdf,https://github.com/ArtifexSoftware/mupdf/commit/1e03c06456d997435019fb3526fa2d4be7dbc6ec,1e03c06456d997435019fb3526fa2d4be7dbc6ec,['CWE-416'],CVE-2016-8674
perl5-dbi/DBD-mysql,https://github.com/perl5-dbi/DBD-mysql/commit/793b72b1a0baa5070adacaac0e12fd995a6fbabe,793b72b1a0baa5070adacaac0e12fd995a6fbabe,['CWE-125'],CVE-2016-1249
facebook/hhvm,https://github.com/facebook/hhvm/commit/365abe807cab2d60dc9ec307292a06181f77a9c2,365abe807cab2d60dc9ec307292a06181f77a9c2,['CWE-787'],CVE-2016-6870
facebook/hhvm,https://github.com/facebook/hhvm/commit/c00fc9d3003eb06226b58b6a48555f1456ee2475,c00fc9d3003eb06226b58b6a48555f1456ee2475,['CWE-190'],CVE-2016-6871
facebook/hhvm,https://github.com/facebook/hhvm/commit/2c9a8fcc73a151608634d3e712973d192027c271,2c9a8fcc73a151608634d3e712973d192027c271,['CWE-190'],CVE-2016-6872
facebook/hhvm,https://github.com/facebook/hhvm/commit/e264f04ae825a5d97758130cf8eec99862517e7e,e264f04ae825a5d97758130cf8eec99862517e7e,['CWE-Other'],CVE-2016-6873
facebook/hhvm,https://github.com/facebook/hhvm/commit/05e706d98f748f609b19d8697e490eaab5007d69,05e706d98f748f609b19d8697e490eaab5007d69,['CWE-Other'],CVE-2016-6874
facebook/hhvm,https://github.com/facebook/hhvm/commit/1888810e77b446a79a7674784d5f139fcfa605e2,1888810e77b446a79a7674784d5f139fcfa605e2,['CWE-Other'],CVE-2016-6875
torvalds/linux,https://github.com/torvalds/linux/commit/2dcab598484185dea7ec22219c76dcdd59e3cb90,2dcab598484185dea7ec22219c76dcdd59e3cb90,"['CWE-362', 'CWE-617']",CVE-2017-5986
torvalds/linux,https://github.com/torvalds/linux/commit/5edabca9d4cff7f1f2b68f0bac55ef99d9798ba4,5edabca9d4cff7f1f2b68f0bac55ef99d9798ba4,['CWE-415'],CVE-2017-6074
torvalds/linux,https://github.com/torvalds/linux/commit/647bf3d8a8e5777319da92af672289b2a6c4dc66,647bf3d8a8e5777319da92af672289b2a6c4dc66,['CWE-190'],CVE-2016-8636
torvalds/linux,https://github.com/torvalds/linux/commit/ccf7abb93af09ad0868ae9033d1ca8108bdaec82,ccf7abb93af09ad0868ae9033d1ca8108bdaec82,['CWE-835'],CVE-2017-6214
ArtifexSoftware/ghostpdl,https://github.com/ArtifexSoftware/ghostpdl/commit/ecceafe3abba2714ef9b432035fe0739d9b1a283,ecceafe3abba2714ef9b432035fe0739d9b1a283,['CWE-416'],CVE-2017-6196
radareorg/radare2,https://github.com/radareorg/radare2/commit/1ea23bd6040441a21fbcfba69dce9a01af03f989,1ea23bd6040441a21fbcfba69dce9a01af03f989,['CWE-476'],CVE-2017-6197
verdammelt/tnef,https://github.com/verdammelt/tnef/commit/1a17af1ed0c791aec44dbdc9eab91218cc1e335a,1a17af1ed0c791aec44dbdc9eab91218cc1e335a,['CWE-787'],CVE-2017-6307
verdammelt/tnef,https://github.com/verdammelt/tnef/commit/c5044689e50039635e7700fe2472fd632ac77176,c5044689e50039635e7700fe2472fd632ac77176,['CWE-190'],CVE-2017-6308
verdammelt/tnef,https://github.com/verdammelt/tnef/commit/8dccf79857ceeb7a6d3e42c1e762e7b865d5344d,8dccf79857ceeb7a6d3e42c1e762e7b865d5344d,"['CWE-125', 'CWE-787']",CVE-2017-6309
torvalds/linux,https://github.com/torvalds/linux/commit/95e91b831f87ac8e1f8ed50c14d709089b4e01b8,95e91b831f87ac8e1f8ed50c14d709089b4e01b8,['CWE-Other'],CVE-2017-5669
xen-project/xen,https://github.com/xen-project/xen/commit/6aaff7b407ca76dcfc4fe81f2afe9d1594cb0d6b,6aaff7b407ca76dcfc4fe81f2afe9d1594cb0d6b,['CWE-284'],CVE-2016-9815
xen-project/xen,https://github.com/xen-project/xen/commit/f8c6a9334b251d2e78b0873a71b4d369908fb123,f8c6a9334b251d2e78b0873a71b4d369908fb123,['CWE-284'],CVE-2016-9815
TigerVNC/tigervnc,https://github.com/TigerVNC/tigervnc/commit/8aa4bc53206c2430bbf0c8f4b642f59a379ee649,8aa4bc53206c2430bbf0c8f4b642f59a379ee649,['CWE-119'],CVE-2016-10207
TigerVNC/tigervnc,https://github.com/TigerVNC/tigervnc/commit/18c020124ff1b2441f714da2017f63dba50720ba,18c020124ff1b2441f714da2017f63dba50720ba,['CWE-119'],CVE-2017-5581
vadz/libtiff,https://github.com/vadz/libtiff/commit/9657bbe3cdce4aaa90e07d50c1c70ae52da0ba6a,9657bbe3cdce4aaa90e07d50c1c70ae52da0ba6a,['CWE-119'],CVE-2016-10092
vadz/libtiff,https://github.com/vadz/libtiff/commit/787c0ee906430b772f33ca50b97b8b5ca070faec,787c0ee906430b772f33ca50b97b8b5ca070faec,"['CWE-119', 'CWE-190']",CVE-2016-10093
vadz/libtiff,https://github.com/vadz/libtiff/commit/c7153361a4041260719b340f73f2f76b0969235c,c7153361a4041260719b340f73f2f76,['CWE-189'],CVE-2016-10094
achernya/hesiod,https://github.com/achernya/hesiod/commit/39b21dac9bc6473365de04d94be0da94941c7c73,39b21dac9bc6473365de04d94be0da94941c7c73,['CWE-264'],CVE-2016-10151
torvalds/linux,https://github.com/torvalds/linux/commit/8b74d439e1697110c5e5c600643e823eb1dd0762,8b74d439e1697110c5e5c600643e823eb1dd0762,['CWE-20'],CVE-2017-6345
torvalds/linux,https://github.com/torvalds/linux/commit/d199fab63c11998a602205f7ee7ff7c05c97164b,d199fab63c11998a602205f7ee7ff7c05c97164b,"['CWE-362', 'CWE-416']",CVE-2017-6346
torvalds/linux,https://github.com/torvalds/linux/commit/ca4ef4574f1ee5252e2cd365f8f5d5bafd048f32,ca4ef4574f1ee5252e2cd365f8f5d5bafd048f32,['CWE-125'],CVE-2017-6347
torvalds/linux,https://github.com/torvalds/linux/commit/4c03b862b12f980456f9de92db6d508a4999b788,4c03b862b12f980456f9de92db6d508a4999b788,['CWE-Other'],CVE-2017-6348
torvalds/linux,https://github.com/torvalds/linux/commit/dfcb9f4f99f1e9a49e43398a7bfbf56927544af1,dfcb9f4f99f1e9a49e43398a7bfbf56927544af1,['CWE-415'],CVE-2017-6353
radareorg/radare2,https://github.com/radareorg/radare2/commit/ad55822430a03fe075221b543efb434567e9e431,ad55822430a03fe075221b543efb434567e9e431,['CWE-119'],CVE-2017-6319
radareorg/radare2,https://github.com/radareorg/radare2/commit/ead645853a63bf83d8386702cad0cf23b31d7eeb,ead645853a63bf83d8386702cad0cf23b31d7eeb,['CWE-125'],CVE-2017-6387
radareorg/radare2,https://github.com/radareorg/radare2/commit/68338b71a563b24e62617bb629059adc0c94b230,68338b71a563b24e62617bb629059adc0c94b230,['CWE-476'],CVE-2017-6415
php/php-src,https://github.com/php/php-src/commit/ecba563f2fa1e027ea91b9ee0d50611273852995,ecba563f2fa1e027ea91b9ee0d50611273852995,['CWE-264'],CVE-2015-8994
OpenIDC/mod_auth_openidc,https://github.com/OpenIDC/mod_auth_openidc/commit/e81822a7d5f5bdf04ba03ca92680821893303850,e81822a7d5f5bdf04ba03ca92680821893303850,['CWE-287'],CVE-2017-6062
atheme,https://github.com/atheme/atheme/commit/a80355d2971f6453ef9c6c9507e8f0d16e55dd0f,a80355d2971f6453ef9c6c9507e8f0d16e55dd0f,['CWE-772'],CVE-2017-6384
OpenIDC/mod_auth_openidc,https://github.com/OpenIDC/mod_auth_openidc/commit/21e3728a825c41ab41efa75e664108051bb9665e,21e3728a825c41ab41efa75e664108051bb9665e,['CWE-287'],CVE-2017-6413
libimobiledevice/libplist,https://github.com/libimobiledevice/libplist/commit/7a28a14cf6ed547dfd2e52a4db17f47242bfdef9,7a28a14cf6ed547dfd2e52a4db17f47242bfdef9,['CWE-415'],CVE-2017-5836
wireshark,https://github.com/wireshark/wireshark/commit/284ad58d288722a8725401967bff0c4455488f0c,284ad58d288722a8725401967bff0c4455488f0c,['CWE-835'],CVE-2017-6467
wireshark,https://github.com/wireshark/wireshark/commit/9f3bc84b7e7e435c50b8b68f0fc526d0f5676cbf,9f3bc84b7e7e435c50b8b68f0fc526d0f5676cbf,['CWE-20'],CVE-2017-6468
wireshark,https://github.com/wireshark/wireshark/commit/4f753c127082d5e28abf482d6d175cbfee6661f7,4f753c127082d5e28abf482d6d175cbfee6661f7,['CWE-20'],CVE-2017-6469
wireshark,https://github.com/wireshark/wireshark/commit/0b89174ef4c531a1917437fff586fe525ee7bf2d,0b89174ef4c531a1917437fff586fe525ee7bf2d,['CWE-835'],CVE-2017-6470
wireshark,https://github.com/wireshark/wireshark/commit/62afef41277dfac37f515207ca73d33306e3302b,62afef41277dfac37f515207ca73d33306e3302b,['CWE-20'],CVE-2017-6471
wireshark,https://github.com/wireshark/wireshark/commit/2b3a0909beff8963b390034c594e0b6be6a4e531,2b3a0909beff8963b390034c594e0b6be6a4e531,['CWE-835'],CVE-2017-6472
wireshark,https://github.com/wireshark/wireshark/commit/7edc761a01cda8e1b37677f673985582330317d2,7edc761a01cda8e1b37677f673985582330317d2,['CWE-20'],CVE-2017-6473
wireshark,https://github.com/wireshark/wireshark/commit/a998c9195f183d85f5b0bbeebba21a2d4d303d47,a998c9195f183d85f5b0bbeebba21a2d4d303d47,['CWE-835'],CVE-2017-6474
ImageMagick,https://github.com/ImageMagick/ImageMagick/commit/3358f060fc182551822576b2c0a8850faab5d543,3358f060fc182551822576b2c0a8850faab5d543,['CWE-772'],CVE-2017-6499
qbittorrent/qBittorrent,https://github.com/qbittorrent/qBittorrent/commit/6ca3e4f094da0a0017cb2d483ec1db6176bb0b16,6ca3e4f094da0a0017cb2d483ec1db6176bb0b16,['CWE-79'],CVE-2017-6503
qbittorrent/qBittorrent,https://github.com/qbittorrent/qBittorrent/commit/f5ad04766f4abaa78374ff03704316f8ce04627d,f5ad04766f4abaa78374ff03704316f8ce04627d,['CWE-20'],CVE-2017-6504
evilnet/nefarious2,https://github.com/evilnet/nefarious2/commit/f50a84bad996d438e7b31b9e74c32a41e43f8be5,f50a84bad996d438e7b31b9e74c32a41e43f8be5,['CWE-287'],CVE-2016-7145
mjg59/pupnp-code,https://github.com/mjg59/pupnp-code/commit/be0a01bdb83395d9f3a5ea09c1308a4f1a972cbd,be0a01bdb83395d9f3a5ea09c1308a4f1a972cbd,['CWE-284'],CVE-2016-6255
torvalds/linux,https://github.com/torvalds/linux/commit/32c231164b762dddefa13af5a0101032c70b50ef,32c231164b762dddefa13af5a0101032c70b50ef,"['CWE-362', 'CWE-416', 'CWE-264']",CVE-2016-10200
Yeraze/ytnef,https://github.com/Yeraze/ytnef/commit/f98f5d4adc1c4bd4033638f6167c1bb95d642f89,f98f5d4adc1c4bd4033638f6167c1bb95d642f89,['CWE-125'],CVE-2017-6800
Yeraze/ytnef,https://github.com/Yeraze/ytnef/commit/3cb0f914d6427073f262e1b2b5fd973e3043cdf7,3cb0f914d6427073f262e1b2b5fd973e3043cdf7,['CWE-125'],CVE-2017-6801
Yeraze/ytnef,https://github.com/Yeraze/ytnef/commit/22f8346c8d4f0020a40d9f258fdb3bfc097359cc,22f8346c8d4f0020a40d9f258fdb3bfc097359cc,['CWE-125'],CVE-2017-6802
torvalds/linux,https://github.com/torvalds/linux/commit/040757f738e13caaa9c5078bca79aa97e11dde88,040757f738e13caaa9c5078bca79aa97e11dde88,"['CWE-362', 'CWE-416']",CVE-2017-6874
dbry/WavPack,https://github.com/dbry/WavPack/commit/4bc05fc490b66ef2d45b1de26abf1455b486b0dc,4bc05fc490b66ef2d45b1de26abf1455b486b0dc,['CWE-125'],CVE-2016-10169
Opendigitalradio/ODR-PadEnc,https://github.com/Opendigitalradio/ODR-PadEnc/commit/7c9ab0e51ad3256ab836cf370a16e93099c65ed6,7c9ab0e51ad3256ab836cf370a16e93099c65ed6,['CWE-399'],CVE-2016-10252
ioquake/ioq3,https://github.com/ioquake/ioq3/commit/f61fe5f6a0419ef4a88d46a128052f2e8352e85d,f61fe5f6a0419ef4a88d46a128052f2e8352e85d,['CWE-Other'],CVE-2017-6903
JACoders/OpenJK,https://github.com/JACoders/OpenJK/commit/8956a35e7b91c4a0dd1fa6db1d28c7f0efbab2d7,8956a35e7b91c4a0dd1fa6db1d28c7f0efbab2d7,['CWE-Other'],CVE-2017-6903
iortcw,https://github.com/iortcw/iortcw/commit/11a83410153756ae350a82ed41b08d128ff7f998,11a83410153756ae350a82ed41b08d128ff7f998,['CWE-Other'],CVE-2017-6903
ioquake/ioq3,https://github.com/ioquake/ioq3/commit/376267d534476a875d8b9228149c4ee18b74a4fd,376267d534476a875d8b9228149c4ee18b74a4fd,['CWE-Other'],CVE-2017-6903
ioquake/ioq3,https://github.com/ioquake/ioq3/commit/b173ac05993f634a42be3d3535e1b158de0c3372,b173ac05993f634a42be3d3535e1b158de0c3372,['CWE-Other'],CVE-2017-6903
iortcw,https://github.com/iortcw/iortcw/commit/b6ff2bcb1e4e6976d61e316175c6d7c99860fe20,b6ff2bcb1e4e6976d61e316175c6d7c99860fe20,['CWE-Other'],CVE-2017-6903
iortcw,https://github.com/iortcw/iortcw/commit/b248763e4878ef12d5835ece6600be8334f67da1,b248763e4878ef12d5835ece6600be8334f67da1,['CWE-Other'],CVE-2017-6903
jasper-software/jasper,https://github.com/jasper-software/jasper/commit/2e82fa00466ae525339754bb3ab0a0474a31d4bd,2e82fa00466ae525339754bb3ab0a0474a31d4bd,['CWE-476'],CVE-2016-10248
jasper-software/jasper,https://github.com/jasper-software/jasper/commit/988f8365f7d8ad8073b6786e433d34c553ecf568,988f8365f7d8ad8073b6786e433d34c553ecf568,['CWE-190'],CVE-2016-10249
jasper-software/jasper,https://github.com/jasper-software/jasper/commit/bdfe95a6e81ffb4b2fad31a76b57943695beed20,bdfe95a6e81ffb4b2fad31a76b57943695beed20,['CWE-476'],CVE-2016-10250
jasper-software/jasper,https://github.com/jasper-software/jasper/commit/1f0dfe5a42911b6880a1445f13f6d615ddb55387,1f0dfe5a42911b6880a1445f13f6d615ddb55387,['CWE-190'],CVE-2016-10251
libimobiledevice/libplist,https://github.com/libimobiledevice/libplist/commit/fbd8494d5e4e46bf2e90cb6116903e404374fb56,fbd8494d5e4e46bf2e90cb6116903e404374fb56,['CWE-119'],CVE-2017-6435
libimobiledevice/libplist,https://github.com/libimobiledevice/libplist/commit/32ee5213fe64f1e10ec76c1ee861ee6f233120dd,32ee5213fe64f1e10ec76c1ee861ee6f233120dd,"['CWE-119', 'CWE-20', 'CWE-787']",CVE-2017-6436
jasper-software/jasper,https://github.com/jasper-software/jasper/commit/e96fc4fdd525fa0ede28074a7e2b1caf94b58b0d,e96fc4fdd525fa0ede28074a7e2b1caf94b58b0d,['CWE-476'],CVE-2017-6850
qemu,https://github.com/qemu/qemu/commit/eb7a20a3616085d46aa6b4b4224e15587ec67e6e,eb7a20a3616085d46aa6b4b4224e15587ec67e6e,['CWE-401'],CVE-2016-10155
qemu,https://github.com/qemu/qemu/commit/204f01b30975923c64006f8067f0937b91eea68b,204f01b30975923c64006f8067f0937b91eea68b,['CWE-401'],CVE-2017-5578
appneta/tcpreplay,https://github.com/appneta/tcpreplay/commit/d689d14dbcd768c028eab2fb378d849e543dcfe9,d689d14dbcd768c028eab2fb378d849e543dcfe9,['CWE-119'],CVE-2017-6429
LocutusOfBorg/ettercap,https://github.com/LocutusOfBorg/ettercap/commit/626dc56686f15f2dda13c48f78c2a666cb6d8506,626dc56686f15f2dda13c48f78c2a666cb6d8506,['CWE-125'],CVE-2017-6430
MapServer,https://github.com/MapServer/MapServer/commit/e52a436c0e1c5e9f7ef13428dba83194a800f4df,e52a436c0e1c5e9f7ef13428dba83194a800f4df,['CWE-119'],CVE-2017-5522
capstone-engine/capstone,https://github.com/capstone-engine/capstone/commit/6fe86eef621b9849f51a5e1e5d73258a93440403,6fe86eef621b9849f51a5e1e5d73258a93440403,['CWE-190'],CVE-2017-6952
devttys0/sasquatch,https://github.com/devttys0/sasquatch/commit/6777e08cc38bc780d27c69c1d8c272867b74524f,6777e08cc38bc780d27c69c1d8c272867b74524f,['CWE-190'],CVE-2015-4645
erlang/otp,https://github.com/erlang/otp/commit/498cf26aecb4f471a269e6fb562d2a9820fd6145,498cf26aecb4f471a269e6fb562d2a9820fd6145,['CWE-119'],CVE-2016-10253
erlang/otp,https://github.com/erlang/otp/commit/f74cdcfa2967a946f5e9e4de4c5c2fb9def31f84,f74cdcfa2967a946f5e9e4de4c5c2fb9def31f84,['CWE-119'],CVE-2016-10253
torvalds/linux,https://github.com/torvalds/linux/commit/f843ee6dd019bcece3e74e76ad9df0155655d0df,f843ee6dd019bcece3e74e76ad9df0155655d0df,['CWE-Other'],CVE-2017-7184
torvalds/linux,https://github.com/torvalds/linux/commit/677e806da4d916052585301785d847c3b3e6186a,677e806da4d916052585301785d847c3b3e6186a,['CWE-Other'],CVE-2017-7184
antlarr/audiofile,https://github.com/antlarr/audiofile/commit/25eb00ce913452c2e614548d7df93070bf0d066f,25eb00ce913452c2e614548d7df93070bf0d066f,['CWE-125'],CVE-2017-6829
antlarr/audiofile,https://github.com/antlarr/audiofile/commit/a2e9eab8ea87c4ffc494d839ebb4ea145eb9f2e6,a2e9eab8ea87c4ffc494d839ebb4ea145eb9f2e6,['CWE-119'],CVE-2017-6831
antlarr/audiofile,https://github.com/antlarr/audiofile/commit/c48e4c6503f7dabd41f11d4c9c7b7f8960e7f2c0,c48e4c6503f7dabd41f11d4c9c7b7f8960e7f2c0,['CWE-20'],CVE-2017-6837
antlarr/audiofile,https://github.com/antlarr/audiofile/commit/7d65f89defb092b63bcbc5d98349fb222ca73b3c,7d65f89defb092b63bcbc5d98349fb222ca73b3c,['CWE-190'],CVE-2017-6838
antlarr/audiofile,https://github.com/antlarr/audiofile/commit/beacc44eb8cdf6d58717ec1a5103c5141f1b37f9,beacc44eb8cdf6d58717ec1a5103c5141f1b37f9,['CWE-190'],CVE-2017-6839
Tatsh/pngdefry,https://github.com/Tatsh/pngdefry/commit/518e16cd9d690f48637aa21e9916184ae204d4e6,518e16cd9d690f48637aa21e9916184ae204d4e6,['CWE-119'],CVE-2017-7231
netblue30/firejail,https://github.com/netblue30/firejail/commit/6b8dba29d73257311564ee7f27b9b14758cc693e,6b8dba29d73257311564ee7f27b9b14758cc693e,['CWE-Other'],CVE-2017-5206
netblue30/firejail,https://github.com/netblue30/firejail/commit/5d43fdcd215203868d440ffc42036f5f5ffc89fc,5d43fdcd215203868d440ffc42036f5f5ffc89fc,['CWE-269'],CVE-2017-5207
ImageMagick,https://github.com/ImageMagick/ImageMagick/commit/139d4323c40d7363bfdd2382c3821a6f76d69430,139d4323c40d7363bfdd2382c3821a6f76d69430,['CWE-119'],CVE-2016-10050
ImageMagick,https://github.com/ImageMagick/ImageMagick/commit/548701354191a3dda5cffc6d415374b35b01d0b9,548701354191a3dda5cffc6d415374b35b01d0b9,['CWE-416'],CVE-2016-10051
jasper-software/jasper,https://github.com/jasper-software/jasper/commit/e24bdc716c3327b067c551bc6cfb97fd2370358d,e24bdc716c3327b067c551bc6cfb97fd2370358d,['CWE-476'],CVE-2016-8887
jasper-software/jasper,https://github.com/jasper-software/jasper/commit/634ce8e8a5accc0fa05dd2c20d42b4749d4b2735,634ce8e8a5accc0fa05dd2c20d42b4749d4b2735,['CWE-190'],CVE-2016-9262
jasper-software/jasper,https://github.com/jasper-software/jasper/commit/d91198abd00fc435a397fe6bad906a4c1748e9cf,d91198abd00fc435a397fe6bad906a4c1748e9cf,['CWE-190'],CVE-2016-9387
jasper-software/jasper,https://github.com/jasper-software/jasper/commit/411a4068f8c464e883358bf403a3e25158863823,411a4068f8c464e883358bf403a3e25158863823,['CWE-Other'],CVE-2016-9388
jasper-software/jasper,https://github.com/jasper-software/jasper/commit/dee11ec440d7908d1daf69f40a3324b27cf213ba,dee11ec440d7908d1daf69f40a3324b27cf213ba,['CWE-Other'],CVE-2016-9389
jasper-software/jasper,https://github.com/jasper-software/jasper/commit/ba2b9d000660313af7b692542afbd374c5685865,ba2b9d000660313af7b692542afbd374c5685865,['CWE-20'],CVE-2016-9390
jasper-software/jasper,https://github.com/jasper-software/jasper/commit/1e84674d95353c64e5c4c0e7232ae86fd6ea813b,1e84674d95353c64e5c4c0e7232ae86fd6ea813b,['CWE-Other'],CVE-2016-9391
jasper-software/jasper,https://github.com/jasper-software/jasper/commit/f7038068550fba0e41e1d0c355787f1dcd5bf330,f7038068550fba0e41e1d0c355787f1dcd5bf330,"['CWE-20', 'CWE-Other']",CVE-2016-9392
ArtifexSoftware/mujs,https://github.com/ArtifexSoftware/mujs/commit/fd003eceda531e13fbdd1aeb6e9c73156496e569,fd003eceda531e13fbdd1aeb6e9c73156496e569,['CWE-476'],CVE-2016-10132
ArtifexSoftware/mujs,https://github.com/ArtifexSoftware/mujs/commit/77ab465f1c394bb77f00966cd950650f3f53cb24,77ab465f1c394bb77f00966cd950650f3f53cb24,['CWE-119'],CVE-2016-10133
ClusterLabs/pacemaker,https://github.com/ClusterLabs/pacemaker/commit/5ec24a2642bd0854b884d1a9b51d12371373b410,5ec24a2642bd0854b884d1a9b51d12371373b410,['CWE-254'],CVE-2016-7797
vadz/libtiff,https://github.com/vadz/libtiff/commit/438274f938e046d33cb0e1230b41da32ffe223e1,438274f938e046d33cb0e1230b41da32ffe223e1,['CWE-369'],CVE-2016-10266
vadz/libtiff,https://github.com/vadz/libtiff/commit/43bc256d8ae44b92d2734a3c5bc73957a4d7c1ec,43bc256d8ae44b92d2734a3c5bc73957a4d7c1ec,['CWE-369'],CVE-2016-10267
vadz/libtiff,https://github.com/vadz/libtiff/commit/1044b43637fa7f70fb19b93593777b78bd20da86,1044b43637fa7f70fb19b93593777b78bd20da86,['CWE-125'],CVE-2016-10269
vadz/libtiff,https://github.com/vadz/libtiff/commit/9a72a69e035ee70ff5c41541c8c61cd97990d018,9a72a69e035ee70ff5c41541c8c61cd97990d018,['CWE-125'],CVE-2016-10270
relan/exfat,https://github.com/relan/exfat/commit/2e86ae5f81da11f11673d0546efb525af02b7786,2e86ae5f81da11f11673d0546efb525af02b7786,['CWE-119'],CVE-2015-8026
openbsd/src,https://github.com/openbsd/src/commit/142cfc82b932bc211218fbd7bdda8c7ce83f19df,142cfc82b932bc211218fbd7bdda8c7ce83f19df,['CWE-770'],CVE-2017-5850
php/php-src,https://github.com/php/php-src/commit/bab0b99f376dac9170ac81382a5ed526938d595a,bab0b99f376dac9170ac81382a5ed526938d595a,"['CWE-20', 'CWE-918']",CVE-2017-7272
radareorg/radare2,https://github.com/radareorg/radare2/commit/7ab66cca5bbdf6cb2d69339ef4f513d95e532dbf,7ab66cca5bbdf6cb2d69339ef4f513d95e532dbf,['CWE-476'],CVE-2017-7274
torvalds/linux,https://github.com/torvalds/linux/commit/4ef1b2869447411ad3ef91ad7d4891a83c1a509a,4ef1b2869447411ad3ef91ad7d4891a83c1a509a,['CWE-125'],CVE-2017-7277
torvalds/linux,https://github.com/torvalds/linux/commit/8605330aac5a5785630aec8f64378a54891937cc,8605330aac5a5785630aec8f64378a54891937cc,['CWE-125'],CVE-2017-7277
achernya/hesiod,https://github.com/achernya/hesiod/commit/247e2ce1f2aff40040657acaae7f1a1d673d6618,247e2ce1f2aff40040657acaae7f1a1d673d6618,['CWE-264'],CVE-2016-10152
jasper-software/jasper,https://github.com/jasper-software/jasper/commit/5d66894d2313e3f3469f19066e149e08ff076698,5d66894d2313e3f3469f19066e149e08ff076698,['CWE-476'],CVE-2016-8884
containers/bubblewrap,https://github.com/containers/bubblewrap/commit/d7fc532c42f0e9bf427923bab85433282b3e5117,d7fc532c42f0e9bf427923bab85433282b3e5117,['CWE-20'],CVE-2017-5226
torvalds/linux,https://github.com/torvalds/linux/commit/c06cfb08b88dfbe13be44a69ae2fdc3a7c902d81,c06cfb08b88dfbe13be44a69ae2fdc3a7c902d81,['CWE-476'],CVE-2017-2647
illumos/illumos-gate,https://github.com/illumos/illumos-gate/commit/6d1c73b5858fefc6161c7d686345f0dc887ea799,6d1c73b5858fefc6161c7d686345f0dc887ea799,['CWE-476'],CVE-2016-6561
TigerVNC/tigervnc,https://github.com/TigerVNC/tigervnc/commit/8f3e8663b3cf57c0b62d939d6953fbfcc112aadd,8f3e8663b3cf57c0b62d939d6953fbfcc112aadd,['CWE-772'],CVE-2017-7392
TigerVNC/tigervnc,https://github.com/TigerVNC/tigervnc/commit/f3afa24da144409a3c3a0e35913112583d987671,f3afa24da144409a3c3a0e35913112583d987671,['CWE-415'],CVE-2017-7393
TigerVNC/tigervnc,https://github.com/TigerVNC/tigervnc/commit/62197c89e98be47a174074e4c7429c57767a4929,62197c89e98be47a174074e4c7429c57767a4929,['CWE-20'],CVE-2017-7394
TigerVNC/tigervnc,https://github.com/TigerVNC/tigervnc/commit/9801c5efcf8c1774d9c807ebd5d27ac7049ad993,9801c5efcf8c1774d9c807ebd5d27ac7049ad993,['CWE-20'],CVE-2017-7394
TigerVNC/tigervnc,https://github.com/TigerVNC/tigervnc/commit/bf3bdac082978ca32895a4b6a123016094905689,bf3bdac082978ca32895a4b6a123016094905689,['CWE-190'],CVE-2017-7395
TigerVNC/tigervnc,https://github.com/TigerVNC/tigervnc/commit/dccb5f7d776e93863ae10bbff56a45c523c6eeb0,dccb5f7d776e93863ae10bbff56a45c523c6eeb0,['CWE-772'],CVE-2017-7396
VirusTotal/yara,https://github.com/VirusTotal/yara/commit/3119b232c9c453c98d8fa8b6ae4e37ba18117cd4,3119b232c9c453c98d8fa8b6ae4e37ba18117cd4,['CWE-476'],CVE-2016-10210
ArtifexSoftware/ghostpdl,https://github.com/ArtifexSoftware/ghostpdl/commit/4bef1a1d32e29b68855616020dbff574b9cda08f,4bef1a1d32e29b68855616020dbff574b9cda08f,['CWE-369'],CVE-2016-10219
radareorg/radare2,https://github.com/radareorg/radare2/commit/72794dc3523bbd5bb370de3c5857cb736c387e18,72794dc3523bbd5bb370de3c5857cb736c387e18,['CWE-119'],CVE-2017-6194
php/php-src,https://github.com/php/php-src/commit/d46169468359e85084fcacba41b8ed94f2edfbe2,d46169468359e85084fcacba41b8ed94f2edfbe2,['CWE-476'],CVE-2017-6441
torvalds/linux,https://github.com/torvalds/linux/commit/69c433ed2ecd2d3264efd7afec4439524b319121,69c433ed2ecd2d3264efd7afec4439524b319121,['CWE-264'],CVE-2014-9922
torvalds/linux,https://github.com/torvalds/linux/commit/197c949e7798fbf28cfadc69d9ca0c2abbf93191,197c949e7798fbf28cfadc69d9ca0c2abbf93191,['CWE-358'],CVE-2016-10229
xen-project/xen,https://github.com/xen-project/xen/commit/938fd2586eb081bcbd694f4c1f09ae6a263b0d90,938fd2586eb081bcbd694f4c1f09ae6a263b0d90,['CWE-129'],CVE-2017-7228
torvalds/linux,https://github.com/torvalds/linux/commit/163ae1c6ad6299b19e22b4a35d5ab24a89791a98,163ae1c6ad6299b19e22b4a35d5ab24a89791a98,['CWE-264'],CVE-2016-10318
torvalds/linux,https://github.com/torvalds/linux/commit/43a6684519ab0a6c52024b5e25322476cabad893,43a6684519ab0a6c52024b5e25322476cabad893,['CWE-Other'],CVE-2017-2671
dropbox/lepton,https://github.com/dropbox/lepton/commit/7789d99ac156adfd7bbf66e7824bd3e948a74cf7,7789d99ac156adfd7bbf66e7824bd3e948a74cf7,['CWE-369'],CVE-2017-7448
jsummers/imageworsener,https://github.com/jsummers/imageworsener/commit/45000700386baa6fbde03d98dd60cc4049230b82,45000700386baa6fbde03d98dd60cc4049230b82,['CWE-476'],CVE-2017-7452
jsummers/imageworsener,https://github.com/jsummers/imageworsener/commit/dc74009a3cbcbc51dd29b3856043754d3c107449,dc74009a3cbcbc51dd29b3856043754d3c107449,"['CWE-125', 'CWE-476']",CVE-2017-7453
libming,https://github.com/libming/libming/commit/ea70414984f297958684acee0bb037ac11fb30b8,ea70414984f297958684acee0bb037ac11fb30b8,['CWE-119'],CVE-2017-7578
cesanta/mongoose,https://github.com/cesanta/mongoose/commit/b8402ed0733e3f244588b61ad5fedd093e3cf9cc,b8402ed0733e3f244588b61ad5fedd093e3cf9cc,['CWE-416'],CVE-2017-7185
jsummers/imageworsener,https://github.com/jsummers/imageworsener/commit/f9c12fa89a7f75a4489b861627fc7fa6d56e8de8,f9c12fa89a7f75a4489b861627fc7fa6d56e8de8,['CWE-125'],CVE-2017-7623
jsummers/imageworsener,https://github.com/jsummers/imageworsener/commit/49912f8e5706a686212eb9e10fac3e2abe9e1867,49912f8e5706a686212eb9e10fac3e2abe9e1867,['CWE-772'],CVE-2017-7624
wireshark,https://github.com/wireshark/wireshark/commit/355b56b1c6c545072ac0c1225730b526c6749f0a,355b56b1c6c545072ac0c1225730b526c6749f0a,['CWE-20'],CVE-2016-7957
OpenIDC/mod_auth_openidc,https://github.com/OpenIDC/mod_auth_openidc/commit/612e309bfffd6f9b8ad7cdccda3019fc0865f3b4,612e309bfffd6f9b8ad7cdccda3019fc0865f3b4,['CWE-20'],CVE-2017-6059
wireshark,https://github.com/wireshark/wireshark/commit/fa31f69b407436d0946f84baa0acdcc50962bf7a,fa31f69b407436d0946f84baa0acdcc50962bf7a,['CWE-835'],CVE-2017-7701
wireshark,https://github.com/wireshark/wireshark/commit/2f322f66cbcca2fefdaa630494f9d6c97eb659b7,2f322f66cbcca2fefdaa630494f9d6c97eb659b7,['CWE-835'],CVE-2017-7702
wireshark,https://github.com/wireshark/wireshark/commit/671e32820ab29d41d712cc8a472eab9b672684d9,671e32820ab29d41d712cc8a472eab9b672684d9,['CWE-74'],CVE-2017-7703
wireshark,https://github.com/wireshark/wireshark/commit/da53a90b6895e47e03c5de05edf84bd99d535fd8,da53a90b6895e47e03c5de05edf84bd99d535fd8,['CWE-835'],CVE-2017-7704
wireshark,https://github.com/wireshark/wireshark/commit/6032b0fe5fc1176ab77e03e20765f95fbd21b19e,6032b0fe5fc1176ab77e03e20765f95fbd21b19e,['CWE-835'],CVE-2017-7704
wireshark,https://github.com/wireshark/wireshark/commit/08d392bbecc8fb666bf979e70a34536007b83ea2,08d392bbecc8fb666bf979e70a34536007b83ea2,['CWE-835'],CVE-2017-7705
wireshark,https://github.com/wireshark/wireshark/commit/5cfd52d6629cf8a7ab67c6bacd3431a964f43584,5cfd52d6629cf8a7ab67c6bacd3431a964f43584,['CWE-20'],CVE-2017-7747
wireshark,https://github.com/wireshark/wireshark/commit/f55cbcde2c8f74b652add4450b0592082eb6acff,f55cbcde2c8f74b652add4450b0592082eb6acff,['CWE-835'],CVE-2017-7748
inspircd,https://github.com/inspircd/inspircd/commit/58c893e834ff20495d007709220881a3ff13f423,58c893e834ff20495d00770922,['CWE-399'],CVE-2012-6697
radareorg/radare2,https://github.com/radareorg/radare2/commit/d2632f6483a3ceb5d8e0a5fb11142c51c43978b4,d2632f6483a3ceb5d8e0a5fb11142c51c43978b4,['CWE-125'],CVE-2017-7854
ffmpeg,https://github.com/FFmpeg/FFmpeg/commit/8c2ea3030af7b40a3c4275696fb5c76cdb80950a,8c2ea3030af7b40a3c4275696fb5c76cdb80950a,['CWE-787'],CVE-2017-7862
ffmpeg,https://github.com/FFmpeg/FFmpeg/commit/e477f09d0b3619f3d29173b2cd593e17e2d1978e,e477f09d0b3619f3d29173b2cd593e17e2d1978e,['CWE-787'],CVE-2017-7863
ffmpeg,https://github.com/FFmpeg/FFmpeg/commit/2080bc33717955a0e4268e738acf8c1eeddbf8cb,2080bc33717955a0e4268e738acf8c1eeddbf8cb,['CWE-787'],CVE-2017-7865
ffmpeg,https://github.com/FFmpeg/FFmpeg/commit/e371f031b942d73e02c090170975561fabd5c264,e371f031b942d73e02c090170975561fabd5c264,['CWE-787'],CVE-2017-7866
LibreOffice/core,https://github.com/LibreOffice/core/commit/62a97e6a561ce65e88d4c537a1b82c336f012722,62a97e6a561ce65e88d4c537a1b82c336f012722,['CWE-787'],CVE-2017-7870
ArtifexSoftware/ghostpdl,https://github.com/ArtifexSoftware/ghostpdl/commit/f5c7555c30393e64ec1f5ab0dfae5b55b3b3fc78,f5c7555c303,['CWE-704'],CVE-2016-8602
derf/feh,https://github.com/derf/feh/commit/f7a547b7ef8fc8ebdeaa4c28515c9d72e592fb6d,f7a547b7ef8fc8ebdeaa4c28515c9d72e592fb6d,['CWE-787'],CVE-2017-7875
LibreOffice/core,https://github.com/LibreOffice/core/commit/65dcd1d8195069c8c8acb3a188b8e5616c51029c,65dcd1d8195069c8c8acb3a188b8e5616c51029c,['CWE-787'],CVE-2017-7882
torvalds/linux,https://github.com/torvalds/linux/commit/e6838a29ecb484c97e4efef9429643b9851fba6e,e6838a29ecb484c97e4efef9429643b9851fba6e,['CWE-20'],CVE-2017-7645
jsummers/imageworsener,https://github.com/jsummers/imageworsener/commit/bb321cfff3b1ab969c4cf1b692473c78672fa4ad,bb321cfff3b1ab969c4cf1b692473c78672fa4ad,['CWE-125'],CVE-2017-7939
jsummers/imageworsener,https://github.com/jsummers/imageworsener/commit/5fa486466630a9677b86c1d4cbfd9a5ff76cb33b,5fa486466630a9677b86c1d4cbfd9a5ff76cb33b,['CWE-400'],CVE-2017-7940
ImageMagick,https://github.com/ImageMagick/ImageMagick/commit/721dc1305b2bfff92e5ca605dc1a47c61ce90b9f,721dc1305b2bfff92e5ca605dc1a47c61ce90b9f,['CWE-772'],CVE-2017-7941
ImageMagick,https://github.com/ImageMagick/ImageMagick/commit/fd84a5e8028778fd88772775361a2ee2b4bb6c47,fd84a5e8028778fd88772775361a2ee2b4bb6c47,['CWE-772'],CVE-2017-7942
ImageMagick,https://github.com/ImageMagick/ImageMagick/commit/2e3410d0a07c3e30a42c9626c00e180870907a6b,2e3410d0a07c3e30a42c9626c00e180870907a6b,['CWE-772'],CVE-2017-7943
radareorg/radare2,https://github.com/radareorg/radare2/commit/d1e8ac62c6d978d4662f69116e30230d43033c92,d1e8ac62c6d978d4662f69116e30230d43033c92,['CWE-416'],CVE-2017-7946
ImageMagick,https://github.com/ImageMagick/ImageMagick/commit/6e4b009f392b8f9d2dbfb4f8524143a10c3ce574,6e4b009f392b8f9d2dbfb4f8524143a10c3ce574,['CWE-125'],CVE-2016-7519
ImageMagick,https://github.com/ImageMagick/ImageMagick/commit/551fd13c2e1733b0c24985da812fb8a62537807a,551fd13c2e1733b0c24985da812fb8a62537807a,['CWE-787'],CVE-2016-7531
ImageMagick,https://github.com/ImageMagick/ImageMagick/commit/6d202a0514fb6a406456b8b728cde776becb25f8,6d202a0514fb6a406456b8b728cde776becb25f8,['CWE-125'],CVE-2016-7537
ArtifexSoftware/ghostpdl,https://github.com/ArtifexSoftware/ghostpdl/commit/8210a2864372723b49c526e2b102fdc00c9c4699,8210a2864372723b49c526e2b102fdc00c9c4699,['CWE-190'],CVE-2017-7948
jsummers/imageworsener,https://github.com/jsummers/imageworsener/commit/ca3356eb49fee03e2eaf6b6aff826988c1122d93,ca3356eb49fee03e2eaf6b6aff826988c1122d93,['CWE-369'],CVE-2017-7962
ImageMagick,https://github.com/ImageMagick/ImageMagick/commit/a88493a9f25187e194f1ab8d15f346e87d8ebad0,a88493a9f25187e194f1ab8d15f346e87d8ebad0,['CWE-125'],CVE-2016-7516
ImageMagick,https://github.com/ImageMagick/ImageMagick/commit/27174368653c698f0ae16119b56fa14ce5994893,27174368653c698f0ae16119b56fa14ce5994893,['CWE-125'],CVE-2016-7518
ImageMagick,https://github.com/ImageMagick/ImageMagick/commit/f2fb7e1c1d6cb17449a829047a8243f513fd833a,f2fb7e1c1d6cb17449a829047a8243f513fd833a,['CWE-787'],CVE-2016-7535
ImageMagick,https://github.com/ImageMagick/ImageMagick/commit/82e2049862a8b8a999e160734ad64fb6cc3b145f,82e2049862a8b8a999e160734ad64fb6cc3b145f,['CWE-787'],CVE-2016-7538
fragglet/lhasa,https://github.com/fragglet/lhasa/commit/6fcdb8f1f538b9d63e63a5fa199c5514a15d4564,6fcdb8f1f538b9d63e63a5fa199c5514a15d4564,['CWE-190'],CVE-2016-2347
torvalds/linux,https://github.com/torvalds/linux/commit/67b0503db9c29b04eadfeede6bebbfe5ddad94ef,67b0503db9c29b04eadfeede6bebbfe5ddad94ef,['CWE-119'],CVE-2017-8061
torvalds/linux,https://github.com/torvalds/linux/commit/3f190e3aec212fc8c61e202c51400afa7384d4bc,3f190e3aec212fc8c61e202c51400afa7384d4bc,['CWE-119'],CVE-2017-8063
torvalds/linux,https://github.com/torvalds/linux/commit/005145378c9ad7575a01b6ce1ba118fb427f583a,005145378c9ad7575a01b6ce1ba118fb427f583a,['CWE-119'],CVE-2017-8064
torvalds/linux,https://github.com/torvalds/linux/commit/3b30460c5b0ed762be75a004e924ec3f8711e032,3b30460c5b0ed762be75a004e924ec3f8711e032,['CWE-119'],CVE-2017-8065
torvalds/linux,https://github.com/torvalds/linux/commit/c919a3069c775c1c876bec55e00b2305d5125caa,c919a3069c775c1c876bec55e00b2305d5125caa,['CWE-119'],CVE-2017-8066
torvalds/linux,https://github.com/torvalds/linux/commit/c4baad50297d84bde1a7ad45e50c73adae4a2192,c4baad50297d84bde1a7ad45e50c73adae4a2192,['CWE-787'],CVE-2017-8067
torvalds/linux,https://github.com/torvalds/linux/commit/5593523f968bc86d42a035c6df47d5e0979b5ace,5593523f968bc86d42a035c6df47d5e0979b5ace,['CWE-119'],CVE-2017-8068
torvalds/linux,https://github.com/torvalds/linux/commit/7926aff5c57b577ab0f43364ff0c59d968f6a414,7926aff5c57b577ab0f43364ff0c59d968f6a414,['CWE-119'],CVE-2017-8069
torvalds/linux,https://github.com/torvalds/linux/commit/2d6a0e9de03ee658a9adc3bfb2f0ca55dff1e478,2d6a0e9de03ee658a9adc3bfb2f0ca55dff1e478,['CWE-119'],CVE-2017-8070
torvalds/linux,https://github.com/torvalds/linux/commit/7a7b5df84b6b4e5d599c7289526eed96541a0654,7a7b5df84b6b4e5d599c7289526eed96541a0654,['CWE-404'],CVE-2017-8071
torvalds/linux,https://github.com/torvalds/linux/commit/8e9faa15469ed7c7467423db4c62aeed3ff4cae3,8e9faa15469ed7c7467423db4c62aeed3ff4cae3,['CWE-388'],CVE-2017-8072
torvalds/linux,https://github.com/torvalds/linux/commit/0b29669c065f60501e7289e1950fa2a618962358,0b29669c065f60501e7289e1950fa2a618962358,['CWE-119'],CVE-2007-6761
GNOME/libxslt,https://github.com/GNOME/libxslt/commit/08ab2774b870de1c7b5a48693df75e8154addae5,08ab2774b870de1c7b5a48693df75e8154addae5,['CWE-787'],CVE-2017-5029
RIOT-OS/RIOT,https://github.com/RIOT-OS/RIOT/commit/59a7e01bbfa3b8870bedb7c6820723ee69cd8ca2,59a7e01bbfa3b8870bedb7c6820723ee69cd8ca2,['CWE-119'],CVE-2017-8289
ArtifexSoftware/ghostpdl,https://github.com/ArtifexSoftware/ghostpdl/commit/04b37bbce174eed24edec7ad5b920eb93db4d47d,04b37bbce174eed24edec7ad5b920eb93db4d47d,['CWE-704'],CVE-2017-8291
VirusTotal/yara,https://github.com/VirusTotal/yara/commit/83d799804648c2a0895d40a19835d9b757c6fa4e,83d799804648c2a0895d40a19835d9b757c6fa4e,['CWE-125'],CVE-2017-8294
torvalds/linux,https://github.com/torvalds/linux/commit/13bf9fbff0e5e099e2b6f003a0ab8ae145436309,13bf9fbff0e5e099e2b6f003a0ab8ae145436309,['CWE-119'],CVE-2017-7895
jsummers/imageworsener,https://github.com/jsummers/imageworsener/commit/a00183107d4b84bc8a714290e824ca9c68dac738,a00183107d4b84bc8a714290e824ca9c68dac738,['CWE-682'],CVE-2017-8326
uclouvain/openjpeg,https://github.com/uclouvain/openjpeg/commit/d27ccf01c68a31ad62b33d2dc1ba2bb1eeaafe7b,d27ccf01c68a31ad62b33d2dc1ba2bb1eeaafe7b,['CWE-369'],CVE-2016-10506
wireshark,https://github.com/wireshark/wireshark/commit/b87ffbd12bddf64582c0a6e082b462744474de94,b87ffbd12bddf64582c0a6e082b462744474de94,['CWE-476'],CVE-2017-13764
wireshark,https://github.com/wireshark/wireshark/commit/94666d4357096fc45e3bcad3d9414a14f0831bc8,94666d4357096fc45e3bcad3d9414a14f0831bc8,['CWE-125'],CVE-2017-13765
wireshark,https://github.com/wireshark/wireshark/commit/2096bc1e5078732543e0a3ee115a2ce520a72bbc,2096bc1e5078732543e0a3ee115a2ce520a72bbc,['CWE-787'],CVE-2017-13766
wireshark,https://github.com/wireshark/wireshark/commit/af7b093ca528516c14247acb545046199d30843e,af7b093ca528516c14247acb545046199d30843e,['CWE-787'],CVE-2017-13766
Mbed-TLS/mbedtls,https://github.com/Mbed-TLS/mbedtls/commit/31458a18788b0cf0b722acda9bb2f2fe13a3fb32,31458a18788b0cf0b722acda9bb2f2fe13a3fb32,['CWE-287'],CVE-2017-14032
Mbed-TLS/mbedtls,https://github.com/Mbed-TLS/mbedtls/commit/d15795acd5074e0b44e71f7ede8bdfe1b48591fc,d15795acd5074e0b44e71f7ede8bdfe1b48591fc,['CWE-287'],CVE-2017-14032
uclouvain/openjpeg,https://github.com/uclouvain/openjpeg/commit/c535531f03369623b9b833ef41952c62257b507e,c535531f03369623b9b833ef41952c62257b507e,['CWE-787'],CVE-2017-14039
uclouvain/openjpeg,https://github.com/uclouvain/openjpeg/commit/2cd30c2b06ce332dede81cccad8b334cde997281,2cd30c2b06ce332dede81cccad8b334cde997281,['CWE-787'],CVE-2017-14040
uclouvain/openjpeg,https://github.com/uclouvain/openjpeg/commit/e5285319229a5d77bf316bb0d3a6cbd3cb8666d9,e5285319229a5d77bf316bb0d3a6cbd3cb8666d9,['CWE-787'],CVE-2017-14041
ffmpeg,https://github.com/FFmpeg/FFmpeg/commit/124eb202e70678539544f6268efc98131f19fa49,124eb202e70678539544f6268efc98131f19fa49,['CWE-834'],CVE-2017-14054
ffmpeg,https://github.com/FFmpeg/FFmpeg/commit/4f05e2e2dc1a89f38cd9f0960a6561083d714f1e,4f05e2e2dc1a89f38cd9f0960a6561083d714f1e,['CWE-834'],CVE-2017-14055
ffmpeg,https://github.com/FFmpeg/FFmpeg/commit/96f24d1bee7fe7bac08e2b7c74db1a046c9dc0de,96f24d1bee7fe7bac08e2b7c74db1a046c9dc0de,['CWE-834'],CVE-2017-14056
ffmpeg,https://github.com/FFmpeg/FFmpeg/commit/7f9ec5593e04827249e7aeb466da06a98a0d7329,7f9ec5593e04827249e7aeb466da06a98a0d7329,['CWE-834'],CVE-2017-14057
ffmpeg,https://github.com/FFmpeg/FFmpeg/commit/7ec414892ddcad88313848494b6fc5f437c9ca4a,7ec414892ddcad88313848494b6fc5f437c9ca4a,['CWE-835'],CVE-2017-14058
ffmpeg,https://github.com/FFmpeg/FFmpeg/commit/7e80b63ecd259d69d383623e75b318bf2bd491f6,7e80b63ecd259d69d383623e75b318bf2bd491f6,['CWE-834'],CVE-2017-14059
ImageMagick,https://github.com/ImageMagick/ImageMagick/commit/c535e1f1a6b1faaa35e007df4fc535ec08daa97c,c535e1f1a6b1faaa35e007df4fc535ec08daa97c,['CWE-476'],CVE-2017-14060
flori/json,https://github.com/flori/json/commit/8f782fd8e181d9cfe9387ded43a5ca9692266b85,8f782fd8e181d9cfe9387ded43a5ca9692266b85,['CWE-119'],CVE-2017-14064
torvalds/linux,https://github.com/torvalds/linux/commit/499350a5a6e7512d9ed369ed63a4244b6536f4f8,499350a5a6e7512d9ed369ed63a4244b6536f4f8,['CWE-369'],CVE-2017-14106
nih-at/libzip,https://github.com/nih-at/libzip/commit/9b46957ec98d85a572e9ef98301247f39338a3b5,9b46957ec98d85a572e9ef98301247f39338a3b5,['CWE-770'],CVE-2017-14107
ImageMagick,https://github.com/ImageMagick/ImageMagick/commit/f1ea048a3a34df293764502401d966aeacf9179d,f1ea048a3a34df293764502401d966aeacf9179d,['CWE-770'],CVE-2017-12691
ImageMagick,https://github.com/ImageMagick/ImageMagick/commit/5919dc606bc1d6022d3d2d205a91fdbe98de9e15,5919dc606bc1d6022d3d2d205a91fdbe98de9e15,['CWE-770'],CVE-2017-12692
opencv,https://github.com/opencv/opencv/commit/aacae2065744adb05e858d327198c7bbe7f452b0,aacae2065744adb05e858d327198c7bbe7f452b0,['CWE-787'],CVE-2017-14136
GNOME/evince,https://github.com/GNOME/evince/commit/717df38fd8509bf883b70d680c9b1b3cf36732ee,717df38fd8509bf883b70d680c9b1b3cf36732ee,['CWE-Other'],CVE-2017-1000083
uclouvain/openjpeg,https://github.com/uclouvain/openjpeg/commit/afb308b9ccbe129608c9205cf3bb39bbefad90b9,afb308b9ccbe129608c9205cf3bb39bbefad90b9,['CWE-119'],CVE-2017-14151
uclouvain/openjpeg,https://github.com/uclouvain/openjpeg/commit/4241ae6fbbf1de9658764a80944dc8108f2b4154,4241ae6fbbf1de9658764a80944dc8108f2b4154,['CWE-787'],CVE-2017-14152
torvalds/linux,https://github.com/torvalds/linux/commit/4523622d274e0bf0b2b054445d570a3215c3c250,4523622d274e0bf0b2b054445d570a3215c3c250,['CWE-200'],CVE-2017-14156
axiomatic-systems/Bento4,https://github.com/axiomatic-systems/Bento4/commit/4d3f0bebd5f8518fd775f671c12bea58c68e814e,4d3f0bebd5f8518fd775f671c12bea58c68e814e,['CWE-476'],CVE-2017-12474
uclouvain/openjpeg,https://github.com/uclouvain/openjpeg/commit/dcac91b8c72f743bda7dbfa9032356bc8110098a,dcac91b8c72f743bda7dbfa9032356bc8110098a,"['CWE-119', 'CWE-787']",CVE-2017-14164
ffmpeg,https://github.com/FFmpeg/FFmpeg/commit/9d00fb9d70ee8c0cc7002b89318c5be00f1bbdad,9d00fb9d70ee8c0cc7002b89318c5be00f1bbdad,['CWE-20'],CVE-2017-14169
ffmpeg,https://github.com/FFmpeg/FFmpeg/commit/900f39692ca0337a98a7cf047e4e2611071810c2,900f39692ca0337a98a7cf047e4e2611071810c2,['CWE-834'],CVE-2017-14170
ffmpeg,https://github.com/FFmpeg/FFmpeg/commit/c24bcb553650b91e9eff15ef6e54ca73de2453b7,c24bcb553650b91e9eff15ef6e54ca73de2453b7,['CWE-834'],CVE-2017-14171
teknoraver/aacplusenc,https://github.com/teknoraver/aacplusenc/commit/5662ac125cf065c020274f15b6cc2d2ae96633a2,5662ac125cf065c020274f15b6cc2d2ae96633a2,['CWE-476'],CVE-2017-14181
teknoraver/aacplusenc,https://github.com/teknoraver/aacplusenc/commit/48454017449705f185516af2fe1bf604d75ce376,48454017449705f185516af2fe1bf604d75ce376,['CWE-476'],CVE-2017-14181
teknoraver/aacplusenc,https://github.com/teknoraver/aacplusenc/commit/346a6277337bdd40c48c4f83703734cecae6022d,346a6277337bdd40c48c4f83703734cecae6022d,['CWE-476'],CVE-2017-14181
torvalds/linux,https://github.com/torvalds/linux/commit/6265539776a0810b7ce6398c27866ddb9c6bd154,6265539776a0810b7ce6398c27866ddb9c6bd154,['CWE-362'],CVE-2017-12146
ffmpeg,https://github.com/FFmpeg/FFmpeg/commit/9cb4eb772839c5e1de2855d126bf74ff16d13382,9cb4eb772839c5e1de2855d126bf74ff16d13382,['CWE-834'],CVE-2017-14222
ffmpeg,https://github.com/FFmpeg/FFmpeg/commit/afc9c683ed9db01edb357bc8c19edad4282b3a97,afc9c683ed9db01edb357bc8c19edad4282b3a97,['CWE-400'],CVE-2017-14223
ImageMagick,https://github.com/ImageMagick/ImageMagick/commit/c6409227c430f114b6425337e64b848535b62e0b,c6409227c430f114b6425337e64b848535b62e0b,['CWE-119'],CVE-2017-14224
ffmpeg,https://github.com/FFmpeg/FFmpeg/commit/837cb4325b712ff1aab531bf41668933f61d75d2,837cb4325b712ff1aab531bf41668933f61d75d2,['CWE-476'],CVE-2017-14225
cyrusimap/cyrus-imapd,https://github.com/cyrusimap/cyrus-imapd/commit/6bd33275368edfa71ae117de895488584678ac79,6bd33275368edfa71ae117de895488584678ac79,['CWE-20'],CVE-2017-14230
axiomatic-systems/Bento4,https://github.com/axiomatic-systems/Bento4/commit/80e00530366671a2b55ffce5c64809e3bf0de533,80e00530366671a2b55ffce5c64809e3bf0de533,['CWE-119'],CVE-2017-14257
torvalds/linux,https://github.com/torvalds/linux/commit/be20250c13f88375345ad99950190685eda51eb8,be20250c13f88375345ad99950190685eda51eb8,"['CWE-20', 'CWE-Other']",CVE-2011-4913
torvalds/linux,https://github.com/torvalds/linux/commit/8141c7f3e7aee618312fa1c15109e1219de784a7,8141c7f3e7aee618312fa1c15109e1219de784a7,['CWE-264'],CVE-2012-0028
torvalds/linux,https://github.com/torvalds/linux/commit/905ad269c55fc62bee3da29f7b1d1efeba8aa1e1,905ad269c55fc62bee3da29f7b1d1efeba8aa1e1,['CWE-119'],CVE-2012-2127
mobile-shell/mosh,https://github.com/mobile-shell/mosh/commit/9791768705528e911bfca6c4d8aa88139035060e,9791768705528e911bfca6c4d8aa88139035060e,['CWE-399'],CVE-2012-2385
cloudflare/lua-resty-json,https://github.com/cloudflare/lua-resty-json/commit/3ef9492bd3a44d9e51301d6adc3cd1789c8f534a,3ef9492bd3a44d9e51301d6adc3cd1789c8f534a,['CWE-125'],CVE-2023-3040
nu774/fdkaac,https://github.com/nu774/fdkaac/commit/22dbf72491541aa854835fdf2a9a0d92532728d8,22dbf72491541aa854835fdf2a9a0d92532728d8,['CWE-787'],CVE-2023-34823
contiki-ng,https://github.com/contiki-ng/contiki-ng/commit/b53f9de9d2f8ef7d7a7c19c444b99d8642d09a89,b53f9de9d2f8ef7d7a7c19c444b99d8642d09a89,['CWE-125'],CVE-2023-34101
OpenPrinting/cpdb-libs,https://github.com/OpenPrinting/cpdb-libs/commit/f181bd1f14757c2ae0f17cc76dc20421a40f30b7,f181bd1f14757c2ae0f17cc76dc20421a40f30b7,['CWE-121'],CVE-2023-34095
gpac,https://github.com/gpac/gpac/commit/6a748ccc3f76ff10e3ae43014967ea4b0c088aaf,6a748ccc3f76ff10e3ae43014967ea4b0c088aaf,['CWE-122'],CVE-2023-3291
brechtsanders/xlsxio,https://github.com/brechtsanders/xlsxio/commit/d653f1604b54532f11b45dca1fa164b4a1f15e2d,d653f1604b54532f11b45dca1fa164b4a1f15e2d,['CWE-416'],CVE-2023-34795
ImageMagick,https://github.com/ImageMagick/ImageMagick/commit/1061db7f80fdc9ef572ac60b55f408f7bab6e1b0,1061db7f80fdc9ef572ac60b55f408f7bab6e1b0,"['CWE-787', 'CWE-416']",CVE-2023-34474
libressl/openbsd,https://github.com/libressl/openbsd/commit/e42d8f4b21a8a498e2eabbffe4c7b7d4ef7cec54,e42d8f4b21a8a498e2eabbffe4c7b7d4ef7cec54,"['CWE-415', 'CWE-416']",CVE-2023-35784
libjxl,https://github.com/libjxl/libjxl/commit/489b6b82a6ad27d563646d5d920d8d6bcadbc26b,489b6b82a6ad27d563646d5d920d8d6bcadbc26b,['CWE-191'],CVE-2023-35790
nanopb,https://github.com/nanopb/nanopb/commit/d2099cc8f1adb33d427a44a5e32ed27b647c7168,d2099cc8f1adb33d427a44a5e32ed27b647c7168,['CWE-787'],CVE-2014-125106
virtualsquare/picotcp,https://github.com/virtualsquare/picotcp/commit/d561990a358899178115e156871cc054a1c55ffe,d561990a358899178115e156871cc054a1c55ffe,"['CWE-Other', 'CWE-682']",CVE-2023-35846
virtualsquare/picotcp,https://github.com/virtualsquare/picotcp/commit/eaf166009e44641e6570c576ba071217f100fd99,eaf166009e44641e6570c576ba071217f100fd99,"['CWE-908', 'CWE-682']",CVE-2023-35847
ArtifexSoftware/mujs,https://github.com/ArtifexSoftware/mujs/commit/fa3d30fd18c348bb4b1f3858fb860f4fcd4b2045,fa3d30fd18c348bb4b1f3858fb860f4fcd4b2045,['CWE-190'],CVE-2016-10141
ntop/ntopng,https://github.com/ntop/ntopng/commit/f91fbe3d94c8346884271838ae3406ae633f6f15,f91fbe3d94c8346884271838ae3406ae633f6f15,['CWE-352'],CVE-2017-5473
ArtifexSoftware/mujs,https://github.com/ArtifexSoftware/mujs/commit/a3a4fe840b80706c706e86160352af5936f292d8,a3a4fe840b80706c706e86160352af5936f292d8,['CWE-119'],CVE-2016-7564
ImageMagick,https://github.com/ImageMagick/ImageMagick/commit/90406972f108c4da71f998601b06abdc2ac6f06e,90406972f108c4da71f998601b06abdc2ac6f06e,['CWE-416'],CVE-2016-7906
torvalds/linux,https://github.com/torvalds/linux/commit/48a992727d82cb7db076fa15d372178743b1f4cd,48a992727d82cb7db076fa15d372178743b1f4cd,['CWE-476'],CVE-2016-10147
BelledonneCommunications/bzrtp,https://github.com/BelledonneCommunications/bzrtp/commit/bbb1e6e2f467ee4bd7b9a8c800e4f07343d7d99b,bbb1e6e2f467ee4bd7b9a8c800e4f07343d7d99b,['CWE-254'],CVE-2016-6271
wireshark,https://github.com/wireshark/wireshark/commit/b56f598f1bc04f5d00f13b38c713763928cedb7c,b56f598f1bc04f5d00f13b38c713763928cedb7c,['CWE-476'],CVE-2018-7336
wireshark,https://github.com/wireshark/wireshark/commit/511a8b0b546d25413e289dc5a7d3a455a33994c2,511a8b0b546d25413e289dc5a7d3a455a33994c2,['CWE-Other'],CVE-2018-7337
wireshark,https://github.com/wireshark/wireshark/commit/81216a176b25dd8a616e11808a951e141a467009,81216a176b25dd8a616e11808a951e141a467009,['CWE-Other'],CVE-2018-7417
wireshark,https://github.com/wireshark/wireshark/commit/29d920b8309905dda11ad397596fe8aafc9b4bf7,29d920b8309905dda11ad397596fe8aafc9b4bf7,['CWE-Other'],CVE-2018-7418
wireshark,https://github.com/wireshark/wireshark/commit/129e41f9f63885ad8224ef413c2860788fb9e849,129e41f9f63885ad8224ef413c2860788fb9e849,['CWE-Other'],CVE-2018-7420
wireshark,https://github.com/wireshark/wireshark/commit/e8be5adae469ba563acfad2c2b98673e1afaf901,e8be5adae469ba563acfad2c2b98673e1afaf901,['CWE-835'],CVE-2018-7421
ImageMagick,https://github.com/ImageMagick/ImageMagick/commit/8130e12eb30685ef958f4e62fe624da393920be7,8130e12eb30685ef958f4e62fe624da393920be7,['CWE-119'],CVE-2018-7470
torvalds/linux,https://github.com/torvalds/linux/commit/9b54d816e00425c3a517514e0d677bb3cec49258,9b54d816e00425c3a517514e0d677bb3cec49258,['CWE-415'],CVE-2018-7480
torvalds/linux,https://github.com/torvalds/linux/commit/638164a2718f337ea224b747cf5977ef143166a4,638164a2718f337ea224b747cf5977ef143166a4,['CWE-20'],CVE-2017-18200
lurcher/unixODBC,https://github.com/lurcher/unixODBC/commit/45ef78e037f578b15fc58938a3a3251655e71d6f,45ef78e037f578b15fc58938a3a3251655e71d6f,['CWE-119'],CVE-2018-7485
torvalds/linux,https://github.com/torvalds/linux/commit/f3069c6d33f6ae63a1668737bc78aaaa51bff7ca,f3069c6d33f6ae63a1668737bc78aaaa51bff7ca,['CWE-476'],CVE-2018-7492
torvalds/linux,https://github.com/torvalds/linux/commit/687cb0884a714ff484d038e9190edc874edcf146,687cb0884a714ff484d038e9190edc874edcf146,['CWE-416'],CVE-2017-18202
Icinga/icinga2,https://github.com/Icinga/icinga2/commit/c8c193a9d825acc6c6da8fc33688971d01c7fbd7,c8c193a9d825acc6c6da8fc33688971d01c7fbd7,['CWE-Other'],CVE-2018-6533
Icinga/icinga2,https://github.com/Icinga/icinga2/commit/87adc8898900dad326534afef2f218a7e64927d2,87adc8898900dad326534afef2f218a7e64927d2,['CWE-Other'],CVE-2018-6533
xen-project/xen,https://github.com/xen-project/xen/commit/d798a0952903db9d8ee0a580e03f214d2b49b7d7,d798a0952903db9d8ee0a580e03f214d2b49b7d7,['CWE-400'],CVE-2018-7540
xen-project/xen,https://github.com/xen-project/xen/commit/9d2f8f9c65d4da35437f50ed9e812a2c5ab313e2,9d2f8f9c65d4da35437f50ed9e812a2c5ab313e2,['CWE-Other'],CVE-2018-7541
xen-project/xen,https://github.com/xen-project/xen/commit/38bfcc165dda5f4284d7c218b91df9e144ddd88d,38bfcc165dda5f4284d7c218b91df9e144ddd88d,['CWE-Other'],CVE-2018-7541
xen-project/xen,https://github.com/xen-project/xen/commit/0aa6158b674c5d083b75ac8fcd1e7ae92d0c39ae,0aa6158b674c5d083b75ac8fcd1e7ae92d0c39ae,['CWE-476'],CVE-2018-7542
torvalds/linux,https://github.com/torvalds/linux/commit/b9a41d21dceadf8104812626ef85dc56ee8a60ed,b9a41d21dceadf8104812626ef85dc56ee8a60ed,['CWE-362'],CVE-2017-18203
torvalds/linux,https://github.com/torvalds/linux/commit/28f5a8a7c033cbf3e32277f4cc9c6afd74f05300,28f5a8a7c033cbf3e32277f4cc9c6afd74f05300,['CWE-Other'],CVE-2017-18204
ffmpeg,https://github.com/FFmpeg/FFmpeg/commit/e724bd1dd9efea3abb8586d6644ec07694afceae,e724bd1dd9efea3abb8586d6644ec07694afceae,['CWE-125'],CVE-2018-7557
torvalds/linux,https://github.com/torvalds/linux/commit/6ea8d958a2c95a1d514015d4e29ba21a8c0a1a91,6ea8d958a2c95a1d514015d4e29ba21a8c0a1a91,['CWE-835'],CVE-2017-18208
ImageMagick,https://github.com/ImageMagick/ImageMagick/commit/22eec833cd72b5abab2627fcacc27d2dfb6aa6e7,22eec833cd72b5abab2627fcacc27d2dfb6aa6e7,['CWE-476'],CVE-2017-18211
ImageMagick,https://github.com/ImageMagick/ImageMagick/commit/96c2fab85e1699c87080271254c5a01387805564,96c2fab85e1699c87080271254c5a01387805564,['CWE-476'],CVE-2017-18211
torvalds/linux,https://github.com/torvalds/linux/commit/57ebd808a97d7c5b1e1afb937c2db22beba3c1f8,57ebd808a97d7c5b1e1afb937c2db22beba3c1f8,['CWE-476'],CVE-2018-1065
torvalds/linux,https://github.com/torvalds/linux/commit/cabfb3680f78981d26c078a26e5c748531257ebb,cabfb3680f78981d26c078a26e5c748531257ebb,['CWE-476'],CVE-2018-1066
uclouvain/openjpeg,https://github.com/uclouvain/openjpeg/commit/cc3824767bde397fedb8a1ae4786a222ba860c8d,cc3824767bde397fedb8a1ae4786a222ba860c8d,['CWE-119'],CVE-2018-7648
torvalds/linux,https://github.com/torvalds/linux/commit/853bc26a7ea39e354b9f8889ae7ad1492ffa28d2,853bc26a7ea39e354b9f8889ae7ad1492ffa28d2,['CWE-476'],CVE-2017-18216
torvalds/linux,https://github.com/torvalds/linux/commit/27463ad99f738ed93c7c8b3e2e5bc8c4853a2ff2,27463ad99f738ed93c7c8b3e2e5bc8c4853a2ff2,['CWE-416'],CVE-2017-18218
gdraheim/zziplib,https://github.com/gdraheim/zziplib/commit/1ba660b3300d67b8ce9f6b96bbae0b36fa2d6b06,1ba660b3300d67b8ce9f6b96bbae0b36fa2d6b06,['CWE-119'],CVE-2018-7725
gdraheim/zziplib,https://github.com/gdraheim/zziplib/commit/feae4da1a5c92100c44ebfcbaaa895959cc0829b,feae4da1a5c92100c44ebfcbaaa895959cc0829b,['CWE-119'],CVE-2018-7726
gdraheim/zziplib,https://github.com/gdraheim/zziplib/commit/19c9e4dc6c5cf92a38d0d23dbccac6993f9c41be,19c9e4dc6c5cf92a38d0d23dbccac6993f9c41be,['CWE-119'],CVE-2018-7726
gdraheim/zziplib,https://github.com/gdraheim/zziplib/commit/83a2da55922f67e07f22048ac9671a44cc0d35c4,83a2da55922f67e07f22048ac9671a44cc0d35c4,['CWE-772'],CVE-2018-7727
torvalds/linux,https://github.com/torvalds/linux/commit/70feee0e1ef331b22cc51f383d532a0d043fbdcc,70feee0e1ef331b22cc51f383d532a0d043fbdcc,['CWE-20'],CVE-2017-18221
python/cpython,https://github.com/python/cpython/commit/f31f9b43954e06738af0f90fd75c45f869cd678a,f31f9b43954e06738af0f90fd75c45f869cd678a,['CWE-120'],CVE-2018-1000117
torvalds/linux,https://github.com/torvalds/linux/commit/412b65d15a7f8a93794653968308fc100f2aa87c,412b65d15a7f8a93794653968308fc100f2aa87c,['CWE-119'],CVE-2017-18222
torvalds/linux,https://github.com/torvalds/linux/commit/4a491b1ab11ca0556d2fda1ff1301e862a2d44c4,4a491b1ab11ca0556d2fda1ff1301e862a2d44c4,['CWE-772'],CVE-2018-7757
libming,https://github.com/libming/libming/commit/0aab70a3020dd8b4fad66b20995fc691f24a0317,0aab70a3020dd8b4fad66b20995fc691f24a0317,['CWE-476'],CVE-2018-7866
libming,https://github.com/libming/libming/commit/30170828f1e8e4dff95af6e319b4ad59e64796d9,30170828f1e8e4dff95af6e319b4ad59e64796d9,['CWE-787'],CVE-2018-7867
libming,https://github.com/libming/libming/commit/efc75c28e89fe864cf0412d5a5f0b4a451e14509,efc75c28e89fe864cf0412d5a5f0b4a451e14509,['CWE-787'],CVE-2018-7873
sddm,https://github.com/sddm/sddm/commit/71b921d9304cdfae47bcd587bf0b6b1dd971c8f3,71b921d9304cdfae47bcd587bf0b6b1dd971c8f3,['CWE-306'],CVE-2014-7271
sddm,https://github.com/sddm/sddm/commit/e92c466f5c324b429ce1a8aa1b40d208574c778a,e92c466f5c324b429ce1a8aa1b40d208574c778a,['CWE-264'],CVE-2014-7272
ClusterLabs/booth,https://github.com/ClusterLabs/booth/commit/35bf0b7b048d715f671eb68974fb6b4af6528c67,35bf0b7b048d715f671eb68974fb6b4af6528c67,['CWE-287'],CVE-2022-2553
albertodemichelis/squirrel,https://github.com/albertodemichelis/squirrel/commit/23a0620658714b996d20da3d4dd1a0dcf9b0bd98,23a0620658714b996d20da3d4dd1a0dcf9b0bd98,['CWE-125'],CVE-2021-41556
landfillbaby/png2webp,https://github.com/landfillbaby/png2webp/commit/8f21ad79b0cd98fc22d5b49734543101946abbff,8f21ad79b0cd98fc22d5b49734543101946abbff,['CWE-787'],CVE-2022-36752
torvalds/linux,https://github.com/torvalds/linux/commit/96e8fc5818686d4a1591bb6907e7fdb64ef29884,96e8fc5818686d4a1591bb6907e7fdb64ef29884,['CWE-Other'],CVE-2022-36123
milkytracker/MilkyTracker,https://github.com/milkytracker/MilkyTracker/commit/3a5474f9102cbdc10fbd9e7b1b2c8d3f3f45d91b,3a5474f9102cbdc10fbd9e7b1b2c8d3f3f45d91b,['CWE-787'],CVE-2022-34927
MonetDB,https://github.com/MonetDB/MonetDB/commit/d189f931497f2f700e05952b677f549266565862,d189f931497f2f700e05952b677f549266565862,['CWE-617'],CVE-2022-34967
umlaeute/v4l2loopback,https://github.com/umlaeute/v4l2loopback/commit/e4cd225557486c420f6a34411f98c575effd43dd,e4cd225557486c420f6a34411f98c575effd43dd,['CWE-134'],CVE-2022-2652
troglobit/uftpd,https://github.com/troglobit/uftpd/commit/5c3b20158bae4f93e70f6ef8b3b3681006e20680,5c3b20158bae4f93e70f6ef8b3b3681006e20680,['CWE-476'],CVE-2020-14149
openbmc/phosphor-host-ipmid,https://github.com/openbmc/phosphor-host-ipmid/commit/b265455a2518ece7c004b43c144199ec980fc620,b265455a2518ece7c004b43c144199ec980fc620,['CWE-276'],CVE-2020-14156
jerryscript-project/jerryscript,https://github.com/jerryscript-project/jerryscript/commit/c2b662170245a16f46ce02eae68815c325d99821,c2b662170245a16f46ce02eae68815c325d99821,['CWE-125'],CVE-2020-14163
LibVNC/libvncserver,https://github.com/LibVNC/libvncserver/commit/8b06f835e259652b0ff026898014fc7297ade858,8b06f835e259652b0ff026898014fc7297ade858,['CWE-909'],CVE-2018-21247
LibVNC/libvncserver,https://github.com/LibVNC/libvncserver/commit/3fd03977c9b35800d73a865f167338cb4d05b0c1,3fd03977c9b35800d73a865f167338cb4d05b0c1,['CWE-120'],CVE-2019-20839
LibVNC/libvncserver,https://github.com/LibVNC/libvncserver/commit/0cf1400c61850065de590d403f6d49e32882fd76,0cf1400c61850065de590d403f6d49e32882fd76,['CWE-787'],CVE-2019-20840
LibVNC/libvncserver,https://github.com/LibVNC/libvncserver/commit/33441d90a506d5f3ae9388f2752901227e430553,33441d90a506d5f3ae9388f2752901227e430553,['CWE-476'],CVE-2020-14396
LibVNC/libvncserver,https://github.com/LibVNC/libvncserver/commit/38e98ee61d74f5f5ab4aa4c77146faad1962d6d0,38e98ee61d74f5f5ab4aa4c77146faad1962d6d0,['CWE-476'],CVE-2020-14397
LibVNC/libvncserver,https://github.com/LibVNC/libvncserver/commit/57433015f856cc12753378254ce4f1c78f5d9c7b,57433015f856cc12753378254ce4f1c78f5d9c7b,['CWE-835'],CVE-2020-14398
LibVNC/libvncserver,https://github.com/LibVNC/libvncserver/commit/23e5cbe6b090d7f22982aee909a6a618174d3c2d,23e5cbe6b090d7f22982aee909a6a618174d3c2d,['CWE-Other'],CVE-2020-14399
LibVNC/libvncserver,https://github.com/LibVNC/libvncserver/commit/53073c8d7e232151ea2ecd8a1243124121e10e2d,53073c8d7e232151ea2ecd8a1243124121e10e2d,['CWE-Other'],CVE-2020-14400
LibVNC/libvncserver,https://github.com/LibVNC/libvncserver/commit/a6788d1da719ae006605b78d22f5a9f170b423af,a6788d1da719ae006605b78d22f5a9f170b423af,['CWE-190'],CVE-2020-14401
LibVNC/libvncserver,https://github.com/LibVNC/libvncserver/commit/8937203441ee241c4ace85da687b7d6633a12365,8937203441ee241c4ace85da687b7d6633a12365,['CWE-770'],CVE-2020-14405
mjurczak/mbed-coap,https://github.com/mjurczak/mbed-coap/commit/4647a68e364401e81dbd370728127d844f221d93,4647a68e364401e81dbd370728127d844f221d93,"['CWE-401', 'CWE-190']",CVE-2020-12887
jaygreig86/dmitry,https://github.com/jaygreig86/dmitry/commit/da1fda491145719ae15dd36dd37a69bdbba0b192,da1fda491145719ae15dd36dd37a69bdbba0b192,['CWE-787'],CVE-2020-14931
chocolate-doom,https://github.com/chocolate-doom/chocolate-doom/commit/f1a8d991aa8a14afcb605cf2f65cd15fda204c56,f1a8d991aa8a14afcb605cf2f65cd15fda204c56,['CWE-120'],CVE-2020-14983
Lora-net/LoRaMac-node,https://github.com/Lora-net/LoRaMac-node/commit/e3063a91daa7ad8a687223efa63079f0c24568e4,e3063a91daa7ad8a687223efa63079f0c24568e4,['CWE-120'],CVE-2020-11068
GNS3/ubridge,https://github.com/GNS3/ubridge/commit/2eb0d1dab6a6de76cf3556130a2d52af101077db,2eb0d1dab6a6de76cf3556130a2d52af101077db,['CWE-269'],CVE-2020-14976
AXDOOMER/doom-vanille,https://github.com/AXDOOMER/doom-vanille/commit/8a6d9a02fa991a91ff90ccdc73b5ceabaa6cb9ec,8a6d9a02fa991a91ff90ccdc73b5ceabaa6cb9ec,['CWE-120'],CVE-2020-15007
python-pillow/Pillow,https://github.com/python-pillow/Pillow/commit/6a83e4324738bb0452fbe8074a995b1c73f08de7,6a83e4324738bb0452fbe8074a995b1c73f08de7,['CWE-125'],CVE-2020-10378
python-pillow/Pillow,https://github.com/python-pillow/Pillow/commit/c5e9de15b1b5e082626c68d443098ded36a15fc8,c5e9de15b1b5e082626c68d443098ded36a15fc8,['CWE-125'],CVE-2020-10994
python-pillow/Pillow,https://github.com/python-pillow/Pillow/commit/cf6da6b79080a8c16984102fdc85f7ce28dca613,cf6da6b79080a8c16984102fdc85f7ce28dca613,['CWE-125'],CVE-2020-10994
python-pillow/Pillow,https://github.com/python-pillow/Pillow/commit/394d6a180a4b63a149a223b13e98a3209f837147,394d6a180a4b63a149a223b13e98a3209f837147,['CWE-125'],CVE-2020-11538
AcademySoftwareFoundation/openexr,https://github.com/AcademySoftwareFoundation/openexr/commit/40df8423a375c7d87534660b2fd2151fe9126a49,40df8423a375c7d87534660b2fd2151fe9126a49,['CWE-476'],CVE-2020-15304
AcademySoftwareFoundation/openexr,https://github.com/AcademySoftwareFoundation/openexr/commit/06c4b655f9fae8e47825de94216146ffbebe1f99,06c4b655f9fae8e47825de94216146ffbebe1f99,['CWE-416'],CVE-2020-15305
AcademySoftwareFoundation/openexr,https://github.com/AcademySoftwareFoundation/openexr/commit/9c1c33d16ca0cb7a2365835fd77d758a1ea0bb62,9c1c33d16ca0cb7a2365835fd77d758a1ea0bb62,['CWE-787'],CVE-2020-15306
uclouvain/openjpeg,https://github.com/uclouvain/openjpeg/commit/e8e258ab049240c2dd1f1051b4e773b21e2d3dc0,e8e258ab049240c2dd1f1051b4e773b21e2d3dc0,['CWE-416'],CVE-2020-15389
ntop/nDPI,https://github.com/ntop/nDPI/commit/61066fb106efa6d3d95b67e47b662de208b2b622,61066fb106efa6d3d95b67e47b662de208b2b622,['CWE-125'],CVE-2020-15471
ntop/nDPI,https://github.com/ntop/nDPI/commit/b7e666e465f138ae48ab81976726e67deed12701,b7e666e465f138ae48ab81976726e67deed12701,['CWE-125'],CVE-2020-15472
ntop/nDPI,https://github.com/ntop/nDPI/commit/8e7b1ea7a136cc4e4aa9880072ec2d69900a825e,8e7b1ea7a136cc4e4aa9880072ec2d69900a825e,['CWE-125'],CVE-2020-15473
ntop/nDPI,https://github.com/ntop/nDPI/commit/23594f036536468072198a57c59b6e9d63caf6ce,23594f036536468072198a57c59b6e9d63caf6ce,['CWE-787'],CVE-2020-15474
ntop/nDPI,https://github.com/ntop/nDPI/commit/6a9f5e4f7c3fd5ddab3e6727b071904d76773952,6a9f5e4f7c3fd5ddab3e6727b071904d76773952,['CWE-416'],CVE-2020-15475
ntop/nDPI,https://github.com/ntop/nDPI/commit/b69177be2fbe01c2442239a61832c44e40136c05,b69177be2fbe01c2442239a61832c44e40136c05,['CWE-125'],CVE-2020-15476
milkytracker/MilkyTracker,https://github.com/milkytracker/MilkyTracker/commit/7afd55c42ad80d01a339197a2d8b5461d214edaf,7afd55c42ad80d01a339197a2d8b5461d214edaf,['CWE-416'],CVE-2020-15569
xen-project/xen,https://github.com/xen-project/xen/commit/23a216f99d40fbfbc2318ade89d8213eea6ba1f8,23a216f99d40fbfbc2318ade89d8213eea6ba1f8,['CWE-119'],CVE-2020-15563
xen-project/xen,https://github.com/xen-project/xen/commit/3fdc211b01b29f252166937238efe02d15cb5780,3fdc211b01b29f252166937238efe02d15cb5780,['CWE-119'],CVE-2020-15564
xen-project/xen,https://github.com/xen-project/xen/commit/1104288186ee73a7f9bfa41cbaa5bb7611521028,1104288186ee73a7f9bfa41cbaa5bb7611521028,['CWE-362'],CVE-2020-15567
xen-project/xen,https://github.com/xen-project/xen/commit/bc3d9f95d661372b059a5539ae6cb1e79435bb95,bc3d9f95d661372b059a5539ae6cb1e79435bb95,['CWE-362'],CVE-2020-15567
RIOT-OS/RIOT,https://github.com/RIOT-OS/RIOT/commit/3c7fd0cdc93c1a1be1ccdc394b5bd8d8aef7a303,3c7fd0cdc93c1a1be1ccdc394b5bd8d8aef7a303,"['CWE-119', 'CWE-131']",CVE-2020-15350
RIOT-OS/RIOT,https://github.com/RIOT-OS/RIOT/commit/f8ac003bbfe11956578dd2189827686c27374d06,f8ac003bbfe11956578dd2189827686c27374d06,"['CWE-119', 'CWE-131']",CVE-2020-15350
openthread/wpantund,https://github.com/openthread/wpantund/commit/0e5d1601febb869f583e944785e5685c6c747be7,0e5d1601febb869f583e944785e5685c6c747be7,['CWE-401'],CVE-2020-8916
LibreDWG/libredwg,https://github.com/LibreDWG/libredwg/commit/b84c2cab55948a5ee70860779b2640913e3ee1ed,b84c2cab55948a5ee70860779b2640913e3ee1ed,['CWE-787'],CVE-2019-20912
LibreDWG/libredwg,https://github.com/LibreDWG/libredwg/commit/3b837bb72d6b9ab4d563faa211f90efc257e3c96,3b837bb72d6b9ab4d563faa211f90efc257e3c96,['CWE-476'],CVE-2019-20914
LibreDWG/libredwg,https://github.com/LibreDWG/libredwg/commit/95cc9300430d35feb05b06a9badf678419463dbe,95cc9300430d35feb05b06a9badf678419463dbe,['CWE-125'],CVE-2019-20915
python/cpython,https://github.com/python/cpython/commit/c92eb8616e86981c50f8fbeafa022b3a6647fdc7,c92eb8616e86981c50f8fbeafa022b3a6647fdc7,['CWE-426'],CVE-2020-15801
GNOME/evolution-data-server,https://github.com/GNOME/evolution-data-server/commit/ba82be72cfd427b5d72ff21f929b3a6d8529c4df,ba82be72cfd427b5d72ff21f929b3a6d8529c4df,['CWE-74'],CVE-2020-14928
torvalds/linux,https://github.com/torvalds/linux/commit/cadfad870154e14f745ec845708bc17d166065f2,cadfad870154e14f745ec845708bc17d166065f2,['CWE-276'],CVE-2020-15852
mruby,https://github.com/mruby/mruby/commit/6334949ba69363cb909a57d6871895bd6d98bb6b,6334949ba69363cb909a57d6871895bd6d98bb6b,['CWE-787'],CVE-2020-15866
ilanschnell/bsdiff4,https://github.com/ilanschnell/bsdiff4/commit/49a4cee2feef7deaf9d89e5e793a8824930284d7,49a4cee2feef7deaf9d89e5e793a8824930284d7,['CWE-787'],CVE-2020-15904
CauldronDevelopmentLLC/cbang,https://github.com/CauldronDevelopmentLLC/cbang/commit/1c1dba62bd3e6fa9d0d0c0aa21926043b75382c7,1c1dba62bd3e6fa9d0d0c0aa21926043b75382c7,['CWE-22'],CVE-2020-15908
dinhvh/libetpan,https://github.com/dinhvh/libetpan/commit/874ebf7ce9d108c6c1def733f90d156b44fb6ef7,874ebf7ce9d108c6c1def733f90d156b44fb6ef7,['CWE-74'],CVE-2020-15953
dinhvh/libetpan,https://github.com/dinhvh/libetpan/commit/6068b0fa8310bced874b322b20ac470472c64784,6068b0fa8310bced874b322b20ac470472c64784,['CWE-74'],CVE-2020-15953
cherokee/webserver,https://github.com/cherokee/webserver/commit/5855ac91381d39bbbf11e1c301a738606dc9b1e0,5855ac91381d39bbbf11e1c301a738606dc9b1e0,['CWE-476'],CVE-2020-12845
cherokee/webserver,https://github.com/cherokee/webserver/commit/7d8d903399c168708ace4bc2cdd8a551777fa1b3,7d8d903399c168708ace4bc2cdd8a551777fa1b3,['CWE-476'],CVE-2020-12845
cherokee/webserver,https://github.com/cherokee/webserver/commit/1542244907b4c0a595444640341b2daea91d5767,1542244907b4c0a595444640341b2daea91d5767,['CWE-476'],CVE-2020-12845
openbsd/src,https://github.com/openbsd/src/commit/7afb2d41c6d373cf965285840b85c45011357115,7afb2d41c6d373cf965285840b85c45011357115,['CWE-287'],CVE-2020-16088
ArtifexSoftware/ghostpdl,https://github.com/ArtifexSoftware/ghostpdl/commit/5d499272b95a6b890a1397e11d20937de000d31b,5d499272b95a6b890a1397e11d20937de000d31b,"['CWE-191', 'CWE-787']",CVE-2020-15900
GNOME/evolution-data-server,https://github.com/GNOME/evolution-data-server/commit/2cc39592b532cf0dc994fd3694b8e6bf924c9ab5,2cc39592b532cf0dc994fd3694b8e6bf924c9ab5,['CWE-476'],CVE-2020-16117
GNOME/balsa,https://github.com/GNOME/balsa/commit/4e245d758e1c826a01080d40c22ca8706f0339e5,4e245d758e1c826a01080d40c22ca8706f0339e5,['CWE-476'],CVE-2020-16118
radareorg/radare2,https://github.com/radareorg/radare2/commit/0523c79d6e63858c990821a990edcb82cf8af284,0523c79d6e63858c990821a990edcb82cf8af284,['CWE-Other'],CVE-2020-16269
radareorg/radare2,https://github.com/radareorg/radare2/commit/5319d3525523a5e1cb5d48005e4fd1b79512db95,5319d3525523a5e1cb5d48005e4fd1b79512db95,['CWE-Other'],CVE-2020-16269
google/asylo,https://github.com/google/asylo/commit/e582f36ac49ee11a21d23ad6a30c333092e0a94e,e582f36ac49ee11a21d23ad6a30c333092e0a94e,['CWE-119'],CVE-2020-8904
google/asylo,https://github.com/google/asylo/commit/299f804acbb95a612ab7c504d25ab908aa59ae93,299f804acbb95a612ab7c504d25ab908aa59ae93,['CWE-120'],CVE-2020-8905
ArtifexSoftware/ghostpdl,https://github.com/ArtifexSoftware/ghostpdl/commit/450da26a76286a8342ec0864b3d113856709f8f6,450da26a76286a8342ec0864b3d113856709f8f6,['CWE-787'],CVE-2020-16287
ArtifexSoftware/ghostpdl,https://github.com/ArtifexSoftware/ghostpdl/commit/aba3375ac24f8e02659d9b1eb9093909618cdb9f,aba3375ac24f8e02659d9b1eb9093909618cdb9f,['CWE-120'],CVE-2020-16288
ArtifexSoftware/ghostpdl,https://github.com/ArtifexSoftware/ghostpdl/commit/d31e25ed5b130499e0d880e4609b1b4824699768,d31e25ed5b130499e0d880e4609b1b4824699768,['CWE-787'],CVE-2020-16289
ArtifexSoftware/ghostpdl,https://github.com/ArtifexSoftware/ghostpdl/commit/93cb0c0adbd9bcfefd021d59c472388f67d3300d,93cb0c0adbd9bcfefd021d59c472388f67d3300d,['CWE-787'],CVE-2020-16290
ArtifexSoftware/ghostpdl,https://github.com/ArtifexSoftware/ghostpdl/commit/863ada11f9a942a622a581312e2be022d9e2a6f7,863ada11f9a942a622a581312e2be022d9e2a6f7,['CWE-787'],CVE-2020-16292
ArtifexSoftware/ghostpdl,https://github.com/ArtifexSoftware/ghostpdl/commit/7870f4951bcc6a153f317e3439e14d0e929fd231,7870f4951bcc6a153f317e3439e14d0e929fd231,['CWE-476'],CVE-2020-16293
ArtifexSoftware/ghostpdl,https://github.com/ArtifexSoftware/ghostpdl/commit/89f58f1aa95b3482cadf6977da49457194ee5358,89f58f1aa95b3482cadf6977da49457194ee5358,['CWE-120'],CVE-2020-16294
ArtifexSoftware/ghostpdl,https://github.com/ArtifexSoftware/ghostpdl/commit/2c2dc335c212750e0fb8ae157063bc06cafa8d3e,2c2dc335c212750e0fb8ae157063bc06cafa8d3e,['CWE-476'],CVE-2020-16295
ArtifexSoftware/ghostpdl,https://github.com/ArtifexSoftware/ghostpdl/commit/9f39ed4a92578a020ae10459643e1fe72573d134,9f39ed4a92578a020ae10459643e1fe72573d134,['CWE-787'],CVE-2020-16296
ArtifexSoftware/ghostpdl,https://github.com/ArtifexSoftware/ghostpdl/commit/bf72f1a3dd5392ee8291e3b1518a0c2c5dc6ba39,bf72f1a3dd5392ee8291e3b1518a0c2c5dc6ba39,['CWE-787'],CVE-2020-16297
ArtifexSoftware/ghostpdl,https://github.com/ArtifexSoftware/ghostpdl/commit/849e74e5ab450dd581942192da7101e0664fa5af,849e74e5ab450dd581942192da7101e0664fa5af,['CWE-120'],CVE-2020-16298
ArtifexSoftware/ghostpdl,https://github.com/ArtifexSoftware/ghostpdl/commit/4fcbece468706e0e89ed2856729b2ccacbc112be,4fcbece46870,['CWE-369'],CVE-2020-16299
ArtifexSoftware/ghostpdl,https://github.com/ArtifexSoftware/ghostpdl/commit/714e8995cd582d418276915cbbec3c70711fb19e,714e8995cd582d418276915cbbec3c70711fb19e,['CWE-787'],CVE-2020-16300
ArtifexSoftware/ghostpdl,https://github.com/ArtifexSoftware/ghostpdl/commit/f54414c8b15b2c27d1dcadd92cfe84f6d15f18dc,f54414c8b15b2c27d1dcadd92cfe84f6d15f18dc,['CWE-120'],CVE-2020-16301
ArtifexSoftware/ghostpdl,https://github.com/ArtifexSoftware/ghostpdl/commit/366ad48d076c1aa4c8f83c65011258a04e348207,366ad48d076c1aa4c8f83c65011258a04e348207,['CWE-120'],CVE-2020-16302
ArtifexSoftware/ghostpdl,https://github.com/ArtifexSoftware/ghostpdl/commit/94d8955cb7725eb5f3557ddc02310c76124fdd1a,94d8955cb77,['CWE-416'],CVE-2020-16303
ArtifexSoftware/ghostpdl,https://github.com/ArtifexSoftware/ghostpdl/commit/2793769ff107d8d22dadd30c6e68cd781b569550,2793769ff107d8d22dadd30c6e68cd781b569550,['CWE-787'],CVE-2020-16305
ArtifexSoftware/ghostpdl,https://github.com/ArtifexSoftware/ghostpdl/commit/aadb53eb834b3def3ef68d78865ff87a68901804,aadb53eb834b3def3ef68d78865ff87a68901804,['CWE-476'],CVE-2020-16306
ArtifexSoftware/ghostpdl,https://github.com/ArtifexSoftware/ghostpdl/commit/af004276fd8f6c305727183c159b83021020f7d6,af004276fd8f6c305727183c159b83021020f7d6,['CWE-787'],CVE-2020-16308
ArtifexSoftware/ghostpdl,https://github.com/ArtifexSoftware/ghostpdl/commit/a6f7464dddc689386668a38b92dfd03cc1b38a10,a6f7464dddc689386668a38b92dfd03cc1b38a10,['CWE-787'],CVE-2020-16309
ArtifexSoftware/ghostpdl,https://github.com/ArtifexSoftware/ghostpdl/commit/eaba1d97b62831b42c51840cc8ee2bc4576c942e,eaba1d97b62831b42c51840cc8ee2bc4576c942e,['CWE-369'],CVE-2020-16310
wireshark,https://github.com/wireshark/wireshark/commit/76afda963de4f0b9be24f2d8e873990a5cbf221b,76afda963de4f0b9be24f2d8e873990a5cbf221b,['CWE-415'],CVE-2020-17498
nginx/njs,https://github.com/nginx/njs/commit/9ab425eac2b6c7eb3a932c8e6934e9992435e328,9ab425eac2b6c7eb3a932c8e6934e9992435e328,"['CWE-125', 'CWE-416']",CVE-2020-24346
nginx/njs,https://github.com/nginx/njs/commit/63aa001ebd7a386939851cf8b2c0332d718f5c23,63aa001ebd7a386939851cf8b2c0332d718f5c23,['CWE-125'],CVE-2020-24348
wolfSSL/wolfssl,https://github.com/wolfSSL/wolfssl/commit/36a6fdec96cece81bc39332b0295782dc53fd51c,36a6fdec96cece81bc39332b0295782dc53fd51c,['CWE-Other'],CVE-2020-24585
mz-automation/libiec61850,https://github.com/mz-automation/libiec61850/commit/033ab5b6488250c8c3b838f25a7cbc3e099230bb,033ab5b6488250c8c3b838f25a7cbc3e099230bb,['CWE-191'],CVE-2020-15158
openzfs/zfs,https://github.com/openzfs/zfs/commit/716b53d0a14c72bda16c0872565dd1909757e73f,716b53d0a14c72bda16c0872565dd1909757e73f,"['CWE-863', 'CWE-276']",CVE-2020-24716
KDE/ark,https://github.com/KDE/ark/commit/8bf8c5ef07b0ac5e914d752681e470dea403a5bd,8bf8c5ef07b0ac5e914d752681e470dea403a5bd,['CWE-59'],CVE-2020-24654
GNOME/libxml2,https://github.com/GNOME/libxml2/commit/50f06b3efb638efb0abd95dc62dca05ae67882c2,50f06b3efb638efb0abd95dc62dca05ae67882c2,['CWE-125'],CVE-2020-24977
facebook/hermes,https://github.com/facebook/hermes/commit/fe52854cdf6725c2eaa9e125995da76e6ceb27da,fe52854cdf6725c2eaa9e125995da76e6ceb27da,['CWE-843'],CVE-2020-1911
facebook/hermes,https://github.com/facebook/hermes/commit/091835377369c8fd5917d9b87acffa721ad2a168,091835377369c8fd5917d9b87acffa721ad2a168,"['CWE-787', 'CWE-125']",CVE-2020-1912
libproxy,https://github.com/libproxy/libproxy/commit/a83dae404feac517695c23ff43ce1e116e2bfbe0,a83dae404feac517695c23ff43ce1e116e2bfbe0,['CWE-674'],CVE-2020-25219
zeromq/libzmq,https://github.com/zeromq/libzmq/commit/350b4b34f460b91b8fa8f692cf6bc30d561a5711,350b4b34f460b91b8fa8f692cf6bc30d561a5711,['CWE-400'],CVE-2020-15166
zeromq/libzmq,https://github.com/zeromq/libzmq/commit/e7f0090b161ce6344f6bd35009816a925c070b09,e7f0090b161ce6344f6bd35009816a925c070b09,['CWE-400'],CVE-2020-15166
linux4sam/at91bootstrap,https://github.com/linux4sam/at91bootstrap/commit/7753914c9a622c245f3a3cf2af5e24b6a9904213,7753914c9a622c245f3a3cf2af5e24b6a9904213,['CWE-203'],CVE-2020-11683
linux4sam/at91bootstrap,https://github.com/linux4sam/at91bootstrap/commit/45419497309ffbf27c17ea7938499aca99168927,45419497309ffbf27c17ea7938499aca99168927,['CWE-212'],CVE-2020-11684
objsys/oocborrt,https://github.com/objsys/oocborrt/commit/539851c66778f68a244633985f6f8d0df94ea3b3,539851c66778f68a244633985f6f8d0df94ea3b3,"['CWE-908', 'CWE-787', 'CWE-755']",CVE-2020-24753
cesanta/mongoose,https://github.com/cesanta/mongoose/commit/a3691602960e0a479565b439645e6b883a11a273,a3691602960e0a479565b439645e6b883a11a273,['CWE-120'],CVE-2020-25756
mltframework/shotcut,https://github.com/mltframework/shotcut/commit/f008adc039642307f6ee3378d378cdb842e52c1d,f008adc039642307f6ee3378d378cdb842e52c1d,['CWE-295'],CVE-2020-24619
Fluorohydride/ygopro,https://github.com/Fluorohydride/ygopro/commit/3587d3bc009ea28eab68cb9ba86a442a4f3c7a3f,3587d3bc009ea28eab68cb9ba86a442a4f3c7a3f,['CWE-190'],CVE-2020-24213
xen-project/xen,https://github.com/xen-project/xen/commit/beb54596cfdaf15f6a86d7b1bf84ca8a0b9c6b9b,beb54596cfdaf15f6a86d7b1bf84ca8a0b9c6b9b,['CWE-269'],CVE-2020-25595
xen-project/xen,https://github.com/xen-project/xen/commit/cb5e9730862ba0c99e81d3fbd8f65010707245e4,cb5e9730862ba0c99e81d3fbd8f65010707245e4,['CWE-269'],CVE-2020-25595
xen-project/xen,https://github.com/xen-project/xen/commit/e59ce972d1280c6c55065da822e0860845582053,e59ce972d1280c6c55065da822e0860845582053,['CWE-755'],CVE-2020-25597
xen-project/xen,https://github.com/xen-project/xen/commit/42317dede5be4fe5be27c873f7a3f94d3bba98e0,42317dede5be4fe5be27c873f7a3f94d3bba98e0,['CWE-670'],CVE-2020-25598
xen-project/xen,https://github.com/xen-project/xen/commit/8d385b247bca40ece40c9279391054bc98934325,8d385b247bca40ece40c9279391054bc98934325,"['CWE-362', 'CWE-119']",CVE-2020-25599
xen-project/xen,https://github.com/xen-project/xen/commit/e045199c7c9c5433d7f1461a741ed539a75cbfad,e045199c7c9c5433d7f1461a741ed539a75cbfad,"['CWE-362', 'CWE-119']",CVE-2020-25599
xen-project/xen,https://github.com/xen-project/xen/commit/c0ddc8634845aba50774add6e4b73fdaffc82656,c0ddc8634845aba50774add6e4b73fdaffc82656,"['CWE-362', 'CWE-119']",CVE-2020-25599
xen-project/xen,https://github.com/xen-project/xen/commit/62bcdc4edbf6d8c6e8a25544d48de22ccf75310d,62bcdc4edbf6d8c6e8a25544d48de22ccf75310d,['CWE-787'],CVE-2020-25600
xen-project/xen,https://github.com/xen-project/xen/commit/2785b2a9e04abc148e1c5259f4faee708ea356f4,2785b2a9e04abc148e1c5259f4faee708ea356f4,['CWE-Other'],CVE-2020-25601
xen-project/xen,https://github.com/xen-project/xen/commit/8fe7b5f9960f4d9ec46787af394d180c39c6b2db,8fe7b5f9960f4d9ec46787af394d180c39c6b2db,['CWE-Other'],CVE-2020-25601
xen-project/xen,https://github.com/xen-project/xen/commit/e71301ecd50f2d3bd1b960bbf7dcf850d02e7e8a,e71301ecd50f2d3bd1b960bbf7dcf850d02e7e8a,['CWE-755'],CVE-2020-25602
xen-project/xen,https://github.com/xen-project/xen/commit/112992b05b2d2ca63f3c78eefe1cf8d192d7303a,112992b05b2d2ca63f3c78eefe1cf8d192d7303a,['CWE-670'],CVE-2020-25603
xen-project/xen,https://github.com/xen-project/xen/commit/8e76aef72820435e766c7f339ed36da33da90c40,8e76aef72820435e766c7f339ed36da33da90c40,['CWE-362'],CVE-2020-25604
torvalds/linux,https://github.com/torvalds/linux/commit/26896f01467a28651f7a536143fe5ac8449d4041,26896f01467a28651f7a536143fe5ac8449d4041,['CWE-276'],CVE-2020-26088
jerryscript-project/jerryscript,https://github.com/jerryscript-project/jerryscript/commit/7d64ec68d7827ea634e2bdc89fdac0b5662cfe4b,7d64ec68d7827ea634e2bdc89fdac0b5662cfe4b,['CWE-Other'],CVE-2020-13991
libproxy,https://github.com/libproxy/libproxy/commit/4411b523545b22022b4be7d0cac25aa170ae1d3e,4411b523545b22022b4be7d0cac25aa170ae1d3e,['CWE-120'],CVE-2020-26154
ArtifexSoftware/mupdf,https://github.com/ArtifexSoftware/mupdf/commit/af1e390a2c7abceb32676ec684cd1dbb92907ce8,af1e390a2c7abceb32676ec684cd1dbb92907ce8,['CWE-787'],CVE-2020-26519
bminor/glibc,https://github.com/bminor/glibc/commit/2864e767053317538feafa815046fff89e5a16be,2864e767053317538feafa815046fff89e5a16be,['CWE-252'],CVE-1999-0199
wildfly-security/wildfly-openssl-natives,https://github.com/wildfly-security/wildfly-openssl-natives/commit/7c26514676f3fb0dee0bcaa7d4680f982372950f,7c26514676f3fb0dee0bcaa7d4680f982372950f,['CWE-401'],CVE-2020-25644
sympa-community/sympa,https://github.com/sympa-community/sympa/commit/3f8449c647e5ab32cf6f8837cb600c1756b6189c,3f8449c647e5ab32cf6f8837cb600c1756b6189c,['CWE-269'],CVE-2020-26880
livecode,https://github.com/livecode/livecode/commit/d8cb11f12c2e196d1d81c4036e60b6f5d74af0a4,d8cb11f12c2e196d1d81c4036e60b6f5d74af0a4,['CWE-427'],CVE-2020-26894
ros/ros_comm,https://github.com/ros/ros_comm/commit/3dd308911d7294bc6cff12f626b8467fe1555423,3dd308911d7294bc6cff12f626b8467fe1555423,['CWE-190'],CVE-2020-16124
libass,https://github.com/libass/libass/commit/676f9dc5b52ef406c5527bdadbcb947f11392929,676f9dc5b52ef406c5527bdadbcb947f11392929,['CWE-190'],CVE-2020-26682
torvalds/linux,https://github.com/torvalds/linux/commit/5b9fbeb75b6a98955f628e205ac26689bcb1383e,5b9fbeb75b6a98955f628e205ac26689bcb1383e,['CWE-681'],CVE-2020-27194
appneta/tcpreplay,https://github.com/appneta/tcpreplay/commit/8323a7fe1e47d562ebf384aa99633e3df74a01c4,8323a7fe1e47d562ebf384aa99633e3df74a01c4,['CWE-787'],CVE-2020-24265
appneta/tcpreplay,https://github.com/appneta/tcpreplay/commit/61db8adae55e246e0bc9442fbe977fff46154970,61db8adae55e246e0bc9442fbe977fff46154970,['CWE-787'],CVE-2020-24266
neocturne/fastd,https://github.com/neocturne/fastd/commit/737925113363b6130879729cdff9ccc46c33eaea,737925113363b6130879729cdff9ccc46c33eaea,['CWE-617'],CVE-2020-27638
xen-project/xen,https://github.com/xen-project/xen/commit/73f62c7380edf07469581a3049aba98abd63b275,73f62c7380edf07469581a3049aba98abd63b275,['CWE-345'],CVE-2020-27670
xen-project/xen,https://github.com/xen-project/xen/commit/0514a3a25fb9ebff5d75cc8f00a9229385300858,0514a3a25fb9ebff5d75cc8f00a9229385300858,['CWE-345'],CVE-2020-27670
xen-project/xen,https://github.com/xen-project/xen/commit/3b055121c5410e2c3105d6d06aa24ca0d58868cd,3b055121c5410e2c3105d6d06aa24ca0d58868cd,['CWE-345'],CVE-2020-27670
xen-project/xen,https://github.com/xen-project/xen/commit/dea460d86957bf1425a8a1572626099ac3f165a8,dea460d86957bf1425a8a1572626099ac3f165a8,['CWE-Other'],CVE-2020-27671
xen-project/xen,https://github.com/xen-project/xen/commit/5777a3742d88ff1c0ebc626ceb4fd47f9b3dc6d5,5777a3742d88ff1c0ebc626ceb4fd47f9b3dc6d5,['CWE-Other'],CVE-2020-27671
xen-project/xen,https://github.com/xen-project/xen/commit/08e6c6f80b018878476adc2c4e5679d2ce5cb4b1,08e6c6f80b018878476adc2c4e5679d2ce5cb4b1,"['CWE-362', 'CWE-416']",CVE-2020-27672
xen-project/xen,https://github.com/xen-project/xen/commit/1ce75e99d75907aaffae05fcf658a833802bce49,1ce75e99d75907aaffae05fcf658a833802bce49,"['CWE-362', 'CWE-416']",CVE-2020-27672
xen-project/xen,https://github.com/xen-project/xen/commit/b733f8a8b8db83f2d438cab3adb38b387cecfce0,b733f8a8b8db83f2d438cab3adb38b387cecfce0,"['CWE-362', 'CWE-416']",CVE-2020-27672
torvalds/linux,https://github.com/torvalds/linux/commit/e99502f76271d6bc4e374fe368c50c67a1fd3070,e99502f76271d6bc4e374fe368c50c67a1fd3070,['CWE-Other'],CVE-2020-27673
xen-project/xen,https://github.com/xen-project/xen/commit/16a20963b3209788f2c0d3a3eebb7d92f03f5883,16a20963b3209788f2c0d3a3eebb7d92f03f5883,['CWE-787'],CVE-2020-27674
torvalds/linux,https://github.com/torvalds/linux/commit/073d0552ead5bfc7a3a9c01de590e924f11b5dd2,073d0552ead5bfc7a3a9c01de590e924f11b5dd2,"['CWE-362', 'CWE-416', 'CWE-476']",CVE-2020-27675
illumos/illumos-gate,https://github.com/illumos/illumos-gate/commit/1d276e0b382cf066dae93640746d8b4c54d15452,1d276e0b382cf066dae93640746d8b4c54d15452,['CWE-120'],CVE-2020-27678
Motion-Project/motion,https://github.com/Motion-Project/motion/commit/d155cc9e809ca260350f4f8967fccea52ab72917,d155cc9e809ca260350f4f8967fccea52ab72917,['CWE-125'],CVE-2020-26566
facebook/hermes,https://github.com/facebook/hermes/commit/8cb935cd3b2321c46aa6b7ed8454d95c75a7fca0,8cb935cd3b2321c46aa6b7ed8454d95c75a7fca0,['CWE-125'],CVE-2020-1915
kravietz/pam_tacplus,https://github.com/kravietz/pam_tacplus/commit/bceaab0cd51a09b88f40f19da799ac7390264bf8,bceaab0cd51a09b88f40f19da799ac7390264bf8,['CWE-330'],CVE-2020-27743
kravietz/pam_tacplus,https://github.com/kravietz/pam_tacplus/commit/c9bed7496e81e550ee22746f23bbb11be2e046ed,c9bed7496e81e550ee22746f23bbb11be2e046ed,['CWE-330'],CVE-2020-27743
OpenRC/openrc,https://github.com/OpenRC/openrc/commit/b6fef599bf8493480664b766040fa9b0d4b1e335,b6fef599bf8493480664b766040fa9b0d4b1e335,['CWE-59'],CVE-2018-21269
the-tcpdump-group/tcpdump,https://github.com/the-tcpdump-group/tcpdump/commit/32027e199368dad9508965aae8cd8de5b6ab5231,32027e199368dad9508965aae8cd8de5b6ab5231,['CWE-770'],CVE-2020-8037
maxmind/libmaxminddb,https://github.com/maxmind/libmaxminddb/commit/eac45e29196bcde1d123a6035c15d30356bed248,eac45e29196bcde1d123a6035c15d30356bed248,['CWE-125'],CVE-2020-28241
maxmind/libmaxminddb,https://github.com/maxmind/libmaxminddb/commit/3f4eb87657810fc55eea280dfe30bd4a6959995a,3f4eb87657810fc55eea280dfe30bd4a6959995a,['CWE-125'],CVE-2020-28241
GNOME/gdm,https://github.com/GNOME/gdm/commit/dc8235128c3a1fcd5da8f30ab6839d413d353f28,dc8235128c3a1fcd5da8f30ab6839d413d353f28,['CWE-754'],CVE-2020-16125
xen-project/xen,https://github.com/xen-project/xen/commit/628e1becb6fb121475a6ce68e3f1cb4499851255,628e1becb6fb121475a6ce68e3f1cb4499851255,['CWE-862'],CVE-2020-28368
ValveSoftware/GameNetworkingSockets,https://github.com/ValveSoftware/GameNetworkingSockets/commit/d944a10808891d202bb1d5e1998de6e0423af678,d944a10808891d202bb1d5e1998de6e0423af678,['CWE-248'],CVE-2020-6019
torvalds/linux,https://github.com/torvalds/linux/commit/d4122754442799187d5d537a9c039a49a67e57f1,d4122754442799187d5d537a9c039a49a67e57f1,['CWE-763'],CVE-2020-28941
ImageMagick,https://github.com/ImageMagick/ImageMagick/commit/5462fd4725018567764c8f66bed98b7ee3e23006,5462fd4725018567764c8f66bed98b7ee3e23006,['CWE-787'],CVE-2020-19667
enferex/pdfresurrect,https://github.com/enferex/pdfresurrect/commit/1b422459f07353adce2878806d5247d9e91fb397,1b422459f07353adce2878806d5247d9e91fb397,['CWE-787'],CVE-2020-20740
xen-project/xen,https://github.com/xen-project/xen/commit/9b156bcc3ffcc7949edd4460b718a241e87ae302,9b156bcc3ffcc7949edd4460b718a241e87ae302,"['CWE-193', 'CWE-787']",CVE-2020-29040
akheron/jansson,https://github.com/akheron/jansson/commit/64ce0ad3731ebd77e02897b07920eadd0e2cc318,64ce0ad3731ebd77e02897b07920eadd0e2cc318,['CWE-20'],CVE-2016-4425
xen-project/xen,https://github.com/xen-project/xen/commit/46699c7393bd991234b5642763c5c24b6b39a6c4,46699c7393bd991234b5642763c5c24b6b39a6c4,['CWE-264'],CVE-2016-4480
php/php-src,https://github.com/php/php-src/commit/fe13566c93f118a15a96320a546c7878fd0cfc5e,fe13566c93f118a15a96320a546c7878fd0cfc5e,['CWE-119'],CVE-2015-8865
GNOME/libxml2,https://github.com/GNOME/libxml2/commit/8fbbf5513d609c1770b391b99e33314cd0742704,8fbbf5513d609c1770b391b99e33314cd0742704,['CWE-119'],CVE-2016-1834
GNOME/libxml2,https://github.com/GNOME/libxml2/commit/38eae571111db3b43ffdeb05487c9f60551906fb,38eae571111db3b43ffdeb05487c9f60551906fb,['CWE-119'],CVE-2016-1835
GNOME/libxml2,https://github.com/GNOME/libxml2/commit/45752d2c334b50016666d8f0ec3691e2d680f0a0,45752d2c334b50016666d8f0ec3691e2d680f0a0,['CWE-416'],CVE-2016-1836
GNOME/libxml2,https://github.com/GNOME/libxml2/commit/db07dd613e461df93dde7902c6505629bf0734e9,db07dd613e461df93dde7902c6505629bf0734e9,['CWE-125'],CVE-2016-1838
GNOME/libxml2,https://github.com/GNOME/libxml2/commit/a820dbeac29d330bae4be05d9ecd939ad6b4aa33,a820dbeac29d330bae4be05d9ecd939ad6b4aa33,['CWE-125'],CVE-2016-1839
GNOME/libxml2,https://github.com/GNOME/libxml2/commit/cbb271655cadeb8dbb258a64701d9a3a0c4835b4,cbb271655cadeb8dbb258a64701d9a3a0c4835b4,['CWE-119'],CVE-2016-1840
php/php-src,https://github.com/php/php-src/commit/95433e8e339dbb6b5d5541473c1661db6ba2c451,95433e8e339dbb6b5d5541473c1661db6ba2c451,['CWE-189'],CVE-2016-4070
php/php-src,https://github.com/php/php-src/commit/6e25966544fb1d2f3d7596e060ce9c9269bbdcf8,6e25966544fb1d2f3d7596e060ce9c9269bbdcf8,['CWE-20'],CVE-2016-4071
php/php-src,https://github.com/php/php-src/commit/1e9b175204e3286d64dfd6c9f09151c31b5e099a,1e9b175204e3286d64dfd6c9f09151c31b5e099a,['CWE-20'],CVE-2016-4072
php/php-src,https://github.com/php/php-src/commit/64f42c73efc58e88671ad76b6b6bc8e2b62713e1,64f42c73efc58e88671ad76b6b6bc8e2b62713e1,['CWE-119'],CVE-2016-4073
GNOME/librsvg,https://github.com/GNOME/librsvg/commit/40af93e6eb1c94b90c3b9a0b87e0840e126bb8df,40af93e6eb1c94b90c3b9a0b87e0840e126bb8df,['CWE-20'],CVE-2015-7557
GNOME/librsvg,https://github.com/GNOME/librsvg/commit/a51919f7e1ca9c535390a746fbf6e28c8402dc61,a51919f7e1ca9c535390a746fbf6e28c8402dc61,['CWE-20'],CVE-2015-7558
GNOME/librsvg,https://github.com/GNOME/librsvg/commit/d1c9191949747f6dcfd207831d15dd4ba00e31f2,d1c9191949747f6dcfd207831d15dd4ba00e31f2,['CWE-20'],CVE-2016-4348
facebook/hhvm,https://github.com/facebook/hhvm/commit/65c95a01541dd2fbc9c978ac53bed235b5376686,65c95a01541dd2fbc9c978ac53bed235b5376686,['CWE-22'],CVE-2014-9767
php/php-src,https://github.com/php/php-src/commit/dccda88f27a084bcbbb30198ace12b4e7ae961cc,dccda88f27a084bcbbb30198ace12b4e7ae961cc,['CWE-119'],CVE-2016-4539
php/php-src,https://github.com/php/php-src/commit/082aecfc3a753ad03be82cf14f03ac065723ec92,082aecfc3a753ad03be82cf14f03ac065723ec92,['CWE-119'],CVE-2016-4542
torvalds/linux,https://github.com/torvalds/linux/commit/681fef8380eb818c0b845fca5d2ab1dcbab114ee,681fef8380eb818c0b845fca5d2ab1dcbab114ee,['CWE-200'],CVE-2016-4482
torvalds/linux,https://github.com/torvalds/linux/commit/b8670c09f37bdf2847cc44f36511a53afc6161fd,b8670c09f37bdf2847cc44f36511a53afc6161fd,['CWE-200'],CVE-2016-4485
torvalds/linux,https://github.com/torvalds/linux/commit/5f8e44741f9f216e33736ea4ec65ca9ac03036e6,5f8e44741f9f216e33736ea4ec65ca9ac03036e6,['CWE-200'],CVE-2016-4486
torvalds/linux,https://github.com/torvalds/linux/commit/8358b02bf67d3a5d8a825070e1aa73f25fb2e4c7,8358b02bf67d3a5d8a825070e1aa73f25fb2e4c7,['CWE-Other'],CVE-2016-4557
torvalds/linux,https://github.com/torvalds/linux/commit/92117d8443bc5afacc8d5ba82e541946310f106e,92117d8443bc5afacc8d5ba82e541946310f106e,['CWE-Other'],CVE-2016-4558
torvalds/linux,https://github.com/torvalds/linux/commit/e6bd18f57aad1a2d1ef40e646d03ed0f2515c9e3,e6bd18f57aad1a2d1ef40e646d03ed0f2515c9e3,['CWE-264'],CVE-2016-4565
torvalds/linux,https://github.com/torvalds/linux/commit/cec8f96e49d9be372fdb0c3836dcf31ec71e457e,cec8f96e49d9be372fdb0c3836dcf31ec71e457e,['CWE-200'],CVE-2016-4569
torvalds/linux,https://github.com/torvalds/linux/commit/9a47e9cff994f37f7f0dbd9ae23740d0f64f9fe6,9a47e9cff994f37f7f0dbd9ae23740d0f64f9fe6,['CWE-200'],CVE-2016-4578
torvalds/linux,https://github.com/torvalds/linux/commit/e4ec8cc8039a7063e24204299b462bd1383184a5,e4ec8cc8039a7063e24204299b462bd1383184a5,['CWE-200'],CVE-2016-4578
torvalds/linux,https://github.com/torvalds/linux/commit/79e48650320e6fba48369fccf13fd045315b19b8,79e48650320e6fba48369fccf13fd045315b19b8,['CWE-200'],CVE-2016-4580
torvalds/linux,https://github.com/torvalds/linux/commit/5ec0811d30378ae104f250bfc9b3640242d81e3f,5ec0811d30378ae104f250bfc9b3640242d81e3f,['CWE-Other'],CVE-2016-4581
torvalds/linux,https://github.com/torvalds/linux/commit/1f461dcdd296eecedaffffc6bae2bfa90bd7eb89,1f461dcdd296eecedaffffc6bae2bfa90bd7eb89,['CWE-416'],CVE-2016-4805
torvalds/linux,https://github.com/torvalds/linux/commit/99d825822eade8d827a1817357cbf3f889a552d6,99d825822eade8d827a1817357cbf3f889a552d6,['CWE-200'],CVE-2016-4913
torvalds/linux,https://github.com/torvalds/linux/commit/45e093ae2830cd1264677d47ff9a95a71f5d9f9c,45e093ae2830cd1264677d47ff9a95a71f5d9f9c,['CWE-Other'],CVE-2016-4951
kazu-yamamoto/pgpdump,https://github.com/kazu-yamamoto/pgpdump/commit/ece39ddefd102dce7ce84c11580f32a03da568ed,ece39ddefd102dce7ce84c11580f32a03da568ed,['CWE-399'],CVE-2016-4021
GNOME/gdk-pixbuf,https://github.com/GNOME/gdk-pixbuf/commit/dbfe8f70471864818bf458a39c8a99640895bd22,dbfe8f70471864818bf458a39c8a99640895bd22,['CWE-189'],CVE-2015-8875
GNOME/libxslt,https://github.com/GNOME/libxslt/commit/d182d8f6ba3071503d96ce17395c9d55871f0242,d182d8f6ba3071503d96ce17395c9d55871f0242,['CWE-119'],CVE-2016-1683
GNOME/libxslt,https://github.com/GNOME/libxslt/commit/91d0540ac9beaa86719a05b749219a69baa0dd8d,91d0540ac9beaa86719a05b749219a69baa0dd8d,['CWE-Other'],CVE-2016-1684
xen-project/xen,https://github.com/xen-project/xen/commit/9ab1bd9ab64799816c8223a5f210b7a767ab4ccc,9ab1bd9ab64799816c8223a5f210b7a767ab4ccc,['CWE-Other'],CVE-2016-5242
GNOME/libxml2,https://github.com/GNOME/libxml2/commit/00906759053986b8079985644172085f74331f83,00906759053986b8079985644172085f74331f83,['CWE-119'],CVE-2016-4447
GNOME/libxml2,https://github.com/GNOME/libxml2/commit/b1d34de46a11323fccffa9fadeb33be670d602f5,b1d34de46a11323fccffa9fadeb33be670d602f5,['CWE-20'],CVE-2016-4449
jpirko/libndp,https://github.com/jpirko/libndp/commit/a4892df306e0532487f1634ba6d4c6d4bb381c7f,a4892df306e0532487f1634ba6d4c6d4bb381c7f,['CWE-284'],CVE-2016-3698
jpirko/libndp,https://github.com/jpirko/libndp/commit/2af9a55b38b55abbf05fd116ec097d4029115839,2af9a55b38b55abbf05fd116ec097d4029115839,['CWE-284'],CVE-2016-3698
quassel,https://github.com/quassel/quassel/commit/e67887343c433cc35bc26ad6a9392588f427e746,e678873,['CWE-Other'],CVE-2016-4414
qemu,https://github.com/qemu/qemu/commit/fa1298c2d623522eda7b4f1f721fcb935abb7360,fa1298c2d623522eda7b4f1f721fcb935abb7360,['CWE-476'],CVE-2016-2391
qemu,https://github.com/qemu/qemu/commit/80eecda8e5d09c442c24307f340840a5b70ea3b9,80eecda8e5d09c442c24307f340840a5b70ea3b9,['CWE-Other'],CVE-2016-2392
ffmpeg,https://github.com/FFmpeg/FFmpeg/commit/689e59b7ffed34eba6159dcc78e87133862e3746,689e59b7ffed34eba6159dcc78e87133862e3746,['CWE-119'],CVE-2016-3062
torvalds/linux,https://github.com/torvalds/linux/commit/4efbc454ba68def5ef285b26ebfcfdb605b52755,4efbc454ba68def5ef285b26ebfcfdb605b52755,['CWE-200'],CVE-2014-9903
torvalds/linux,https://github.com/torvalds/linux/commit/6217e5ede23285ddfee10d2e4ba0cc2d4c046205,6217e5ede23285ddfee10d2e4ba0cc2d4c046205,['CWE-Other'],CVE-2014-9904
torvalds/linux,https://github.com/torvalds/linux/commit/23c8a812dc3c621009e4f0e5342aa4e2ede1ceaa,23c8a812dc3c621009e4f0e5342aa4e2ede1ceaa,['CWE-Other'],CVE-2016-0758
torvalds/linux,https://github.com/torvalds/linux/commit/2f36db71009304b3f0b95afacd8eba1f9f046b87,2f36db71009304b3f0b95afacd8eba1f9f046b87,['CWE-119'],CVE-2016-1583
torvalds/linux,https://github.com/torvalds/linux/commit/9842df62004f366b9fed2423e24df10542ee0dc5,9842df62004f366b9fed2423e24df10542ee0dc5,['CWE-284'],CVE-2016-3713
torvalds/linux,https://github.com/torvalds/linux/commit/3ce424e45411cf5a13105e0386b6ecf6eeb4f66f,3ce424e45411cf5a13105e0386b6ecf6eeb4f66f,['CWE-264'],CVE-2016-4440
torvalds/linux,https://github.com/torvalds/linux/commit/38327424b40bcebe2de92d07312c89360ac9229a,38327424b40bcebe2de92d07312c89360ac9229a,['CWE-Other'],CVE-2016-4470
torvalds/linux,https://github.com/torvalds/linux/commit/5d2be1422e02ccd697ccfcd45c85b4a26e6178e2,5d2be1422e02ccd697ccfcd45c85b4a26e6178e2,['CWE-200'],CVE-2016-5243
torvalds/linux,https://github.com/torvalds/linux/commit/4116def2337991b39919f3b448326e21c40e0dbb,4116def2337991b39919f3b448326e21c40e0dbb,['CWE-200'],CVE-2016-5244
torvalds/linux,https://github.com/torvalds/linux/commit/9bf292bfca94694a721449e3fd752493856710f6,9bf292bfca94694a721449e3fd752493856710f6,['CWE-119'],CVE-2016-5728
torvalds/linux,https://github.com/torvalds/linux/commit/93a2001bdfd5376c3dc2158653034c20392d15c5,93a2001bdfd5376c3dc2158653034c20392d15c5,['CWE-119'],CVE-2016-5829
torvalds/linux,https://github.com/torvalds/linux/commit/b35cc8225845112a616e3a2266d2fde5ab13d3ab,b35cc8225845112a616e3a2266d2fde5ab13d3ab,['CWE-190'],CVE-2012-6703
torvalds/linux,https://github.com/torvalds/linux/commit/999653786df6954a31044528ac3f7a5dadca08f4,999653786df6954a31044528ac3f7a5dadca08f4,['CWE-284'],CVE-2016-1237
arvidn/libtorrent,https://github.com/arvidn/libtorrent/commit/6edc10c189ddef2f4a6f5e89cfd6947da18539c3,6edc10c189ddef2f4a6f5e89cfd6947da18539c3,['CWE-20'],CVE-2016-5301
arvidn/libtorrent,https://github.com/arvidn/libtorrent/commit/acd4e7b87537da82a7765b3b6d14a1ffddd7b480,acd4e7b87537da82a7765b3b6d14a1ffddd7b480,['CWE-20'],CVE-2016-5301
torvalds/linux,https://github.com/torvalds/linux/commit/b348d7dddb6c4fbfc810b7a0626e8ec9e29f7cbb,b348d7dddb6c4fbfc810b7a0626e8ec9e29f7cbb,['CWE-119'],CVE-2016-3955
torvalds/linux,https://github.com/torvalds/linux/commit/ce683e5f9d045e5d67d1312a42b359cb2ab2a13c,ce683e5f9d045e5d67d1312a42b359cb2ab2a13c,['CWE-264'],CVE-2016-4997
torvalds/linux,https://github.com/torvalds/linux/commit/6e94e0cfb0887e4013b3b930fa6ab1fe6bb6ba91,6e94e0cfb0887e4013b3b930fa6ab1fe6bb6ba91,['CWE-119'],CVE-2016-4998
torvalds/linux,https://github.com/torvalds/linux/commit/532c34b5fbf1687df63b3fcd5b2846312ac943c6,532c34b5fbf1687df63b3fcd5b2846312ac943c6,['CWE-362'],CVE-2016-6130
apache/httpd,https://github.com/apache/httpd/commit/2d0e4eff04ea963128a41faaef21f987272e05a2,2d0e4eff04ea963128a41faaef21f987272e05a2,['CWE-284'],CVE-2016-4979
torvalds/linux,https://github.com/torvalds/linux/commit/5a0fdfada3a2aa50d7b947a2e958bf00cbe0d830,5a0fdfada3a2aa50d7b947a2e958bf00cbe0d830,['CWE-19'],CVE-2014-9803
GNOME/gimp,https://github.com/GNOME/gimp/commit/e82aaa4b4ee0703c879e35ea9321fff6be3e9b6f,e82aaa4b4ee0703c879e35ea9321fff6be3e9b6f,['CWE-416'],CVE-2016-4994
googlefonts/sfntly,https://github.com/googlefonts/sfntly/commit/c56b85408bab232efd7e650f0994272a174e3b92,c56b85408bab232efd7e650f0994272a174e3b92,['CWE-119'],CVE-2016-1709
php/php-src,https://github.com/php/php-src/commit/629e4da7cc8b174acdeab84969cbfc606a019b31,629e4da7cc8b174acdeab84969cbfc606a019b31,['CWE-119'],CVE-2016-6288
php/php-src,https://github.com/php/php-src/commit/0218acb7e756a469099c4ccfb22bce6c2bd1ef87,0218acb7e756a469099c4ccfb22bce6c2bd1ef87,['CWE-190'],CVE-2016-6289
php/php-src,https://github.com/php/php-src/commit/eebcbd5de38a0f1c2876035402cb770e37476519,eebcbd5de38a0f1c2876035402cb770e37476519,['CWE-119'],CVE-2016-6291
php/php-src,https://github.com/php/php-src/commit/41131cd41d2fd2e0c2f332a27988df75659c42e4,41131cd41d2fd2e0c2f332a27988df75659c42e4,['CWE-476'],CVE-2016-6292
php/php-src,https://github.com/php/php-src/commit/e6c48213c22ed50b2b987b479fcc1ac709394caa,e6c48213c22ed50b2b987b479fcc1ac709394caa,['CWE-119'],CVE-2016-6296
php/php-src,https://github.com/php/php-src/commit/81406c0c1d45f75fcc7972ed974d2597abb0b9e9,81406c0c1d45f75fcc7972ed974d2597abb0b9e9,['CWE-119'],CVE-2016-6297
Exiv2/exiv2,https://github.com/Exiv2/exiv2/commit/783b3a6ff15ed6f82a8f8e6c8a6f3b84a9b04d4b,783b3a6ff15ed6f82a8f8e6c8a6f3b84a9b04d4b,['CWE-125'],CVE-2021-29463
Exiv2/exiv2,https://github.com/Exiv2/exiv2/commit/f9308839198aca5e68a65194f151a1de92398f54,f9308839198aca5e68a65194f151a1de92398f54,['CWE-787'],CVE-2021-29464
FreeRTOS/FreeRTOS-Kernel,https://github.com/FreeRTOS/FreeRTOS-Kernel/commit/c7a9a01c94987082b223d3e59969ede64363da63,c7a9a01c94987082b223d3e59969ede64363da63,['CWE-119'],CVE-2021-32020
GoogleCloudPlatform/iot-device-sdk-embedded-c,https://github.com/GoogleCloudPlatform/iot-device-sdk-embedded-c/commit/46cccccb7bf94d935890a177f6160ede91780ef3,46cccccb7bf94d935890a177f6160ede91780ef3,['CWE-120'],CVE-2021-22547
keepkey/keepkey-firmware,https://github.com/keepkey/keepkey-firmware/commit/e49d45594002d4d3fbc1f03488e6dfc0a0a65836,e49d45594002d4d3fbc1f03488e6dfc0a0a65836,['CWE-787'],CVE-2021-31616
TicklishHoneyBee/nodau,https://github.com/TicklishHoneyBee/nodau/commit/7a7d737a3929f335b9717ddbd31db91151b69ad2,7a7d737a3929f335b9717ddbd31db91151b69ad2,['CWE-89'],CVE-2022-4399
torvalds/linux,https://github.com/torvalds/linux/commit/cefa91b2332d7009bc0be5d951d6cbbf349f90f8,cefa91b2332d7009bc0be5d951d6cbbf349f90f8,['CWE-681'],CVE-2022-2639
torvalds/linux,https://github.com/torvalds/linux/commit/b67fbebd4cf980aecbcc750e1462128bffe8ae15,b67fbebd4cf980aecbcc750e1462128bffe8ae15,['CWE-362'],CVE-2022-39188
torvalds/linux,https://github.com/torvalds/linux/commit/6cd88243c7e03845a450795e134b488fc2afb736,6cd88243c7e03845a450795e134b488fc2afb736,['CWE-Other'],CVE-2022-39189
torvalds/linux,https://github.com/torvalds/linux/commit/e02f0d3970404bfea385b6edb86f2d936db0ea2b,e02f0d3970404bfea385b6edb86f2d936db0ea2b,['CWE-Other'],CVE-2022-39190
LibVNC/libvncserver,https://github.com/LibVNC/libvncserver/commit/bef41f6ec4097a8ee094f90a1b34a708fbd757ec,bef41f6ec4097a8ee094f90a1b34a708fbd757ec,['CWE-400'],CVE-2020-29260
Samsung/mTower,https://github.com/Samsung/mTower/commit/b7dc202233026653c682c8fb4fe1251ca5056003,b7dc202233026653c682c8fb4fe1251ca5056003,"['CWE-Other', 'CWE-476']",CVE-2022-39828
torvalds/linux,https://github.com/torvalds/linux/commit/a09d2d00af53b43c6f11e6ab3cb58443c2cac8a7,a09d2d00af53b43c6f11e6ab3cb58443c2cac8a7,['CWE-190'],CVE-2022-39842
syoyo/tinygltf,https://github.com/syoyo/tinygltf/commit/52ff00a38447f06a17eab1caa2cf0730a119c751,52ff00a38447f06a17eab1caa2cf0730a119c751,['CWE-77'],CVE-2022-3008
fribidi,https://github.com/fribidi/fribidi/commit/f22593b82b5d1668d1997dbccd10a9c31ffea3b3,f22593b82b5d1668d1997dbccd10a9c31ffea3b3,['CWE-122'],CVE-2022-25309
fribidi,https://github.com/fribidi/fribidi/commit/175850b03e1af251d705c1d04b2b9b3c1c06e48f,175850b03e1af251d705c1d04b2b9b3c1c06e48f,['CWE-476'],CVE-2022-25310
rizinorg/rizin,https://github.com/rizinorg/rizin/commit/1524f85211445e41506f98180f8f69f7bf115406,1524f85211445e41506f98180f8f69f7bf115406,['CWE-787'],CVE-2022-36039
rizinorg/rizin,https://github.com/rizinorg/rizin/commit/556ca2f9eef01ec0f4a76d1fbacfcf3a87a44810,556ca2f9eef01ec0f4a76d1fbacfcf3a87a44810,['CWE-787'],CVE-2022-36042
rizinorg/rizin,https://github.com/rizinorg/rizin/commit/68948017423a12786704e54227b8b2f918c2fd27,68948017423a12786704e54227b8b2f918c2fd27,['CWE-787'],CVE-2022-36040
rizinorg/rizin,https://github.com/rizinorg/rizin/commit/7323e64d68ecccfb0ed3ee480f704384c38676b2,7323e64d68ecccfb0ed3ee480f704384c38676b2,['CWE-787'],CVE-2022-36041
rizinorg/rizin,https://github.com/rizinorg/rizin/commit/a3d50c1ea185f3f642f2d8180715f82d98840784,a3d50c1ea185f3f642f2d8180715f82d98840784,['CWE-415'],CVE-2022-36043
rizinorg/rizin,https://github.com/rizinorg/rizin/commit/05bbd147caccc60162d6fba9baaaf24befa281cd,05bbd147caccc60162d6fba9baaaf24befa281cd,['CWE-787'],CVE-2022-36044
rizinorg/rizin,https://github.com/rizinorg/rizin/commit/07b43bc8aa1ffebd9b68d60624c9610cf7e460c7,07b43bc8aa1ffebd9b68d60624c9610cf7e460c7,['CWE-787'],CVE-2022-36044
torvalds/linux,https://github.com/torvalds/linux/commit/9cb636b5f6a8cc6d1b50809ec8f8d33ae0c84c95,9cb636b5f6a8cc6d1b50809ec8f8d33ae0c84c95,['CWE-362'],CVE-2022-40307
torvalds/linux,https://github.com/torvalds/linux/commit/690b2549b19563ec5ad53e5c82f6a944d910086e,690b2549b19563ec5ad53e5c82f6a944d910086e,['CWE-120'],CVE-2022-3077
DanBloomberg/leptonica,https://github.com/DanBloomberg/leptonica/commit/f062b42c0ea8dddebdc6a152fd16152de215d614,f062b42c0ea8dddebdc6a152fd16152de215d614,['CWE-369'],CVE-2022-38266
torvalds/linux,https://github.com/torvalds/linux/commit/6ab55ec0a938c7f943a4edba3d6514f775983887,6ab55ec0a938c7f943a4edba3d6514f775983887,['CWE-125'],CVE-2022-3170
torvalds/linux,https://github.com/torvalds/linux/commit/5934d9a0383619c14df91af8fd76261dc3de2f5f,5934d9a0383619c14df91af8fd76261dc3de2f5f,['CWE-125'],CVE-2022-3170
lief-project/LIEF,https://github.com/lief-project/LIEF/commit/7acf0bc4224081d4f425fcc8b2e361b95291d878,7acf0bc4224081d4f425fcc8b2e361b95291d878,['CWE-476'],CVE-2022-38307
lief-project/LIEF,https://github.com/lief-project/LIEF/commit/0033b6312fd311b2e45e379c04a83d77c1e58578,0033b6312fd311b2e45e379c04a83d77c1e58578,['CWE-787'],CVE-2022-38495
lief-project/LIEF,https://github.com/lief-project/LIEF/commit/4937a24a0bd6a4eefdc2a10e0bde37445d87c065,4937a24a0bd6a4eefdc2a10e0bde37445d87c065,['CWE-617'],CVE-2022-38496
JonMagon/KDiskMark,https://github.com/JonMagon/KDiskMark/commit/3c90083a4f5ba3f240a797e509d818221542bbdc,3c90083a4f5ba3f240a797e509d818221542bbdc,['CWE-862'],CVE-2022-40673
libexpat,https://github.com/libexpat/libexpat/commit/4a32da87e931ba54393d465bb77c40b5c33d343b,4a32da87e931ba54393d465bb77c40b5c33d343b,['CWE-416'],CVE-2022-40674
torvalds/linux,https://github.com/torvalds/linux/commit/a53046291020ec41e09181396c1e829287b48d47,a53046291020ec41e09181396c1e829287b48d47,['CWE-476'],CVE-2022-3202
wocommunity/wonder,https://github.com/wocommunity/wonder/commit/23c9775fb6afb7be1472944e02396f29771dc8e2,23c9775fb6afb7be1472944e02396f29771dc8e2,['CWE-79'],CVE-2022-37724
wocommunity/wonder,https://github.com/wocommunity/wonder/commit/9e75cb6cadd4df2d225209f2ff9f82bfd7fbe432,9e75cb6cadd4df2d225209f2ff9f82bfd7fbe432,['CWE-79'],CVE-2022-37724
axiomatic-systems/Bento4,https://github.com/axiomatic-systems/Bento4/commit/5b7cc2500d514717a64675fcf631939494c074ce,5b7cc2500d514717a64675fcf631939494c074ce,['CWE-120'],CVE-2022-40438
nginx/njs,https://github.com/nginx/njs/commit/b9aea5854bcf6f2de8f7a7f1550874e392b94be2,b9aea5854bcf6f2de8f7a7f1550874e392b94be2,['CWE-125'],CVE-2022-38890
tensorflow,https://github.com/tensorflow/tensorflow/commit/61f0f9b94df8c0411f0ad0ecc2fec2d3f3c33555,61f0f9b94df8c0411f0ad0ecc2fec2d3f3c33555,['CWE-617'],CVE-2022-35934
tensorflow,https://github.com/tensorflow/tensorflow/commit/c65c67f88ad770662e8f191269a907bf2b94b1bf,c65c67f88ad770662e8f191269a907bf2b94b1bf,['CWE-617'],CVE-2022-35935
tensorflow/tflite-micro,https://github.com/tensorflow/tflite-micro/commit/4142e47e9e31db481781b955ed3ff807a781b494,4142e47e9e31db481781b955ed3ff807a781b494,['CWE-125'],CVE-2022-35938
tensorflow,https://github.com/tensorflow/tensorflow/commit/b4d4b4cb019bd7240a52daa4ba61e3cc814f0384,b4d4b4cb019bd7240a52daa4ba61e3cc814f0384,['CWE-787'],CVE-2022-35939
tensorflow,https://github.com/tensorflow/tensorflow/commit/37cefa91bee4eace55715eeef43720b958a01192,37cefa91bee4eace55715eeef43720b958a01192,['CWE-190'],CVE-2022-35940
tensorflow,https://github.com/tensorflow/tensorflow/commit/3a6ac52664c6c095aa2b114e742b0aa17fdce78f,3a6ac52664c6c095aa2b114e742b0aa17fdce78f,['CWE-617'],CVE-2022-35941
tensorflow,https://github.com/tensorflow/tensorflow/commit/5f945fc6409a3c1e90d6970c9292f805f6e6ddf2,5f945fc6409a3c1e90d6970c9292f805f6e6ddf2,['CWE-617'],CVE-2022-35952
tensorflow,https://github.com/tensorflow/tensorflow/commit/9178ac9d6389bdc54638ab913ea0e419234d14eb,9178ac9d6389bdc54638ab913ea0e419234d14eb,['CWE-617'],CVE-2022-35959
tensorflow,https://github.com/tensorflow/tensorflow/commit/03a659d7be9a1154fdf5eeac221e5950fec07dad,03a659d7be9a1154fdf5eeac221e5950fec07dad,['CWE-617'],CVE-2022-35963
tensorflow,https://github.com/tensorflow/tensorflow/commit/2a458fc4866505be27c62f81474ecb2b870498fa,2a458fc4866505be27c62f81474ecb2b870498fa,['CWE-20'],CVE-2022-35964
tensorflow,https://github.com/tensorflow/tensorflow/commit/bce3717eaef4f769019fd18e990464ca4a2efeea,bce3717eaef4f769019fd18e990464ca4a2efeea,['CWE-476'],CVE-2022-35965
tensorflow,https://github.com/tensorflow/tensorflow/commit/7cdf9d4d2083b739ec81cfdace546b0c99f50622,7cdf9d4d2083b739ec81cfdace546b0c99f50622,['CWE-20'],CVE-2022-35966
tensorflow,https://github.com/tensorflow/tensorflow/commit/49b3824d83af706df0ad07e4e677d88659756d89,49b3824d83af706df0ad07e4e677d88659756d89,['CWE-20'],CVE-2022-35967
tensorflow,https://github.com/tensorflow/tensorflow/commit/50156d547b9a1da0144d7babe665cf690305b33c,50156d547b9a1da0144d7babe665cf690305b33c,['CWE-617'],CVE-2022-35969
tensorflow,https://github.com/tensorflow/tensorflow/commit/785d67a78a1d533759fcd2f5e8d6ef778de849e0,785d67a78a1d533759fcd2f5e8d6ef778de849e0,"['CWE-20', 'CWE-617']",CVE-2022-35970
tensorflow,https://github.com/tensorflow/tensorflow/commit/aca766ac7693bf29ed0df55ad6bfcc78f35e7f48,aca766ac7693bf29ed0df55ad6bfcc78f35e7f48,['CWE-20'],CVE-2022-35973
tensorflow,https://github.com/tensorflow/tensorflow/commit/73ad1815ebcfeb7c051f9c2f7ab5024380ca8613,73ad1815ebcfeb7c051f9c2f7ab5024380ca8613,['CWE-20'],CVE-2022-35974
tensorflow,https://github.com/tensorflow/tensorflow/commit/8741e57d163a079db05a7107a7609af70931def4,8741e57d163a079db05a7107a7609af70931def4,['CWE-617'],CVE-2022-35981
tensorflow,https://github.com/tensorflow/tensorflow/commit/5dd7b86b84a864b834c6fa3d7f9f51c87efa99d4,5dd7b86b84a864b834c6fa3d7f9f51c87efa99d4,['CWE-617'],CVE-2022-35983
tensorflow,https://github.com/tensorflow/tensorflow/commit/bd90b3efab4ec958b228cd7cfe9125be1c0cf255,bd90b3efab4ec958b228cd7cfe9125be1c0cf255,['CWE-617'],CVE-2022-35985
tensorflow,https://github.com/tensorflow/tensorflow/commit/7a4591fd4f065f4fa903593bc39b2f79530a74b8,7a4591fd4f065f4fa903593bc39b2f79530a74b8,['CWE-20'],CVE-2022-35986
tensorflow,https://github.com/tensorflow/tensorflow/commit/bf4c14353c2328636a18bfad1e151052c81d5f43,bf4c14353c2328636a18bfad1e151052c81d5f43,['CWE-617'],CVE-2022-35987
tensorflow,https://github.com/tensorflow/tensorflow/commit/c55b476aa0e0bd4ee99d0f3ad18d9d706cd1260a,c55b476aa0e0bd4ee99d0f3ad18d9d706cd1260a,['CWE-617'],CVE-2022-35988
tensorflow,https://github.com/tensorflow/tensorflow/commit/f3cf67ac5705f4f04721d15e485e192bb319feed,f3cf67ac5705f4f04721d15e485e192bb319feed,['CWE-617'],CVE-2022-35990
tensorflow,https://github.com/tensorflow/tensorflow/commit/f3f9cb38ecfe5a8a703f2c4a8fead434ef291713,f3f9cb38ecfe5a8a703f2c4a8fead434ef291713,['CWE-617'],CVE-2022-36026
Samsung/mTower,https://github.com/Samsung/mTower/commit/ab9d06d51ff8c3eab9ba9ea85e422179dbd12b15,ab9d06d51ff8c3eab9ba9ea85e422179dbd12b15,['CWE-119'],CVE-2022-40757
Samsung/mTower,https://github.com/Samsung/mTower/commit/3c1a0d5d4aa2be44d119ad00bc579f49b8547968,3c1a0d5d4aa2be44d119ad00bc579f49b8547968,['CWE-476'],CVE-2022-40759
Samsung/mTower,https://github.com/Samsung/mTower/commit/c5f30c70e48786e1aef8c815f35e406a6c4fb3ae,c5f30c70e48786e1aef8c815f35e406a6c4fb3ae,['CWE-1284'],CVE-2022-40761
tensorflow,https://github.com/tensorflow/tensorflow/commit/cf70b79d2662c0d3c6af74583641e345fc939467,cf70b79d2662c0d3c6af74583641e345fc939467,['CWE-617'],CVE-2022-35993
tensorflow,https://github.com/tensorflow/tensorflow/commit/bf6b45244992e2ee543c258e519489659c99fb7f,bf6b45244992e2ee543c258e519489659c99fb7f,['CWE-617'],CVE-2022-35995
tensorflow,https://github.com/tensorflow/tensorflow/commit/611d80db29dd7b0cfb755772c69d60ae5bca05f9,611d80db29dd7b0cfb755772c69d60ae5bca05f9,['CWE-369'],CVE-2022-35996
tensorflow,https://github.com/tensorflow/tensorflow/commit/c8ba76d48567aed347508e0552a257641931024d,c8ba76d48567aed347508e0552a257641931024d,['CWE-617'],CVE-2022-35998
tensorflow,https://github.com/tensorflow/tensorflow/commit/27a65a43cf763897fecfa5cdb5cc653fc5dd0346,27a65a43cf763897fecfa5cdb5cc653fc5dd0346,['CWE-617'],CVE-2022-35999
tensorflow,https://github.com/tensorflow/tensorflow/commit/aed36912609fc07229b4d0a7b44f3f48efc00fd0,aed36912609fc07229b4d0a7b44f3f48efc00fd0,['CWE-476'],CVE-2022-36000
tensorflow,https://github.com/tensorflow/tensorflow/commit/da0d65cdc1270038e72157ba35bf74b85d9bda11,da0d65cdc1270038e72157ba35bf74b85d9bda11,['CWE-617'],CVE-2022-36001
tensorflow,https://github.com/tensorflow/tensorflow/commit/4419d10d576adefa36b0e0a9425d2569f7c0189f,4419d10d576adefa36b0e0a9425d2569f7c0189f,['CWE-617'],CVE-2022-36002
tensorflow,https://github.com/tensorflow/tensorflow/commit/552bfced6ce4809db5f3ca305f60ff80dd40c5a3,552bfced6ce4809db5f3ca305f60ff80dd40c5a3,['CWE-617'],CVE-2022-36003
tensorflow,https://github.com/tensorflow/tensorflow/commit/1cf45b831eeb0cab8655c9c7c5d06ec6f45fc41b,1cf45b831eeb0cab8655c9c7c5d06ec6f45fc41b,['CWE-476'],CVE-2022-36011
tensorflow,https://github.com/tensorflow/tensorflow/commit/ad069af92392efee1418c48ff561fd3070a03d7b,ad069af92392efee1418c48ff561fd3070a03d7b,['CWE-617'],CVE-2022-36012
tensorflow,https://github.com/tensorflow/tensorflow/commit/a0f0b9a21c9270930457095092f558fbad4c03e5,a0f0b9a21c9270930457095092f558fbad4c03e5,['CWE-476'],CVE-2022-36013
tensorflow,https://github.com/tensorflow/tensorflow/commit/3a754740d5414e362512ee981eefba41561a63a6,3a754740d5414e362512ee981eefba41561a63a6,['CWE-476'],CVE-2022-36014
tensorflow,https://github.com/tensorflow/tensorflow/commit/37e64539cd29fcfb814c4451152a60f5d107b0f0,37e64539cd29fcfb814c4451152a60f5d107b0f0,['CWE-190'],CVE-2022-36015
tensorflow,https://github.com/tensorflow/tensorflow/commit/6104f0d4091c260ce9352f9155f7e9b725eab012,6104f0d4091c260ce9352f9155f7e9b725eab012,['CWE-617'],CVE-2022-36016
tensorflow,https://github.com/tensorflow/tensorflow/commit/aa0b852a4588cea4d36b74feb05d93055540b450,aa0b852a4588cea4d36b74feb05d93055540b450,['CWE-20'],CVE-2022-36027
vim,https://github.com/vim/vim/commit/8ecfa2c56b4992c7f067b92488aa9acea5a454ad,8ecfa2c56b4992c7f067b92488aa9acea5a454ad,['CWE-416'],CVE-2022-3256
ffmpeg,https://github.com/FFmpeg/FFmpeg/commit/c953baa084607dd1d84c3bfcce3cf6a87c3e6e05,c953baa084607dd1d84c3bfcce3cf6a87c3e6e05,['CWE-190'],CVE-2022-2566
open5gs,https://github.com/open5gs/open5gs/commit/724fa568435dae45ef0c3a48b2aabde052afae88,724fa568435dae45ef0c3a48b2aabde052afae88,['CWE-404'],CVE-2022-3299
vim,https://github.com/vim/vim/commit/8279af514ca7e5fd3c31cf13b0864163d1a0bfeb,8279af514ca7e5fd3c31cf13b0864163d1a0bfeb,['CWE-121'],CVE-2022-3324
wazuh,https://github.com/wazuh/wazuh/commit/065b175952c344d00a4af9cc9f5d28e964ce33fd,065b175952c344d00a4af9cc9f5d28e964ce33fd,['CWE-Other'],CVE-2022-40497
wazuh,https://github.com/wazuh/wazuh/commit/a57d3293964e5489bef188f7d424b45c762595fb,a57d3293964e5489bef188f7d424b45c762595fb,['CWE-Other'],CVE-2022-40497
notepad-plus-plus,https://github.com/notepad-plus-plus/notepad-plus-plus/commit/85d7215d9b3e0d5a8433fc31aec4f2966821051e,85d7215d9b3e0d5a8433fc31aec4f2966821051e,['CWE-427'],CVE-2022-32168
cloudbase/ovs,https://github.com/cloudbase/ovs/commit/2ed6505555cdcb46f9b1f0329d1491b75290fc73,2ed6505555cdcb46f9b1f0329d1491b75290fc73,['CWE-125'],CVE-2022-32166
open5gs,https://github.com/open5gs/open5gs/commit/c2f6a020a7b505e0d55748464406fb9aca062026,c2f6a020a7b505e0d55748464406fb9aca062026,['CWE-404'],CVE-2022-3354
open5gs,https://github.com/open5gs/open5gs/commit/71a1516b0376340d267caa85920cb0a4da261176,71a1516b0376340d267caa85920cb0a4da261176,['CWE-404'],CVE-2022-3354
fwupd,https://github.com/fwupd/fwupd/commit/ea676855f2119e36d433fbd2ed604039f53b2091,ea676855f2119e36d433fbd2ed604039f53b2091,['CWE-552'],CVE-2022-3287
Nheko-Reborn/nheko,https://github.com/Nheko-Reborn/nheko/commit/67bee15a389f9b8a9f6c3a340558d1e2319e7199,67bee15a389f9b8a9f6c3a340558d1e2319e7199,"['CWE-287', 'CWE-295']",CVE-2022-39264
vim,https://github.com/vim/vim/commit/b62dc5e7825bc195efe3041d5b3a9f1528359e1c,b62dc5e7825bc195efe3041d5b3a9f1528359e1c,['CWE-476'],CVE-2022-1725
vim,https://github.com/vim/vim/commit/ef976323e770315b5fca544efb6b2faa25674d15,ef976323e770315b5fca544efb6b2faa25674d15,['CWE-416'],CVE-2022-3352
flipperdevices/flipperzero-firmware,https://github.com/flipperdevices/flipperzero-firmware/commit/e77bf962323f98fc4edb4e94f392b06ab7790418,e77bf962323f98fc4edb4e94f392b06ab7790418,['CWE-787'],CVE-2022-40363
pjsip/pjproject,https://github.com/pjsip/pjproject/commit/c4d34984ec92b3d5252a7d5cddd85a1d3a8001ae,c4d34984ec92b3d5252a7d5cddd85a1d3a8001ae,['CWE-120'],CVE-2022-39244
pjsip/pjproject,https://github.com/pjsip/pjproject/commit/d2acb9af4e27b5ba75d658690406cec9c274c5cc,d2acb9af4e27b5ba75d658690406cec9c274c5cc,['CWE-319'],CVE-2022-39269
Lora-net/LoRaMac-node,https://github.com/Lora-net/LoRaMac-node/commit/e851b079c82ba1bcf3f4d291ab69a571b0bf458a,e851b079c82ba1bcf3f4d291ab69a571b0bf458a,['CWE-193'],CVE-2022-39274
torvalds/linux,https://github.com/torvalds/linux/commit/2555283eb40df89945557273121e9393ef9b542b,2555283eb40df89945557273121e9393ef9b542b,['CWE-416'],CVE-2022-42703
facebook/hermes,https://github.com/facebook/hermes/commit/06eaec767e376bfdb883d912cb15e987ddf2bda1,06eaec767e376bfdb883d912cb15e987ddf2bda1,['CWE-787'],CVE-2022-32234
facebook/hermes,https://github.com/facebook/hermes/commit/5b6255ae049fa4641791e47fad994e8e8c4da374,5b6255ae049fa4641791e47fad994e8e8c4da374,['CWE-190'],CVE-2022-35289
facebook/hermes,https://github.com/facebook/hermes/commit/6aa825e480d48127b480b08d13adf70033237097,6aa825e480d48127b480b08d13adf70033237097,['CWE-681'],CVE-2022-40138
xen-project/xen,https://github.com/xen-project/xen/commit/6e3aab858eef614a21a782a3b73acc88e74690ea,6e3aab858eef614a21a782a3b73acc88e74690ea,['CWE-755'],CVE-2022-33748
mkj/dropbear,https://github.com/mkj/dropbear/commit/318109125e747f0bc256a6d94d5756030ea2f5a0,318109125e747f0bc256a6d94d5756030ea2f5a0,['CWE-287'],CVE-2021-36369
mkj/dropbear,https://github.com/mkj/dropbear/commit/7c2e8fcd0d162d2ba9fac116f96a5e82ac77f11c,7c2e8fcd0d162d2ba9fac116f96a5e82ac77f11c,['CWE-287'],CVE-2021-36369
mkj/dropbear,https://github.com/mkj/dropbear/commit/adbdb213eb0fe3e982cc57d7ae882c1915bef818,adbdb213eb0fe3e982cc57d7ae882c1915bef818,['CWE-287'],CVE-2021-36369
jasper-software/jasper,https://github.com/jasper-software/jasper/commit/d99636fad60629785efd1ef72da772a8ef68f54c,d99636fad60629785efd1ef72da772a8ef68f54c,['CWE-401'],CVE-2022-2963
OSGeo/shapelib,https://github.com/OSGeo/shapelib/commit/c75b9281a5b9452d92e1682bdfe6019a13ed819f,c75b9281a5b9452d92e1682bdfe6019a13ed819f,['CWE-415'],CVE-2022-0699
Matthias-Wandel/jhead,https://github.com/Matthias-Wandel/jhead/commit/3fe905cf674f8dbac8a89e58cee1b4850abf9530,3fe905cf674f8dbac8a89e58cee1b4850abf9530,['CWE-78'],CVE-2022-41751
Matthias-Wandel/jhead,https://github.com/Matthias-Wandel/jhead/commit/6985da52c9ad4f5f6c247269cb5508fae34a971c,6985da52c9ad4f5f6c247269cb5508fae34a971c,['CWE-78'],CVE-2022-41751
gpac,https://github.com/gpac/gpac/commit/62dbd5caad6b89b33535dfa19ef65419f0378303,62dbd5caad6b89b33535dfa19ef65419f0378303,['CWE-Other'],CVE-2022-43039
gpac,https://github.com/gpac/gpac/commit/f17dae31ebf6ea7af8c512165d9b954c2a6ea46e,f17dae31ebf6ea7af8c512165d9b954c2a6ea46e,['CWE-787'],CVE-2022-43040
gpac,https://github.com/gpac/gpac/commit/3661da280b3eba75490e75ff20ad440c66e24de9,3661da280b3eba75490e75ff20ad440c66e24de9,['CWE-787'],CVE-2022-43042
gpac,https://github.com/gpac/gpac/commit/6bff06cdb8e9b4e8ed2e789ee9340877759536fd,6bff06cdb8e9b4e8ed2e789ee9340877759536fd,['CWE-Other'],CVE-2022-43043
gpac,https://github.com/gpac/gpac/commit/8a0e8e4ab13348cb1ab8e93b950a03d93f158a35,8a0e8e4ab13348cb1ab8e93b950a03d93f158a35,['CWE-Other'],CVE-2022-43044
torvalds/linux,https://github.com/torvalds/linux/commit/9efd23297cca530bb35e1848665805d3fcdd7889,9efd23297cca,['CWE-416'],CVE-2022-3586
STMicroelectronics/stm32_mw_usb_host,https://github.com/STMicroelectronics/stm32_mw_usb_host/commit/15c4631397bb61bcbf0dae7f46ddcad1bd26c86f,15c4631397bb61bcbf0dae7f46ddcad1bd26c86f,['CWE-120'],CVE-2021-42553
redis,https://github.com/redis/redis/commit/0bf90d944313919eb8e63d3588bf63a367f020a3,0bf90d944313919eb8e63d3588bf63a367f020a3,['CWE-404'],CVE-2022-3647
Softmotions/iowow,https://github.com/Softmotions/iowow/commit/a79d31e4cff1d5a08f665574b29fd885897a28fd,a79d31e4cff1d5a08f665574b29fd885897a28fd,['CWE-787'],CVE-2022-23462
eclipse/omr,https://github.com/eclipse/omr/commit/f5ab765943c192e25ac8ea8d341f88e6ed9f90d2,f5ab765943c192e25ac8ea8d341f88e6ed9f90d2,['CWE-843'],CVE-2022-3676
torvalds/linux,https://github.com/torvalds/linux/commit/a659daf63d16aa883be42f3f34ff84235c302198,a659daf63d16aa883be42f3f34ff84235c302198,['CWE-787'],CVE-2022-43750
vim,https://github.com/vim/vim/commit/d0fab10ed2a86698937e3c3fed2f10bd9bb5e731,d0fab10ed2a86698937e3c3fed2f10bd9bb5e731,['CWE-119'],CVE-2022-3705
nginx/njs,https://github.com/nginx/njs/commit/04f59f9defeeb618260e620bb11466741c0e41e5,04f59f9defeeb618260e620bb11466741c0e41e5,['CWE-Other'],CVE-2022-43284
nginx/njs,https://github.com/nginx/njs/commit/2ad0ea24a58d570634e09c2e58c3b314505eaa6a,2ad0ea24a58d570634e09c2e58c3b314505eaa6a,['CWE-416'],CVE-2022-43286
hzeller/timg,https://github.com/hzeller/timg/commit/e9667ea2c811aa9eb399b631aef9bba0d3711834,e9667ea2c811aa9eb399b631aef9bba0d3711834,['CWE-401'],CVE-2022-43151
justdan96/tsMuxer,https://github.com/justdan96/tsMuxer/commit/a3028066d2b4f709e83ee51e9df2f82411112d6a,a3028066d2b4f709e83ee51e9df2f82411112d6a,['CWE-787'],CVE-2022-43152
julianhille/MuhammaraJS,https://github.com/julianhille/MuhammaraJS/commit/0a6427eec82ef2978995e453de2dc0d6224dd46c,0a6427eec82ef2978995e453de2dc0d6224dd46c,['CWE-Other'],CVE-2022-25885
galkahana/HummusJS,https://github.com/galkahana/HummusJS/commit/a9bf2520ab5abb69f9328906e406fbebfb36159a,a9bf2520ab5abb69f9328906e406fbebfb36159a,['CWE-Other'],CVE-2022-25892
julianhille/MuhammaraJS,https://github.com/julianhille/MuhammaraJS/commit/1890fb555eaf171db79b73fdc3ea543bbd63c002,1890fb555eaf171db79b73fdc3ea543bbd63c002,['CWE-Other'],CVE-2022-25892
julianhille/MuhammaraJS,https://github.com/julianhille/MuhammaraJS/commit/90b278d09f16062d93a4160ef0a54d449d739c51,90b278d09f16062d93a4160ef0a54d449d739c51,['CWE-Other'],CVE-2022-25892
xen-project/xen,https://github.com/xen-project/xen/commit/1cd3cc7ea27cda7640a8d895e09617b61c265697,1cd3cc7ea27cda7640a8d895e09617b61c265697,['CWE-763'],CVE-2022-42309
xen-project/xen,https://github.com/xen-project/xen/commit/5d71766bd1a4a3a8b2fe952ca2be80e02fe48f34,5d71766bd1a4a3a8b2fe952ca2be80e02fe48f34,['CWE-459'],CVE-2022-42310
xen-project/xen,https://github.com/xen-project/xen/commit/ab128218225d3542596ca3a02aee80d55494bef8,ab128218225d3542596ca3a02aee80d55494bef8,['CWE-459'],CVE-2022-42320
xen-project/xen,https://github.com/xen-project/xen/commit/755d3f9debf8879448211fffb018f556136f6a79,755d3f9debf8879448211fffb018f556136f6a79,['CWE-401'],CVE-2022-42322
xen-project/xen,https://github.com/xen-project/xen/commit/d174fefa90487ddd25ebc618028f67b2e8a1f795,d174fefa90487ddd25ebc618028f67b2e8a1f795,['CWE-401'],CVE-2022-42322
xen-project/xen,https://github.com/xen-project/xen/commit/3b5beaf49033cddf4b2cc4e4d391b966f4203471,3b5beaf49033cddf4b2cc4e4d391b966f4203471,['CWE-Other'],CVE-2022-42327
nothings/stb,https://github.com/nothings/stb/commit/5ba0baaa269b3fd681828e0e3b3ac0f1472eaf40,5ba0baaa269b3fd681828e0e3b3ac0f1472eaf40,['CWE-787'],CVE-2021-37789
strukturag/libde265,https://github.com/strukturag/libde265/commit/280c3745b2e4b823a99ab1a58391705c92965394,280c3745b2e4b823a99ab1a58391705c92965394,['CWE-787'],CVE-2022-43236
strukturag/libde265,https://github.com/strukturag/libde265/commit/f49d850d2ffadca0fb1e789051b04caf7f303fec,f49d850d2ffadca0fb1e789051b04caf7f303fec,['CWE-787'],CVE-2022-43239
strukturag/libde265,https://github.com/strukturag/libde265/commit/786bfad50412b28941b6364b4e9968f1ca2d8a76,786bfad50412b28941b6364b4e9968f1ca2d8a76,['CWE-787'],CVE-2022-43243
strukturag/libde265,https://github.com/strukturag/libde265/commit/fbd0b3a11402e197aecbfa2f7d56625e7c7b9070,fbd0b3a11402e197aecbfa2f7d56625e7c7b9070,['CWE-787'],CVE-2022-43249
gpac,https://github.com/gpac/gpac/commit/4520e38aa030f059264c69b426bd8133206fbfe6,4520e38aa030f059264c69b426bd8133206fbfe6,['CWE-401'],CVE-2022-43254
gpac,https://github.com/gpac/gpac/commit/d82e1340d7fd5ceea205e0f173500102f3237eb4,d82e1340d7fd5ceea205e0f173500102f3237eb4,['CWE-401'],CVE-2022-43255
sudo-project/sudo,https://github.com/sudo-project/sudo/commit/bd209b9f16fcd1270c13db27ae3329c677d48050,bd209b9f16fcd1270c13db27ae3329c677d48050,['CWE-125'],CVE-2022-43995
julianhille/MuhammaraJS,https://github.com/julianhille/MuhammaraJS/commit/4df356bd28114ff2962e92be40e5e740d3fd6ceb,4df356bd28114ff2962e92be40e5e740d3fd6ceb,['CWE-476'],CVE-2022-39381
DIPlib/diplib,https://github.com/DIPlib/diplib/commit/8b9a2670ce66ff2fd5addf592f7825e1f5adb5b5,8b9a2670ce66ff2fd5addf592f7825e1f5adb5b5,['CWE-415'],CVE-2021-39432
jfisteus/html2xhtml,https://github.com/jfisteus/html2xhtml/commit/9523db7834bd677276aa2d1db0ffea16755d6331,9523db7834bd677276aa2d1db0ffea16755d6331,['CWE-125'],CVE-2022-44311
systemd,https://github.com/systemd/systemd/commit/9102c625a673a3246d7e73d8737f3494446bad4e,9102c625a673a3246d7e73d8737f3494446bad4e,['CWE-193'],CVE-2022-3821
facebook/redex,https://github.com/facebook/redex/commit/3b44c640346b77bfb7ef36e2413688dd460288d2,3b44c640346b77bfb7ef36e2413688dd460288d2,['CWE-1284'],CVE-2022-36938
contiki-ng,https://github.com/contiki-ng/contiki-ng/commit/f28ca563e3882d4719d56f3bcd50a4e74edfa0ea,f28ca563e3882d4719d56f3bcd50a4e74edfa0ea,['CWE-125'],CVE-2022-41873
gpac,https://github.com/gpac/gpac/commit/2191e66aa7df750e8ef01781b1930bea87b713bb,2191e66aa7df750e8ef01781b1930bea87b713bb,['CWE-404'],CVE-2022-3957
nextcloud/desktop,https://github.com/nextcloud/desktop/commit/615c02e3d3ee5daa62f8780e43d28bb631b55df8,615c02e3d3ee5daa62f8780e43d28bb631b55df8,['CWE-94'],CVE-2022-41882
nextcloud/desktop,https://github.com/nextcloud/desktop/commit/f9949ee0de1b8a42412f528dc1f64e080eb44316,f9949ee0de1b8a42412f528dc1f64e080eb44316,['CWE-94'],CVE-2022-41882
mz-automation/libiec61850,https://github.com/mz-automation/libiec61850/commit/10622ba36bb3910c151348f1569f039ecdd8786f,10622ba36bb3910c151348f1569f039ecdd8786f,['CWE-22'],CVE-2022-3976
michaelrsweet/htmldoc,https://github.com/michaelrsweet/htmldoc/commit/71fe87878c9cbc3db429f5e5c70f28e4b3d96e3b,71fe87878c9cbc3db429f5e5c70f28e4b3d96e3b,['CWE-787'],CVE-2022-0137
arendst/Tasmota,https://github.com/arendst/Tasmota/commit/066878da4d4762a9b6cb169fdf353e804d735cfd,066878da4d4762a9b6cb169fdf353e804d735cfd,['CWE-787'],CVE-2022-43294
FreeRDP,https://github.com/FreeRDP/FreeRDP/commit/e865c24efc40ebc52e75979c94cdd4ee2c1495b0,e865c24efc40ebc52e75979c94cdd4ee2c1495b0,['CWE-125'],CVE-2022-39316
FreeRDP,https://github.com/FreeRDP/FreeRDP/commit/6655841cf2a00b764f855040aecb8803cfc5eaba,6655841cf2a00b764f855040aecb8803cfc5eaba,['CWE-1284'],CVE-2022-41877
FreeRDP,https://github.com/FreeRDP/FreeRDP/commit/80adde17ddc4b596ed1dae0922a0c54ab3d4b8ea,80adde17ddc4b596ed1dae0922a0c54ab3d4b8ea,"['CWE-369', 'CWE-20']",CVE-2022-39318
FreeRDP,https://github.com/FreeRDP/FreeRDP/commit/11555828d2cf289b350baba5ad1f462f10b80b76,11555828d2cf289b350baba5ad1f462f10b80b76,['CWE-125'],CVE-2022-39319
drachtio/drachtio-server,https://github.com/drachtio/drachtio-server/commit/f791a9313c58a911ce09f465f4bba594243b29ec,f791a9313c58a911ce09f465f4bba594243b29ec,['CWE-Other'],CVE-2022-45473
drachtio/drachtio-server,https://github.com/drachtio/drachtio-server/commit/860f025468feb31c43227153d8fb3f34210a522e,860f025468feb31c43227153d8fb3f34210a522e,['CWE-416'],CVE-2022-45474
tensorflow,https://github.com/tensorflow/tensorflow/commit/f5381e0e10b5a61344109c1b7c174c68110f7629,f5381e0e10b5a61344109c1b7c174c68110f7629,['CWE-125'],CVE-2022-41883
tensorflow,https://github.com/tensorflow/tensorflow/commit/2b56169c16e375c521a3bc8ea658811cc0793784,2b56169c16e375c521a3bc8ea658811cc0793784,['CWE-670'],CVE-2022-41884
tensorflow,https://github.com/tensorflow/tensorflow/commit/d66e1d568275e6a2947de97dca7a102a211e01ce,d66e1d568275e6a2947de97dca7a102a211e01ce,['CWE-131'],CVE-2022-41885
tensorflow,https://github.com/tensorflow/tensorflow/commit/8faa6ea692985dbe6ce10e1a3168e0bd60a723ba,8faa6ea692985dbe6ce10e1a3168e0bd60a723ba,['CWE-131'],CVE-2022-41886
tensorflow,https://github.com/tensorflow/tensorflow/commit/c5b30379ba87cbe774b08ac50c1f6d36df4ebb7c,c5b30379ba87cbe774b08ac50c1f6d36df4ebb7c,['CWE-131'],CVE-2022-41887
tensorflow,https://github.com/tensorflow/tensorflow/commit/cf35502463a88ca7185a99daa7031df60b3c1c98,cf35502463a88ca7185a99daa7031df60b3c1c98,['CWE-20'],CVE-2022-41888
tensorflow,https://github.com/tensorflow/tensorflow/commit/e9e95553e5411834d215e6770c81a83a3d0866ce,e9e95553e5411834d215e6770c81a83a3d0866ce,['CWE-476'],CVE-2022-41889
tensorflow,https://github.com/tensorflow/tensorflow/commit/8310bf8dd188ff780e7fc53245058215a05bdbe5,8310bf8dd188ff780e7fc53245058215a05bdbe5,['CWE-704'],CVE-2022-41890
tensorflow,https://github.com/tensorflow/tensorflow/commit/72c0bdcb25305b0b36842d746cc61d72658d2941,72c0bdcb25305b0b36842d746cc61d72658d2941,['CWE-120'],CVE-2022-41894
tensorflow,https://github.com/tensorflow/tensorflow/commit/717ca98d8c3bba348ff62281fdf38dcb5ea1ec92,717ca98d8c3bba348ff62281fdf38dcb5ea1ec92,['CWE-125'],CVE-2022-41895
tensorflow,https://github.com/tensorflow/tensorflow/commit/39ec7eaf1428e90c37787e5b3fbd68ebd3c48860,39ec7eaf1428e90c37787e5b3fbd68ebd3c48860,['CWE-1284'],CVE-2022-41896
tensorflow,https://github.com/tensorflow/tensorflow/commit/d71090c3e5ca325bdf4b02eb236cfb3ee823e927,d71090c3e5ca325bdf4b02eb236cfb3ee823e927,['CWE-125'],CVE-2022-41897
tensorflow,https://github.com/tensorflow/tensorflow/commit/af4a6a3c8b95022c351edae94560acc61253a1b8,af4a6a3c8b95022c351edae94560acc61253a1b8,['CWE-20'],CVE-2022-41898
tensorflow,https://github.com/tensorflow/tensorflow/commit/80ff197d03db2a70c6a111f97dcdacad1b0babfa,80ff197d03db2a70c6a111f97dcdacad1b0babfa,['CWE-617'],CVE-2022-41899
tensorflow,https://github.com/tensorflow/tensorflow/commit/216525144ee7c910296f5b05d214ca1327c9ce48,216525144ee7c910296f5b05d214ca1327c9ce48,"['CWE-787', 'CWE-125']",CVE-2022-41900
tensorflow,https://github.com/tensorflow/tensorflow/commit/f856d02e5322821aad155dad9b3acab1e9f5d693,f856d02e5322821aad155dad9b3acab1e9f5d693,['CWE-617'],CVE-2022-41901
tensorflow,https://github.com/tensorflow/tensorflow/commit/00c821af032ba9e5f5fa3fe14690c8d28a657624,00c821af032ba9e5f5fa3fe14690c8d28a657624,['CWE-131'],CVE-2022-41907
tensorflow,https://github.com/tensorflow/tensorflow/commit/9f03a9d3bafe902c1e6beb105b2f24172f238645,9f03a9d3bafe902c1e6beb105b2f24172f238645,['CWE-20'],CVE-2022-41908
tensorflow,https://github.com/tensorflow/tensorflow/commit/bf594d08d377dc6a3354d9fdb494b32d45f91971,bf594d08d377dc6a3354d9fdb494b32d45f91971,['CWE-476'],CVE-2022-41909
tensorflow,https://github.com/tensorflow/tensorflow/commit/660ce5a89eb6766834bdc303d2ab3902aef99d3d,660ce5a89eb6766834bdc303d2ab3902aef99d3d,['CWE-476'],CVE-2022-41909
ipxe,https://github.com/ipxe/ipxe/commit/186306d6199096b7a7c4b4574d4be8cdb8426729,186306d6199096b7a7c4b4574d4be8cdb8426729,['CWE-203'],CVE-2022-4087
libarchive,https://github.com/libarchive/libarchive/commit/bff38efe8c110469c5080d387bec62a6ca15b1a5,bff38efe8c110469c5080d387bec62a6ca15b1a5,['CWE-476'],CVE-2022-36227
torvalds/linux,https://github.com/torvalds/linux/commit/fc7222c3a9f56271fba02aabbfbae999042f1679,fc7222c3a9f56271fba02aabbfbae999042f1679,['CWE-416'],CVE-2022-3910
proftpd,https://github.com/proftpd/proftpd/commit/10a227b4d50e0a2cd2faf87926f58d865da44e43,10a227b4d50e0a2cd2faf87926f58d865da44e43,['CWE-401'],CVE-2021-46854
torvalds/linux,https://github.com/torvalds/linux/commit/b1a2cd50c0357f243b7435a732b4e62ba3157a2e,b1a2cd50c0357f243b7435a732b4e62ba3157a2e,['CWE-824'],CVE-2022-42895
torvalds/linux,https://github.com/torvalds/linux/commit/711f8c3fb3db61897080468586b970c87c61d9e4,711f8c3fb3db61897080468586b970c87c61d9e4,['CWE-416'],CVE-2022-42896
GNOME/libxml2,https://github.com/GNOME/libxml2/commit/1b41ec4e9433b05bb0376be4725804c54ef1d80b,1b41ec4e9433b05bb0376be4725804c54ef1d80b,['CWE-415'],CVE-2022-40304
PierreLvx/qpress,https://github.com/PierreLvx/qpress/commit/02a79a793f56e86e2014a606647b158b246811e3,02a79a793f56e86e2014a606647b158b246811e3,['CWE-22'],CVE-2022-45866
percona/percona-xtrabackup,https://github.com/percona/percona-xtrabackup/commit/dac3d82f559efbf06d116c066d30e688fe3fb323,dac3d82f559efbf06d116c066d30e688fe3fb323,['CWE-22'],CVE-2022-45866
EvgeniyPatlan/qpress,https://github.com/EvgeniyPatlan/qpress/commit/ddb312090ebd5794e81bc6fb1dfb4e79eda48761,ddb312090ebd5794e81bc6fb1dfb4e79eda48761,['CWE-22'],CVE-2022-45866
ccxvii/mujs,https://github.com/ccxvii/mujs/commit/edb50ad66f7601ca9a3544a0e9045e8a8c60561f,edb50ad66f7601ca9a3544a0e9045e8a8c60561f,['CWE-787'],CVE-2022-44789
systemd,https://github.com/systemd/systemd/commit/076b807be472630692c5348c60d0c2b7b28ad437,076b807be472630692c5348c60d0c2b7b28ad437,['CWE-400'],CVE-2022-45873
vim,https://github.com/vim/vim/commit/cc762a48d42b579fb7bdec2c614636b830342dd5,cc762a48d42b579fb7bdec2c614636b830342dd5,['CWE-122'],CVE-2022-4141
nextcloud/desktop,https://github.com/nextcloud/desktop/commit/564a3ad987a40135c9d6dedd5a1238caf0ce2d52,564a3ad987a40135c9d6dedd5a1238caf0ce2d52,['CWE-295'],CVE-2022-39334
nextcloud/desktop,https://github.com/nextcloud/desktop/commit/49305319496965ecf18963a81bf8a5a69df0d97e,49305319496965ecf18963a81bf8a5a69df0d97e,['CWE-295'],CVE-2022-39334
pytorch,https://github.com/pytorch/pytorch/commit/767f6aa49fe20a2766b9843d01e3b7f7793df6a3,767f6aa49fe20a2766b9843d01e3b7f7793df6a3,['CWE-94'],CVE-2022-45907
drachtio/drachtio-server,https://github.com/drachtio/drachtio-server/commit/a63d01854987d9fd846cdc9265af38ee9eb72490,a63d01854987d9fd846cdc9265af38ee9eb72490,['CWE-125'],CVE-2022-45909
torvalds/linux,https://github.com/torvalds/linux/commit/d785a773bed966a75ca1f11d108ae1897189975b,d785a773bed966a75ca1f11d108ae1897189975b,['CWE-476'],CVE-2022-4127
torvalds/linux,https://github.com/torvalds/linux/commit/5c835bb142d4013c2ab24bff5ae9f6709a39cbcf,5c835bb142d4,['CWE-476'],CVE-2022-4128
gpac,https://github.com/gpac/gpac/commit/f045be5809808d64ebf8ce5ab628fa55786bea4f,f045be5809808d64ebf8ce5ab628fa55786bea4f,['CWE-401'],CVE-2022-45204
gpac,https://github.com/gpac/gpac/commit/b3d821c4ae9ba62b3a194d9dcb5e99f17bd56908,b3d821c4ae9ba62b3a194d9dcb5e99f17bd56908,['CWE-189'],CVE-2022-4202
gpac,https://github.com/gpac/gpac/commit/1016912db5408b6f38e8eb715279493ae380d1c4,1016912db5408b6f38e8eb715279493ae380d1c4,['CWE-416'],CVE-2022-45343
OP-TEE/optee_os,https://github.com/OP-TEE/optee_os/commit/728616b28df659cf0bdde6e58a471f6ef25d023c,728616b28df659cf0bdde6e58a471f6ef25d023c,['CWE-129'],CVE-2022-46152
LibreDWG/libredwg,https://github.com/LibreDWG/libredwg/commit/69b4132a0591b81fddd30588a67c79fc01e69c52,69b4132a0591b81fddd30588a67c79fc01e69c52,['CWE-787'],CVE-2022-45332
capnproto,https://github.com/capnproto/capnproto/commit/25d34c67863fd960af34fc4f82a7ca3362ee74b9,25d34c67863fd960af34fc4f82a7ca3362ee74b9,['CWE-125'],CVE-2022-46149
vim,https://github.com/vim/vim/commit/8f3c3c6cd044e3b5bf08dbfa3b3f04bb3f711bad,8f3c3c6cd044e3b5bf08dbfa3b3f04bb3f711bad,['CWE-416'],CVE-2022-3591
vim,https://github.com/vim/vim/commit/36343ae0fb7247e060abfd35fb8e4337b33abb4b,36343ae0fb7247e060abfd35fb8e4337b33abb4b,['CWE-122'],CVE-2022-3520
vim,https://github.com/vim/vim/commit/3558afe9e9e904cabb8475392d859f2d2fc21041,3558afe9e9e904cabb8475392d859f2d2fc21041,['CWE-122'],CVE-2022-3491
vim,https://github.com/vim/vim/commit/c3d27ada14acd02db357f2d16347acc22cb17e93,c3d27ada14acd02db357f2d16347acc22cb17e93,['CWE-416'],CVE-2022-4292
vim,https://github.com/vim/vim/commit/cdef1cefa2a440911c727558562f83ed9b00e16b,cdef1cefa2a440911c727558562f83ed9b00e16b,['CWE-1077'],CVE-2022-4293
openrazer,https://github.com/openrazer/openrazer/commit/33aa7f07d54ae066f201c6d298cb4a2181cb90e6,33aa7f07d54ae066f201c6d298cb4a2181cb90e6,['CWE-125'],CVE-2022-23467
gpac,https://github.com/gpac/gpac/commit/0fc714872ba4536a1190f93aa278b6e08f8c60df,0fc714872ba4536a1190f93aa278b6e08f8c60df,['CWE-787'],CVE-2022-45283
tensorflow,https://github.com/tensorflow/tensorflow/commit/a65411a1d69edfb16b25907ffb8f73556ce36bb7,a65411a1d69edfb16b25907ffb8f73556ce36bb7,['CWE-125'],CVE-2022-41902
sparklemotion/nokogiri,https://github.com/sparklemotion/nokogiri/commit/9fe0761c47c0d4270d1a5220cfd25de080350d50,9fe0761c47c0d4270d1a5220cfd25de080350d50,"['CWE-476', 'CWE-252']",CVE-2022-23476
davea42/libdwarf-code,https://github.com/davea42/libdwarf-code/commit/faf99408e3f9f706fc3809dd400e831f989778d3,faf99408e3f9f706fc3809dd400e831f989778d3,['CWE-476'],CVE-2020-28163
zmanda/amanda,https://github.com/zmanda/amanda/commit/b930189c06290a23aba177687b2f123590323be1,b930189c06290a23aba177687b2f123590323be1,['CWE-77'],CVE-2022-37704
zmanda/amanda,https://github.com/zmanda/amanda/commit/43c5b32f46186f3ed78fe6c7503096fa9ad1236c,43c5b32f46186f3ed78fe6c7503096fa9ad1236c,['CWE-77'],CVE-2022-37704
zmanda/amanda,https://github.com/zmanda/amanda/commit/e890d08e16ea0621966a7ae35cce53ccb44a472e,e890d08e16ea0621966a7ae35cce53ccb44a472e,['CWE-77'],CVE-2022-37704
ccxvii/mujs,https://github.com/ccxvii/mujs/commit/833b6f1672b4f2991a63c4d05318f0b84ef4d550,833b6f1672b4f2991a63c4d05318f0b84ef4d550,['CWE-190'],CVE-2021-33797
redis,https://github.com/redis/redis/commit/bc7fe41e5857a0854d524e2a63a028e9394d2a5c,bc7fe41e5857a0854d524e2a63a028e9394d2a5c,['CWE-617'],CVE-2023-28856
torvalds/linux,https://github.com/torvalds/linux/commit/92fbb6d1296f81f41f65effd7f5f8c0f74943d15,92fbb6d1296f,['CWE-787'],CVE-2023-2194
torvalds/linux,https://github.com/torvalds/linux/commit/6921ed9049bc7457f66c1596c5b78aec0dae4a9d,6921ed9049bc7457f66c1596c5b78aec0dae4a9d,['CWE-203'],CVE-2023-1998
podofo,https://github.com/podofo/podofo/commit/535a786f124b739e3c857529cecc29e4eeb79778,535a786f124b739e3c857529cecc29e4eeb79778,['CWE-787'],CVE-2023-2241
RIOT-OS/RIOT,https://github.com/RIOT-OS/RIOT/commit/da63e45ee94c03a2e08625b04ea618653eab4a9f,da63e45ee94c03a2e08625b04ea618653eab4a9f,['CWE-787'],CVE-2023-24819
RIOT-OS/RIOT,https://github.com/RIOT-OS/RIOT/commit/2709fbd827b688fe62df2c77c316914f4a3a6d4a,2709fbd827b688fe62df2c77c316914f4a3a6d4a,"['CWE-191', 'CWE-787']",CVE-2023-24820
RIOT-OS/RIOT,https://github.com/RIOT-OS/RIOT/commit/bd31010231f5340e21410595dd95afc86bbfd341,bd31010231f5340e21410595dd95afc86bbfd341,"['CWE-191', 'CWE-787']",CVE-2023-24821
RIOT-OS/RIOT,https://github.com/RIOT-OS/RIOT/commit/639c04325de4ceb9d444955f4927bfae95843a39,639c04325de4ceb9d444955f4927bfae95843a39,['CWE-476'],CVE-2023-24822
RIOT-OS/RIOT,https://github.com/RIOT-OS/RIOT/commit/dafc397fdc3655aeb5c7b9963a43f1604c6a2062,dafc397fdc3655aeb5c7b9963a43f1604c6a2062,"['CWE-787', 'CWE-843']",CVE-2023-24823
GNOME/libxml2,https://github.com/GNOME/libxml2/commit/547edbf1cbdccd46b2e8ff322a456eaa5931c5df,547edbf1cbdccd46b2e8ff322a456eaa5931c5df,['CWE-415'],CVE-2023-29469
torvalds/linux,https://github.com/torvalds/linux/commit/3bcd6c7eaa53b56c3f584da46a1f7652e759d0e5,3bcd6c7eaa53,['CWE-362'],CVE-2023-2006
torvalds/linux,https://github.com/torvalds/linux/commit/180a6a3ee60a7cb69ed1232388460644f6a21f00,180a6a3ee60a,['CWE-911'],CVE-2023-2019
xen-project/xen,https://github.com/xen-project/xen/commit/f6c3cb21628f7bed73cb992da400f6b36630f290,f6c3cb21628f7bed73cb992da400f6b36630f290,['CWE-476'],CVE-2022-42335
torvalds/linux,https://github.com/torvalds/linux/commit/2220eaf90992c11d888fe771055d4de330385f01,2220eaf90992c11d888fe771055d4de3303,['CWE-416'],CVE-2023-30549
torvalds/linux,https://github.com/torvalds/linux/commit/4f04351888a83e595571de672e0a4a8b74f4fb31,4f04351888a83e595571de672e0a4a8b74f,['CWE-416'],CVE-2023-30549
torvalds/linux,https://github.com/torvalds/linux/commit/739790605705ddcf18f21782b9c99ad7d53a8c11,739790605705ddcf18f21782b9c99ad7d53a8c11,['CWE-476'],CVE-2023-0458
contiki-ng,https://github.com/contiki-ng/contiki-ng/commit/406ae7da30fb5fadacf0d646a4dc4ac0513a2dec,406ae7da30fb5fadacf0d646a4dc4ac0513a2dec,"['CWE-193', 'CWE-125']",CVE-2023-30546
GoogleCloudPlatform/esp-v2,https://github.com/GoogleCloudPlatform/esp-v2/commit/e98061ee4527a564506ba4e814c0ecf324dc2c6f,e98061ee4527a564506ba4e814c0ecf324dc2c6f,['CWE-287'],CVE-2023-30845
torvalds/linux,https://github.com/torvalds/linux/commit/3037933448f60f9acb705997eae62013ecb81e0d,3037933448f60f9acb705997eae62013ecb81e0d,['CWE-787'],CVE-2023-31436
pymumu/smartdns,https://github.com/pymumu/smartdns/commit/56d0332bf91104cfc877635f6c82e9348587df04,56d0332bf91104cfc877635f6c82e9348587df04,['CWE-787'],CVE-2023-31470
CauldronDevelopmentLLC/cbang,https://github.com/CauldronDevelopmentLLC/cbang/commit/ac8bbdd5bb93c01679a881f5962fed800bf29e58,ac8bbdd5bb93c01679a881f5962fed800bf29e58,['CWE-22'],CVE-2023-31483
vim,https://github.com/vim/vim/commit/caf642c25de526229264cab9425e7c9979f3509b,caf642c25de526229264cab9425e7c9979f3509b,['CWE-823'],CVE-2023-2426
keepkey/keepkey-firmware,https://github.com/keepkey/keepkey-firmware/commit/eced04187074718c77d2a1085264b31093435535,eced04187074718c77d2a1085264b31093435535,['CWE-125'],CVE-2023-27892
WebAssembly/wabt,https://github.com/WebAssembly/wabt/commit/d6dada6ee5071dd7ab3c66ca0bed8eaa9cbc1fe9,d6dada6ee5071dd7ab3c66ca0bed8eaa9cbc1fe9,['CWE-835'],CVE-2023-30300
WebAssembly/wabt,https://github.com/WebAssembly/wabt/commit/07a33969cbc4d3b346891d062b76b29be6705c01,07a33969cbc4d3b346891d062b76b29be6705c01,['CWE-835'],CVE-2023-30300
nanomq/NanoNNG,https://github.com/nanomq/NanoNNG/commit/0e215b8d3de29dcec8b02ee9196ca3bfd5a8c653,0e215b8d3de29dcec8b02ee9196ca3bfd5a8c653,['CWE-787'],CVE-2023-29994
llvm/llvm-project,https://github.com/llvm/llvm-project/commit/ae8cb6437294ca99ba203607c0dd522db4dbf6b6,ae8cb6437294ca99ba203607c0dd522db4dbf6b6,['CWE-125'],CVE-2023-29933
llvm/llvm-project,https://github.com/llvm/llvm-project/commit/80d5400d924e543c5420f4e924f5818313605e99,80d5400d924e543c5420f4e924f5818313605e99,['CWE-125'],CVE-2023-29934
llvm/llvm-project,https://github.com/llvm/llvm-project/commit/466aa585c6dfb096bf9a7ad9bcbc6ce8cc7abff1,466aa585c6dfb096bf9a7ad9bcbc6ce8cc7abff1,['CWE-125'],CVE-2023-29939
llvm/llvm-project,https://github.com/llvm/llvm-project/commit/9a29d87538842a29b430c6956a4f914896643691,9a29d87538842a29b430c6956a4f914896643691,['CWE-125'],CVE-2023-29941
llvm/llvm-project,https://github.com/llvm/llvm-project/commit/30ca16ec87206294f4ad0e9688c88f32421b343e,30ca16ec87206294f4ad0e9688c88f32421b343e,['CWE-125'],CVE-2023-29942
strukturag/libheif,https://github.com/strukturag/libheif/commit/e05e15b57a38ec411cb9acb38512a1c36ff62991,e05e15b57a38ec411cb9acb38512a1c36ff62991,['CWE-369'],CVE-2023-29659
torvalds/linux,https://github.com/torvalds/linux/commit/611792920925fb088ddccbe2783c7f92fdfb6b64,611792920925fb088ddccbe2783c7f92fdfb6b64,['CWE-416'],CVE-2023-32269
torvalds/linux,https://github.com/torvalds/linux/commit/c1592a89942e9678f7d9c8030efa777c0d57edab,c1592a89942e9678f7d9c8030efa777c0d57edab,['CWE-416'],CVE-2023-32233
torvalds/linux,https://github.com/torvalds/linux/commit/67d7d8ad99beccd9fe92d585b87f1760dc9018e3,67d7d8ad99be,['CWE-416'],CVE-2023-2513
DMTF/libspdm,https://github.com/DMTF/libspdm/commit/8426a309c1de246ac13012246e44b6249a43d081,8426a309c1de246ac13012246e44b6249a43d081,['CWE-287'],CVE-2023-31127
contiki-ng,https://github.com/contiki-ng/contiki-ng/commit/c23cf7a16289afe716ae023c664ded16e88efd2d,c23cf7a16289afe716ae023c664ded16e88efd2d,['CWE-476'],CVE-2023-31129
yasm,https://github.com/yasm/yasm/commit/168febbc155c832439be9500452ebe39994d2309,168febbc155c832439be9500452ebe39994d2309,['CWE-401'],CVE-2023-31975
samboy/MaraDNS,https://github.com/samboy/MaraDNS/commit/bab062bde40b2ae8a91eecd522e84d8b993bab58,bab062bde40b2ae8a91eecd522e84d8b993bab58,['CWE-191'],CVE-2023-31137
irontec/sngrep,https://github.com/irontec/sngrep/commit/038a65883551fdccc0bb86600309bb85d2251f98,038a65883551fdccc0bb86600309bb85d2251f98,['CWE-787'],CVE-2023-31981
irontec/sngrep,https://github.com/irontec/sngrep/commit/be410d0f6a9a3994448959581e5bd4a3b26fb7cd,be410d0f6a9a3994448959581e5bd4a3b26fb7cd,['CWE-787'],CVE-2023-31982
FRRouting/frr,https://github.com/FRRouting/frr/commit/06431bfa7570f169637ebb5898f0b0cc3b010802,06431bfa7570f169637ebb5898f0b0cc3b010802,['CWE-Other'],CVE-2023-31490
vim,https://github.com/vim/vim/commit/d1ae8366aff286d41e7f5bc513cc0a1af5130aad,d1ae8366aff286d41e7f5bc513cc0a1af5130aad,['CWE-476'],CVE-2023-2609
vim,https://github.com/vim/vim/commit/ab9a2d884b3a4abe319606ea95a5a6d6b01cd73a,ab9a2d884b3a4abe319606ea95a5a6d6b01cd73a,['CWE-190'],CVE-2023-2610
opencv/opencv_contrib,https://github.com/opencv/opencv_contrib/commit/2b62ff6181163eea029ed1cab11363b4996e9cd6,2b62ff6181163eea029ed1cab11363b4996e9cd6,['CWE-401'],CVE-2023-2618
weston-embedded/uC-FTPs,https://github.com/weston-embedded/uC-FTPs/commit/83393f6129fc5a77cbdf287c6fd9745cb53d8d04,83393f6129fc5a77cbdf287c6fd9745cb53d8d04,['CWE-287'],CVE-2022-41985
weston-embedded/uC-FTPs,https://github.com/weston-embedded/uC-FTPs/commit/2bbf7c6111766f626923ca5acd29ea827ea5128f,2bbf7c6111766f626923ca5acd29ea827ea5128f,['CWE-125'],CVE-2022-46377
podofo,https://github.com/podofo/podofo/commit/8d3e9104ea10f8b53a0b5a2a806e6388acd41a40,8d3e9104ea10f8b53a0b5a2a806e6388acd41a40,['CWE-787'],CVE-2023-31556
podofo,https://github.com/podofo/podofo/commit/00d2735a9c5bcb438d6f922b5f2445d28389c2d1,00d2735a9c5bcb438d6f922b5f2445d28389c2d1,['CWE-416'],CVE-2023-31566
podofo,https://github.com/podofo/podofo/commit/29d59f604b37159e938a2f46acd4856cfd1e7bac,29d59f604b37159e938a2f46acd4856cfd1e7bac,['CWE-787'],CVE-2023-31568
facebook/hhvm,https://github.com/facebook/hhvm/commit/083f5ffdee661f61512909d16f9a5b98cff3cf0b,083f5ffdee661f61512909d16f9a5b98cff3cf0b,['CWE-Other'],CVE-2022-36937
openlink/virtuoso-opensource,https://github.com/openlink/virtuoso-opensource/commit/ea8b2c975c6c96f36e34014d6c71a73761198ebe,ea8b2c975c6c96f36e34014d6c71a73761198ebe,['CWE-89'],CVE-2023-31607
openlink/virtuoso-opensource,https://github.com/openlink/virtuoso-opensource/commit/2ed10333e6e973c2b3e1e60ba854ef0dd12afe07,2ed10333e6e973c2b3e1e60ba854ef0dd12afe07,['CWE-89'],CVE-2023-31610
openlink/virtuoso-opensource,https://github.com/openlink/virtuoso-opensource/commit/171718c844530864cb375213c8b9cbc8ba079efc,171718c844530864cb375213c8b9cbc8ba079efc,['CWE-89'],CVE-2023-31613
openlink/virtuoso-opensource,https://github.com/openlink/virtuoso-opensource/commit/7c488ae70803b208a94bf12fee792195caddbf7d,7c488ae70803b208a94bf12fee792195caddbf7d,['CWE-89'],CVE-2023-31614
openlink/virtuoso-opensource,https://github.com/openlink/virtuoso-opensource/commit/d02925b18e3ad0244ae7c52acf92bfa686738eb2,d02925b18e3ad0244ae7c52acf92bfa686738eb2,['CWE-89'],CVE-2023-31615
openlink/virtuoso-opensource,https://github.com/openlink/virtuoso-opensource/commit/25fff0eaa85898004bb14909e9f29d16b2918792,25fff0eaa85898004bb14909e9f29d16b2918792,['CWE-89'],CVE-2023-31616
openlink/virtuoso-opensource,https://github.com/openlink/virtuoso-opensource/commit/2b64ad928ef5f75fc93091677a78abfbd17ea07f,2b64ad928ef5f75fc93091677a78abfbd17ea07f,['CWE-89'],CVE-2023-31617
openlink/virtuoso-opensource,https://github.com/openlink/virtuoso-opensource/commit/030e47a29976709a50603e3f34e82278e5f462df,030e47a29976709a50603e3f34e82278e5f462df,['CWE-89'],CVE-2023-31618
openlink/virtuoso-opensource,https://github.com/openlink/virtuoso-opensource/commit/a4997ed2499c4de8c95e2de9e2a07b60384fbbec,a4997ed2499c4de8c95e2de9e2a07b60384fbbec,['CWE-89'],CVE-2023-31620
openlink/virtuoso-opensource,https://github.com/openlink/virtuoso-opensource/commit/ec54f1c7b50df944ae4a8d3e29cd7eaf1cc97b21,ec54f1c7b50df944ae4a8d3e29cd7eaf1cc97b21,['CWE-89'],CVE-2023-31621
openlink/virtuoso-opensource,https://github.com/openlink/virtuoso-opensource/commit/db91dc5602a8cfde2e4e1d00387d5ba4b77389dc,db91dc5602a8cfde2e4e1d00387d5ba4b77389dc,['CWE-89'],CVE-2023-31622
openlink/virtuoso-opensource,https://github.com/openlink/virtuoso-opensource/commit/311097fb1f23d0a1dd7dcdd2afecf6fe14665526,311097fb1f23d0a1dd7dcdd2afecf6fe14665526,['CWE-89'],CVE-2023-31624
openlink/virtuoso-opensource,https://github.com/openlink/virtuoso-opensource/commit/4ad97c5a81067e3bdabe849f42f089edc9880131,4ad97c5a81067e3bdabe849f42f089edc9880131,['CWE-89'],CVE-2023-31626
openlink/virtuoso-opensource,https://github.com/openlink/virtuoso-opensource/commit/ce61d6f568568b771d7e857408e3246d31135494,ce61d6f568568b771d7e857408e3246d31135494,['CWE-89'],CVE-2023-31627
openlink/virtuoso-opensource,https://github.com/openlink/virtuoso-opensource/commit/f9244141ce68dc4a3314fd4a0cd5bb3bdd6ab830,f9244141ce68dc4a3314fd4a0cd5bb3bdd6ab830,['CWE-89'],CVE-2023-31630
openlink/virtuoso-opensource,https://github.com/openlink/virtuoso-opensource/commit/c77cd981a82a7f6385b174eb818057b2f19d8c09,c77cd981a82a7f6385b174eb818057b2f19d8c09,['CWE-89'],CVE-2023-31631
OpenPrinting/cups-filters,https://github.com/OpenPrinting/cups-filters/commit/8f274035756c04efeb77eb654e9d4c4447287d65,8f274035756c04efeb77eb654e9d4c4447287d65,['CWE-78'],CVE-2023-24805
sysstat,https://github.com/sysstat/sysstat/commit/954ff2e2673cef48f0ed44668c466eab041db387,954ff2e2673cef48f0ed44668c466eab041db387,['CWE-190'],CVE-2023-33204
RedisLabs/redisraft,https://github.com/RedisLabs/redisraft/commit/1df932be8dc5301d63d73121dd0fdf8beee40b02,1df932be8dc5301d63d73121dd0fdf8beee40b02,['CWE-Other'],CVE-2023-31655
torvalds/linux,https://github.com/torvalds/linux/commit/153695d36ead0ccc4d0256953c751cabf673e621,153695d36ead0ccc4d0256953c751cabf673e621,['CWE-416'],CVE-2023-1195
facebook/hermes,https://github.com/facebook/hermes/commit/a6dcafe6ded8e61658b40f5699878cd19a481f80,a6dcafe6ded8e61658b40f5699878cd19a481f80,"['CWE-787', 'CWE-416']",CVE-2023-23556
facebook/hermes,https://github.com/facebook/hermes/commit/a00d237346894c6067a594983be6634f4168c9ad,a00d237346894c6067a594983be6634f4168c9ad,['CWE-843'],CVE-2023-23557
facebookincubator/fizz,https://github.com/facebookincubator/fizz/commit/8d3649841597bedfb6986c30431ebad0eb215265,8d3649841597bedfb6986c30431ebad0eb215265,['CWE-617'],CVE-2023-23759
facebook/hermes,https://github.com/facebook/hermes/commit/5cae9f72975cf0e5a62b27fdd8b01f103e198708,5cae9f72975cf0e5a62b27fdd8b01f103e198708,['CWE-476'],CVE-2023-24832
facebook/hermes,https://github.com/facebook/hermes/commit/e6ed9c1a4b02dc219de1648f44cd808a56171b81,e6ed9c1a4b02dc219de1648f44cd808a56171b81,"['CWE-843', 'CWE-416']",CVE-2023-25933
facebook/netconsd,https://github.com/facebook/netconsd/commit/9fc54edf54f7caea1189c2b979337ed37af2c60e,9fc54edf54f7caea1189c2b979337ed37af2c60e,['CWE-787'],CVE-2023-28753
facebook/hermes,https://github.com/facebook/hermes/commit/da8990f737ebb9d9810633502f65ed462b819c09,da8990f737ebb9d9810633502f65ed462b819c09,['CWE-416'],CVE-2023-30470
torvalds/linux,https://github.com/torvalds/linux/commit/47c29d69212911f50bdcdd0564b5999a559010d4,47c29d69212911f50bdcdd0564b5999a559010d4,['CWE-416'],CVE-2023-33288
bitcoin,https://github.com/bitcoin/bitcoin/commit/5b3406094f2679dfb3763de4414257268565b943,5b3406094f2679dfb3763de4414257268565b943,['CWE-400'],CVE-2023-33297
bitcoin,https://github.com/bitcoin/bitcoin/commit/228e9201efb5574b1b96bb924de1d2e8dd1317f3,228e9201efb5574b1b96bb924de1d2e8dd1317f3,['CWE-400'],CVE-2023-33297
eclipse-openj9/openj9,https://github.com/eclipse-openj9/openj9/commit/6b507fa476b1b1cee727997298ca1cc4c4145102,6b507fa476b1b1cee727997298ca1cc4c4145102,['CWE-125'],CVE-2023-2597
gpac,https://github.com/gpac/gpac/commit/6f28c4cd607d83ce381f9b4a9f8101ca1e79c611,6f28c4cd607d83ce381f9b4a9f8101ca1e79c611,['CWE-121'],CVE-2023-2837
gpac,https://github.com/gpac/gpac/commit/c88df2e202efad214c25b4e586f243b2038779ba,c88df2e202efad214c25b4e586f243b2038779ba,['CWE-125'],CVE-2023-2838
gpac,https://github.com/gpac/gpac/commit/047f96fb39e6bf70cb9f344093f5886e51dce0ac,047f96fb39e6bf70cb9f344093f5886e51dce0ac,['CWE-369'],CVE-2023-2839
gpac,https://github.com/gpac/gpac/commit/ba59206b3225f0e8e95a27eff41cb1c49ddf9a37,ba59206b3225f0e8e95a27eff41cb1c49ddf9a37,['CWE-476'],CVE-2023-2840
WebAssembly/wabt,https://github.com/WebAssembly/wabt/commit/1b3105a132b925a1d300c2f03b3cd213875ffca8,1b3105a132b925a1d300c2f03b3cd213875ffca8,['CWE-Other'],CVE-2023-31670
WebAssembly/wabt,https://github.com/WebAssembly/wabt/commit/44491a4b0fdb2d2bd87a151fd169da3343954edd,44491a4b0fdb2d2bd87a151fd169da3343954edd,['CWE-116'],CVE-2023-31669
libjpeg-turbo,https://github.com/libjpeg-turbo/libjpeg-turbo/commit/9f756bc67a84d4566bf74a0c2432aa55da404021,9f756bc67a84d4566bf74a0c2432aa55da404021,['CWE-787'],CVE-2023-2804
lathiat/avahi,https://github.com/lathiat/avahi/commit/a2696da2f2c50ac43b6c4903f72290d5c3fa9f6f,a2696da2f2c50ac43b6c4903f72290d5c3fa9f6f,['CWE-400'],CVE-2023-1981
qt/qtbase,https://github.com/qt/qtbase/commit/1b736a815be0222f4b24289cf17575fc15707305,1b736a815be0222f4b24289cf17575fc15707305,['CWE-Other'],CVE-2023-32762
yhirose/cpp-httplib,https://github.com/yhirose/cpp-httplib/commit/5b397d455d25a391ba346863830c1949627b4d08,5b397d455d25a391ba346863830c1949627b4d08,['CWE-74'],CVE-2023-26130
RIOT-OS/RIOT,https://github.com/RIOT-OS/RIOT/commit/c9d7863e5664a169035038628029bb07e090c5ff,c9d7863e5664a169035038628029bb07e090c5ff,['CWE-476'],CVE-2023-33973
RIOT-OS/RIOT,https://github.com/RIOT-OS/RIOT/commit/31c6191f6196f1a05c9765cffeadba868e3b0723,31c6191f6196f1a05c9765cffeadba868e3b0723,['CWE-362'],CVE-2023-33974
RIOT-OS/RIOT,https://github.com/RIOT-OS/RIOT/commit/1aeb90ee5555ae78b567a6365ae4ab71bfd1404b,1aeb90ee5555ae78b567a6365ae4ab71bfd1404b,['CWE-787'],CVE-2023-33975
ImageMagick,https://github.com/ImageMagick/ImageMagick/commit/3d6d98d8a2be30d74172ab43b5b8e874d2deb158,3d6d98d8a2be30d74172ab43b5b8e874d2deb158,['CWE-190'],CVE-2023-34151
ImageMagick,https://github.com/ImageMagick/ImageMagick/commit/17c4859bf4b1551185ab0b296e61b60b13969917,17c4859bf4b1551185ab0b296e61b60b13969917,['CWE-78'],CVE-2023-34152
ImageMagick,https://github.com/ImageMagick/ImageMagick/commit/99b72d81a3370a966a52ec2fa88dacda3f5b028e,99b72d81a3370a966a52ec2fa88dacda3f5b028e,['CWE-78'],CVE-2023-34152
ImageMagick,https://github.com/ImageMagick/ImageMagick/commit/d31c80d15a2c82fc1dd8e889e0f97b0219079a57,d31c80d15a2c82fc1dd8e889e0f97b0219079a57,['CWE-77'],CVE-2023-34153
gpac,https://github.com/gpac/gpac/commit/53387aa86c1af1228d0fa57c67f9c7330716d5a7,53387aa86c1af1228d0fa57c67f9c7330716d5a7,['CWE-476'],CVE-2023-3012
OpenSC,https://github.com/OpenSC/OpenSC/commit/3bf3ab2f9091f984cda6dd910654ccbbe3f06a40,3bf3ab2f9091f984cda6dd910654ccbbe3f06a40,['CWE-125'],CVE-2023-2977
ndevilla/iniparser,https://github.com/ndevilla/iniparser/commit/ace9871f65d11b5d73f0b9ee8cf5d2807439442d,ace9871f65d11b5d73f0b9ee8cf5d2807439442d,['CWE-476'],CVE-2023-33461
DMTF/libspdm,https://github.com/DMTF/libspdm/commit/48debe26f633e3b16809255d6ca7ce18db649a13,48debe26f633e3b16809255d6ca7ce18db649a13,['CWE-20'],CVE-2023-32690
tsingsee/EasyPlayerPro-Win,https://github.com/tsingsee/EasyPlayerPro-Win/commit/c674a7518e16986ab6aa37f1c10f41dfd947bd04,c674a7518e16986ab6aa37f1c10f41dfd947bd04,['CWE-787'],CVE-2023-33693
nanomq/NanoNNG,https://github.com/nanomq/NanoNNG/commit/6815c4036a2344865da393803ecdb7af27d8bde1,6815c4036a2344865da393803ecdb7af27d8bde1,['CWE-787'],CVE-2023-33659
emqx/nanomq,https://github.com/emqx/nanomq/commit/9f8d212e1e8f55af56e807db63d8097cce2eca48,9f8d212e1e8f55af56e807db63d8097cce2eca48,['CWE-787'],CVE-2023-33659
sogou/workflow,https://github.com/sogou/workflow/commit/a1b83adfd0174e8d9fd5e67092f41b4bcade14ce,a1b83adfd0174e8d9fd5e67092f41b4bcade14ce,['CWE-120'],CVE-2023-33457
python/cpython,https://github.com/python/cpython/commit/c120bc2d354ca3d27d0c7a53bf65574ddaabaf3a,c120bc2d354ca3d27d0c7a53bf65574ddaabaf3a,['CWE-416'],CVE-2023-33595
nanomq/NanoNNG,https://github.com/nanomq/NanoNNG/commit/657e6c81c474bdee0e6413483b990e90610030c1,657e6c81c474bdee0e6413483b990e90610030c1,['CWE-787'],CVE-2023-33658
nanomq/NanoNNG,https://github.com/nanomq/NanoNNG/commit/971b7d0264a706d2bd091125e2efe6599aa13756,971b7d0264a706d2bd091125e2efe6599aa13756,['CWE-787'],CVE-2023-33658
emqx/nanomq,https://github.com/emqx/nanomq/commit/5f57ef45ccfd0f47d815eb62f5f2a619ba7d0633,5f57ef45ccfd0f47d815eb62f5f2a619ba7d0633,['CWE-416'],CVE-2023-33657
emqx/nanomq,https://github.com/emqx/nanomq/commit/70c073dfef85750f00995ade4b9d8609c33f70d5,70c073dfef85750f00995ade4b9d8609c33f70d5,['CWE-416'],CVE-2023-33657
grpc,https://github.com/grpc/grpc/commit/2485fa94bd8a723e5c977d55a3ce10b301b437f8,2485fa94bd8a723e5c977d55a3ce10b301b437f8,['CWE-617'],CVE-2023-1428
grpc,https://github.com/grpc/grpc/commit/6a7850ef4f042ac26559854266dddc79bfbc75b2,6a7850ef4f042ac26559854266dddc79bfbc75b2,['CWE-440'],CVE-2023-32732
nanomq/NanoNNG,https://github.com/nanomq/NanoNNG/commit/caf09f175a5e873a1256e0878a37865a8a06e427,caf09f175a5e873a1256e0878a37865a8a06e427,['CWE-787'],CVE-2023-34488
torvalds/linux,https://github.com/torvalds/linux/commit/2b09d5d364986f724f17001ccfe4126b9b43a0be,2b09d5d364986f724f17001ccfe4126b9b43a0be,['CWE-682'],CVE-2023-3161
torvalds/linux,https://github.com/torvalds/linux/commit/b7c81f80246fac44077166f3e07103affe6db8ff,b7c81f80246fac44077166f3e07103affe6db8ff,['CWE-416'],CVE-2023-3159
torvalds/linux,https://github.com/torvalds/linux/commit/654b404f2a222f918af9b0cd18ad469d0c941a8e,654b404f2a222f918af9b0cd18ad469d0c941a8e,['CWE-191'],CVE-2017-8924
torvalds/linux,https://github.com/torvalds/linux/commit/30572418b445d85fcfe6c8fe84c947d2606767d8,30572418b445d85fcfe6c8fe84c947d2606767d8,['CWE-404'],CVE-2017-8925
torvalds/linux,https://github.com/torvalds/linux/commit/ee0d8d8482345ff97a75a7d747efc309f13b0d80,ee0d8d8482345ff97a75a7d747efc309f13b0d80,['CWE-416'],CVE-2017-7487
VirusTotal/yara,https://github.com/VirusTotal/yara/commit/053e67e3ec81cc9268ce30eaf0d6663d8639ed1e,053e67e3ec81cc9268ce30eaf0d6663d8639ed1e,['CWE-416'],CVE-2017-8929
LibRaw/LibRaw-demosaic-pack-GPL2,https://github.com/LibRaw/LibRaw-demosaic-pack-GPL2/commit/194f592e205990ea8fce72b6c571c14350aca716,194f592e205990ea8fce72b6c571c14350aca716,"['CWE-119', 'CWE-190']",CVE-2017-6889
torvalds/linux,https://github.com/torvalds/linux/commit/06bd3c36a733ac27962fea7d6f47168841376824,06bd3c36a733ac27962fea7d6f47168841376824,['CWE-200'],CVE-2017-7495
torvalds/linux,https://github.com/torvalds/linux/commit/2423496af35d94a87156b063ea5cedffc10a70a1,2423496af35d94a87156b063ea5cedffc10a70a1,['CWE-125'],CVE-2017-9074
torvalds/linux,https://github.com/torvalds/linux/commit/fdcee2cbb8438702ea1b328fb6e0ac5e9a40c7f8,fdcee2cbb8438702ea1b328fb6e0ac5e9a40c7f8,['CWE-Other'],CVE-2017-9075
torvalds/linux,https://github.com/torvalds/linux/commit/83eaddab4378db256d00d295bda6ca997cd13a52,83eaddab4378db256d00d295bda6ca997cd13a52,['CWE-Other'],CVE-2017-9076
jsummers/imageworsener,https://github.com/jsummers/imageworsener/commit/62bfbfb1527953312f8cc10901fccba5d20e3e93,62bfbfb1527953312f8cc10901fccba5d20e3e93,['CWE-835'],CVE-2017-9093
jsummers/imageworsener,https://github.com/jsummers/imageworsener/commit/a75fd4879c55c89651f7f247293a61eef3e51be1,a75fd4879c55c89651f7f247293a61eef3e51be1,['CWE-835'],CVE-2017-9094
ImageMagick,https://github.com/ImageMagick/ImageMagick/commit/3b0fe05cddd8910f84e51b4d50099702ea45ba4a,3b0fe05cddd8910f84e51b4d50099702ea45ba4a,['CWE-772'],CVE-2017-9143
ImageMagick,https://github.com/ImageMagick/ImageMagick/commit/f6240ee77847787f6d7618b669d3a2040a2d6d40,f6240ee77847787f6d7618b669d3a2040a2d6d40,['CWE-20'],CVE-2017-9144
Yeraze/ytnef,https://github.com/Yeraze/ytnef/commit/c576639e7e6bd9c7de0a288b9f94590d34ac9215,c576639e7e6bd9c7de0a288b9f94590d34ac9215,['CWE-119'],CVE-2017-9146
torvalds/linux,https://github.com/torvalds/linux/commit/0d0e57697f162da4aa218b5feafe614fb666db07,0d0e57697f162da4aa218b5feafe614fb666db07,['CWE-200'],CVE-2017-9150
kornelski/pngquant,https://github.com/kornelski/pngquant/commit/b7c217680cda02dddced245d237ebe8c383be285,b7c217680cda02dddced245d237ebe8c383be285,['CWE-190'],CVE-2016-5735
ArtifexSoftware/ghostpdl,https://github.com/ArtifexSoftware/ghostpdl/commit/8abd22010eb4db0fb1b10e430d5f5d83e015ef70,8abd22010eb4db0fb1b10e430d5f5d83e015ef70,['CWE-200'],CVE-2016-7977
torvalds/linux,https://github.com/torvalds/linux/commit/59643d1535eb220668692a5359de22545af579f6,59643d1535eb220668692a5359de22545af579f6,['CWE-190'],CVE-2016-9754
php/php-src,https://github.com/php/php-src/commit/4cc0286f2f3780abc6084bcdae5dce595daa3c12,4cc0286f2f3780abc6084bcdae5dce595daa3c12,['CWE-190'],CVE-2017-5340
libimobiledevice/libplist,https://github.com/libimobiledevice/libplist/commit/3a55ddd3c4c11ce75a86afbefd085d8d397ff957,3a55ddd3c4c11ce75a86afbefd085d8d397ff957,['CWE-125'],CVE-2017-5209
vadz/libtiff,https://github.com/vadz/libtiff/commit/5c080298d59efa53264d7248bbe3a04660db6ef7,5c080298d59efa53264d7248bbe3a04660db6ef7,['CWE-119'],CVE-2017-5225
torvalds/linux,https://github.com/torvalds/linux/commit/d10dcb615c8e29d403a24d35f8310a7a53e3050c,d10dcb615c8e29d403a24d35f8310a7a53e3050c,['CWE-401'],CVE-2019-19057
torvalds/linux,https://github.com/torvalds/linux/commit/b4b814fec1a5a849383f7b3886b654a13abbda7d,b4b814fec1a5a849383f7b3886b654a13abbda7d,['CWE-401'],CVE-2019-19058
torvalds/linux,https://github.com/torvalds/linux/commit/0f4f199443faca715523b0659aa536251d8b978f,0f4f199443faca715523b0659aa536251d8b978f,['CWE-401'],CVE-2019-19059
torvalds/linux,https://github.com/torvalds/linux/commit/ab612b1daf415b62c58e130cb3d0f30b255a14d0,ab612b1daf415b62c58e130cb3d0f30b255a14d0,['CWE-401'],CVE-2019-19060
torvalds/linux,https://github.com/torvalds/linux/commit/9c0530e898f384c5d279bfcebd8bb17af1105873,9c0530e898f384c5d279bfcebd8bb17af1105873,['CWE-401'],CVE-2019-19061
torvalds/linux,https://github.com/torvalds/linux/commit/ffdde5932042600c6807d46c1550b28b0db6a3bc,ffdde5932042600c6807d46c1550b28b0db6a3bc,['CWE-401'],CVE-2019-19062
torvalds/linux,https://github.com/torvalds/linux/commit/3f93616951138a598d930dcaec40f2bfd9ce43bb,3f93616951138a598d930dcaec40f2bfd9ce43bb,['CWE-401'],CVE-2019-19063
torvalds/linux,https://github.com/torvalds/linux/commit/057b8945f78f76d0b04eeb5c27cd9225e5e7ad86,057b8945f78f76d0b04eeb5c27cd9225e5e7ad86,['CWE-401'],CVE-2019-19064
torvalds/linux,https://github.com/torvalds/linux/commit/34b3be18a04ecdc610aae4c48e5d1b799d8689f6,34b3be18a04ecdc610aae4c48e5d1b799d8689f6,['CWE-401'],CVE-2019-19065
torvalds/linux,https://github.com/torvalds/linux/commit/0e62395da2bd5166d7c9e14cbc7503b256a34cb0,0e62395da2bd5166d7c9e14cbc7503b256a34cb0,['CWE-401'],CVE-2019-19066
torvalds/linux,https://github.com/torvalds/linux/commit/57be09c6e8747bf48704136d9e3f92bfb93f5725,57be09c6e8747bf48704136d9e3f92bfb93f5725,['CWE-401'],CVE-2019-19067
torvalds/linux,https://github.com/torvalds/linux/commit/a2cdd07488e666aa93a49a3fc9c9b1299e27ef3c,a2cdd07488e666aa93a49a3fc9c9b1299e27ef3c,['CWE-401'],CVE-2019-19068
torvalds/linux,https://github.com/torvalds/linux/commit/fc739a058d99c9297ef6bfd923b809d85855b9a9,fc739a058d99c9297ef6bfd923b809d85855b9a9,['CWE-401'],CVE-2019-19069
torvalds/linux,https://github.com/torvalds/linux/commit/d3b0ffa1d75d5305ebe34735598993afbb8a869d,d3b0ffa1d75d5305ebe34735598993afbb8a869d,['CWE-401'],CVE-2019-19070
torvalds/linux,https://github.com/torvalds/linux/commit/d563131ef23cbc756026f839a82598c8445bc45f,d563131ef23cbc756026f839a82598c8445bc45f,['CWE-401'],CVE-2019-19071
torvalds/linux,https://github.com/torvalds/linux/commit/96c5c6e6a5b6db592acae039fed54b5c8844cd35,96c5c6e6a5b6db592acae039fed54b5c8844cd35,['CWE-401'],CVE-2019-19072
torvalds/linux,https://github.com/torvalds/linux/commit/853acf7caf10b828102d92d05b5c101666a6142b,853acf7caf10b828102d92d05b5c101666a6142b,['CWE-401'],CVE-2019-19073
torvalds/linux,https://github.com/torvalds/linux/commit/728c1e2a05e4b5fc52fab3421dce772a806612a2,728c1e2a05e4b5fc52fab3421dce772a806612a2,['CWE-401'],CVE-2019-19074
torvalds/linux,https://github.com/torvalds/linux/commit/6402939ec86eaf226c8b8ae00ed983936b164908,6402939ec86eaf226c8b8ae00ed983936b164908,['CWE-401'],CVE-2019-19075
torvalds/linux,https://github.com/torvalds/linux/commit/78beef629fd95be4ed853b2d37b832f766bd96ca,78beef629fd95be4ed853b2d37b832f766bd96ca,['CWE-401'],CVE-2019-19076
torvalds/linux,https://github.com/torvalds/linux/commit/4a9d46a9fe14401f21df69cea97c62396d5fb053,4a9d46a9fe14401f21df69cea97c62396d5fb053,['CWE-401'],CVE-2019-19077
torvalds/linux,https://github.com/torvalds/linux/commit/b8d17e7d93d2beb89e4f34c59996376b8b544792,b8d17e7d93d2beb89e4f34c59996376b8b544792,['CWE-401'],CVE-2019-19078
torvalds/linux,https://github.com/torvalds/linux/commit/a21b7f0cff1906a93a0130b74713b15a0b36481d,a21b7f0cff1906a93a0130b74713b15a0b36481d,['CWE-401'],CVE-2019-19079
torvalds/linux,https://github.com/torvalds/linux/commit/8572cea1461a006bce1d06c0c4b0575869125fa4,8572cea1461a006bce1d06c0c4b0575869125fa4,['CWE-401'],CVE-2019-19080
torvalds/linux,https://github.com/torvalds/linux/commit/8ce39eb5a67aee25d9f05b40b673c95b23502e3e,8ce39eb5a67aee25d9f05b40b673c95b23502e3e,['CWE-401'],CVE-2019-19081
torvalds/linux,https://github.com/torvalds/linux/commit/104c307147ad379617472dd91a5bcb368d72bd6d,104c307147ad379617472dd91a5bcb368d72bd6d,['CWE-401'],CVE-2019-19082
torvalds/linux,https://github.com/torvalds/linux/commit/055e547478a11a6360c7ce05e2afc3e366968a12,055e547478a11a6360c7ce05e2afc3e366968a12,['CWE-401'],CVE-2019-19083
kkos/oniguruma,https://github.com/kkos/oniguruma/commit/aa0188eaedc056dca8374ac03d0177429b495515,aa0188eaedc056dca8374ac03d0177429b495515,['CWE-125'],CVE-2019-19203
kkos/oniguruma,https://github.com/kkos/oniguruma/commit/6eb4aca6a7f2f60f473580576d86686ed6a6ebec,6eb4aca6a7f2f60f473580576d86686ed6a6ebec,['CWE-125'],CVE-2019-19204
ros/ros_comm,https://github.com/ros/ros_comm/commit/67ff8fa94c63b90379054fdaec42ce2e7a19ac08,67ff8fa94c63b90379054fdaec42ce2e7a19ac08,['CWE-120'],CVE-2019-13566
torvalds/linux,https://github.com/torvalds/linux/commit/7caac62ed598a196d6ddf8d9c121e12e082cac3a,7caac62ed598a196d6ddf8d9c121e12e082cac3a,['CWE-122'],CVE-2019-14815
php/php-src,https://github.com/php/php-src/commit/8f949eba8083e34d181c30bcf11aaeef2496bb97,8f949eba8083e34d181c30bcf11aaeef2496bb97,['CWE-125'],CVE-2019-19246
kkos/oniguruma,https://github.com/kkos/oniguruma/commit/d3e402928b6eb3327f8f7d59a9edfa622fec557b,d3e402928b6eb3327f8f7d59a9edfa622fec557b,['CWE-125'],CVE-2019-19246
php/php-src,https://github.com/php/php-src/commit/90a77d87d4b63db29b1051a784e91e7d368a07e1,90a77d87d4b63db29b1051a784e91e7d368a07e1,['CWE-125'],CVE-2019-19246
proftpd,https://github.com/proftpd/proftpd/commit/81cc5dce4fc0285629a1b08a07a109af10c208dd,81cc5dce4fc0285629a1b08a07a109af10c208dd,"['CWE-295', 'CWE-476']",CVE-2019-19270
OpenIDC/mod_auth_openidc,https://github.com/OpenIDC/mod_auth_openidc/commit/5c15dfb08106c2451c2c44ce7ace6813c216ba75,5c15dfb08106c2451c2c44ce7ace6813c216ba75,['CWE-601'],CVE-2019-14857
OpenIDC/mod_auth_openidc,https://github.com/OpenIDC/mod_auth_openidc/commit/ce37080c6aea30aabae8b4a9b4eea7808445cc8e,ce37080c6aea30aabae8b4a9b4eea7808445cc8e,['CWE-601'],CVE-2019-14857
python/typed_ast,https://github.com/python/typed_ast/commit/dc317ac9cff859aa84eeabe03fb5004982545b3b,dc317ac9cff859aa84eeabe03fb5004982545b3b,['CWE-125'],CVE-2019-19274
bminor/bash,https://github.com/bminor/bash/commit/951bdaad7a18cc0dc1036bba86b18b90874d39ff,951bdaad7a18cc0dc1036bba86b18b90874d39ff,['CWE-273'],CVE-2019-18276
LuaJIT,https://github.com/LuaJIT/LuaJIT/commit/c017b2bafc24f71620de7225c5fdcd4a71ff2593,c017b2bafc24f71620de7225c5fdcd4a71ff2593,['CWE-843'],CVE-2019-19391
alanxz/rabbitmq-c,https://github.com/alanxz/rabbitmq-c/commit/fc85be7123050b91b054e45b91c78d3241a5047a,fc85be7123050b91b054e45b91c78d3241a5047a,['CWE-787'],CVE-2019-18609
FreeRADIUS/freeradius-server,https://github.com/FreeRADIUS/freeradius-server/commit/3ea2a5a026e73d81cd9a3e9bbd4300c433004bfa,3ea2a5a026e73d81cd9a3e9bbd4300c433004bfa,['CWE-203'],CVE-2019-13456
facebook/mcrouter,https://github.com/facebook/mcrouter/commit/97e033b3bb0cb16b61bf49f0dc7f311a3e0edd1b,97e033b3bb0cb16b61bf49f0dc7f311a3e0edd1b,['CWE-674'],CVE-2019-11937
facebook/hhvm,https://github.com/facebook/hhvm/commit/524d2e60cfe910406ec6109e4286d7edd545ab36,524d2e60cfe910406ec6109e4286d7edd545ab36,['CWE-763'],CVE-2019-11930
facebook/folly,https://github.com/facebook/folly/commit/c321eb588909646c15aefde035fd3133ba32cdee,c321eb588909646c15aefde035fd3133ba32cdee,['CWE-125'],CVE-2019-11934
facebook/hhvm,https://github.com/facebook/hhvm/commit/1c518555dba6ceb45d5ba61845b96e261219c3b7,1c518555dba6ceb45d5ba61845b96e261219c3b7,['CWE-120'],CVE-2019-11935
facebook/hhvm,https://github.com/facebook/hhvm/commit/f57df6d8cf33cb14c40f52287da29360e7003373,f57df6d8cf33cb14c40f52287da29360e7003373,['CWE-626'],CVE-2019-11936
facebook/proxygen,https://github.com/facebook/proxygen/commit/f43b134cc5c19d8532e7fb670a1c02e85f7a8d4f,f43b134cc5c19d8532e7fb670a1c02e85f7a8d4f,['CWE-416'],CVE-2019-11940
xen-project/xen,https://github.com/xen-project/xen/commit/ba2ab00bbb8c74e311a252d816d68dee47c779a0,ba2ab00bbb8c74e311a252d816d68dee47c779a0,['CWE-20'],CVE-2019-19579
wireshark,https://github.com/wireshark/wireshark/commit/34d2e0d5318d0a7e9889498c721639e5cbf4ce45,34d2e0d5318d0a7e9889498c721639e5cbf4ce45,['CWE-909'],CVE-2019-19553
radareorg/radare2,https://github.com/radareorg/radare2/commit/9bbc63ffa0e93aa054e262cdfb973326935a2d70,9bbc63ffa0e93aa054e262cdfb973326935a2d70,"['CWE-416', 'CWE-190']",CVE-2019-19590
torvalds/linux,https://github.com/torvalds/linux/commit/59c4bd853abcea95eccc167a7d7fd5f1a5f47b98,59c4bd853abcea95eccc167a7d7fd5f1a5f47b98,['CWE-119'],CVE-2019-19602
CESNET/libyang,https://github.com/CESNET/libyang/commit/f6d684ade99dd37b21babaa8a856f64faa1e2e0d,f6d684ade99dd37b21babaa8a856f64faa1e2e0d,['CWE-787'],CVE-2019-19333
CESNET/libyang,https://github.com/CESNET/libyang/commit/6980afae2ff9fcd6d67508b0a3f694d75fd059d6,6980afae2ff9fcd6d67508b0a3f694d75fd059d6,['CWE-787'],CVE-2019-19334
keepkey/keepkey-firmware,https://github.com/keepkey/keepkey-firmware/commit/b222c66cdd7c3203d917c80ba615082d309d80c3,b222c66cdd7c3203d917c80ba615082d309d80c3,['CWE-787'],CVE-2019-18671
keepkey/keepkey-firmware,https://github.com/keepkey/keepkey-firmware/commit/769714fcb569e7a4faff9530a2d9ac1f9d6e5680,769714fcb569e7a4faff9530a2d9ac1f9d6e5680,['CWE-354'],CVE-2019-18672
radareorg/radare2,https://github.com/radareorg/radare2/commit/07b5e062f2d4a00403ff031302cb18dfa58e3805,07b5e062f2d4a00403ff031302cb18dfa58e3805,['CWE-476'],CVE-2019-19647
GNOME/libxslt,https://github.com/GNOME/libxslt/commit/08b62c25871b38d5d573515ca8a065b4b8f64f6b,08b62c25871b38d5d573515ca8a065b4b8f64f6b,"['CWE-787', 'CWE-843']",CVE-2019-5815
xen-project/xen,https://github.com/xen-project/xen/commit/b4f042236ae0bb6725b3e8dd40af5a2466a6f971,b4f042236ae0bb6725b3e8dd40af5a2466a6f971,"['CWE-401', 'CWE-662']",CVE-2019-19577
xen-project/xen,https://github.com/xen-project/xen/commit/7473efd12fb7a6548f5303f1f4c5cb521543a813,7473efd12fb7a6548f5303f1f4c5cb521543a813,['CWE-682'],CVE-2019-19578
xen-project/xen,https://github.com/xen-project/xen/commit/4e70f4476c0c543559f971faecdd5f1300cddb0a,4e70f4476c0c543559f971faecdd5f1300cddb0a,['CWE-362'],CVE-2019-19580
xen-project/xen,https://github.com/xen-project/xen/commit/ececa12b2c4c8e4433e4f9be83f5c668ae36fe08,ececa12b2c4c8e4433e4f9be83f5c668ae36fe08,['CWE-362'],CVE-2019-19580
xen-project/xen,https://github.com/xen-project/xen/commit/66bdc16aeed8ddb2ae724adc5ea6bde0dea78c3d,66bdc16aeed8ddb2ae724adc5ea6bde0dea78c3d,['CWE-362'],CVE-2019-19580
xen-project/xen,https://github.com/xen-project/xen/commit/1d3eb8259804e5bec991a3462d69ba6bd80bb40e,1d3eb8259804e5bec991a3462d69ba6bd80bb40e,['CWE-Other'],CVE-2019-19583
torvalds/linux,https://github.com/torvalds/linux/commit/4ea99936a1630f51fc3a2d61a58ec4a1c4b7d55a,4ea99936a1630f51fc3a2d61a58ec4a1c4b7d55a,['CWE-416'],CVE-2019-19767
michaelforney/samurai,https://github.com/michaelforney/samurai/commit/8b069471005e6c242795b68ad91c3b9000dad40e,8b069471005e6c242795b68ad91c3b9000dad40e,['CWE-787'],CVE-2019-19795
michaelforney/samurai,https://github.com/michaelforney/samurai/commit/309c9d26cb9f5d0e64ab7c7ea6f73a94af221dd3,309c9d26cb9f5d0e64ab7c7ea6f73a94af221dd3,['CWE-787'],CVE-2019-19795
torvalds/linux,https://github.com/torvalds/linux/commit/e7af6307a8a54f0b873960b32b6a644f2d0fbd97,e7af6307a8a54f0b873960b32b6a644f2d0fbd97,['CWE-416'],CVE-2019-19807
torvalds/linux,https://github.com/torvalds/linux/commit/4969c06a0d83c9c3dc50b8efcdc8eeedfce896f6,4969c06a0d83c9c3dc50b8efcdc8eeedfce896f6,['CWE-476'],CVE-2019-19815
rockcarry/ffjpeg,https://github.com/rockcarry/ffjpeg/commit/5d07fff4a228b1309c9ffa2c35f0b9e332977018,5d07fff4a228b1309c9ffa2c35f0b9e332977018,['CWE-476'],CVE-2019-19887
rockcarry/ffjpeg,https://github.com/rockcarry/ffjpeg/commit/d6158811dbb4e97dc1cc9820ed0e846468366658,d6158811dbb4e97dc1cc9820ed0e846468366658,['CWE-369'],CVE-2019-19888
cyrusimap/cyrus-sasl,https://github.com/cyrusimap/cyrus-sasl/commit/dcc9f51cbd4ed622cfb0f9b1c141eb2ffe3b12f1,dcc9f51cbd4ed622cfb0f9b1c141eb2ffe3b12f1,"['CWE-193', 'CWE-787']",CVE-2019-19906
torvalds/linux,https://github.com/torvalds/linux/commit/de53fd7aedb100f03e5d2231cfce0e4993282425,de53fd7aedb100f03e5d2231cfce0e4993282425,['CWE-400'],CVE-2019-19922
php/php-src,https://github.com/php/php-src/commit/a5a15965da23c8e97657278fc8dfbf1dfb20c016,a5a15965da23c8e97657278fc8dfbf1dfb20c016,['CWE-74'],CVE-2019-11045
php/php-src,https://github.com/php/php-src/commit/2d07f00b73d8f94099850e0f5983e1cc5817c196,2d07f00b73d8f94099850e0f5983e1cc5817c196,['CWE-125'],CVE-2019-11046
php/php-src,https://github.com/php/php-src/commit/57325460d2bdee01a13d8e6cf03345c90543ff4f,57325460d2bdee01a13d8e6cf03345c90543ff4f,['CWE-125'],CVE-2019-11047
php/php-src,https://github.com/php/php-src/commit/11893c8e665d285f72c2b8a0fbe01a3fcc03b806,11893c8e665d285f72c2b8a0fbe01a3fcc03b806,['CWE-415'],CVE-2019-11049
php/php-src,https://github.com/php/php-src/commit/c14eb8de974fc8a4d74f3515424c293bc7a40fba,c14eb8de974fc8a4d74f3515424c293bc7a40fba,['CWE-125'],CVE-2019-11050
mz-automation/libiec61850,https://github.com/mz-automation/libiec61850/commit/23e381fa76d55554da5eed257f3889763801777d,23e381fa76d55554da5eed257f3889763801777d,['CWE-787'],CVE-2019-19931
torvalds/linux,https://github.com/torvalds/linux/commit/da2311a6385c3b499da2ed5d9be59ce331fa93e9,da2311a6385c3b499da2ed5d9be59ce331fa93e9,['CWE-908'],CVE-2019-19947
GNOME/libxml2,https://github.com/GNOME/libxml2/commit/5a02583c7e683896d84878bd90641d8d9b0d0549,5a02583c7e683896d84878bd90641d8d9b0d0549,['CWE-401'],CVE-2019-19956
CendioOssman/tigervnc,https://github.com/CendioOssman/tigervnc/commit/d61a767d6842b530ffb532ddd5a3d233119aad40,d61a767d6842b530ffb532ddd5a3d233119aad40,['CWE-672'],CVE-2019-15691
CendioOssman/tigervnc,https://github.com/CendioOssman/tigervnc/commit/996356b6c65ca165ee1ea46a571c32a1dc3c3821,996356b6c65ca165ee1ea46a571c32a1dc3c3821,['CWE-787'],CVE-2019-15692
CendioOssman/tigervnc,https://github.com/CendioOssman/tigervnc/commit/b4ada8d0c6dac98c8b91fc64d112569a8ae5fb95,b4ada8d0c6dac98c8b91fc64d112569a8ae5fb95,['CWE-787'],CVE-2019-15693
CendioOssman/tigervnc,https://github.com/CendioOssman/tigervnc/commit/05e28490873a861379c943bf616614b78b558b89,05e28490873a861379c943bf616614b78b558b89,"['CWE-787', 'CWE-754']",CVE-2019-15695
hoene/libmysofa,https://github.com/hoene/libmysofa/commit/2e6fac6ab6156dae8e8c6f417741388084b70d6f,2e6fac6ab6156dae8e8c6f417741388084b70d6f,['CWE-787'],CVE-2019-20016
tbeu/matio,https://github.com/tbeu/matio/commit/65831b7ec829b0ae0ac9d691a2f8fbc2b26af677,65831b7ec829b0ae0ac9d691a2f8fbc2b26af677,['CWE-125'],CVE-2019-20018
tbeu/matio,https://github.com/tbeu/matio/commit/7b4699854cc65874e13a8e6944cd8e62fa981068,7b4699854cc65874e13a8e6944cd8e62fa981068,['CWE-125'],CVE-2019-20020
upx,https://github.com/upx/upx/commit/819c33fee2b2c33b96bef27a13cb20f2589819aa,819c33fee2b2c33b96bef27a13cb20f2589819aa,"['CWE-119', 'CWE-125']",CVE-2019-20021
saitoha/libsixel,https://github.com/saitoha/libsixel/commit/b9a4175c803b50a863b0fbd8b8b49058ca725ea6,b9a4175c803b50a863b0fbd8b8b49058ca725ea6,['CWE-401'],CVE-2019-20023
tbeu/matio,https://github.com/tbeu/matio/commit/a47b7cd3aca70e9a0bddf8146eb4ab0cbd19c2c3,a47b7cd3aca70e9a0bddf8146eb4ab0cbd19c2c3,['CWE-401'],CVE-2019-20052
saitoha/libsixel,https://github.com/saitoha/libsixel/commit/bab1e603a1842898984e719af101dc34838b37a3,bab1e603a1842898984e719af101dc34838b37a3,['CWE-617'],CVE-2019-20056
saitoha/libsixel,https://github.com/saitoha/libsixel/commit/a18b3789cfd147028403c17fe79a43b169d8f034,a18b3789cfd147028403c17fe79a43b169d8f034,['CWE-787'],CVE-2019-20094
saitoha/libsixel,https://github.com/saitoha/libsixel/commit/598c8c88c97fd2eb5f6f5d1324fc325e66317f0c,598c8c88c97fd2eb5f6f5d1324fc325e66317f0c,['CWE-787'],CVE-2019-20140
ros/ros_comm,https://github.com/ros/ros_comm/commit/8f572f8648d3bab99283aa72fcdbf6bd71c86fa4,8f572f8648d3bab99283aa72fcdbf6bd71c86fa4,['CWE-190'],CVE-2019-13445
gpac,https://github.com/gpac/gpac/commit/e4c1f09ab9618b6af3bec6b94b8b349f2d01dbf8,e4c1f09ab9618b6af3bec6b94b8b349f2d01dbf8,['CWE-401'],CVE-2019-20159
gpac,https://github.com/gpac/gpac/commit/bcfcb3e90476692fe0d2bb532ea8deeb2a77580e,bcfcb3e90476692fe0d2bb532ea8deeb2a77580e,['CWE-787'],CVE-2019-20160
gpac,https://github.com/gpac/gpac/commit/7a09732d4978586e6284e84caa9c301b2fa5e956,7a09732d4978586e6284e84caa9c301b2fa5e956,['CWE-787'],CVE-2019-20161
gpac,https://github.com/gpac/gpac/commit/3c0ba42546c8148c51169c3908e845c308746c77,3c0ba42546c8148c51169c3908e845c308746c77,['CWE-787'],CVE-2019-20162
gpac,https://github.com/gpac/gpac/commit/5250afecbc770c8f26829e9566d5b226a3c5fa80,5250afecbc770c8f26829e9566d5b226a3c5fa80,"['CWE-416', 'CWE-476']",CVE-2019-20163
gpac,https://github.com/gpac/gpac/commit/a8b6246da925cf744805c9427a01fcacb53314bb,a8b6246da925cf744805c9427a01fcacb53314bb,['CWE-416'],CVE-2019-20169
gpac,https://github.com/gpac/gpac/commit/16856430287cc10f495eb241910b4dc45b193e03,16856430287cc10f495eb241910b4dc45b193e03,['CWE-763'],CVE-2019-20170
gpac,https://github.com/gpac/gpac/commit/2bcca3f1d4605100bb27d3ed7be25b53cddbc75c,2bcca3f1d4605100bb27d3ed7be25b53cddbc75c,['CWE-401'],CVE-2019-20171
gpac,https://github.com/gpac/gpac/commit/72cdc5048dead86bb1df7d21e0b9975e49cf2d97,72cdc5048dead86bb1df7d21e0b9975e49cf2d97,['CWE-401'],CVE-2019-20171
torvalds/linux,https://github.com/torvalds/linux/commit/ac1e516d5a4c56bf0cb4a3dfc0672f689131cfd4,ac1e516d5a4c56bf0cb4a3dfc0672f689131cfd4,['CWE-125'],CVE-2019-19927
torvalds/linux,https://github.com/torvalds/linux/commit/a66477b0efe511d98dde3e4aaeb189790e6f0a39,a66477b0efe511d98dde3e4aaeb189790e6f0a39,['CWE-125'],CVE-2019-19927
torvalds/linux,https://github.com/torvalds/linux/commit/453393369dc9806d2455151e329c599684762428,453393369dc9806d2455151e329c599684762428,['CWE-125'],CVE-2019-19927
SerenityOS/serenity,https://github.com/SerenityOS/serenity/commit/0fc24fe2564736689859e7edfa177a86dac36bf9,0fc24fe2564736689859e7edfa177a86dac36bf9,['CWE-119'],CVE-2019-20172
jedisct1/pure-ftpd,https://github.com/jedisct1/pure-ftpd/commit/aea56f4bcb9948d456f3fae4d044fd3fa2e19706,aea56f4bcb9948d456f3fae4d044fd3fa2e19706,['CWE-400'],CVE-2019-20176
saitoha/libsixel,https://github.com/saitoha/libsixel/commit/554335482137b4b4c1da7d461d884aea1d9d689f,554335482137b4b4c1da7d461d884aea1d9d689f,['CWE-190'],CVE-2019-20205
miniupnp/ngiflib,https://github.com/miniupnp/ngiflib/commit/5bad360070216388768be9b66d9fb59241e86d66,5bad360070216388768be9b66d9fb59241e86d66,['CWE-125'],CVE-2019-20219
python-pillow/Pillow,https://github.com/python-pillow/Pillow/commit/4e2def2539ec13e53a82e06c4b3daf00454100c4,4e2def2539ec13e53a82e06c4b3daf00454100c4,['CWE-190'],CVE-2020-5310
python-pillow/Pillow,https://github.com/python-pillow/Pillow/commit/a79b65c47c7dc6fe623aadf09aa6192fc54548f3,a79b65c47c7dc6fe623aadf09aa6192fc54548f3,['CWE-120'],CVE-2020-5311
python-pillow/Pillow,https://github.com/python-pillow/Pillow/commit/93b22b846e0269ee9594ff71a72bec02d2bea8fd,93b22b846e0269ee9594ff71a72bec02d2bea8fd,['CWE-120'],CVE-2020-5312
python-pillow/Pillow,https://github.com/python-pillow/Pillow/commit/a09acd0decd8a87ccce939d5ff65dab59e7d365b,a09acd0decd8a87ccce939d5ff65dab59e7d365b,['CWE-125'],CVE-2020-5313
fontforge,https://github.com/fontforge/fontforge/commit/8da6d56bf7af2d25f779e52edef61b2fd4557b3c,8da6d56bf7af2d25f779e52edef61b2fd4557b3c,['CWE-416'],CVE-2020-5395
OISF/suricata,https://github.com/OISF/suricata/commit/fa692df37a796c3330c81988d15ef1a219afc006,fa692df37a796c3330c81988d15ef1a219afc006,['CWE-436'],CVE-2019-18792
OISF/suricata,https://github.com/OISF/suricata/commit/ea0659de7640cf6a51de5bbd1dbbb0414e4623a0,ea0659de7640cf6a51de5bbd1dbbb0414e4623a0,['CWE-Other'],CVE-2019-18625
gpac,https://github.com/gpac/gpac/commit/c7e46e948ebe2d4a532539c7e714cdf655b84521,c7e46e948ebe2d4a532539c7e714cdf655b84521,['CWE-476'],CVE-2020-6630
mruby,https://github.com/mruby/mruby/commit/70e574689664c10ed2c47581999cc2ce3e3c5afb,70e574689664c10ed2c47581999cc2ce3e3c5afb,['CWE-416'],CVE-2020-6838
uclouvain/openjpeg,https://github.com/uclouvain/openjpeg/commit/024b8407392cb0b82b04b58ed256094ed5799e04,024b8407392cb0b82b04b58ed256094ed5799e04,['CWE-787'],CVE-2020-6851
abrt/libreport,https://github.com/abrt/libreport/commit/239c4f7d1f47265526b39ad70106767d00805277,239c4f7d1f47265526b39ad70106767d00805277,['CWE-22'],CVE-2015-3151
mz-automation/libiec61850,https://github.com/mz-automation/libiec61850/commit/b4c7cefb154dcd8777e62196e2ca5fceb71a2dcb,b4c7cefb154dcd8777e62196e2ca5fceb71a2dcb,['CWE-787'],CVE-2020-7054
wireshark,https://github.com/wireshark/wireshark/commit/f90a3720b73ca140403315126e2a478c4f70ca03,f90a3720b73ca140403315126e2a478c4f70ca03,"['CWE-193', 'CWE-125']",CVE-2020-7044
wireshark,https://github.com/wireshark/wireshark/commit/01f261de41f4dd3233ef578e5c0ffb9c25c7d14d,01f261de41f4dd3233ef578e5c0ffb9c25c7d14d,['CWE-476'],CVE-2020-7045
redis/hiredis,https://github.com/redis/hiredis/commit/669ac9d0c843f9ccf07d4969ff6bff75fafee01f,669ac9d0c843f9ccf07d4969ff6bff75fafee01f,['CWE-476'],CVE-2020-7105
redis/hiredis,https://github.com/redis/hiredis/commit/70e73a31ad5edb6c457658c0a0b6752b06cc6a25,70e73a31ad5edb6c457658c0a0b6752b06cc6a25,['CWE-476'],CVE-2020-7105
redis/hiredis,https://github.com/redis/hiredis/commit/a15378861368a4267c2c2c73b90db2849f943ebd,a15378861368a4267c2c2c73b90db2849f943ebd,['CWE-476'],CVE-2020-7105
openSUSE/libsolv,https://github.com/openSUSE/libsolv/commit/fdb9c9c03508990e4583046b590c30d958f272da,fdb9c9c03508990e4583046b590c30d958f272da,['CWE-125'],CVE-2019-20387
GNOME/libxml2,https://github.com/GNOME/libxml2/commit/6088a74bcf7d0c42e24cff4594d804e1d3c9fbca,6088a74bcf7d0c42e24cff4594d804e1d3c9fbca,['CWE-401'],CVE-2019-20388
GNOME/libxml2,https://github.com/GNOME/libxml2/commit/0e1a49c8907645d2e155f0d89d4d9895ac5112b5,0e1a49c89076,['CWE-835'],CVE-2020-7595
CESNET/libyang,https://github.com/CESNET/libyang/commit/bdb596ddc07596fa212f231135b87d0b9178f6f8,bdb596ddc07596fa212f231135b87d0b9178f6f8,['CWE-119'],CVE-2019-20391
CESNET/libyang,https://github.com/CESNET/libyang/commit/32fb4993bc8bb49e93e84016af3c10ea53964be5,32fb4993bc8bb49e93e84016af3c10ea53964be5,['CWE-119'],CVE-2019-20392
CESNET/libyang,https://github.com/CESNET/libyang/commit/d9feacc4a590d35dbc1af21caf9080008b4450ed,d9feacc4a590d35dbc1af21caf9080008b4450ed,['CWE-415'],CVE-2019-20393
CESNET/libyang,https://github.com/CESNET/libyang/commit/4e610ccd87a2ba9413819777d508f71163fcc237,4e610ccd87a2ba9413819777d508f71163fcc237,['CWE-674'],CVE-2019-20395
CESNET/libyang,https://github.com/CESNET/libyang/commit/88bd6c548ba79bce176cd875e9b56e7e0ef4d8d4,88bd6c548ba79bce176cd875e9b56e7e0ef4d8d4,['CWE-415'],CVE-2019-20397
CESNET/libyang,https://github.com/CESNET/libyang/commit/7852b272ef77f8098c35deea6c6f09cb78176f08,7852b272ef77f8098c35deea6c6f09cb78176f08,['CWE-476'],CVE-2019-20398
videolan/vlc,https://github.com/videolan/vlc/commit/fbe2837bc80f155c001781041a54c58b5524fc14,fbe2837bc80f155c001781041a54c58b5524fc14,['CWE-120'],CVE-2014-9625
videolan/vlc,https://github.com/videolan/vlc/commit/2e7c7091a61aa5d07e7997b393d821e91f593c39,2e7c7091a61aa5d07e7997b393d821e91f593c39,"['CWE-120', 'CWE-704', 'CWE-191']",CVE-2014-9626
videolan/vlc,https://github.com/videolan/vlc/commit/9bb0353a5c63a7f8c6fc853faa3df4b4df1f5eb5,9bb0353a5c63a7f8c6fc853faa3df4b4df1f5eb5,['CWE-120'],CVE-2014-9629
videolan/vlc,https://github.com/videolan/vlc/commit/204291467724867b79735c0ee3aeb0dbc2200f97,204291467724867b79735c0ee3aeb0dbc2200f97,['CWE-119'],CVE-2014-9630
uclouvain/openjpeg,https://github.com/uclouvain/openjpeg/commit/05f9b91e60debda0e83977e5e63b2e66486f7074,05f9b91e60debda0e83977e5e63b2e66486f7074,['CWE-787'],CVE-2020-8112
torvalds/linux,https://github.com/torvalds/linux/commit/d0cb50185ae942b03c4327be322055d622dc79f6,d0cb50185ae942b03c4327be322055d622dc79f6,['CWE-416'],CVE-2020-8428
openbsd/src,https://github.com/openbsd/src/commit/9dcfda045474d8903224d175907bfc29761dcb45,9dcfda045474d8903224d175907bfc29761dcb45,"['CWE-78', 'CWE-755']",CVE-2020-7247
ossec/ossec-hids,https://github.com/ossec/ossec-hids/commit/1fe77689c0d42ce58d22f95d69b6e4a77ff96bd0,1fe77689c0d42ce58d22f95d69b6e4a77ff96bd0,['CWE-787'],CVE-2020-8442
ossec/ossec-hids,https://github.com/ossec/ossec-hids/commit/353ef15e4d3c5dfa8f1cc100651656cf7013c6a9,353ef15e4d3c5dfa8f1cc100651656cf7013c6a9,"['CWE-193', 'CWE-787']",CVE-2020-8443
ossec/ossec-hids,https://github.com/ossec/ossec-hids/commit/9b8b14c88188cdc66ab25f92a26918d0cb8a7760,9b8b14c88188cdc66ab25f92a26918d0cb8a7760,['CWE-476'],CVE-2020-8448
ImageMagick,https://github.com/ImageMagick/ImageMagick/commit/97c9f438a9b3454d085895f4d1f66389fd22a0fb,97c9f438a9b3454d085895f4d1f66389fd22a0fb,['CWE-125'],CVE-2016-7524
GNOME/evolution-data-server,https://github.com/GNOME/evolution-data-server/commit/5d8b92c622f6927b253762ff9310479dd3ac627d,5d8b92c622f6927b253762ff9310479dd3ac627d,['CWE-200'],CVE-2013-4166
php/php-src,https://github.com/php/php-src/commit/0f79b1bf301f455967676b5129240140c5c45b09,0f79b1bf301f455967676b5129240140c5c45b09,['CWE-125'],CVE-2020-7059
php/php-src,https://github.com/php/php-src/commit/2bcbc95f033c31b00595ed39f79c3a99b4ed0501,2bcbc95f033c31b00595ed39f79c3a99b4ed0501,['CWE-125'],CVE-2020-7060
libuv,https://github.com/libuv/libuv/commit/d4ff8fd5c175bc825258da3ffb01bd21bd5a6202,d4ff8fd5c175bc825258da3ffb01bd21bd5a6202,['CWE-362'],CVE-2014-9748
libuv,https://github.com/libuv/libuv/commit/3eb6764acd2d708f6873c177a77f9bef3b266fa9,3eb6764acd2d708f6873c177a77f9bef3b266fa9,['CWE-362'],CVE-2014-9748
nodejs/node,https://github.com/nodejs/node/commit/7ee58bebff8074610d83bdf75ce01e9833b58a0e,7ee58bebff8074610d83bdf75ce01e9833b58a0e,['CWE-362'],CVE-2014-9748
php/php-src,https://github.com/php/php-src/commit/9f6a5a027035d1fe7171a4fdd9b123cc4f439708,9f6a5a027035d1fe7171a4fdd9b123cc4f439708,['CWE-125'],CVE-2019-20454
OpenSIPS/opensips,https://github.com/OpenSIPS/opensips/commit/54e027adfa486cfcf993828512b2e273aeb163c2,54e027adfa486cfcf993828512b2e273aeb163c2,['CWE-835'],CVE-2013-3722
facebook/hhvm,https://github.com/facebook/hhvm/commit/8e7266fef1f329b805b37f32c9ad0090215ab269,8e7266fef1f329b805b37f32c9ad0090215ab269,['CWE-345'],CVE-2016-1000004
facebook/hhvm,https://github.com/facebook/hhvm/commit/423b4b719afd5ef4e6e19d8447fbf7b6bc0d0a25,423b4b719afd5ef4e6e19d8447fbf7b6bc0d0a25,['CWE-665'],CVE-2016-1000109
uclouvain/openjpeg,https://github.com/uclouvain/openjpeg/commit/ad593c9e0622e0d8d87228e67e4dbd36243ffd22,ad593c9e0622e0d8d87228e67e4dbd36243ffd22,['CWE-119'],CVE-2016-3182
danfruehauf/NetworkManager-ssh,https://github.com/danfruehauf/NetworkManager-ssh/commit/5d88cd89795352b5df54cc0ebb6a0076b8c89ee4,5d88cd89795352b5df54cc0ebb6a0076b8c89ee4,['CWE-Other'],CVE-2020-9355
FreeRADIUS/pam_radius,https://github.com/FreeRADIUS/pam_radius/commit/01173ec2426627dbb1e0d96c06c3ffa0b14d36d0,01173ec2426627dbb1e0d96c06c3ffa0b14d36d0,['CWE-787'],CVE-2015-9542
jedisct1/pure-ftpd,https://github.com/jedisct1/pure-ftpd/commit/36c6d268cb190282a2c17106acfd31863121b58e,36c6d268cb190282a2c17106acfd31863121b58e,['CWE-125'],CVE-2020-9365
jedisct1/pure-ftpd,https://github.com/jedisct1/pure-ftpd/commit/8d0d42542e2cb7a56d645fbe4d0ef436e38bcefa,8d0d42542e2cb7a56d645fbe4d0ef436e38bcefa,['CWE-824'],CVE-2020-9274
libgd,https://github.com/libgd/libgd/commit/2dbd8f6e66b73ed43d9b81a45350922b80f75397,2dbd8f6e66b73ed43d9b81a45350922b80f75397,['CWE-125'],CVE-2017-6363
libgd,https://github.com/libgd/libgd/commit/0be86e1926939a98afbd2f3a23c673dfc4df2a7c,0be86e1926939a98afbd2f3a23c673dfc4df2a7c,['CWE-125'],CVE-2017-6363
libgd,https://github.com/libgd/libgd/commit/318ebd33c8beaf51ec62e4e69d9b1ca892c61ecb,318ebd33c8beaf51ec62e4e69d9b1ca892c61ecb,['CWE-125'],CVE-2017-6363
adrienverge/openfortivpn,https://github.com/adrienverge/openfortivpn/commit/60660e00b80bad0fadcf39aee86f6f8756c94f91,60660e00b80bad0fadcf39aee86f6f8756c94f91,['CWE-295'],CVE-2020-7041
adrienverge/openfortivpn,https://github.com/adrienverge/openfortivpn/commit/9eee997d599a89492281fc7ffdd79d88cd61afc3,9eee997d599a89492281fc7ffdd79d88cd61afc3,"['CWE-908', 'CWE-295']",CVE-2020-7042
adrienverge/openfortivpn,https://github.com/adrienverge/openfortivpn/commit/6328a070ddaab16faaf008cb9a8a62439c30f2a8,6328a070ddaab16faaf008cb9a8a62439c30f2a8,['CWE-295'],CVE-2020-7043
wireshark,https://github.com/wireshark/wireshark/commit/9fe2de783dbcbe74144678d60a4e3923367044b2,9fe2de783dbcbe74144678d60a4e3923367044b2,['CWE-125'],CVE-2020-9428
wireshark,https://github.com/wireshark/wireshark/commit/73c5fff899f253c44a72657048aec7db6edee571,73c5fff899f253c44a72657048aec7db6edee571,['CWE-476'],CVE-2020-9429
wireshark,https://github.com/wireshark/wireshark/commit/a2530f740d67d41908e84434bb5ec99480c2ac2e,a2530f740d67d41908e84434bb5ec99480c2ac2e,['CWE-476'],CVE-2020-9429
wireshark,https://github.com/wireshark/wireshark/commit/93d6b03a67953b82880cdbdcf0d30e2a3246d790,93d6b03a67953b82880cdbdcf0d30e2a3246d790,['CWE-20'],CVE-2020-9430
wireshark,https://github.com/wireshark/wireshark/commit/6b98dc63701b1da1cc7681cb383dabb0b7007d73,6b98dc63701b1da1cc7681cb383dabb0b7007d73,['CWE-20'],CVE-2020-9430
wireshark,https://github.com/wireshark/wireshark/commit/086003c9d616906e08bbeeab9c17b3aa4c6ff850,086003c9d616906e08bbeeab9c17b3aa4c6ff850,['CWE-401'],CVE-2020-9431
zhaozg/lua-openssl,https://github.com/zhaozg/lua-openssl/commit/a6dc186dd4b6b9e329a93cca3e7e3cfccfdf3cca,a6dc186dd4b6b9e329a93cca3e7e3cfccfdf3cca,['CWE-295'],CVE-2020-9432
facebook/hhvm,https://github.com/facebook/hhvm/commit/b3679121bb3c7017ff04b4c08402ffff5cf59b13,b3679121bb3c7017ff04b4c08402ffff5cf59b13,['CWE-125'],CVE-2020-1888
facebook/hhvm,https://github.com/facebook/hhvm/commit/dabd48caf74995e605f1700344f1ff4a5d83441d,dabd48caf74995e605f1700344f1ff4a5d83441d,['CWE-125'],CVE-2020-1892
facebook/hhvm,https://github.com/facebook/hhvm/commit/bd586671a3c22eb2f07e55f11b3ce64e1f7961e7,bd586671a3c22eb2f07e55f11b3ce64e1f7961e7,['CWE-125'],CVE-2020-1893
sctplab/usrsctp,https://github.com/sctplab/usrsctp/commit/790a7a2555aefb392a5a69923f1e9d17b4968467,790a7a2555aefb392a5a69923f1e9d17b4968467,['CWE-125'],CVE-2019-20503
sleuthkit,https://github.com/sleuthkit/sleuthkit/commit/0c7d5e7333aeb61dace51750b56fcaad55a6359b,0c7d5e7333aeb61dace51750b56fcaad55a6359b,['CWE-125'],CVE-2020-10233
facebook/fbthrift,https://github.com/facebook/fbthrift/commit/c9a903e5902834e95bbd4ab0e9fa53ba0189f351,c9a903e5902834e95bbd4ab0e9fa53ba0189f351,['CWE-770'],CVE-2019-3553
osquery,https://github.com/osquery/osquery/commit/4b561c773922562edb79bb55bc47dcf6d6d746fa,4b561c773922562edb79bb55bc47dcf6d6d746fa,['CWE-295'],CVE-2020-1887
osquery,https://github.com/osquery/osquery/commit/3ae9a09e14193a9c0a81c38dd3fef4c2fe38966e,3ae9a09e14193a9c0a81c38dd3fef4c2fe38966e,['CWE-295'],CVE-2020-1887
meetecho/janus-gateway,https://github.com/meetecho/janus-gateway/commit/eb99ac8674c554bab6775f4378b24e991b4a2fa1,eb99ac8674c554bab6775f4378b24e991b4a2fa1,['CWE-362'],CVE-2020-10576
meetecho/janus-gateway,https://github.com/meetecho/janus-gateway/commit/bc319056603295953f4a70999bc4553785c6e5ef,bc319056603295953f4a70999bc4553785c6e5ef,['CWE-362'],CVE-2020-10577
meetecho/janus-gateway,https://github.com/meetecho/janus-gateway/commit/4dee754d7902cc767132ad713fb185371382cd65,4dee754d7902cc767132ad713fb185371382cd65,['CWE-362'],CVE-2020-10577
GNOME/gthumb,https://github.com/GNOME/gthumb/commit/4faa5ce2358812d23a1147953ee76f59631590ad,4faa5ce2358812d23a1147953ee76f59631590ad,['CWE-787'],CVE-2019-20326
LINBIT/csync2,https://github.com/LINBIT/csync2/commit/416f1de878ef97e27e27508914f7ba8599a0be22,416f1de878ef97e27e27508914f7ba8599a0be22,['CWE-Other'],CVE-2019-15522
jgarzik/univalue,https://github.com/jgarzik/univalue/commit/07aa635c034f3a2accfe4e20a8148c366bccf5bf,07aa635c034f3a2accfe4e20a8148c366bccf5bf,['CWE-674'],CVE-2019-18936
chromium,https://github.com/chromium/chromium/commit/684a212a93141908bcc10f4bc57f3edb53d2d21f,684a212a93141908bcc10f4bc57f3edb53d2d21f,['CWE-264'],CVE-2014-3172
chromium,https://github.com/chromium/chromium/commit/ee7579229ff7e9e5ae28bf53aea069251499d7da,ee7579229ff7e9e5ae28bf53aea069251499d7da,['CWE-119'],CVE-2014-3173
chromium,https://github.com/chromium/chromium/commit/c391f54a210dd792f140650b886e92480d8eaf9e,c391f54a210dd792f140650b886e92480d8eaf9e,['CWE-119'],CVE-2014-3174
xen-project/xen,https://github.com/xen-project/xen/commit/c0020e0997024eb741d60de9a480bf2878f891af,c0020e0997024eb741d60de9a480bf2878f891af,['CWE-264'],CVE-2014-5147
xen-project/xen,https://github.com/xen-project/xen/commit/fc0cafeab30fe93963457fafbad7a01c7f55ea5f,fc0cafeab30fe93963457fafbad7a01c7f55ea5f,['CWE-264'],CVE-2014-5147
xen-project/xen,https://github.com/xen-project/xen/commit/a98669781769e821413dfef4ef99b93171375610,a98669781769e821413dfef4ef99b93171375610,['CWE-264'],CVE-2014-5147
torvalds/linux,https://github.com/torvalds/linux/commit/350b8bdd689cd2ab2c67c8a86a0be86cfa0751a7,350b8bdd689cd2ab2c67c8a86a0be86cfa0751a7,['CWE-189'],CVE-2014-3601
torvalds/linux,https://github.com/torvalds/linux/commit/410dd3cf4c9b36f27ed4542ee18b1af5e68645a4,410dd3cf4c9b36f27ed4542ee18b1af5e68645a4,"['CWE-20', 'CWE-399']",CVE-2014-5471
chromium,https://github.com/chromium/chromium/commit/0d4a68cad5e80f7a52f1de888be79a554e5df9d7,0d4a68cad5e80f7a52f1de888be79a554e5df9d7,['CWE-Other'],CVE-2014-3178
wireshark,https://github.com/wireshark/wireshark/commit/9112a099d7cc2cd924b7c667bf27f6e112b970c6,9112a099d7cc2cd924b7c667bf27f6e112b970c6,['CWE-399'],CVE-2014-6423
wireshark,https://github.com/wireshark/wireshark/commit/c10396dbbf782a576bc1f9a931cf86090cec3878,c10396dbbf782a576bc1f9a931cf86090cec3878,['CWE-119'],CVE-2014-6425
wireshark,https://github.com/wireshark/wireshark/commit/d9e5021fe79973d00ddd8fcef0bbefbaae63dd0f,d9e5021fe79973d00ddd8fcef0bbefbaae63dd0f,['CWE-399'],CVE-2014-6426
wireshark,https://github.com/wireshark/wireshark/commit/73959159dbf34b4a0b50fbd19e05cb1b470be9b0,73959159dbf34b4a0b50fbd19e05cb1b470be9b0,['CWE-119'],CVE-2014-6427
wireshark,https://github.com/wireshark/wireshark/commit/433a444d148f86f2562f804d25a57d00dc277cc0,433a444d148f86f2562f804d25a57d00dc277cc0,['CWE-119'],CVE-2014-6428
wireshark,https://github.com/wireshark/wireshark/commit/47c592938ba9f0caeacc4c2ccadb370e72f293a2,47c592938ba9f0caeacc4c2ccadb370e72f293a2,"['CWE-119', 'CWE-20', 'CWE-399']",CVE-2014-6429
torvalds/linux,https://github.com/torvalds/linux/commit/3e10986d1d698140747fcfc2761ec9cb64c1d582,3e10986d1d698140747fcfc2761ec9cb64c1d582,['CWE-264'],CVE-2012-6657
torvalds/linux,https://github.com/torvalds/linux/commit/c54def7bd64d7c0b6993336abcffb8444795bf38,c54def7bd64d7c0b6993336abcffb8444795bf38,['CWE-119'],CVE-2014-3181
torvalds/linux,https://github.com/torvalds/linux/commit/ad3e14d7c5268c2e24477c6ef54bbdf88add5d36,ad3e14d7c5268c2e24477c6ef54bbdf88add5d36,['CWE-119'],CVE-2014-3182
torvalds/linux,https://github.com/torvalds/linux/commit/51217e69697fba92a06e07e16f55c9a52d8e8945,51217e69697fba92a06e07e16f55c9a52d8e8945,['CWE-119'],CVE-2014-3183
torvalds/linux,https://github.com/torvalds/linux/commit/4ab25786c87eb20857bbb715c3ae34ec8fd6a214,4ab25786c87eb20857bbb715c3ae34ec8fd6a214,['CWE-119'],CVE-2014-3184
torvalds/linux,https://github.com/torvalds/linux/commit/6817ae225cd650fb1c3295d769298c38b1eba818,6817ae225cd650fb1c3295d769298c38b1eba818,['CWE-119'],CVE-2014-3185
torvalds/linux,https://github.com/torvalds/linux/commit/844817e47eef14141cf59b8d5ac08dd11c0a9189,844817e47eef14141cf59b8d5ac08dd11c0a9189,['CWE-119'],CVE-2014-3186
torvalds/linux,https://github.com/torvalds/linux/commit/95389b08d93d5c06ec63ab49bd732b0069b7c35e,95389b08d93d5c06ec63ab49bd732b0069b7c35e,['CWE-Other'],CVE-2014-3631
torvalds/linux,https://github.com/torvalds/linux/commit/c03aa9f6e1f938618e6db2e23afef0574efeeb65,c03aa9f6e1f938618e6db2e23afef0574efeeb65,['CWE-399'],CVE-2014-6410
torvalds/linux,https://github.com/torvalds/linux/commit/c27a3e4d667fdcad3db7b104f75659478e0c68d8,c27a3e4d667fdcad3db7b104f75659478e0c68d8,"['CWE-119', 'CWE-399']",CVE-2014-6416
torvalds/linux,https://github.com/torvalds/linux/commit/18f39e7be0121317550d03e267e3ebd4dbfbb3ce,18f39e7be0121317550d03e267e3ebd4dbfbb3ce,['CWE-399'],CVE-2014-7145
torvalds/linux,https://github.com/torvalds/linux/commit/7ada876a8703f23befbb20a7465a702ee39b1704,7ada876a8703f23befbb20a7465a702ee39b1704,['CWE-119'],CVE-2014-0205
xen-project/xen,https://github.com/xen-project/xen/commit/46a49b91f1026f64430b84dd83e845a33f06415e,46a49b91f1026f64430b84dd83e845a33f06415e,['CWE-362'],CVE-2014-7154
xen-project/xen,https://github.com/xen-project/xen/commit/61fdda7acf3de11f3d50d50e5b4f4ecfac7e0d04,61fdda7acf3de11f3d50d50e5b4f4ecfac7e0d04,['CWE-399'],CVE-2014-7188
chromium,https://github.com/chromium/chromium/commit/4fa78b4d12db5b5511c6d2a28e098a0c96cfcfd8,4fa78b4d12db5b5511c6d2a28e098a0c96cfcfd8,['CWE-416'],CVE-2014-3190
chromium,https://github.com/chromium/chromium/commit/11a4cc4a6d6e665d9a118fada4b7c658d6f70d95,11a4cc4a6d6e665d9a118fada4b7c658d6f70d95,['CWE-416'],CVE-2014-3191
chromium,https://github.com/chromium/chromium/commit/04261ff0051f8495f81f166087dd4cfda045eaa0,04261ff0051f8495f81f166087dd4cfda045eaa0,['CWE-416'],CVE-2014-3192
chromium,https://github.com/chromium/chromium/commit/6d6797eb60a6626fd48bd9fe92a6598de3a0ea8b,6d6797eb60a6626fd48bd9fe92a6598de3a0ea8b,['CWE-264'],CVE-2014-3196
chromium,https://github.com/chromium/chromium/commit/dc84fcce71f37e6faeab9dce6ae2a65f1e12a5d2,dc84fcce71f37e6faeab9dce6ae2a65f1e12a5d2,['CWE-264'],CVE-2014-3196
torvalds/linux,https://github.com/torvalds/linux/commit/801c6058d14a82179a7ee17a4b532cac6fad067f,801c6058d14a82179a7ee17a4b532cac6fad067f,['CWE-863'],CVE-2021-31829
torvalds/linux,https://github.com/torvalds/linux/commit/4edbe1d7bcffcd6269f3b5eb63f710393ff2ec7a,4edbe1d7bcffcd6269f3b5eb63f710393ff2ec7a,['CWE-787'],CVE-2021-31916
torvalds/linux,https://github.com/torvalds/linux/commit/e2cb6b891ad2b8caa9131e3be70f45243df82a80,e2cb6b891ad2b8caa9131e3be70f45243df82a80,['CWE-362'],CVE-2021-32399
Exiv2/exiv2,https://github.com/Exiv2/exiv2/commit/82e46b5524fb904e6660dadd2c6d8e5e47375a1a,82e46b5524fb904e6660dadd2c6d8e5e47375a1a,['CWE-908'],CVE-2021-29623
upx,https://github.com/upx/upx/commit/87b73e5cfdc12da94c251b2cd83bb01c7d9f616c,87b73e5cfdc12da94c251b2cd83bb01c7d9f616c,['CWE-125'],CVE-2020-24119
Exiv2/exiv2,https://github.com/Exiv2/exiv2/commit/c261fbaa2567687eec6a595d3016212fd6ae648d,c261fbaa2567687eec6a595d3016212fd6ae648d,['CWE-400'],CVE-2021-32617
LibreDWG/libredwg,https://github.com/LibreDWG/libredwg/commit/bcec483e73819af29787d5ed87fc515e1dfd0411,bcec483e73819af29787d5ed87fc515e1dfd0411,['CWE-787'],CVE-2020-21827
php/php-src,https://github.com/php/php-src/commit/07c7df68bd68bbe706371fccc77c814ebb335d9e,07c7df68bd68bbe706371fccc77c814ebb335d9e,['CWE-119'],CVE-2016-2554
GNOME/gdk-pixbuf,https://github.com/GNOME/gdk-pixbuf/commit/f8569bb13e2aa1584dde61ca545144750f7a7c98,f8569bb13e2aa1584dde61ca545144750f7a7c98,['CWE-Other'],CVE-2011-2485
torvalds/linux,https://github.com/torvalds/linux/commit/15291164b22a357cb211b618adfef4fa82fc0de3,15291164b22a357cb211b618adfef4fa82fc0de3,['CWE-119'],CVE-2011-4086
torvalds/linux,https://github.com/torvalds/linux/commit/0bfc96cb77224736dfa35c3c555d37b3646ef35e,0bfc96cb77224736dfa35c3c555d37b3646ef35e,['CWE-264'],CVE-2011-4127
torvalds/linux,https://github.com/torvalds/linux/commit/ec8013beddd717d1740cfefb1a9b900deef85462,ec8013beddd717d1740cfefb1a9b900deef85462,['CWE-264'],CVE-2011-4127
torvalds/linux,https://github.com/torvalds/linux/commit/c2226fc9e87ba3da060e47333657cd6616652b84,c2226fc9e87ba3da060e47333657cd6616652b84,['CWE-Other'],CVE-2012-0045
torvalds/linux,https://github.com/torvalds/linux/commit/d50f2ab6f050311dbf7b8f5501b25f0bf64a439b,d50f2ab6f050311dbf7b8f5501b25f0bf64a439b,['CWE-189'],CVE-2012-2100
torvalds/linux,https://github.com/torvalds/linux/commit/90481622d75715bfcb68501280a917dbfe516029,90481622d75715bfcb68501280a917dbfe516029,['CWE-399'],CVE-2012-2133
php/php-src,https://github.com/php/php-src/commit/aab49e934de1fff046e659cbec46e3d053b41c34,aab49e934de1fff046e659cbec46e3d053b41c34,['CWE-310'],CVE-2012-2143
php/php-src,https://github.com/php/php-src/commit/158d8a6b088662ce9d31e0c777c6ebe90efdc854,158d8a6b088662ce9d31e0c777c6ebe90efdc854,['CWE-189'],CVE-2012-2386
GNOME/gimp,https://github.com/GNOME/gimp/commit/744f7a4a2b5acb8b531a6f5dd8744ebb95348fc2,744f7a4a2b5acb8b531a6f5dd8744ebb95348fc2,['CWE-120'],CVE-2012-2763
GNOME/gimp,https://github.com/GNOME/gimp/commit/0474376d234bc3d0901fd5e86f89d778a6473dd8,0474376d234bc3d0901fd5e86f89d778a6473dd8,['CWE-476'],CVE-2012-3236
aosp-mirror/platform_bionic,https://github.com/aosp-mirror/platform_bionic/commit/7f5aa4f35e23fd37425b3a5041737cdf58f87385,7f5aa4f35e23fd37425b3a5041737cdf58f87385,['CWE-189'],CVE-2012-2674
bmuller/mod_auth_openid,https://github.com/bmuller/mod_auth_openid/commit/b7d6ce77b5469083ee80d578693273e5fe618c83,b7d6ce77b5469083ee80d578693273e5fe618c83,['CWE-264'],CVE-2012-2760
sipa/bitcoin,https://github.com/sipa/bitcoin/commit/a206b0ea12eb4606b93323268fc81a4f1f952531,a206b0ea12eb4606b93323268fc81a4f1f952531,['CWE-16'],CVE-2012-1909
torvalds/linux,https://github.com/torvalds/linux/commit/cc9b17ad29ecaa20bfe426a8d4dbfb94b13ff1cc,cc9b17ad29ecaa20bfe426a8d4dbfb94b13ff1cc,['CWE-20'],CVE-2012-2136
torvalds/linux,https://github.com/torvalds/linux/commit/26c191788f18129af0eb32a358cdaea0c7479626,26c191788f18129af0eb32a358cdaea0c7479626,['CWE-362'],CVE-2012-2373
torvalds/linux,https://github.com/torvalds/linux/commit/9e2dcf72023d1447f09c47d77c99b0c49659e5ce,9e2dcf72023d1447f09c47d77c99b0c49659e5ce,['CWE-Other'],CVE-2012-2744
torvalds/linux,https://github.com/torvalds/linux/commit/79549c6dfda0603dba9a70a53467ce62d9335c33,79549c6dfda0603dba9a70a53467ce62d9335c33,['CWE-119'],CVE-2012-2745
GNOME/gdk-pixbuf,https://github.com/GNOME/gdk-pixbuf/commit/4f0f465f991cd454d03189497f923eb40c170c22,4f0f465f991cd454d03189497f923eb40c170c22,['CWE-189'],CVE-2012-2370
nodejs/node-v0.x-archive,https://github.com/nodejs/node-v0.x-archive/commit/7b3fb22290c3b6acb497ca85cf2f1648d75c8154,7b3fb22,['CWE-20'],CVE-2012-2330
darold/squidclamav,https://github.com/darold/squidclamav/commit/80f74451f628264d1d9a1f1c0bbcebc932ba5e00,80f74451f628264d1d9a1f1c0bbcebc932ba5e00,['CWE-119'],CVE-2012-3501
pediapress/pyfribidi,https://github.com/pediapress/pyfribidi/commit/d2860c655357975e7b32d84e6b45e98f0dcecd7a,d2860c655357975e7b32d84e6b45e98f0dcecd7a,['CWE-119'],CVE-2012-1176
GNOME/libgdata,https://github.com/GNOME/libgdata/commit/6799f2c525a584dc998821a6ce897e463dad7840,6799f2c525a584dc998821a6ce897e463dad7840,['CWE-20'],CVE-2012-1177
GNOME/libgdata,https://github.com/GNOME/libgdata/commit/8eff8fa9138859e03e58c2aa76600ab63eb5c29c,8eff8fa9138859e03e58c2aa76600ab63eb5c29c,['CWE-20'],CVE-2012-1177
php/php-src,https://github.com/php/php-src/commit/d73b1a275d300ba8b30165dce16e273df57e3e08,d73b1a275d300ba8b30165dce16e273df57e3e08,['CWE-20'],CVE-2011-1398
chromium,https://github.com/chromium/chromium/commit/e741149a6b7872a2bf1f2b6cc0a56e836592fb77,e741149a6b7872a2bf1f2b6cc0a56e836592fb77,['CWE-399'],CVE-2012-2870
chromium,https://github.com/chromium/chromium/commit/9939d35f9827ed0929646607cbdb071af627ac38,9939d35f9827ed0929646607cbdb071af627ac38,['CWE-399'],CVE-2012-2870
bratsche/pango,https://github.com/bratsche/pango/commit/4de30e5500eaeb49f4bf0b7a07f718e149a2ed5e,4de30e5500eaeb49f4bf0b7a07f718e149a2ed5e,['CWE-189'],CVE-2009-1194
chromium,https://github.com/chromium/chromium/commit/3413dd8e6353804a0931fc86f842194a6891be90,3413dd8e6353804a0931fc86f842194a6891be90,['CWE-399'],CVE-2008-7061
alandekok/freeradius-server,https://github.com/alandekok/freeradius-server/commit/860cad9e02ba344edb0038419e415fe05a9a01f4,860cad9e02ba344edb0038419e415fe05a9a01f4,['CWE-Other'],CVE-2009-3111
gisle/html-parser,https://github.com/gisle/html-parser/commit/b9aae1e43eb2c8e989510187cff0ba3e996f9a4c,b9aae1e43eb2c8e989510187cff0ba3e996f9a4c,['CWE-20'],CVE-2009-3627
GNOME/gimp,https://github.com/GNOME/gimp/commit/df2b0aca2e7cdb95ebfd3454c65aaba0a83e9bbe,df2b0aca2e7cdb95ebfd3454c65aaba0a83e9bbe,['CWE-190'],CVE-2009-1570
GNOME/gimp,https://github.com/GNOME/gimp/commit/9cc8d78ff33b7a36852b74e64b427489cad44d0e,9cc8d78ff33b7a36852b74e64b427489cad44d0e,['CWE-190'],CVE-2009-3909
GNOME/gimp,https://github.com/GNOME/gimp/commit/0e440cb6d4d6ee029667363d244aff61b154c33c,0e440cb6d4d6ee029667363d244aff61b154c33c,['CWE-190'],CVE-2009-3909
GNOME/network-manager-applet,https://github.com/GNOME/network-manager-applet/commit/8627880e07c8345f69ed639325280c7f62a8f894,8627880e07c8345f69ed639325280c7f62a8f894,['CWE-200'],CVE-2009-4145
GNOME/network-manager-applet,https://github.com/GNOME/network-manager-applet/commit/56d87fcb86acb5359558e0a2ee702cfc0c3391f2,56d87fcb86acb5359558e0a2ee702cfc0c3391f2,['CWE-200'],CVE-2009-4145
ensc/irssi-proxy,https://github.com/ensc/irssi-proxy/commit/85bbc05b21678e80423815d2ef1dfe26208491ab,85bbc05b21678e80423815d2ef1dfe26208491ab,['CWE-20'],CVE-2010-1155
beanstalkd,https://github.com/beanstalkd/beanstalkd/commit/2e8e8c6387ecdf5923dfc4d7718d18eba1b0873d,2e8e8c6387ecdf5923dfc4d7718d18eba1b0873d,['CWE-Other'],CVE-2010-2060
GNOME/vte,https://github.com/GNOME/vte/commit/8b971a7b2c59902914ecbbc3915c45dd21530a91,8b971a7b2c59902914ecbbc3915c45dd21530a91,['CWE-Other'],CVE-2010-2713
alandekok/freeradius-server,https://github.com/alandekok/freeradius-server/commit/4dc7800b866f889a1247685bbaa6dd4238a56279,4dc7800b866f889a1247685bbaa6dd4238a56279,['CWE-399'],CVE-2010-3696
alandekok/freeradius-server,https://github.com/alandekok/freeradius-server/commit/ff94dd35673bba1476594299d31ce8293b8bd223,ff94dd35673bba1476594299d31ce8293b8bd223,['CWE-399'],CVE-2010-3697
apache/httpd-mod_fcgid,https://github.com/apache/httpd-mod_fcgid/commit/b1afa70840b4ab4e6fbc12ac8798b2f3ccc336b2,b1afa70840b4ab4e6fbc12ac8798b2f3ccc336b2,['CWE-189'],CVE-2010-3872
chromium,https://github.com/chromium/chromium/commit/eb68c596f0883a539386eed7a11c8a3da0aa529a,eb68c596f0883a539386eed7a11c8a3da0aa529a,['CWE-20'],CVE-2010-4575
chromium,https://github.com/chromium/chromium/commit/1c109b24f0415aed8f313c9fcce7514f37022c06,1c109b24f0415aed8f313c9fcce7514f37022c06,['CWE-476'],CVE-2010-4576
GNOME/evince,https://github.com/GNOME/evince/commit/d4139205b010ed06310d14284e63114e88ec6de2,d4139205b010ed06310d14284e63114e88ec6de2,"['CWE-119', 'CWE-20', 'CWE-189']",CVE-2010-2640
NetworkBlockDevice/nbd,https://github.com/NetworkBlockDevice/nbd/commit/3ef52043861ab16352d49af89e048ba6339d6df8,3ef52043861ab16352d49af89e048ba6339d6df8,['CWE-119'],CVE-2011-0530
GNOME/libxslt,https://github.com/GNOME/libxslt/commit/ecb6bcb8d1b7e44842edde3929f412d46b40c89f,ecb6bcb8d1b7e44842edde3929f412d46b40c89f,['CWE-200'],CVE-2011-1202
ffmpeg,https://github.com/FFmpeg/FFmpeg/commit/8312e3fc9041027a33c8bc667bb99740fdf41dd5,8312e3fc9041027a33c8bc667bb99740fdf41dd5,['CWE-399'],CVE-2011-2161
jedisct1/pure-ftpd,https://github.com/jedisct1/pure-ftpd/commit/65c4d4ad331e94661de763e9b5304d28698999c4,65c4d4ad331e94661de763e9b5304d28698999c4,['CWE-399'],CVE-2011-1575
GNOME/gimp,https://github.com/GNOME/gimp/commit/a9671395f6573e90316a9d748588c5435216f6ce,a9671395f6573e90316a9d748588c5435216f6ce,['CWE-190'],CVE-2011-1178
chromium,https://github.com/chromium/chromium/commit/080440cebdc80def86dd88356e5922946cc11a79,080440cebdc80def86dd88356e5922946cc11a79,['CWE-399'],CVE-2011-2761
GNOME/gimp,https://github.com/GNOME/gimp/commit/376ad788c1a1c31d40f18494889c383f6909ebfc,376ad788c1a1c31d40f18494889c383f6909ebfc,['CWE-787'],CVE-2011-2896
GNOME/libxml2,https://github.com/GNOME/libxml2/commit/d7958b21e7f8c447a26bb2436f08402b2c308be4,d7958b21e7f8c447a26bb2436f08402b2c308be4,['CWE-189'],CVE-2011-1944
php/php-src,https://github.com/php/php-src/commit/10f20585fcbd524016e439c17bf01a0fd5191107,10f20585fcbd524016e439c17bf01a0fd5191107,['CWE-94'],CVE-2011-3379
php/php-src,https://github.com/php/php-src/commit/c9b7ddf9fb0f7364bc8f71e960dcd2dcd6847ba3,c9b7ddf9fb0f7364bc8f71e960dcd2dcd6847ba3,['CWE-189'],CVE-2011-4566
sektioneins/suhosin,https://github.com/sektioneins/suhosin/commit/73b1968ee30f6d9d2dae497544b910e68e114bfa,73b1968ee30f6d9d2dae497544b910e68e114bfa,['CWE-119'],CVE-2012-0807
php/php-src,https://github.com/php/php-src/commit/eb8616520529e16401ecbce78fdccdf3304cc9c0,eb8616520529e16401ecbce78fdccdf3304cc9c0,['CWE-20'],CVE-2012-0788
php/php-src,https://github.com/php/php-src/commit/4c9fad8b362a7d2b6a94b4961e4b2dc037b2766d,4c9fad8b362a7d2b6a94b4961e4b2dc037b2766d,['CWE-399'],CVE-2012-0789
chromium,https://github.com/chromium/chromium/commit/4cf106cdb83dd6b35d3b26d06cc67d1d2d99041e,4cf106cdb83dd6b35d3b26d06cc67d1d2d99041e,['CWE-190'],CVE-2011-3045
mumble-voip/mumble,https://github.com/mumble-voip/mumble/commit/5632c35d6759f5e13a7dfe78e4ee6403ff6a8e3e,5632c35d6759f5e13a7dfe78e4ee6403ff6a8e3e,['CWE-310'],CVE-2012-0863
chromium,https://github.com/chromium/chromium/commit/d6b061bf189e0661a3d94d89dbcb2e6f70b433da,d6b061bf189e0661a3d94d89dbcb2e6f70b433da,['CWE-119'],CVE-2011-3083
torvalds/linux,https://github.com/torvalds/linux/commit/76597cd31470fa130784c78fadb4dab2e624a723,76597cd31470fa130784c78fadb4dab2e624a723,['CWE-476'],CVE-2011-3637
torvalds/linux,https://github.com/torvalds/linux/commit/56c6a8a4aadca809e04276eabe5552935c51387f,56c6a8a4aadca809e04276eabe5552935c51387f,['CWE-190'],CVE-2011-4097
torvalds/linux,https://github.com/torvalds/linux/commit/550fd08c2cebad61c548def135f67aba284c6162,550fd08c2cebad61c548def135f67aba284c6162,['CWE-Other'],CVE-2011-4112
torvalds/linux,https://github.com/torvalds/linux/commit/bf118a342f10dafe44b14451a1392c3254629a1f,bf118a342f10dafe44b14451a1392c3254629a1f,['CWE-189'],CVE-2011-4131
torvalds/linux,https://github.com/torvalds/linux/commit/a9cf73ea7ff78f52662c8658d93c226effbbedde,a9cf73ea7ff78f52662c8658d93c226effbbedde,['CWE-399'],CVE-2011-4326
torvalds/linux,https://github.com/torvalds/linux/commit/bc909d9ddbf7778371e36a651d6e4194b1cc7d4c,bc909d9ddbf7778371e36a651d6e4194b1cc7d4c,['CWE-476'],CVE-2011-4594
torvalds/linux,https://github.com/torvalds/linux/commit/0837e3242c73566fc1c0196b4ec61779c25ffc93,0837e3242c73566fc1c0196b4ec61779c25ffc93,['CWE-189'],CVE-2011-4611
torvalds/linux,https://github.com/torvalds/linux/commit/f26f9aff6aaf67e9a430d16c266f91b13a5bff64,f26f9aff6aaf67e9a430d16c266f91b13a5bff64,['CWE-835'],CVE-2011-4621
torvalds/linux,https://github.com/torvalds/linux/commit/fa8b18edd752a8b4e9d1ee2cd615b82c93cf8bba,fa8b18edd752a8b4e9d1ee2cd615b82c93cf8bba,['CWE-190'],CVE-2012-0038
torvalds/linux,https://github.com/torvalds/linux/commit/093019cf1b18dd31b2c3b77acce4e000e2cbc9ce,093019cf1b18dd31b2c3b77acce4e000e2cbc9ce,['CWE-190'],CVE-2012-0038
torvalds/linux,https://github.com/torvalds/linux/commit/a5cd335165e31db9dbab636fd29895d41da55dd2,a5cd335165e31db9dbab636fd29895d41da55dd2,['CWE-190'],CVE-2012-0044
torvalds/linux,https://github.com/torvalds/linux/commit/802f43594d6e4d2ac61086d239153c17873a0428,802f43594d6e4d2ac61086d239153c17873a0428,['CWE-400'],CVE-2012-0058
torvalds/linux,https://github.com/torvalds/linux/commit/a8c1f65c79cbbb2f7da782d4c9d15639a9b94b27,a8c1f65c79cbbb2f7da782d4c9d15639a9b94b27,['CWE-369'],CVE-2012-0207
torvalds/linux,https://github.com/torvalds/linux/commit/b69f2292063d2caf37ca9aec7d63ded203701bf3,b69f2292063d2caf37ca9aec7d63ded203701bf3,['CWE-400'],CVE-2012-0879
torvalds/linux,https://github.com/torvalds/linux/commit/61cc74fbb87af6aa551a06a370590c9bc07e29d9,61cc74fbb87af6aa551a06a370590c9bc07e29d9,['CWE-400'],CVE-2012-0879
torvalds/linux,https://github.com/torvalds/linux/commit/88d7d4e4a439f32acc56a6d860e415ee71d3df08,88d7d4e4a439f32acc56a6d860e415ee71d3df08,['CWE-20'],CVE-2012-1090
torvalds/linux,https://github.com/torvalds/linux/commit/c8e252586f8d5de906385d8cf6385fee289a825e,c8e252586f8d5de906385d8cf6385fee289a825e,['CWE-476'],CVE-2012-1097
torvalds/linux,https://github.com/torvalds/linux/commit/371528caec553785c37f73fa3926ea0de84f986f,371528caec553785c37f73fa3926ea0de84f986f,['CWE-476'],CVE-2012-1146
torvalds/linux,https://github.com/torvalds/linux/commit/4a1d704194a441bf83c636004a479e01360ec850,4a1d704194a441bf83c636004a479e01360ec850,['CWE-264'],CVE-2012-1179
torvalds/linux,https://github.com/torvalds/linux/commit/9c895160d25a76c21b65bad141b08e8d4f99afef,9c895160d25a76c21b65bad141b08e8d4f99afef,['CWE-399'],CVE-2012-1601
torvalds/linux,https://github.com/torvalds/linux/commit/09ca8e1173bcb12e2a449698c9ae3b86a8a10195,09ca8e1173bcb12e2a449698c9ae3b86a8a10195,['CWE-264'],CVE-2012-2121
torvalds/linux,https://github.com/torvalds/linux/commit/d52fc5dde171f030170a6cb78034d166b13c9445,d52fc5dde171f030170a6cb78034d166b13c9445,['CWE-264'],CVE-2012-2123
torvalds/linux,https://github.com/torvalds/linux/commit/6f24f892871acc47b40dd594c63606a17c714f77,6f24f892871acc47b40dd594c63606a17c714f77,['CWE-264'],CVE-2012-2319
php/php-src,https://github.com/php/php-src/commit/95dcd799fb6fdccbc60d3bba3cd759f6b421ee69,95dcd799fb6fdccbc60d3bba3cd759f6b421ee69,['CWE-20'],CVE-2012-1172
php/php-src,https://github.com/php/php-src/commit/7c3177e5ab4129f9b9e9764ed0e4faa4f87e443b,7c3177e5ab4129f9b9e9764ed0e4faa4f87e443b,['CWE-20'],CVE-2012-1172
torvalds/linux,https://github.com/torvalds/linux/commit/208c72f4fe44fe09577e7975ba0e7fa0278f3d03,208c72f4fe44fe09577e7975ba0e7fa0278f3d03,['CWE-119'],CVE-2011-2517
torvalds/linux,https://github.com/torvalds/linux/commit/4e78c724d47e2342aa8fde61f6b8536f662f795f,4e78c724d47e2342aa8fde61f6b8536f662f795f,['CWE-20'],CVE-2011-2518
torvalds/linux,https://github.com/torvalds/linux/commit/fc66c5210ec2539e800e87d7b3a985323c7be96e,fc66c5210ec2539e800e87d7b3a985323c7be96e,['CWE-189'],CVE-2011-2521
torvalds/linux,https://github.com/torvalds/linux/commit/87c48fa3b4630905f98268dde838ee43626a060c,87c48fa3b4630905f98268dde838ee43626a060c,['CWE-Other'],CVE-2011-2699
torvalds/linux,https://github.com/torvalds/linux/commit/0d0138ebe24b94065580bd2601f8bb7eb6152f56,0d0138ebe24b94065580bd2601f8bb7eb6152f56,['CWE-200'],CVE-2011-2707
torvalds/linux,https://github.com/torvalds/linux/commit/13fcb7bd322164c67926ffe272846d4860196dc6,13fcb7bd322164c67926ffe272846d4860196dc6,['CWE-200'],CVE-2011-2898
torvalds/linux,https://github.com/torvalds/linux/commit/b5b515445f4f5a905c5dd27e6e682868ccd6c09d,b5b515445f4f5a905c5dd27e6e682868ccd6c09d,['CWE-400'],CVE-2011-2906
torvalds/linux,https://github.com/torvalds/linux/commit/6e5714eaf77d79ae1c8b47e3e040ff5411b717ec,6e5714eaf77d79ae1c8b47e3e040ff5411b717ec,['CWE-Other'],CVE-2011-3188
torvalds/linux,https://github.com/torvalds/linux/commit/9438fabb73eb48055b58b89fc51e0bc4db22fabd,9438fabb73eb48055b58b89fc51e0bc4db22fabd,['CWE-119'],CVE-2011-3191
torvalds/linux,https://github.com/torvalds/linux/commit/c2183d1e9b3f313dd8ba2b1b0197c8d9fb86a7ae,c2183d1e9b3f313dd8ba2b1b0197c8d9fb86a7ae,['CWE-120'],CVE-2011-3353
torvalds/linux,https://github.com/torvalds/linux/commit/c85ce65ecac078ab1a1835c87c4a6319cf74660a,c85ce65ecac078ab1a1835c87c4a6319cf74660a,['CWE-119'],CVE-2011-3359
torvalds/linux,https://github.com/torvalds/linux/commit/70945643722ffeac779d2529a348f99567fa5c33,70945643722ffeac779d2529a348f99567fa5c33,['CWE-20'],CVE-2011-3363
torvalds/linux,https://github.com/torvalds/linux/commit/7ed47b7d142ec99ad6880bbbec51e9f12b3af74c,7ed47b7d142ec99ad6880bbbec51e9f12b3af74c,['CWE-476'],CVE-2011-4081
torvalds/linux,https://github.com/torvalds/linux/commit/0f22072ab50cac7983f9660d33974b45184da4f9,0f22072ab50cac7983f9660d33974b45184da4f9,['CWE-189'],CVE-2011-1759
torvalds/linux,https://github.com/torvalds/linux/commit/c2892f02712e9516d72841d5c019ed6916329794,c2892f02712e9516d72841d5c019ed6916329794,['CWE-Other'],CVE-2011-1767
torvalds/linux,https://github.com/torvalds/linux/commit/d5aa407f59f5b83d2c50ec88f5bf56d40f1f8978,d5aa407f59f5b83d2c50ec88f5bf56d40f1f8978,['CWE-362'],CVE-2011-1768
torvalds/linux,https://github.com/torvalds/linux/commit/64f3b9e203bd06855072e295557dca1485a2ecba,64f3b9e203bd06855072e295557dca1485a2ecba,['CWE-Other'],CVE-2011-1927
torvalds/linux,https://github.com/torvalds/linux/commit/cae13fe4cc3f24820ffb990c09110626837e85d4,cae13fe4cc3f24820ffb990c09110626837e85d4,['CWE-119'],CVE-2011-2182
torvalds/linux,https://github.com/torvalds/linux/commit/2b472611a32a72f4a118c069c2d62a1a3f087afd,2b472611a32a72f4a118c069c2d62a1a3f087afd,['CWE-362'],CVE-2011-2183
torvalds/linux,https://github.com/torvalds/linux/commit/0449641130f5652b344ef6fa39fa019d7e94660a,0449641130f5652b344ef6fa39fa019d7e94660a,['CWE-Other'],CVE-2011-2493
torvalds/linux,https://github.com/torvalds/linux/commit/1d1221f375c94ef961ba8574ac4f85c8870ddd51,1d1221f375c94ef961ba8574ac4f85c8870ddd51,['CWE-264'],CVE-2011-2495
torvalds/linux,https://github.com/torvalds/linux/commit/982134ba62618c2d69fbbbd166d0a11ee3b7e3d8,982134ba62618c2d69fbbbd166d0a11ee3b7e3d8,['CWE-189'],CVE-2011-2496
torvalds/linux,https://github.com/torvalds/linux/commit/1bb57e940e1958e40d51f2078f50c3a96a9b2d75,1bb57e940e1958e40d51f2078f50c3a96a9b2d75,['CWE-264'],CVE-2012-2313
torvalds/linux,https://github.com/torvalds/linux/commit/20e0fa98b751facf9a1101edaefbc19c82616a68,20e0fa98b751facf9a1101edaefbc19c82616a68,['CWE-189'],CVE-2012-2375
torvalds/linux,https://github.com/torvalds/linux/commit/ed8cd3b2cd61004cab85380c52b1817aca1ca49b,ed8cd3b2cd61004cab85380c52b1817aca1ca49b,['CWE-189'],CVE-2012-2383
torvalds/linux,https://github.com/torvalds/linux/commit/44afb3a04391a74309d16180d1e4f8386fdfa745,44afb3a04391a74309d16180d1e4f8386fdfa745,['CWE-189'],CVE-2012-2384
torvalds/linux,https://github.com/torvalds/linux/commit/c50ac050811d6485616a193eb0f37bfbd191cc89,c50ac050811d6485616a193eb0f37bfbd191cc89,['CWE-399'],CVE-2012-2390
torvalds/linux,https://github.com/torvalds/linux/commit/d0772b70faaf8e9f2013b6c4273d94d5eac8047a,d0772b70faaf8e9f2013b6c4273d94d5eac8047a,['CWE-399'],CVE-2012-1583
torvalds/linux,https://github.com/torvalds/linux/commit/0a54917c3fc295cb61f3fb52373c173fd3b69f48,0a54917c3fc295cb61f3fb52373c173fd3b69f48,['CWE-Other'],CVE-2010-4648
torvalds/linux,https://github.com/torvalds/linux/commit/7572777eef78ebdee1ecb7c258c0ef94d35bad16,7572777eef78ebdee1ecb7c258c0ef94d35bad16,['CWE-119'],CVE-2010-4650
torvalds/linux,https://github.com/torvalds/linux/commit/867c20265459d30a01b021a9c1e81fb4c5832aa9,867c20265459d30a01b021a9c1e81fb4c5832aa9,['CWE-264'],CVE-2011-0006
torvalds/linux,https://github.com/torvalds/linux/commit/6b0d6a9b4296fa16a28d10d416db7a770fc03287,6b0d6a9b4296fa16a28d10d416db7a770fc03287,['CWE-399'],CVE-2011-0716
torvalds/linux,https://github.com/torvalds/linux/commit/526b4af47f44148c9d665e57723ed9f86634c6e3,526b4af47f44148c9d665e57723ed9f86634c6e3,['CWE-264'],CVE-2011-1021
torvalds/linux,https://github.com/torvalds/linux/commit/6094628bfd94323fc1cea05ec2c6affd98c18f7f,6094628bfd94323fc1cea05ec2c6affd98c18f7f,['CWE-Other'],CVE-2011-1023
torvalds/linux,https://github.com/torvalds/linux/commit/c4c896e1471aec3b004a693c689f60be3b17ac86,c4c896e1471aec3b004a693c689f60be3b17ac86,['CWE-200'],CVE-2011-1078
torvalds/linux,https://github.com/torvalds/linux/commit/43629f8f5ea32a998d06d1bb41eefa0e821ff573,43629f8f5ea32a998d06d1bb41eefa0e821ff573,['CWE-20'],CVE-2011-1079
torvalds/linux,https://github.com/torvalds/linux/commit/d846f71195d57b0bbb143382647c2c6638b04c5a,d846f71195d57b0bbb143382647c2c6638b04c5a,['CWE-20'],CVE-2011-1080
torvalds/linux,https://github.com/torvalds/linux/commit/1309d7afbed112f0e8e90be9af975550caa0076b,1309d7afbed112f0e8e90be9af975550caa0076b,['CWE-200'],CVE-2011-1160
torvalds/linux,https://github.com/torvalds/linux/commit/b769f49463711205d57286e64cf535ed4daf59e9,b769f49463711205d57286e64cf535ed4daf59e9,['CWE-189'],CVE-2011-1476
torvalds/linux,https://github.com/torvalds/linux/commit/4d00135a680727f6c3be78f8befaac009030e4df,4d00135a680727f6c3be78f8befaac009030e4df,"['CWE-119', 'CWE-264']",CVE-2011-1477
torvalds/linux,https://github.com/torvalds/linux/commit/d0de4dc584ec6aa3b26fffea320a8457827768fc,d0de4dc584ec6aa3b26fffea320a8457827768fc,['CWE-399'],CVE-2011-1479
strukturag/libde265,https://github.com/strukturag/libde265/commit/6751f4e3c8c7af63d0036fedd506b7932630773c,6751f4e3c8c7af63d0036fedd506b7932630773c,['CWE-120'],CVE-2020-21596
saitoha/libsixel,https://github.com/saitoha/libsixel/commit/9d0a7ff417b66d80a4bff714de1f27b24742f55a,9d0a7ff417b66d80a4bff714de1f27b24742f55a,['CWE-787'],CVE-2020-21548
unicode-org/icu,https://github.com/unicode-org/icu/commit/657c326d4b8a6c4c6721957320fc8c3c68670cfb,657c326d4b8a6c4c6721957320fc8c3c68670cfb,['CWE-416'],CVE-2020-21913
axiomatic-systems/Bento4,https://github.com/axiomatic-systems/Bento4/commit/1954c9e2fd2d583c6cf33a3b75d3ef10dbad359f,1954c9e2fd2d583c6cf33a3b75d3ef10dbad359f,['CWE-120'],CVE-2021-32265
gpac,https://github.com/gpac/gpac/commit/fc4d8f594acfd97fc750403cca734671bb623afc,fc4d8f594acfd97fc750403cca734671bb623afc,['CWE-476'],CVE-2021-32269
gpac,https://github.com/gpac/gpac/commit/71f1d75eaf71f47944ddbd9356fb498ca252b19a,71f1d75eaf71f47944ddbd9356fb498ca252b19a,['CWE-787'],CVE-2021-32271
mpv-player/mpv,https://github.com/mpv-player/mpv/commit/d0c530919d8cd4d7a774e38ab064e0fabdae34e6,d0c530919d8cd4d7a774e38ab064e0fabdae34e6,['CWE-134'],CVE-2021-30145
LibreDWG/libredwg,https://github.com/LibreDWG/libredwg/commit/a8a360aba54256cdfd8a567f3c3815181e18cc43,a8a360aba54256cdfd8a567f3c3815181e18cc43,['CWE-787'],CVE-2020-23861
CESNET/libyang,https://github.com/CESNET/libyang/commit/a3917d95d516e3de267d3cfa5d4d3715a90e8777,a3917d95d516e3de267d3cfa5d4d3715a90e8777,['CWE-252'],CVE-2021-28902
CESNET/libyang,https://github.com/CESNET/libyang/commit/298b30ea4ebee137226acf9bb38678bd82704582,298b30ea4ebee137226acf9bb38678bd82704582,['CWE-674'],CVE-2021-28903
CESNET/libyang,https://github.com/CESNET/libyang/commit/59a0bff1a5a2f0a0eac07e4bf94d4aea9dd3708d,59a0bff1a5a2f0a0eac07e4bf94d4aea9dd3708d,['CWE-252'],CVE-2021-28904
CESNET/libyang,https://github.com/CESNET/libyang/commit/5ce30801f9ccc372bbe9b7c98bb5324b15fb010a,5ce30801f9ccc372bbe9b7c98bb5324b15fb010a,['CWE-617'],CVE-2021-28905
kmackay/micro-ecc,https://github.com/kmackay/micro-ecc/commit/1b5f5cea5145c96dd8791b9b2c41424fc74c2172,1b5f5cea5145c96dd8791b9b2c41424fc74c2172,['CWE-Other'],CVE-2020-27209
solokeys/solo1,https://github.com/solokeys/solo1/commit/a9c02cd354f34b48195a342c7f524abdef5cbcec,a9c02cd354f34b48195a342c7f524abdef5cbcec,['CWE-326'],CVE-2020-27208
openssl,https://github.com/openssl/openssl/commit/7725e7bfe6f2ce8146b6552b44e0d226be7638e7,7725e7bfe6f2ce8146b6552b44e0d226be7638e7,['CWE-667'],CVE-2022-3996
manugarg/pacparser,https://github.com/manugarg/pacparser/commit/853e8f45607cb07b877ffd270c63dbcdd5201ad9,853e8f45607cb07b877ffd270c63dbcdd5201ad9,['CWE-120'],CVE-2019-25078
ffmpeg,https://github.com/FFmpeg/FFmpeg/commit/656cb0450aeb73b25d7d26980af342b37ac4c568,656cb0450aeb73b25d7d26980af342b37ac4c568,['CWE-476'],CVE-2022-3109
contiki-ng,https://github.com/contiki-ng/contiki-ng/commit/e871d479962d747465a7d8d58c5352212a4e6e0d,e871d479962d747465a7d8d58c5352212a4e6e0d,['CWE-476'],CVE-2022-41972
drachtio/drachtio-server,https://github.com/drachtio/drachtio-server/commit/4cf9fe2c420b86c16442215d449d40be777c1911,4cf9fe2c420b86c16442215d449d40be777c1911,['CWE-Other'],CVE-2022-47515
davehorton/sofia-sip,https://github.com/davehorton/sofia-sip/commit/13b2a135287caa2d67ac6cd5155626821e25b377,13b2a135287caa2d67ac6cd5155626821e25b377,['CWE-617'],CVE-2022-47516
davehorton/sofia-sip,https://github.com/davehorton/sofia-sip/commit/22c1bd191f0acbf11f0c0fbea1845d9bf9dcd47e,22c1bd191f0acbf11f0c0fbea1845d9bf9dcd47e,['CWE-193'],CVE-2022-47517
davehorton/sofia-sip,https://github.com/davehorton/sofia-sip/commit/bfc79d85c8f3a4798a3305fb98f5a11c11d0d29f,bfc79d85c8f3a4798a3305fb98f5a11c11d0d29f,['CWE-193'],CVE-2022-47517
torvalds/linux,https://github.com/torvalds/linux/commit/0cdfa9e6f0915e3d243e2393bfa8a22e12d553b0,0cdfa9e6f0915e3d243e2393bfa8a22e12d553b0,['CWE-787'],CVE-2022-47518
torvalds/linux,https://github.com/torvalds/linux/commit/051ae669e4505abbe05165bebf6be7922de11f41,051ae669e4505abbe05165bebf6be7922de11f41,['CWE-787'],CVE-2022-47519
torvalds/linux,https://github.com/torvalds/linux/commit/cd21d99e595ec1d8721e1058dcdd4f1f7de1d793,cd21d99e595ec1d8721e1058dcdd4f1f7de1d793,['CWE-125'],CVE-2022-47520
torvalds/linux,https://github.com/torvalds/linux/commit/f9b62f9843c7b0afdaecabbcebf1dbba18599408,f9b62f9843c7b0afdaecabbcebf1dbba18599408,['CWE-787'],CVE-2022-47521
ewxrjk/sftpserver,https://github.com/ewxrjk/sftpserver/commit/bf4032f34832ee11d79aa60a226cc018e7ec5eed,bf4032f34832ee11d79aa60a226cc018e7ec5eed,['CWE-908'],CVE-2020-36617
EliasOenal/multimon-ng,https://github.com/EliasOenal/multimon-ng/commit/e5a51c508ef952e81a6da25b43034dd1ed023c07,e5a51c508ef952e81a6da25b43034dd1ed023c07,['CWE-134'],CVE-2020-36619
jsummers/deark,https://github.com/jsummers/deark/commit/b297d9a8c829a7de26009b8ea6b059a8001e0198,b297d9a8c829a7de26009b8ea6b059a8001e0198,['CWE-787'],CVE-2022-43289
NixOS/patchelf,https://github.com/NixOS/patchelf/commit/96c8422e374064c3407e73e8b1e4995f95e0a9e0,96c8422e374064c3407e73e8b1e4995f95e0a9e0,['CWE-125'],CVE-2022-44940
pjsip/pjproject,https://github.com/pjsip/pjproject/commit/d8440f4d711a654b511f50f79c0445b26f9dd1e1,d8440f4d711a654b511f50f79c0445b26f9dd1e1,['CWE-122'],CVE-2022-23537
yrutschle/sslh,https://github.com/yrutschle/sslh/commit/b19f8a6046b080e4c2e28354a58556bb26040c6f,b19f8a6046b080e4c2e28354a58556bb26040c6f,['CWE-134'],CVE-2022-4639
pjsip/pjproject,https://github.com/pjsip/pjproject/commit/bc4812d31a67d5e2f973fbfaf950d6118226cf36,bc4812d31a67d5e2f973fbfaf950d6118226cf36,['CWE-122'],CVE-2022-23547
torvalds/linux,https://github.com/torvalds/linux/commit/824d4f64c20093275f72fc8101394d75ff6a249e,824d4f64c20093275f72fc8101394d75ff6a249e,['CWE-125'],CVE-2022-47938
torvalds/linux,https://github.com/torvalds/linux/commit/cf6531d98190fa2cf92a6d8bbc8af0a4740a223c,cf6531d98190fa2cf92a6d8bbc8af0a4740a223c,['CWE-416'],CVE-2022-47939
torvalds/linux,https://github.com/torvalds/linux/commit/158a66b245739e15858de42c0ba60fcf3de9b8e6,158a66b245739e15858de42c0ba60fcf3de9b8e6,['CWE-125'],CVE-2022-47940
torvalds/linux,https://github.com/torvalds/linux/commit/aa7253c2393f6dcd6a1468b0792f6da76edad917,aa7253c2393f6dcd6a1468b0792f6da76edad917,['CWE-401'],CVE-2022-47941
torvalds/linux,https://github.com/torvalds/linux/commit/ac60778b87e45576d7bfdbd6f53df902654e6f09,ac60778b87e45576d7bfdbd6f53df902654e6f09,['CWE-125'],CVE-2022-47943
krb5,https://github.com/krb5/krb5/commit/ea92d2f0fcceb54a70910fa32e9a0d7a5afc3583,ea92d2f0fcceb54a70910fa32e9a0d7a5afc3583,['CWE-190'],CVE-2022-42898
heimdal,https://github.com/heimdal/heimdal/commit/f9ec7002cdd526ae84fbacbf153162e118f22580,f9ec7002cdd526ae84fbacbf153162e118f22580,['CWE-476'],CVE-2021-44758
illumos/illumos-gate,https://github.com/illumos/illumos-gate/commit/f859e7171bb5db34321e45585839c6c3200ebb90,f859e7171bb5db34321e45585839c6c3200ebb90,['CWE-667'],CVE-2021-43395
GNOME/gvdb,https://github.com/GNOME/gvdb/commit/d83587b2a364eb9a9a53be7e6a708074e252de14,d83587b2a364eb9a9a53be7e6a708074e252de14,['CWE-416'],CVE-2019-25085
RamseyK/httpserver,https://github.com/RamseyK/httpserver/commit/1a0de56e4dafff9c2f9c8f6b130a764f7a50df52,1a0de56e4dafff9c2f9c8f6b130a764f7a50df52,['CWE-22'],CVE-2019-25087
radareorg/radare2,https://github.com/radareorg/radare2/commit/842f809d4ec6a12af2906f948657281c9ebc8a24,842f809d4ec6a12af2906f948657281c9ebc8a24,['CWE-476'],CVE-2022-4843
ghostlander/Phoenixcoin,https://github.com/ghostlander/Phoenixcoin/commit/987dd68f71a7d8276cef3b6c3d578fd4845b5699,987dd68f71a7d8276cef3b6c3d578fd4845b5699,['CWE-404'],CVE-2017-20154
vooon/ntpd_driver,https://github.com/vooon/ntpd_driver/commit/063eb917c88f8a965d4988501a4ff54441440c42,063eb917c88f8a965d4988501a4ff54441440c42,['CWE-668'],CVE-2022-48198
flar2/ElementalX-N9,https://github.com/flar2/ElementalX-N9/commit/1df72c9f0f61304437f4f1037df03b5fb36d5a79,1df72c9f0f61304437f4f1037df03b5fb36d5a79,['CWE-404'],CVE-2018-25062
Ziftr/primecoin,https://github.com/Ziftr/primecoin/commit/cdb3441b5cd2c1bae49fae671dc4a496f7c96322,cdb3441b5cd2c1bae49fae671dc4a496f7c96322,['CWE-208'],CVE-2013-10006
pfmonville/enigmaX,https://github.com/pfmonville/enigmaX/commit/922bf90ca14a681629ba0b807a997a81d70225b5,922bf90ca14a681629ba0b807a997a81d70225b5,['CWE-337'],CVE-2016-15006
vim,https://github.com/vim/vim/commit/c32949b0779106ed5710ae3bffc5053e49083ab4,c32949b0779106ed5710ae3bffc5053e49083ab4,['CWE-122'],CVE-2023-0051
vim,https://github.com/vim/vim/commit/3ac1d97a1d9353490493d30088256360435f7731,3ac1d97a1d9353490493d30088256360435f7731,['CWE-787'],CVE-2023-0054
gpac,https://github.com/gpac/gpac/commit/44e8616ec6d0c37498cdacb81375b09249fa9daa,44e8616ec6d0c37498cdacb81375b09249fa9daa,['CWE-401'],CVE-2022-46489
gpac,https://github.com/gpac/gpac/commit/8968a510250e8c70a611221d63fe0a45b7d3a551,8968a510250e8c70a611221d63fe0a45b7d3a551,['CWE-401'],CVE-2022-46490
gpac,https://github.com/gpac/gpac/commit/15e3aece44f24a1c4e8cc0622c59008b1b9ab683,15e3aece44f24a1c4e8cc0622c59008b1b9ab683,['CWE-Other'],CVE-2022-47086
gpac,https://github.com/gpac/gpac/commit/48760768611f6766bf9e7378bb7cc66cebd6e49d,48760768611f6766bf9e7378bb7cc66cebd6e49d,['CWE-120'],CVE-2022-47087
gpac,https://github.com/gpac/gpac/commit/73a8c425adaad7526de81586fcb053acde807757,73a8c425adaad7526de81586fcb053acde807757,['CWE-120'],CVE-2022-47089
gpac,https://github.com/gpac/gpac/commit/65d089bcb5dad6fda668ee61e38a8394ed8bdf1f,65d089bcb5dad6fda668ee61e38a8394ed8bdf1f,['CWE-120'],CVE-2022-47091
gpac,https://github.com/gpac/gpac/commit/6bb3e4e288f02c9c595e63230979cd5443a1cb7a,6bb3e4e288f02c9c595e63230979cd5443a1cb7a,['CWE-190'],CVE-2022-47092
gpac,https://github.com/gpac/gpac/commit/706111f4d8babf0cda9fac5f3ca4e89983274d6e,706111f4d8babf0cda9fac5f3ca4e89983274d6e,['CWE-416'],CVE-2022-47093
gpac,https://github.com/gpac/gpac/commit/6ddedfb85e617f5e935cb490d5b51f141e13a937,6ddedfb85e617f5e935cb490d5b51f141e13a937,['CWE-476'],CVE-2022-47094
gpac,https://github.com/gpac/gpac/commit/1918a58bd0c9789844cf6a377293161506ee312c,1918a58bd0c9789844cf6a377293161506ee312c,['CWE-120'],CVE-2022-47095
gpac,https://github.com/gpac/gpac/commit/a1e197581437cf0a104a9b6543cb4547cfdfc03f,a1e197581437cf0a104a9b6543cb4547cfdfc03f,['CWE-120'],CVE-2022-47653
gpac,https://github.com/gpac/gpac/commit/88e7b873da5d3e85d31b601c1560d2e24a1d7b25,88e7b873da5d3e85d31b601c1560d2e24a1d7b25,['CWE-120'],CVE-2022-47654
gpac,https://github.com/gpac/gpac/commit/c9a8118965b53d29837b1b82b6a58543efb23baf,c9a8118965b53d29837b1b82b6a58543efb23baf,['CWE-120'],CVE-2022-47656
gpac,https://github.com/gpac/gpac/commit/9f1e633184904fffc315bd35ebce76b4b42f9097,9f1e633184904fffc315bd35ebce76b4b42f9097,['CWE-120'],CVE-2022-47657
gpac,https://github.com/gpac/gpac/commit/55c8b3af6f5ef9e51edb41172062ca9b5db4026b,55c8b3af6f5ef9e51edb41172062ca9b5db4026b,['CWE-120'],CVE-2022-47658
gpac,https://github.com/gpac/gpac/commit/348d7722c1e90c7811b43b0eed5c2aca2cb8a717,348d7722c1e90c7811b43b0eed5c2aca2cb8a717,['CWE-787'],CVE-2022-47659
gpac,https://github.com/gpac/gpac/commit/a8f438d201fb165961ba1d5d3b80daa3637735f4,a8f438d201fb165961ba1d5d3b80daa3637735f4,['CWE-190'],CVE-2022-47660
gpac,https://github.com/gpac/gpac/commit/aa8fbec874b5e040854effff5309aa445c234618,aa8fbec874b5e040854effff5309aa445c234618,['CWE-787'],CVE-2022-47661
gpac,https://github.com/gpac/gpac/commit/080a62728ccd251a7f20eaac3fda21b0716e3c9b,080a62728ccd251a7f20eaac3fda21b0716e3c9b,['CWE-674'],CVE-2022-47662
gpac,https://github.com/gpac/gpac/commit/e7e8745f677010a5cb3366d5cbf39df7cffaaa2d,e7e8745f677010a5cb3366d5cbf39df7cffaaa2d,['CWE-120'],CVE-2022-47663
sternenseemann/sternenblog,https://github.com/sternenseemann/sternenblog/commit/cf715d911d8ce17969a7926dea651e930c27e71a,cf715d911d8ce17969a7926dea651e930c27e71a,['CWE-73'],CVE-2014-125059
holdennb/CollabCal,https://github.com/holdennb/CollabCal/commit/b80f6d1893607c99e5113967592417d0fe310ce6,b80f6d1893607c99e5113967592417d0fe310ce6,['CWE-287'],CVE-2014-125060
MusicPlayerDaemon/MPD,https://github.com/MusicPlayerDaemon/MPD/commit/73b5d0a9b9ace89edcee30d9d83eb16c27c6f9b2,73b5d0a9b9ace89edcee30d9d83eb16c27c6f9b2,['CWE-787'],CVE-2022-46449
openvswitch/ovs,https://github.com/openvswitch/ovs/commit/48b21e2b511a4d1ee5871e04fffe26a3ecc967dc,48b21e2b511a4d1ee5871e04fffe26a3ecc967dc,['CWE-125'],CVE-2022-4337
ffmpeg,https://github.com/FFmpeg/FFmpeg/commit/9cf652cef49d74afe3d454f27d49eb1a1394951e,9cf652cef49d74afe3d454f27d49eb1a1394951e,['CWE-476'],CVE-2022-3341
libsdl-org/SDL,https://github.com/libsdl-org/SDL/commit/00b67f55727bc0944c3266e2b875440da132ce4b,00b67f55727bc0944c3266e2b875440da132ce4b,['CWE-401'],CVE-2022-4743
upx,https://github.com/upx/upx/commit/510505a85cbe45e51fbd470f1aa8b02157c429d4,510505a85cbe45e51fbd470f1aa8b02157c429d4,['CWE-787'],CVE-2023-23456
upx,https://github.com/upx/upx/commit/779b648c5f6aa9b33f4728f79dd4d0efec0bf860,779b648c5f6aa9b33f4728f79dd4d0efec0bf860,['CWE-119'],CVE-2023-23457
jcupitt/libvips,https://github.com/jcupitt/libvips/commit/20d840e6da15c1574b3ed998bc92f91d1e36c2a5,20d840e6da15c1574b3ed998bc92f91d1e36c2a5,"['CWE-362', 'CWE-476']",CVE-2018-7998
silnrsi/graphite,https://github.com/silnrsi/graphite/commit/db132b4731a9b4c9534144ba3a18e65b390e9ff6,db132b4731a9b4c9534144ba3a18e65b390e9ff6,['CWE-476'],CVE-2018-7999
torvalds/linux,https://github.com/torvalds/linux/commit/297a6961ffb8ff4dc66c9fbf53b924bd1dda05d5,297a6961ffb8ff4dc66c9fbf53b924bd1dda05d5,['CWE-476'],CVE-2018-8043
sshock/AFFLIBv3,https://github.com/sshock/AFFLIBv3/commit/435a2ca802358a3debb6d164d2c33049131df81c,435a2ca802358a3debb6d164d2c33049131df81c,['CWE-20'],CVE-2018-8050
vadz/libtiff,https://github.com/vadz/libtiff/commit/3c5eb8b1be544e41d2c336191bc4936300ad7543,3c5eb8b1be544e41d2c336191bc4936300ad7543,['CWE-369'],CVE-2014-8130
vadz/libtiff,https://github.com/vadz/libtiff/commit/391e77fcd217e78b2c51342ac3ddb7100ecacdd2,391e77fcd217e78b2c51342ac3ddb7100ecacdd2,['CWE-787'],CVE-2016-5314
torvalds/linux,https://github.com/torvalds/linux/commit/3e4c56d41eef5595035872a2ec5a483f42e8917f,3e4c56d41eef5595035872a2ec5a483f42e8917f,['CWE-362'],CVE-2017-18224
torvalds/linux,https://github.com/torvalds/linux/commit/0ddcff49b672239dda94d70d0fcf50317a9f4b51,0ddcff49b672239dda94d70d0fcf50317a9f4b51,['CWE-772'],CVE-2018-8087
Cisco-Talos/clamav,https://github.com/Cisco-Talos/clamav/commit/d96a6b8bcc7439fa7e3876207aa0a8e79c8451b6,d96a6b8bcc7439fa7e3876207aa0a8e79c8451b6,['CWE-125'],CVE-2018-1000085
mwarning/KadNode,https://github.com/mwarning/KadNode/commit/91b38304755310458e01243214d8fbe792ba887d,91b38304755310458e01243214d8fbe792ba887d,['CWE-119'],CVE-2018-1000091
torvalds/linux,https://github.com/torvalds/linux/commit/0558f33c06bb910e2879e355192227a8e8f0219d,0558f33c06bb910e2879e355192227a8e8f0219d,['CWE-Other'],CVE-2017-18232
torvalds/linux,https://github.com/torvalds/linux/commit/b71812168571fa55e44cdd0254471331b9c4c4c6,b71812168571fa55e44cdd0254471331b9c4c4c6,['CWE-787'],CVE-2018-1068
ceph,https://github.com/ceph/ceph/commit/7872a831783e17dcc4d0aa70cffc256afb664f7a,7872a831783e17dcc4d0aa70cffc256afb664f7a,['CWE-476'],CVE-2018-7262
ImageMagick,https://github.com/ImageMagick/ImageMagick/commit/f55d3a622d234e940fb99325b92c6d3df578fa9b,f55d3a622d234e940fb99325b92c6d3df578fa9b,['CWE-415'],CVE-2018-8804
radareorg/radare2,https://github.com/radareorg/radare2/commit/a88069940950999d5e2fd16cd7d16c7e956bf516,a88069940950999d5e2fd16cd7d16c7e956bf516,['CWE-125'],CVE-2018-8808
radareorg/radare2,https://github.com/radareorg/radare2/commit/24282de142000d2ed2c19783b40a1351872dfc54,24282de142000d2ed2c19783b40a1351872dfc54,['CWE-125'],CVE-2018-8809
radareorg/radare2,https://github.com/radareorg/radare2/commit/06c9903be9a1ca46b74571d49027bee2168fbd69,06c9903be9a1ca46b74571d49027bee2168fbd69,['CWE-125'],CVE-2018-8810
torvalds/linux,https://github.com/torvalds/linux/commit/d4fdf8ba0e5808ba9ad6b44337783bd9935e0982,d4fdf8ba0e5808ba9ad6b44337783bd9935e0982,['CWE-476'],CVE-2017-18241
libressl/openbsd,https://github.com/libressl/openbsd/commit/0654414afcce51a16d35d05060190a3ec4618d42,0654414afcce51a16d35d05060190a3ec4618d42,['CWE-295'],CVE-2018-8970
libming,https://github.com/libming/libming/commit/1d698a4b1f03d6136bbf2b0171b86985be553454,1d698a4b1f03d6136bbf2b0171b86985be553454,['CWE-416'],CVE-2018-9009
apple/cups,https://github.com/apple/cups/commit/49fa4983f25b64ec29d548ffa3b9782426007df3,49fa4983f25b64ec29d548ffa3b9782426007df3,['CWE-20'],CVE-2017-18248
torvalds/linux,https://github.com/torvalds/linux/commit/30a61ddf8117c26ac5b295e1233eaa9629a94ca3,30a61ddf8117c26ac5b295e1233eaa9629a94ca3,['CWE-362'],CVE-2017-18249
ImageMagick,https://github.com/ImageMagick/ImageMagick/commit/99718b41102f26f802311045e882aa947ef2941b,99718b41102f26f802311045e882aa947ef2941b,['CWE-772'],CVE-2017-18251
torvalds/linux,https://github.com/torvalds/linux/commit/c1fa0768a8713b135848f78fd43ffc208d8ded70,c1fa0768a8713b135848f78fd43ffc208d8ded70,['CWE-119'],CVE-2018-1091
libming,https://github.com/libming/libming/commit/dc65ba0497f4c5ca58be2018e2816e72baf63634,dc65ba0497f4c5ca58be2018e2816e72baf63634,['CWE-476'],CVE-2018-9132
ImageMagick,https://github.com/ImageMagick/ImageMagick/commit/19b96ba61431914e2ac316b72c0789965f2b7c09,19b96ba61431914e2ac316b72c0789965f2b7c09,['CWE-834'],CVE-2018-9133
torvalds/linux,https://github.com/torvalds/linux/commit/1572e45a924f254d9570093abde46430c3172e3d,1572e45a924f254d9570093abde46430c3172e3d,['CWE-190'],CVE-2017-18255
libming,https://github.com/libming/libming/commit/eea2a55a0aa339d47e65c1c8e60068cf3cc20393,eea2a55a0aa339d47e65c1c8e60068cf3cc20393,['CWE-476'],CVE-2018-9165
libming,https://github.com/libming/libming/commit/7ca571cd8068709f6a7e57f93b46275ec94af80d,7ca571cd8068709f6a7e57f93b46275ec94af80d,['CWE-476'],CVE-2018-9165
libming,https://github.com/libming/libming/commit/358abc21a7cb9286288ab0812231da39e31144bb,358abc21a7cb9286288ab0812231da39e31144bb,['CWE-476'],CVE-2018-9165
GNOME/libxml2,https://github.com/GNOME/libxml2/commit/e2a9122b8dde53d320750451e9907a7dcb2ca8bb,e2a9122b8dde53d320750451e9907a7dcb2ca8bb,"['CWE-770', 'CWE-835']",CVE-2018-9251
wireshark,https://github.com/wireshark/wireshark/commit/dac48f148538c706c446e5105d84ebcb54587528,dac48f148538c706c446e5105d84ebcb54587528,['CWE-20'],CVE-2018-9256
wireshark,https://github.com/wireshark/wireshark/commit/d7a9501b0439a5dbf24016a95b4896170d789dc2,d7a9501b0439a5dbf24016a95b4896170d789dc2,['CWE-835'],CVE-2018-9257
wireshark,https://github.com/wireshark/wireshark/commit/2d4695de1477df60b0188fd581c0c279db601978,2d4695de1477df60b0188fd581c0c279db601978,['CWE-20'],CVE-2018-9258
wireshark,https://github.com/wireshark/wireshark/commit/2113179835b37549f245ac7c05ff2b96276893e4,2113179835b37549f245ac7c05ff2b96276893e4,['CWE-20'],CVE-2018-9259
wireshark,https://github.com/wireshark/wireshark/commit/14d6f717d8ea27688af48532edb1d29f502ea8f0,14d6f717d8ea27688af48532edb1d29f502ea8f0,['CWE-20'],CVE-2018-9260
wireshark,https://github.com/wireshark/wireshark/commit/66bc372716e04d6a8afdf6712583c9b5d11fee55,66bc372716e04d6a8afdf6712583c9b5d11fee55,['CWE-834'],CVE-2018-9261
wireshark,https://github.com/wireshark/wireshark/commit/f05c3b91f9571210b86576ee6284e71a3306109d,f05c3b91f9571210b86576ee6284e71a3306109d,['CWE-20'],CVE-2018-9262
wireshark,https://github.com/wireshark/wireshark/commit/4fe65168fd0de81306710330aa414f10f53cbdf0,4fe65168fd0de81306710330aa414f10f53cbdf0,['CWE-Other'],CVE-2018-9263
wireshark,https://github.com/wireshark/wireshark/commit/0290a62be0fca8da9bb190f59dc1fe26c1d65024,0290a62be0fca8da9bb190f59dc1fe26c1d65024,['CWE-787'],CVE-2018-9264
wireshark,https://github.com/wireshark/wireshark/commit/b12cc581cd4878d74b6116ca02c7dbe650c1f242,b12cc581cd4878d74b6116ca02c7dbe650c1f242,['CWE-772'],CVE-2018-9265
wireshark,https://github.com/wireshark/wireshark/commit/9d3714e767cb104dcfa1647935fa5960b16bb8e1,9d3714e767cb104dcfa1647935fa5960b16bb8e1,['CWE-772'],CVE-2018-9266
wireshark,https://github.com/wireshark/wireshark/commit/8ed057f7faa709dbde34b91f0715a957837f74d9,8ed057f7faa709dbde34b91f0715a957837f74d9,['CWE-772'],CVE-2018-9267
wireshark,https://github.com/wireshark/wireshark/commit/c69d710d2bf39fe633800db65efddf55701131b6,c69d710d2bf39fe633800db65efddf55701131b6,['CWE-772'],CVE-2018-9268
wireshark,https://github.com/wireshark/wireshark/commit/e19aba33026212cbe000ece633adf14d109489fa,e19aba33026212cbe000ece633adf14d109489fa,['CWE-772'],CVE-2018-9269
wireshark,https://github.com/wireshark/wireshark/commit/0fbc50f9b9219be54d6db47f04b65af19696a7c7,0fbc50f9b9219be54d6db47f04b65af19696a7c7,['CWE-772'],CVE-2018-9270
wireshark,https://github.com/wireshark/wireshark/commit/5b0228945dc74ee82d2ab4a4e7af2bdfe7b75910,5b0228945dc74ee82d2ab4a4e7af2bdfe7b75910,['CWE-772'],CVE-2018-9271
wireshark,https://github.com/wireshark/wireshark/commit/6e3b90824a82724f445a0374e99f0b76e4cf5e8b,6e3b90824a82724f445a0374e99f0b76e4cf5e8b,['CWE-772'],CVE-2018-9272
wireshark,https://github.com/wireshark/wireshark/commit/1f8f1456f1e73b6c09e50a64749e43413ac12df7,1f8f1456f1e73b6c09e50a64749e43413ac12df7,['CWE-772'],CVE-2018-9273
wireshark,https://github.com/wireshark/wireshark/commit/f38e895dfc0d97bce64f73ce99df706911d9aa07,f38e895dfc0d97bce64f73ce99df706911d9aa07,['CWE-772'],CVE-2018-9274
wireshark,https://github.com/wireshark/wireshark/commit/211845aba4794720ae265c782cdffddae54a3e7a,211845aba4794720ae265c782cdffddae54a3e7a,['CWE-772'],CVE-2018-9274
torvalds/linux,https://github.com/torvalds/linux/commit/b86e33075ed1909d8002745b56ecf73b833db143,b86e33075ed1909d8002745b56ecf73b833db143,['CWE-190'],CVE-2017-18257
Yubico/yubico-pam,https://github.com/Yubico/yubico-pam/commit/0f6ceabab0a8849b47f67d727aa526c2656089ba,0f6ceabab0a8849b47f67d727aa526c2656089ba,['CWE-200'],CVE-2018-9275
Exiv2/exiv2,https://github.com/Exiv2/exiv2/commit/b3199a072073ac6292e5bbbd5cce2167f1932ea8,b3199a072073ac6292e5bbbd5cce2167f1932ea8,['CWE-369'],CVE-2018-9304
torvalds/linux,https://github.com/torvalds/linux/commit/0048b4837affd153897ed1222283492070027aa9,0048b4837affd153897ed1222283492070027aa9,"['CWE-362', 'CWE-264']",CVE-2015-9016
hyperhq/hyperstart,https://github.com/hyperhq/hyperstart/commit/ad6e43325da7d5f8048f23451bef26fdf4c0f93d,ad6e43325da7d5f8048f23451bef26fdf4c0f93d,['CWE-838'],CVE-2018-9862
Mbed-TLS/mbedtls,https://github.com/Mbed-TLS/mbedtls/commit/a1098f81c252b317ad34ea978aea2bc47760b215,a1098f81c252b317ad34ea978aea2bc47760b215,['CWE-125'],CVE-2018-9988
Mbed-TLS/mbedtls,https://github.com/Mbed-TLS/mbedtls/commit/027f84c69f4ef30c0693832a6c396ef19e563ca1,027f84c69f4ef30c0693832a6c396ef19e563ca1,['CWE-125'],CVE-2018-9988
Mbed-TLS/mbedtls,https://github.com/Mbed-TLS/mbedtls/commit/5224a7544c95552553e2e6be0b4a789956a6464e,5224a7544c95552553e2e6be0b4a789956a6464e,['CWE-125'],CVE-2018-9989
Mbed-TLS/mbedtls,https://github.com/Mbed-TLS/mbedtls/commit/740b218386083dc708ce98ccc94a63a95cd5629e,740b218386083dc708ce98ccc94a63a95cd5629e,['CWE-125'],CVE-2018-9989
torvalds/linux,https://github.com/torvalds/linux/commit/318aaf34f1179b39fa9c30fa0f3288b645beee39,318aaf34f1179b39fa9c30fa0f3288b645beee39,['CWE-Other'],CVE-2018-10021
torvalds/linux,https://github.com/torvalds/linux/commit/9903e41ae1f5d50c93f268ca3304d4d7c64b9311,9903e41ae1f5d50c93f268ca3304d4d7c64b9311,['CWE-476'],CVE-2018-10074
torvalds/linux,https://github.com/torvalds/linux/commit/dd83c161fbcc5d8be637ab159c0de015cbff5ba4,dd83c161fbcc5d8be637ab159c0de015cbff5ba4,['CWE-20'],CVE-2018-10087
torvalds/linux,https://github.com/torvalds/linux/commit/4ea77014af0d6205b05503d1c7aac6eace11d473,4ea77014af0d6205b05503d1c7aac6eace11d473,['CWE-119'],CVE-2018-10124
radareorg/radare2,https://github.com/radareorg/radare2/commit/a0348bb1b512ef27301dd7cdfb327ef5e14813fc,a0348bb1b512ef27301dd7cdfb327ef5e14813fc,['CWE-125'],CVE-2018-10186
radareorg/radare2,https://github.com/radareorg/radare2/commit/cdb278059b7b0aaaaa2315b82d0fa6ad50433db0,cdb278059b7b0aaaaa2315b82d0fa6ad50433db0,['CWE-125'],CVE-2018-10187
ArtifexSoftware/ghostpdl,https://github.com/ArtifexSoftware/ghostpdl/commit/39b1e54b2968620723bf32e96764c88797714879,39b1e54b2968620723bf32e96764c88797714879,['CWE-119'],CVE-2018-10194
hyperhq/hyperstart,https://github.com/hyperhq/hyperstart/commit/bde26da80122117cce5cea65e1d51129fc5a7e3c,bde26da80122117cce5cea65e1d51129fc5a7e3c,['CWE-772'],CVE-2018-10205
ArtifexSoftware/mupdf,https://github.com/ArtifexSoftware/mupdf/commit/2e43685dc8a8a886fc9df9b3663cf199404f7637,2e43685dc8a8a886fc9df9b3663cf199404f7637,['CWE-835'],CVE-2018-10289
xen-project/xen,https://github.com/xen-project/xen/commit/d8f65e68a7c1047fad97206a6282c281247fadc2,d8f65e68a7c1047fad97206a6282c281247fadc2,['CWE-200'],CVE-2018-10472
LibRaw,https://github.com/LibRaw/LibRaw/commit/f0c505a3e5d47989a5f69be2d0d4f250af6b1a6c,f0c505a3e5d47989a5f69be2d0d4f250af6b1a6c,['CWE-125'],CVE-2018-10529
dbry/WavPack,https://github.com/dbry/WavPack/commit/26cb47f99d481ad9b93eeff80d26e6b63bbd7e15,26cb47f99d481ad9b93eeff80d26e6b63bbd7e15,"['CWE-119', 'CWE-787']",CVE-2018-10536
dbry/WavPack,https://github.com/dbry/WavPack/commit/6f8bb34c2993a48ab9afbe353e6d0cff7c8d821d,6f8bb34c2993a48ab9afbe353e6d0cff7c8d821d,['CWE-787'],CVE-2018-10538
OpenVPN/openvpn,https://github.com/OpenVPN/openvpn/commit/1394192b210cb3c6624a7419bcf3ff966742e79b,1394192b210cb3c6624a7419bcf3ff966742e79b,['CWE-415'],CVE-2018-9336
torvalds/linux,https://github.com/torvalds/linux/commit/73223e4e2e3867ebf033a5a8eb2e5df0158ccc99,73223e4e2e3867ebf033a5a8eb2e5df0158ccc99,['CWE-416'],CVE-2018-10675
miniupnp/ngiflib,https://github.com/miniupnp/ngiflib/commit/b588a2249c7abbfc52173e32ee11d6facef82f89,b588a2249c7abbfc52173e32ee11d6facef82f89,['CWE-787'],CVE-2018-10677
miniupnp/ngiflib,https://github.com/miniupnp/ngiflib/commit/cf429e0a2fe26b5f01ce0c8e9b79432e94509b6e,cf429e0a2fe26b5f01ce0c8e9b79432e94509b6e,['CWE-787'],CVE-2018-10717
lewdlime/abcm2ps,https://github.com/lewdlime/abcm2ps/commit/fd956e19f88ee32f8ec4aece5901400b06e80bcc,fd956e19f88ee32f8ec4aece5901400b06e80bcc,['CWE-787'],CVE-2018-10753
lewdlime/abcm2ps,https://github.com/lewdlime/abcm2ps/commit/dc0372993674d0b50fedfbf7b9fad1239b8efc5f,dc0372993674d0b50fedfbf7b9fad1239b8efc5f,['CWE-787'],CVE-2018-10771
xen-project/xen,https://github.com/xen-project/xen/commit/5d37af364dc158aa387f7c8b2a05c90325c63dce,5d37af364dc158aa387f7c8b2a05c90325c63dce,['CWE-362'],CVE-2018-8897
xen-project/xen,https://github.com/xen-project/xen/commit/75d6828bc2146d0eea16adc92376951a310d94a7,75d6828bc2146d0eea16adc92376951a310d94a7,['CWE-362'],CVE-2018-8897
xen-project/xen,https://github.com/xen-project/xen/commit/f7d457524c7d4fbf8fba635452e12c057fe71e60,f7d457524c7d4fbf8fba635452e12c057fe71e60,['CWE-362'],CVE-2018-8897
torvalds/linux,https://github.com/torvalds/linux/commit/d8ba61ba58c88d5207c1ba2f7d9a2280e7d03be9,d8ba61ba58c88d5207c1ba2f7d9a2280e7d03be9,['CWE-362'],CVE-2018-8897
torvalds/linux,https://github.com/torvalds/linux/commit/9de4ee40547fd315d4a0ed1dd15a2fa3559ad707,9de4ee40547fd315d4a0ed1dd15a2fa3559ad707,['CWE-119'],CVE-2018-10940
Exiv2/exiv2,https://github.com/Exiv2/exiv2/commit/d01eb9905441d773c22c1b2473967e6309573252,d01eb9905441d773c22c1b2473967e6309573252,"['CWE-119', 'CWE-Other']",CVE-2018-10958
xen-project/xen,https://github.com/xen-project/xen/commit/92938e5d149669033aecdfb3d1396948d49d1887,92938e5d149669033aecdfb3d1396948d49d1887,['CWE-835'],CVE-2018-10981
xen-project/xen,https://github.com/xen-project/xen/commit/14c3f68a57361f20be33ec3848f83d8636a0d34e,14c3f68a57361f20be33ec3848f83d8636a0d34e,['CWE-Other'],CVE-2018-10982
libming,https://github.com/libming/libming/commit/6e5a28dc0419e5c6681292db40cbd996fadf9213,6e5a28dc0419e5c6681292db40cbd996fadf9213,['CWE-119'],CVE-2018-11226
torvalds/linux,https://github.com/torvalds/linux/commit/f09444639099584bc4784dfcd85ada67c6f33e0f,f09444639099584bc4784dfcd85ada67c6f33e0f,['CWE-20'],CVE-2018-11232
torvalds/linux,https://github.com/torvalds/linux/commit/237bbd29f7a049d310d907f4b2716a7feef9abf3,237bbd29f7a049d310d907f4b2716a7feef9abf3,['CWE-Other'],CVE-2017-18270
ImageMagick,https://github.com/ImageMagick/ImageMagick/commit/d95991f24d27dbc335dfa7c0523c886ab9329e9e,d95991f24d27dbc335dfa7c0523c886ab9329e9e,['CWE-835'],CVE-2017-18273
ImageMagick,https://github.com/ImageMagick/ImageMagick/commit/f590a1ce9653b051a5358542f0712a2f0356e276,f590a1ce9653b051a5358542f0712a2f0356e276,['CWE-125'],CVE-2018-11251
AndreRenaud/PDFGen,https://github.com/AndreRenaud/PDFGen/commit/ee58aff6918b8bbc3be29b9e3089485ea46ff956,ee58aff6918b8bbc3be29b9e3089485ea46ff956,['CWE-125'],CVE-2018-11363
radareorg/radare2,https://github.com/radareorg/radare2/commit/1f37c04f2a762500222dda2459e6a04646feeedf,1f37c04f2a762500222dda2459e6a04646feeedf,['CWE-125'],CVE-2018-11376
radareorg/radare2,https://github.com/radareorg/radare2/commit/b35530fa0681b27eba084de5527037ebfb397422,b35530fa0681b27eba084de5527037ebfb397422,['CWE-125'],CVE-2018-11377
radareorg/radare2,https://github.com/radareorg/radare2/commit/bd276ef2fd8ac3401e65be7c126a43175ccfbcd7,bd276ef2fd8ac3401e65be7c126a43175ccfbcd7,['CWE-119'],CVE-2018-11378
radareorg/radare2,https://github.com/radareorg/radare2/commit/4e1cf0d3e6f6fe2552a269def0af1cd2403e266c,4e1cf0d3e6f6fe2552a269def0af1cd2403e266c,['CWE-125'],CVE-2018-11379
radareorg/radare2,https://github.com/radareorg/radare2/commit/60208765887f5f008b3b9a883f3addc8bdb9c134,60208765887f5f008b3b9a883f3addc8bdb9c134,['CWE-125'],CVE-2018-11380
radareorg/radare2,https://github.com/radareorg/radare2/commit/3fcf41ed96ffa25b38029449520c8d0a198745f3,3fcf41ed96ffa25b38029449520c8d0a198745f3,['CWE-125'],CVE-2018-11381
radareorg/radare2,https://github.com/radareorg/radare2/commit/9d348bcc2c4bbd3805e7eec97b594be9febbdf9a,9d348bcc2c4bbd3805e7eec97b594be9febbdf9a,['CWE-908'],CVE-2018-11383
radareorg/radare2,https://github.com/radareorg/radare2/commit/77c47cf873dd55b396da60baa2ca83bbd39e4add,77c47cf873dd55b396da60baa2ca83bbd39e4add,['CWE-125'],CVE-2018-11384
wireshark,https://github.com/wireshark/wireshark/commit/cb517a4a434387e74a2f75ebb106ee3c3893251c,cb517a4a434387e74a2f75ebb106ee3c3893251c,['CWE-20'],CVE-2018-11354
wireshark,https://github.com/wireshark/wireshark/commit/99d27a5fd2c540f837154aca3b3647f5ccfa0c33,99d27a5fd2c540f837154aca3b3647f5ccfa0c33,['CWE-119'],CVE-2018-11355
wireshark,https://github.com/wireshark/wireshark/commit/4425716ddba99374749bd033d9bc0f4add2fb973,4425716ddba99374749bd033d9bc0f4add2fb973,['CWE-476'],CVE-2018-11356
wireshark,https://github.com/wireshark/wireshark/commit/ab8a33ef083b9732c89117747a83a905a676faf6,ab8a33ef083b9732c89117747a83a905a676faf6,['CWE-20'],CVE-2018-11357
wireshark,https://github.com/wireshark/wireshark/commit/ccb1ac3c8cec47fbbbf2e80ced80644005c65252,ccb1ac3c8cec47fbbbf2e80ced80644005c65252,['CWE-416'],CVE-2018-11358
wireshark,https://github.com/wireshark/wireshark/commit/beaebe91b14564fb9f86f0726bab09927872721b,beaebe91b14564fb9f86f0726bab09927872721b,['CWE-476'],CVE-2018-11359
wireshark,https://github.com/wireshark/wireshark/commit/a55b36c51f83a7b9680824e8ee3a6ce8429ab24b,a55b36c51f83a7b9680824e8ee3a6ce8429ab24b,['CWE-119'],CVE-2018-11360
wireshark,https://github.com/wireshark/wireshark/commit/1b52f9929238ce3948ec924ae4f9456b5e9df558,1b52f9929238ce3948ec924ae4f9456b5e9df558,['CWE-119'],CVE-2018-11361
wireshark,https://github.com/wireshark/wireshark/commit/f177008b04a530640de835ca878892e58b826d58,f177008b04a530640de835ca878892e58b826d58,['CWE-125'],CVE-2018-11362
ArtifexSoftware/mupdf,https://github.com/ArtifexSoftware/mupdf/commit/8a3257b01faa899dd9b5e35c6bb3403cd709c371,8a3257b01faa899dd9b5e35c6bb3403cd709c371,"['CWE-20', 'CWE-787', 'CWE-416']",CVE-2018-1000037
ArtifexSoftware/mupdf,https://github.com/ArtifexSoftware/mupdf/commit/b2e7d38e845c7d4922d05e6e41f3a2dc1bc1b14a,b2e7d38e845c7d4922d05e6e41f3a2dc1bc1b14a,"['CWE-20', 'CWE-787', 'CWE-416']",CVE-2018-1000037
ArtifexSoftware/mupdf,https://github.com/ArtifexSoftware/mupdf/commit/71ceebcf56e682504da22c4035b39a2d451e8ffd,71ceebcf56e682504da22c4035b39a2d451e8ffd,"['CWE-20', 'CWE-787', 'CWE-416']",CVE-2018-1000037
ArtifexSoftware/mupdf,https://github.com/ArtifexSoftware/mupdf/commit/f597300439e62f5e921f0d7b1e880b5c1a1f1607,f597300439e62f5e921f0d7b1e880b5c1a1f1607,"['CWE-787', 'CWE-416']",CVE-2018-1000038
ArtifexSoftware/mupdf,https://github.com/ArtifexSoftware/mupdf/commit/4dcc6affe04368461310a21238f7e1871a752a05,4dcc6affe04368461310a21238f7e1871a752a05,['CWE-416'],CVE-2018-1000039
ArtifexSoftware/mupdf,https://github.com/ArtifexSoftware/mupdf/commit/83d4dae44c71816c084a635550acc1a51529b881,83d4dae44c71816c084a635550acc1a51529b881,['CWE-20'],CVE-2018-1000040
jerryscript-project/jerryscript,https://github.com/jerryscript-project/jerryscript/commit/7c3f2bc8c7ed0c28a1ea097d7177363f8998a566,7c3f2bc8c7ed0c28a1ea097d7177363f8998a566,['CWE-125'],CVE-2018-11418
liblouis,https://github.com/liblouis/liblouis/commit/4417bad83df4481ed58419b28c5c91b9649e2a86,4417bad83df4481ed58419b28c5c91b9649e2a86,['CWE-787'],CVE-2018-11440
pts/sam2p,https://github.com/pts/sam2p/commit/af05f34db7c27fbd1931a4aa898e1226623072d5,af05f34db7c27fbd1931a4aa898e1226623072d5,"['CWE-129', 'CWE-787']",CVE-2018-11489
pts/sam2p,https://github.com/pts/sam2p/commit/852244f8df7a862f9bba3946c3ef529e96d0e433,852244f8df7a862f9bba3946c3ef529e96d0e433,"['CWE-129', 'CWE-787']",CVE-2018-11489
pts/sam2p,https://github.com/pts/sam2p/commit/4d3c75c0695b73de8df9dbd2158ebda258937d46,4d3c75c0695b73de8df9dbd2158ebda258937d46,"['CWE-129', 'CWE-787']",CVE-2018-11489
torvalds/linux,https://github.com/torvalds/linux/commit/f7068114d45ec55996b9040e98111afa56e010fe,f7068114d45ec55996b9040e98111afa56e010fe,['CWE-787'],CVE-2018-11506
torvalds/linux,https://github.com/torvalds/linux/commit/0a0b98734479aa5b3c671d5190e86273372cab95,0a0b98734479aa5b3c671d5190e86273372cab95,['CWE-200'],CVE-2018-11508
Exiv2/exiv2,https://github.com/Exiv2/exiv2/commit/6bbbdd18d690466568218dd2cd61ca3fb7ddb81e,6bbbdd18d690466568218dd2cd61ca3fb7ddb81e,['CWE-787'],CVE-2018-11531
Exiv2/exiv2,https://github.com/Exiv2/exiv2/commit/76d6d6930126baa1f257b78c2b26331782902003,76d6d6930126baa1f257b78c2b26331782902003,['CWE-787'],CVE-2018-11531
Exiv2/exiv2,https://github.com/Exiv2/exiv2/commit/0330f6bf32e20c18cadf578daada42a343540340,0330f6bf32e20c18cadf578daada42a343540340,['CWE-787'],CVE-2018-11531
mity/md4c,https://github.com/mity/md4c/commit/bf022cb6569457598fb37b266a4129d1aa01211b,bf022cb6569457598fb37b266a4129d1aa01211b,['CWE-787'],CVE-2018-11536
mity/md4c,https://github.com/mity/md4c/commit/7deaccf65d01d5bde104efb3b6fd18aab8ae8392,7deaccf65d01d5bde104efb3b6fd18aab8ae8392,['CWE-787'],CVE-2018-11545
mity/md4c,https://github.com/mity/md4c/commit/e5feaf2c96a08390f89a72972b5f8b808ca34e79,e5feaf2c96a08390f89a72972b5f8b808ca34e79,['CWE-125'],CVE-2018-11546
mity/md4c,https://github.com/mity/md4c/commit/469873ee6ce96ef475baa9993f56aa1893456ae0,469873ee6ce96ef475baa9993f56aa1893456ae0,['CWE-125'],CVE-2018-11547
miniupnp/ngiflib,https://github.com/miniupnp/ngiflib/commit/be4c7dffdcf7543fe24acc7448d6014a939fd26b,be4c7dffdcf7543fe24acc7448d6014a939fd26b,['CWE-787'],CVE-2018-11575
liblouis,https://github.com/liblouis/liblouis/commit/7e135b9313ad06218dfcf9ed63070edede7745a1,7e135b9313ad06218dfcf9ed63070edede7745a1,['CWE-120'],CVE-2018-11577
miniupnp/ngiflib,https://github.com/miniupnp/ngiflib/commit/2cecb536e9a4adf1d4b48579f21fffef5f15c388,2cecb536e9a4adf1d4b48579f21fffef5f15c388,['CWE-119'],CVE-2018-11578
espruino/Espruino,https://github.com/espruino/Espruino/commit/a0d7f432abee692402c00e8b615ff5982dde9780,a0d7f432abee692402c00e8b615ff5982dde9780,['CWE-190'],CVE-2018-11590
espruino/Espruino,https://github.com/espruino/Espruino/commit/b6d362f6a1f2de0b3e7604848116efb509196bf4,b6d362f6a1f2de0b3e7604848116efb509196bf4,['CWE-476'],CVE-2018-11591
espruino/Espruino,https://github.com/espruino/Espruino/commit/8a44b04b584b3d3ab1cb68fed410f7ecb165e50e,8a44b04b584b3d3ab1cb68fed410f7ecb165e50e,['CWE-125'],CVE-2018-11592
espruino/Espruino,https://github.com/espruino/Espruino/commit/bed844f109b6c222816740555068de2e101e8018,bed844f109b6c222816740555068de2e101e8018,['CWE-787'],CVE-2018-11593
espruino/Espruino,https://github.com/espruino/Espruino/commit/c36d30529118aa049797db43f111ddad468aad29,c36d30529118aa049797db43f111ddad468aad29,['CWE-119'],CVE-2018-11594
espruino/Espruino,https://github.com/espruino/Espruino/commit/0a7619875bf79877907205f6bee08465b89ff10b,0a7619875bf79877907205f6bee08465b89ff10b,['CWE-119'],CVE-2018-11595
espruino/Espruino,https://github.com/espruino/Espruino/commit/ce1924193862d58cb43d3d4d9dada710a8361b89,ce1924193862d58cb43d3d4d9dada710a8361b89,['CWE-119'],CVE-2018-11596
espruino/Espruino,https://github.com/espruino/Espruino/commit/51380baf17241728b6d48cdb84140b931e3e3cc5,51380baf17241728b6d48cdb84140b931e3e3cc5,['CWE-674'],CVE-2018-11597
espruino/Espruino,https://github.com/espruino/Espruino/commit/bf4416ab9129ee3afd56739ea4e3cd0da5484b6b,bf4416ab9129ee3afd56739ea4e3cd0da5484b6b,['CWE-125'],CVE-2018-11598
uNetworking/uWebSockets,https://github.com/uNetworking/uWebSockets/commit/37deefd01f0875e133ea967122e3a5e421b8fcd9,37deefd01f0875e133ea967122e3a5e421b8fcd9,['CWE-20'],CVE-2016-10544
ArtifexSoftware/ghostpdl,https://github.com/ArtifexSoftware/ghostpdl/commit/b60d50b7567369ad856cebe1efb6cd7dd2284219,b60d50b7567369ad856cebe1efb6cd7dd2284219,['CWE-200'],CVE-2018-11645
ImageMagick,https://github.com/ImageMagick/ImageMagick/commit/a22af7eda74f551e9279e469d2487d1997536ddb,a22af7eda74f551e9279e469d2487d1997536ddb,['CWE-772'],CVE-2018-11655
ImageMagick,https://github.com/ImageMagick/ImageMagick/commit/a7414b7322201a9c8a5cacf563f08468c329b4b1,a7414b7322201a9c8a5cacf563f08468c329b4b1,['CWE-772'],CVE-2018-11655
ImageMagick,https://github.com/ImageMagick/ImageMagick/commit/caedfada2addf611eebb8c88477a47c6c2f641ca,caedfada2addf611eebb8c88477a47c6c2f641ca,['CWE-772'],CVE-2018-11656
liblouis,https://github.com/liblouis/liblouis/commit/e7eee2b7926668360a0d8e2abee6c35a00ebce3c,e7eee2b7926668360a0d8e2abee6c35a00ebce3c,['CWE-787'],CVE-2018-11683
sass/libsass,https://github.com/sass/libsass/commit/af0e12cdf09d43dbd1fc11e3f64b244277cc1a1e,af0e12cdf09d43dbd1fc11e3f64b244277cc1a1e,['CWE-125'],CVE-2018-11693
sass/libsass,https://github.com/sass/libsass/commit/be8c924744f1f19fa9c52cbd4dd85d44c34392ee,be8c924744f1f19fa9c52cbd4dd85d44c34392ee,['CWE-476'],CVE-2018-11694
sass/libsass,https://github.com/sass/libsass/commit/ca6f85ce5cc44d31727b1d1cec0c6a9b38c2b4ab,ca6f85ce5cc44d31727b1d1cec0c6a9b38c2b4ab,['CWE-476'],CVE-2018-11695
sass/libsass,https://github.com/sass/libsass/commit/4573dbf9de0f43d745f4694bf92933166e6761a9,4573dbf9de0f43d745f4694bf92933166e6761a9,['CWE-125'],CVE-2018-11697
dmlc/ps-lite,https://github.com/dmlc/ps-lite/commit/4be817e8b03e7e92517e91f2dfcc50865e91c6ea,4be817e8b03e7e92517e91f2dfcc50865e91c6ea,['CWE-200'],CVE-2018-1281
syoyo/tinyexr,https://github.com/syoyo/tinyexr/commit/e7e513ccf83a31145244dcc214abc8e322e1c672,e7e513ccf83a31145244dcc214abc8e322e1c672,['CWE-125'],CVE-2018-12092
mity/md4c,https://github.com/mity/md4c/commit/e6e2ea4c5a5b972779d9222c4f66b5a693444ce2,e6e2ea4c5a5b972779d9222c4f66b5a693444ce2,['CWE-476'],CVE-2018-12102
mity/md4c,https://github.com/mity/md4c/commit/8fc692badce0cdee08b6385aa590280c64f19fb8,8fc692badce0cdee08b6385aa590280c64f19fb8,['CWE-119'],CVE-2018-12112
torvalds/linux,https://github.com/torvalds/linux/commit/6d8c50dcb029872b298eea68cc6209c866fd3e14,6d8c50dcb029872b298eea68cc6209c866fd3e14,['CWE-362'],CVE-2018-12232
Exiv2/exiv2,https://github.com/Exiv2/exiv2/commit/fe70939f54476e99046245ca69ff27012401f759,fe70939f54476e99046245ca69ff27012401f759,"['CWE-190', 'CWE-125']",CVE-2018-12264
Exiv2/exiv2,https://github.com/Exiv2/exiv2/commit/937a1a2bd067b8b3b787f3757089d972f3a39853,937a1a2bd067b8b3b787f3757089d972f3a39853,"['CWE-190', 'CWE-125']",CVE-2018-12265
radareorg/radare2,https://github.com/radareorg/radare2/commit/90b71c017a7fa9732fe45fd21b245ee051b1f548,90b71c017a7fa9732fe45fd21b245ee051b1f548,['CWE-416'],CVE-2018-12320
radareorg/radare2,https://github.com/radareorg/radare2/commit/224e6bc13fa353dd3b7f7a2334588f1c4229e58d,224e6bc13fa353dd3b7f7a2334588f1c4229e58d,['CWE-125'],CVE-2018-12321
radareorg/radare2,https://github.com/radareorg/radare2/commit/bbb4af56003c1afdad67af0c4339267ca38b1017,bbb4af56003c1afdad67af0c4339267ca38b1017,['CWE-125'],CVE-2018-12322
randombit/botan,https://github.com/randombit/botan/commit/48fc8df51d99f9d8ba251219367b3d629cc848e3,48fc8df51d99f9d8ba251219367b3d629cc848e3,['CWE-200'],CVE-2018-12435
wolfSSL/wolfssl,https://github.com/wolfSSL/wolfssl/commit/9b9568d500f31f964af26ba8d01e542e1f27e5ca,9b9568d500f31f964af26ba8d01e542e1f27e5ca,['CWE-200'],CVE-2018-12436
ffmpeg,https://github.com/FFmpeg/FFmpeg/commit/e1182fac1afba92a4975917823a5f644bee7e6e8,e1182fac1afba92a4975917823a5f644bee7e6e8,['CWE-20'],CVE-2018-12458
ffmpeg,https://github.com/FFmpeg/FFmpeg/commit/2fc108f60f98cd00813418a8754a46476b404a3c,2fc108f60f98cd00813418a8754a46476b404a3c,['CWE-20'],CVE-2018-12459
ffmpeg,https://github.com/FFmpeg/FFmpeg/commit/b3332a182f8ba33a34542e4a0370f38b914ccf7d,b3332a182f8ba33a34542e4a0370f38b914ccf7d,['CWE-476'],CVE-2018-12460
GNOME/evolution-data-server,https://github.com/GNOME/evolution-data-server/commit/34bad61738e2127736947ac50e0c7969cc944972,34bad6173,['CWE-119'],CVE-2018-12422
syoyo/tinyexr,https://github.com/syoyo/tinyexr/commit/5d3505a67ffe2e003ae907e31ec7bddad19537dd,5d3505a67ffe2e003ae907e31ec7bddad19537dd,['CWE-617'],CVE-2018-12504
dovecot/core,https://github.com/dovecot/core/commit/000030feb7a30f193197f1aab8a7b04a26b42735,000030feb7a30f193197f1aab8a7b04a26b42735,['CWE-20'],CVE-2017-2669
phusion/passenger,https://github.com/phusion/passenger/commit/4e97fdb86d0a0141ec9a052c6e691fcd07bb45c8,4e97fdb86d0a0141ec9a052c6e691fcd07bb45c8,['CWE-732'],CVE-2018-12615
torvalds/linux,https://github.com/torvalds/linux/commit/bd23a7269834dc7c1f93e83535d16ebc44b75eba,bd23a7269834dc7c1f93e83535d16ebc44b75eba,['CWE-362'],CVE-2018-12633
civetweb,https://github.com/civetweb/civetweb/commit/8fd069f6dedb064339f1091069ac96f3f8bdb552,8fd069f6dedb064339f1091069ac96f3f8bdb552,"['CWE-200', 'CWE-125']",CVE-2018-12684
php/php-src,https://github.com/php/php-src/commit/3fdde65617e9f954e2c964768aac8831005497e5,3fdde65617e9f954e2c964768aac8831005497e5,['CWE-416'],CVE-2018-12882
cn-uofbasel/ccn-lite,https://github.com/cn-uofbasel/ccn-lite/commit/cd1bd188eaf58b1972cf80ce3a5d3f1c81f14bf1,cd1bd188eaf58b1972cf80ce3a5d3f1c81f14bf1,['CWE-787'],CVE-2018-12889
torvalds/linux,https://github.com/torvalds/linux/commit/a45b599ad808c3c982fdcdc12b0b8611c2f92824,a45b599ad808c3c982fdcdc12b0b8611c2f92824,['CWE-Other'],CVE-2018-1000204
spheredev/neosphere,https://github.com/spheredev/neosphere/commit/252c1ca184cb38e1acb917aa0e451c5f08519996,252c1ca184cb38e1acb917aa0e451c5f08519996,['CWE-190'],CVE-2018-1000524
MarlinFirmware/Marlin,https://github.com/MarlinFirmware/Marlin/commit/3ba974f841c4aab920fefe345196437d52e3b8aa,3ba974f841c4aab920fefe345196437d52e3b8aa,['CWE-119'],CVE-2018-1000537
torvalds/linux,https://github.com/torvalds/linux/commit/727ba748e110b4de50d142edca9d6a9b7e6111d8,727ba748e110b4de50d142edca9d6a9b7e6111d8,['CWE-Other'],CVE-2018-12904
xen-project/xen,https://github.com/xen-project/xen/commit/17608703c65bf080b0a9f024f9b370872b9f2c05,17608703c65bf080b0a9f024f9b370872b9f2c05,['CWE-Other'],CVE-2018-12891
xen-project/xen,https://github.com/xen-project/xen/commit/724e5aa31b58d1e430ad36b484cf0ec021497399,724e5aa31b58d1e430ad36b484cf0ec021497399,['CWE-200'],CVE-2018-12892
xen-project/xen,https://github.com/xen-project/xen/commit/dd64d3c41a2d15139c3a35d22d4cb6b78f4c5c59,dd64d3c41a2d15139c3a35d22d4cb6b78f4c5c59,['CWE-200'],CVE-2018-12892
xen-project/xen,https://github.com/xen-project/xen/commit/17bf51297220dcd74da29de99320b6b1c72d1fa5,17bf51297220dcd74da29de99320b6b1c72d1fa5,['CWE-Other'],CVE-2018-12893
torvalds/linux,https://github.com/torvalds/linux/commit/78c9c4dfbf8c04883941445a195276bb4bb92c76,78c9c4dfbf8c04883941445a195276bb4bb92c76,['CWE-190'],CVE-2018-12896
libsndfile,https://github.com/libsndfile/libsndfile/commit/df18323c622b54221ee7ace74b177cdcccc152d7,df18323c622b54221ee7ace74b177cdcccc152d7,['CWE-787'],CVE-2018-13139
pjsip/pjproject,https://github.com/pjsip/pjproject/commit/560a1346f87aabe126509bb24930106dea292b00,560a1346f87aabe126509bb24930106dea292b00,"['CWE-121', 'CWE-120']",CVE-2022-24764
radareorg/radare2,https://github.com/radareorg/radare2/commit/a7ce29647fcb38386d7439696375e16e093d6acb,a7ce29647fcb38386d7439696375e16e093d6acb,['CWE-416'],CVE-2022-1031
torvalds/linux,https://github.com/torvalds/linux/commit/ebe48d368e97d007bfeb76fcb065d6cfc4c96645,ebe48d368e97d007bfeb76fcb065d6cfc4c96645,['CWE-787'],CVE-2022-27666
qemu,https://github.com/qemu/qemu/commit/bedd7e93d01961fcb16a97ae45d93acf357e11f6,bedd7e93d01961fcb16a97ae45d93acf357e11f6,['CWE-416'],CVE-2021-3748
libsndfile,https://github.com/libsndfile/libsndfile/commit/4c30646abf7834e406f7e2429c70bc254e18beab,4c30646abf7834e406f7e2429c70bc254e18beab,['CWE-125'],CVE-2021-4156
radareorg/radare2,https://github.com/radareorg/radare2/commit/0052500c1ed5bf8263b26b9fd7773dbdc6f170c4,0052500c1ed5bf8263b26b9fd7773dbdc6f170c4,['CWE-787'],CVE-2022-1052
kiwix/libkiwix,https://github.com/kiwix/libkiwix/commit/8136138492ab51ae8a311be589b8b131d04125ce,8136138492ab51ae8a311be589b8b131d04125ce,['CWE-79'],CVE-2022-27920
appneta/tcpreplay,https://github.com/appneta/tcpreplay/commit/bac620dfbd5b7b3b3602eae29e05afa00765ce19,bac620dfbd5b7b3b3602eae29e05afa00765ce19,['CWE-617'],CVE-2022-27939
appneta/tcpreplay,https://github.com/appneta/tcpreplay/commit/a135cea13507b5d2f810d762390ba37d6b93aa3e,a135cea13507b5d2f810d762390ba37d6b93aa3e,['CWE-125'],CVE-2022-27941
appneta/tcpreplay,https://github.com/appneta/tcpreplay/commit/71df1f0202652fe25c661cdbad69f6d9295e0aa5,71df1f0202652fe25c661cdbad69f6d9295e0aa5,['CWE-125'],CVE-2022-27942
appneta/tcpreplay,https://github.com/appneta/tcpreplay/commit/b90fbfcab942d66fee7d8d7d6914c861cdbbf4ef,b90fbfcab942d66fee7d8d7d6914c861cdbbf4ef,['CWE-125'],CVE-2022-27942
appneta/tcpreplay,https://github.com/appneta/tcpreplay/commit/54297efdf9c0f08c87ef8162dede9fec6c21ee89,54297efdf9c0f08c87ef8162dede9fec6c21ee89,['CWE-125'],CVE-2022-27942
torvalds/linux,https://github.com/torvalds/linux/commit/817b8b9c5396d2b2d92311b46719aad5d3339dbe,817b8b9c5396d2b2d92311b46719aad5d3339dbe,['CWE-401'],CVE-2022-27950
uclouvain/openjpeg,https://github.com/uclouvain/openjpeg/commit/3c7d42ed766b5f07a5cec47f83cadb9510e5ec8a,3c7d42ed766b5f07a5cec47f83cadb9510e5ec8a,['CWE-665'],CVE-2022-1122
uclouvain/openjpeg,https://github.com/uclouvain/openjpeg/commit/5383e8d1e614cb4782a101999e80762e8e9b9b24,5383e8d1e614cb4782a101999e80762e8e9b9b24,['CWE-665'],CVE-2022-1122
uclouvain/openjpeg,https://github.com/uclouvain/openjpeg/commit/660f440092dea57d4cf665331ae42bb9d8c90275,660f440092dea57d4cf665331ae42bb9d8c90275,['CWE-665'],CVE-2022-1122
pjsip/pjproject,https://github.com/pjsip/pjproject/commit/856f87c2e97a27b256482dbe0d748b1194355a21,856f87c2e97a27b256482dbe0d748b1194355a21,['CWE-835'],CVE-2022-24763
radareorg/radare2,https://github.com/radareorg/radare2/commit/605785b65dd356d46d4487faa41dbf90943b8bc1,605785b65dd356d46d4487faa41dbf90943b8bc1,['CWE-125'],CVE-2022-1207
libsdl-org/SDL,https://github.com/libsdl-org/SDL/commit/8c91cf7dba5193f5ce12d06db1336515851c9ee9,8c91cf7dba5193f5ce12d06db1336515851c9ee9,['CWE-787'],CVE-2021-33657
weechat,https://github.com/weechat/weechat/commit/600413909804edfd32c53ea3d47db5b6d2871a89,600413909804edfd32c53ea3d47db5b6d2871a89,['CWE-295'],CVE-2022-28352
torvalds/linux,https://github.com/torvalds/linux/commit/764f4eb6846f5475f1244767d24d25dd86528a4a,764f4eb6846f5475f1244767d24d25dd86528a4a,['CWE-Other'],CVE-2022-28356
torvalds/linux,https://github.com/torvalds/linux/commit/3d3925ff6433f98992685a9679613a2cc97f3ce2,3d3925ff6433f98992685a9679613a2cc97f3ce2,['CWE-415'],CVE-2022-28388
torvalds/linux,https://github.com/torvalds/linux/commit/04c9b00ba83594a29813d6b1fb8fdc93a3915174,04c9b00ba83594a29813d6b1fb8fdc93a3915174,['CWE-415'],CVE-2022-28389
torvalds/linux,https://github.com/torvalds/linux/commit/c70222752228a62135cee3409dccefd494a24646,c70222752228a62135cee3409dccefd494a24646,['CWE-415'],CVE-2022-28390
swaywm/swaylock,https://github.com/swaywm/swaylock/commit/1d1c75b6316d21933069a9d201f966d84099f6ca,1d1c75b6316d21933069a9d201f966d84099f6ca,['CWE-Other'],CVE-2022-26530
michaelrsweet/htmldoc,https://github.com/michaelrsweet/htmldoc/commit/fb0334a51300988e9b83b9870d4063e86002b077,fb0334a51300988e9b83b9870d4063e86002b077,['CWE-835'],CVE-2022-24191
containers/crun,https://github.com/containers/crun/commit/1aeeed2e4fdeffb4875c0d0b439915894594c8c6,1aeeed2e4fdeffb4875c0d0b439915894594c8c6,['CWE-276'],CVE-2022-27650
xen-project/xen,https://github.com/xen-project/xen/commit/4f4db53784d912c4f409a451c36ebfd4754e0a42,4f4db53784d912c4f409a451c36ebfd4754e0a42,['CWE-667'],CVE-2022-26356
xen-project/xen,https://github.com/xen-project/xen/commit/d9eca7bb6c6636eb87bb17b08ba7de270f47ecd0,d9eca7bb6c6636eb87bb17b08ba7de270f47ecd0,['CWE-362'],CVE-2022-26357
jerryscript-project/jerryscript,https://github.com/jerryscript-project/jerryscript/commit/5ea5b5345e114ee78038874ceb2d1fc3e3096a05,5ea5b5345e114ee78038874ceb2d1fc3e3096a05,['CWE-120'],CVE-2021-41751
radareorg/radare2,https://github.com/radareorg/radare2/commit/2b77b277d67ce061ee6ef839e7139ebc2103c1e3,2b77b277d67ce061ee6ef839e7139ebc2103c1e3,['CWE-122'],CVE-2022-1244
radareorg/radare2,https://github.com/radareorg/radare2/commit/2d782cdaa2112c10b8dd5e7a93c134b2ada9c1a6,2d782cdaa2112c10b8dd5e7a93c134b2ada9c1a6,['CWE-129'],CVE-2022-1237
radareorg/radare2,https://github.com/radareorg/radare2/commit/c40a4f9862104ede15d0ba05ccbf805923070778,c40a4f9862104ede15d0ba05ccbf805923070778,['CWE-787'],CVE-2022-1238
radareorg/radare2,https://github.com/radareorg/radare2/commit/ca8d8b39f3e34a4fd943270330b80f1148129de4,ca8d8b39f3e34a4fd943270330b80f1148129de4,['CWE-787'],CVE-2022-1240
strukturag/libde265,https://github.com/strukturag/libde265/commit/8e89fe0e175d2870c39486fdd09250b230ec10b8,8e89fe0e175d2870c39486fdd09250b230ec10b8,['CWE-122'],CVE-2022-1253
pjsip/pjproject,https://github.com/pjsip/pjproject/commit/11559e49e65bdf00922ad5ae28913ec6a198d508,11559e49e65bdf00922ad5ae28913ec6a198d508,"['CWE-787', 'CWE-125']",CVE-2022-24786
pjsip/pjproject,https://github.com/pjsip/pjproject/commit/9fae8f43accef8ea65d4a8ae9cdf297c46cfe29a,9fae8f43accef8ea65d4a8ae9cdf297c46cfe29a,['CWE-120'],CVE-2022-24793
Seagate/cortx-s3server,https://github.com/Seagate/cortx-s3server/commit/23882c427837ee988a60201c5d09a5e91e19b2d7,23882c427837ee988a60201c5d09a5e91e19b2d7,['CWE-667'],CVE-2021-43429
jerryscript-project/jerryscript,https://github.com/jerryscript-project/jerryscript/commit/50e34479b1950878a8a2cb11d1d813ba9d949a56,50e34479b1950878a8a2cb11d1d813ba9d949a56,['CWE-125'],CVE-2021-43453
torvalds/linux,https://github.com/torvalds/linux/commit/cc16eecae687912238ee6efbff71ad31e2bc414e,cc16eecae687912238ee6efbff71ad31e2bc414e,['CWE-362'],CVE-2022-28796
libsixel,https://github.com/libsixel/libsixel/commit/d299d67c532a5133a57aade5c35ff8e612c73dd8,d299d67c532a5133a57aade5c35ff8e612c73dd8,['CWE-416'],CVE-2021-41715
libsixel,https://github.com/libsixel/libsixel/commit/dc96cdc27fb53e8595af67aaf68001033c808e42,dc96cdc27fb53e8595af67aaf68001033c808e42,['CWE-787'],CVE-2021-40656
radareorg/radare2,https://github.com/radareorg/radare2/commit/18d1d064bf599a255d55f09fca3104776fc34a67,18d1d064bf599a255d55f09fca3104776fc34a67,['CWE-476'],CVE-2022-1283
mruby,https://github.com/mruby/mruby/commit/c8c083cb750606b2da81582cd8e43b442bb143e6,c8c083cb750606b2da81582cd8e43b442bb143e6,['CWE-125'],CVE-2022-1276
tildearrow/furnace,https://github.com/tildearrow/furnace/commit/0eb02422d5161767e9983bdaa5c429762d3477ce,0eb02422d5161767e9983bdaa5c429762d3477ce,['CWE-404'],CVE-2022-1289
radareorg/radare2,https://github.com/radareorg/radare2/commit/153bcdc29f11cd8c90e7d639a7405450f644ddb6,153bcdc29f11cd8c90e7d639a7405450f644ddb6,['CWE-125'],CVE-2022-1296
radareorg/radare2,https://github.com/radareorg/radare2/commit/0a557045476a2969c7079aec9eeb29d02f2809c6,0a557045476a2969c7079aec9eeb29d02f2809c6,['CWE-125'],CVE-2022-1297
appneta/tcpreplay,https://github.com/appneta/tcpreplay/commit/45cb2ac23213861749d82ad3524f46e347d308a3,45cb2ac23213861749d82ad3524f46e347d308a3,['CWE-415'],CVE-2022-27416
appneta/tcpreplay,https://github.com/appneta/tcpreplay/commit/9297ac29af91324e3f94580b8ffc2a40a4d59e98,9297ac29af91324e3f94580b8ffc2a40a4d59e98,['CWE-415'],CVE-2022-27416
appneta/tcpreplay,https://github.com/appneta/tcpreplay/commit/7248ddb7ddd363b15b86e65022773f791764c33a,7248ddb7ddd363b15b86e65022773f791764c33a,['CWE-787'],CVE-2022-27418
appneta/tcpreplay,https://github.com/appneta/tcpreplay/commit/e2ac765a25e902728b6d4a825358aa536e6668c2,e2ac765a25e902728b6d4a825358aa536e6668c2,['CWE-787'],CVE-2022-27418
merbanan/rtl_433,https://github.com/merbanan/rtl_433/commit/37455483889bd1c641bdaafc493d1cc236b74904,37455483889bd1c641bdaafc493d1cc236b74904,['CWE-787'],CVE-2022-27419
torvalds/linux,https://github.com/torvalds/linux/commit/8700af2cc18c919b2a83e74e0479038fd113c15d,8700af2cc18c919b2a83e74e0479038fd113c15d,['CWE-415'],CVE-2022-29156
nginx/njs,https://github.com/nginx/njs/commit/ad48705bf1f04b4221a5f5b07715ac48b3160d53,ad48705bf1f04b4221a5f5b07715ac48b3160d53,['CWE-416'],CVE-2022-27007
nginx/njs,https://github.com/nginx/njs/commit/e673ae41a998d1391bd562edb2ed6d49db7cc716,e673ae41a998d1391bd562edb2ed6d49db7cc716,['CWE-120'],CVE-2022-27008
ckolivas/lrzip,https://github.com/ckolivas/lrzip/commit/5faf80cd53ecfd16b636d653483144cd12004f46,5faf80cd53ecfd16b636d653483144cd12004f46,['CWE-787'],CVE-2022-28044
nginx/njs,https://github.com/nginx/njs/commit/f65981b0b8fcf02d69a40bc934803c25c9f607ab,f65981b0b8fcf02d69a40bc934803c25c9f607ab,['CWE-476'],CVE-2022-28049
mz-automation/libiec61850,https://github.com/mz-automation/libiec61850/commit/cfa94cbf10302bedc779703f874ee2e8387a0721,cfa94cbf10302bedc779703f874ee2e8387a0721,['CWE-835'],CVE-2022-21159
radareorg/radare2,https://github.com/radareorg/radare2/commit/48f0ea79f99174fb0a62cb2354e13496ce5b7c44,48f0ea79f99174fb0a62cb2354e13496ce5b7c44,['CWE-476'],CVE-2022-1382
radareorg/radare2,https://github.com/radareorg/radare2/commit/1dd65336f0f0c351d6ea853efcf73cf9c0030862,1dd65336f0f0c351d6ea853efcf73cf9c0030862,['CWE-787'],CVE-2022-1383
389ds/389-ds-base,https://github.com/389ds/389-ds-base/commit/ec4d65e5d6c5310c990a2cfe161d52f5f574f337,ec4d65e5d6c5310c990a2cfe161d52f5f574f337,['CWE-287'],CVE-2021-3652
OpenSC,https://github.com/OpenSC/OpenSC/commit/f015746d22d249642c19674298a18ad824db0ed7,f015746d,['CWE-415'],CVE-2021-42778
OpenSC,https://github.com/OpenSC/OpenSC/commit/1db88374bb7706a115d5c3617c6f16115c33bf27,1db88374,['CWE-416'],CVE-2021-42779
OpenSC,https://github.com/OpenSC/OpenSC/commit/5df913b7f57ad89b9832555d24c08d23a534311e,5df913b7,['CWE-252'],CVE-2021-42780
vgropp/bwm-ng,https://github.com/vgropp/bwm-ng/commit/9774f23bf78a6e6d3ae4cfe3d73bad34f2fdcd17,9774f23bf78a6e6d3ae4cfe3d73bad34f2fdcd17,['CWE-476'],CVE-2022-1341
GNOME/epiphany,https://github.com/GNOME/epiphany/commit/486da133569ebfc436c959a7419565ab102e8525,486da133569ebfc436c959a7419565ab102e8525,['CWE-787'],CVE-2022-29536
kravietz/pam_tacplus,https://github.com/kravietz/pam_tacplus/commit/e4c00eba70a0f72c4de77b5f072c69708ec2beab,e4c00eba70a0f72c4de77b5f072c69708ec2beab,['CWE-Other'],CVE-2016-20014
radareorg/radare2,https://github.com/radareorg/radare2/commit/669a404b6d98d5db409a5ebadae4e94b34ef5136,669a404b6d98d5db409a5ebadae4e94b34ef5136,['CWE-787'],CVE-2022-1437
torvalds/linux,https://github.com/torvalds/linux/commit/e677edbcabee849bfdd43f1602bccbecf736a646,e677edbcabee849bfdd43f1602bccbecf736a646,['CWE-362'],CVE-2022-29582
radareorg/radare2,https://github.com/radareorg/radare2/commit/14189710859c27981adb4c2c2aed2863c1859ec5,14189710859c27981adb4c2c2aed2863c1859ec5,['CWE-416'],CVE-2022-1444
radareorg/radare2,https://github.com/radareorg/radare2/commit/0927ed3ae99444e7b47b84e43118deb10fe37529,0927ed3ae99444e7b47b84e43118deb10fe37529,['CWE-125'],CVE-2022-1451
radareorg/radare2,https://github.com/radareorg/radare2/commit/ecc44b6a2f18ee70ac133365de0e509d26d5e168,ecc44b6a2f18ee70ac133365de0e509d26d5e168,['CWE-125'],CVE-2022-1452
pjsip/pjproject,https://github.com/pjsip/pjproject/commit/947bc1ee6d05be10204b918df75a503415fd3213,947bc1ee6d05be10204b918df75a503415fd3213,['CWE-835'],CVE-2022-24792
FreeRDP,https://github.com/FreeRDP/FreeRDP/commit/4661492e5a617199457c8074bad22f766a116cdc,4661492e5a617199457c8074bad22f766a116cdc,['CWE-287'],CVE-2022-24883
michaelrsweet/htmldoc,https://github.com/michaelrsweet/htmldoc/commit/46c8ec2b9bccb8ccabff52d998c5eee77a228348,46c8ec2b9bccb8ccabff52d998c5eee77a228348,['CWE-787'],CVE-2022-28085
piastry/cifs-utils,https://github.com/piastry/cifs-utils/commit/955fb147e97a6a74e1aaa65766de91e2c1479765,955fb147e97a6a74e1aaa65766de91e2c1479765,['CWE-787'],CVE-2022-27239
hpjansson/chafa,https://github.com/hpjansson/chafa/commit/e4b777c7b7c144cd16a0ea96108267b1004fe6c9,e4b777c7b7c144cd16a0ea96108267b1004fe6c9,['CWE-476'],CVE-2022-1507
piastry/cifs-utils,https://github.com/piastry/cifs-utils/commit/8acc963a2e7e9d63fe1f2e7f73f5a03f83d9c379,8acc963a2e7e9d63fe1f2e7f73f5a03f83d9c379,['CWE-532'],CVE-2022-29869
bfabiszewski/libmobi,https://github.com/bfabiszewski/libmobi/commit/eafc415bc6067e72577f70d6dd5acbf057ce6e6f,eafc415bc6067e72577f70d6dd5acbf057ce6e6f,['CWE-125'],CVE-2022-1533
bfabiszewski/libmobi,https://github.com/bfabiszewski/libmobi/commit/fb1ab50e448ddbed746fd27ae07469bc506d838b,fb1ab50e448ddbed746fd27ae07469bc506d838b,['CWE-125'],CVE-2022-1534
torvalds/linux,https://github.com/torvalds/linux/commit/9a564bccb78a76740ea9d75a259942df8143d02c,9a564bccb78a76740ea9d75a259942df8143d02c,['CWE-200'],CVE-2022-1353
GNOME/mutter,https://github.com/GNOME/mutter/commit/820aa18126674dcee73f47afb23ed89b57251e2d,820aa18126674dcee73f47afb23ed89b57251e2d,['CWE-273'],CVE-2021-3982
TryGhost/node-sqlite3,https://github.com/TryGhost/node-sqlite3/commit/593c9d498be2510d286349134537e3bf89401c4a,593c9d498be2510d286349134537e3bf89401c4a,['CWE-Other'],CVE-2022-21227
pistacheio/pistache,https://github.com/pistacheio/pistache/commit/4ba6da096611d11849aa37ee342c032a306ee885,4ba6da096611d11849aa37ee342c032a306ee885,['CWE-22'],CVE-2022-26068
torvalds/linux,https://github.com/torvalds/linux/commit/32452a3eb8b64e01e2be717f518c0be046975b9d,32452a3eb8b64e01e2be717f518c0be046975b9d,['CWE-909'],CVE-2022-29968
tbeu/matio,https://github.com/tbeu/matio/commit/fda62e1a0668b1a2758a23d1290b6ea009f59302,fda62e1a0668b1a2758a23d1290b6ea009f59302,['CWE-401'],CVE-2022-1515
jerryscript-project/jerryscript,https://github.com/jerryscript-project/jerryscript/commit/baf01585b4a818b087a1ec77f99fe7ea6c653a10,baf01585b4a818b087a1ec77f99fe7ea6c653a10,['CWE-401'],CVE-2021-41959
ARMmbed/mbed-os,https://github.com/ARMmbed/mbed-os/commit/151ebfcfc9f2383ee11ce3c771c3bf92900d6b43,151ebfcfc9f2383ee11ce3c771c3bf92900d6b43,['CWE-190'],CVE-2021-27433
appneta/tcpreplay,https://github.com/appneta/tcpreplay/commit/da398bfc3443761effcd975b1179476bf662a960,da398bfc3443761effcd975b1179476bf662a960,['CWE-401'],CVE-2022-28487
albertodemichelis/squirrel,https://github.com/albertodemichelis/squirrel/commit/a6413aa690e0bdfef648c68693349a7b878fe60d,a6413aa690e0bdfef648c68693349a7b878fe60d,['CWE-787'],CVE-2022-30292
freifunk-gluon/ecdsautils,https://github.com/freifunk-gluon/ecdsautils/commit/1d4b091abdf15ad7b2312535b5b95ad70f6dbd08,1d4b091abdf15ad7b2312535b5b95ad70f6dbd08,['CWE-347'],CVE-2022-24884
keepkey/keepkey-firmware,https://github.com/keepkey/keepkey-firmware/commit/447c1f038a31378ab9589965c098467d9ea6cccc,447c1f038a31378ab9589965c098467d9ea6cccc,['CWE-20'],CVE-2022-30330
brave/brave-core,https://github.com/brave/brave-core/commit/5e415ed9dfb97c87b110da8efb987a616f5b42a9,5e415ed9dfb97c87b110da8efb987a616f5b42a9,['CWE-200'],CVE-2022-30334
ImageMagick/ImageMagick6,https://github.com/ImageMagick/ImageMagick6/commit/e6ea5876e0228165ee3abc6e959aa174cee06680,e6ea5876e0228165ee3abc6e959aa174cee06680,['CWE-120'],CVE-2022-28463
michaelrsweet/htmldoc,https://github.com/michaelrsweet/htmldoc/commit/31f780487e5ddc426888638786cdc47631687275,31f780487e5ddc426888638786cdc47631687275,['CWE-190'],CVE-2022-27114
ruby,https://github.com/ruby/ruby/commit/73f45e5e96ccc13a131f7c0122cf8600ce5b930f,73f45e5e96ccc13a131f7c0122cf8600ce5b930f,['CWE-415'],CVE-2022-28738
torvalds/linux,https://github.com/torvalds/linux/commit/ee1fee900537b5d9560e9f937402de5ddc8412f3,ee1fee900537b5d9560e9f937402de5ddc8412f3,['CWE-862'],CVE-2022-30594
jerryscript-project/jerryscript,https://github.com/jerryscript-project/jerryscript/commit/6a21f4069a0e792dc38154b2b3aaf57a83924a61,6a21f4069a0e792dc38154b2b3aaf57a83924a61,['CWE-120'],CVE-2021-42863
Moddable-OpenSource/moddable,https://github.com/Moddable-OpenSource/moddable/commit/135aa9a4a6a9b49b60aa730ebc3bcc6247d75c45,135aa9a4a6a9b49b60aa730ebc3bcc6247d75c45,['CWE-125'],CVE-2022-29368
radareorg/radare2,https://github.com/radareorg/radare2/commit/3ecdbf8e21186a9c5a4d3cfa3b1e9fd27045340e,3ecdbf8e21186a9c5a4d3cfa3b1e9fd27045340e,['CWE-125'],CVE-2022-1714
FISCO-BCOS,https://github.com/FISCO-BCOS/FISCO-BCOS/commit/111d939c948cc54e5742ac1d50c24cd0e0cf9ab2,111d939c948cc54e5742ac1d50c24cd0e0cf9ab2,['CWE-190'],CVE-2022-28937
axiomatic-systems/Bento4,https://github.com/axiomatic-systems/Bento4/commit/33331ce2d35d45d855af7441db6116b4a9e2b70f,33331ce2d35d45d855af7441db6116b4a9e2b70f,['CWE-755'],CVE-2022-29017
PCRE2Project/pcre2,https://github.com/PCRE2Project/pcre2/commit/d4fa336fbcc388f89095b184ba6d99422cfc676c,d4fa336fbcc388f89095b184ba6d99422cfc676c,['CWE-125'],CVE-2022-1586
PCRE2Project/pcre2,https://github.com/PCRE2Project/pcre2/commit/50a51cb7e67268e6ad417eb07c9de9bfea5cc55a,50a51cb7e67268e6ad417eb07c9de9bfea5cc55a,['CWE-125'],CVE-2022-1586
ImageMagick,https://github.com/ImageMagick/ImageMagick/commit/e812d4b0eedb940dcdab3f73dfa04c6b21cc1000,e812d4b0eedb940dcdab3f73dfa04c6b21cc1000,['CWE-772'],CVE-2017-9262
wireshark,https://github.com/wireshark/wireshark/commit/27556320b41904716b9c9f73ef8f4fe705d1e669,27556320b41904716b9c9f73ef8f4fe705d1e669,['CWE-476'],CVE-2017-9343
wireshark,https://github.com/wireshark/wireshark/commit/6308ae03d82a29a2e3d75e1c325c8a9f6c44dcdf,6308ae03d82a29a2e3d75e1c325c8a9f6c44dcdf,['CWE-369'],CVE-2017-9344
wireshark,https://github.com/wireshark/wireshark/commit/e280c9b637327a65d132bfe72d917b87e6844eb5,e280c9b637327a65d132bfe72d917b87e6844eb5,['CWE-835'],CVE-2017-9345
wireshark,https://github.com/wireshark/wireshark/commit/278e52f26e7e1a23f8d2e8ed98693328c992bdce,278e52f26e7e1a23f8d2e8ed98693328c992bdce,['CWE-476'],CVE-2017-9347
wireshark,https://github.com/wireshark/wireshark/commit/7fe55f96672b7bf2b4ceb9ae039a0f43eddd3151,7fe55f96672b7bf2b4ceb9ae039a0f43eddd3151,['CWE-119'],CVE-2017-9348
wireshark,https://github.com/wireshark/wireshark/commit/cb1b6494c44c9e939d9e2554de6b812de395e3f9,cb1b6494c44c9e939d9e2554de6b812de395e3f9,['CWE-835'],CVE-2017-9349
wireshark,https://github.com/wireshark/wireshark/commit/dbc7cb0bbdd501fa96e0cb98668f6d6bf17ac4e6,dbc7cb0bbdd501fa96e0cb98668f6d6bf17ac4e6,"['CWE-770', 'CWE-20']",CVE-2017-9350
wireshark,https://github.com/wireshark/wireshark/commit/8c5e0cee278ff0678b0ebf4b9c2a614974b4029a,8c5e0cee278ff0678b0ebf4b9c2a614974b4029a,['CWE-835'],CVE-2017-9352
wireshark,https://github.com/wireshark/wireshark/commit/40b2d475c2ad550c1a0f536d5eb30f2a7404c4f0,40b2d475c2ad550c1a0f536d5eb30f2a7404c4f0,['CWE-20'],CVE-2017-9353
wireshark,https://github.com/wireshark/wireshark/commit/3a77395e651acd81eb41ffd8fbdbf711e1133d76,3a77395e651acd81eb41ffd8fbdbf711e1133d76,['CWE-20'],CVE-2017-9354
ImageMagick,https://github.com/ImageMagick/ImageMagick/commit/29b52a2856c00bae0f11492a124b8d6c1dd9b830,29b52a2856c00bae0f11492a124b8d6c1dd9b830,['CWE-772'],CVE-2017-9405
grpc,https://github.com/grpc/grpc/commit/c6ec1155d026c91b1badb07ef1605bb747cff064,c6ec1155d026c91b1badb07ef1605bb747cff064,['CWE-787'],CVE-2017-9431
grpc,https://github.com/grpc/grpc/commit/786c852035aac17ff8584a900c6206cc151062e8,786c852035aac17ff8584a900c6206cc151062e8,['CWE-787'],CVE-2017-9431
fosnola/libstaroffice,https://github.com/fosnola/libstaroffice/commit/2d6253c7a692a3d92785dd990fce7256ea05e794,2d6253c7a692a3d92785dd990fce7256ea05e794,['CWE-787'],CVE-2017-9432
weidai11/cryptopp,https://github.com/weidai11/cryptopp/commit/07dbcc3d9644b18e05c1776db2a57fe04d780965,07dbcc3d9644b18e05c1776db2a57fe04d780965,['CWE-125'],CVE-2017-9434
ImageMagick,https://github.com/ImageMagick/ImageMagick/commit/6c6abed989ea4a3ef472db65ab487c1809a3a718,6c6abed989ea4a3ef472db65ab487c1809a3a718,['CWE-772'],CVE-2017-9439
ImageMagick,https://github.com/ImageMagick/ImageMagick/commit/c2be129c25763680afeca59f4de5d6d4240ca2cf,c2be129c25763680afeca59f4de5d6d4240ca2cf,['CWE-772'],CVE-2017-9440
VirusTotal/yara,https://github.com/VirusTotal/yara/commit/992480c30f75943e9cd6245bb2015c7737f9b661,992480c30f75943e9cd6245bb2015c7737f9b661,['CWE-125'],CVE-2017-9465
cornelisnetworks/opa-fm,https://github.com/cornelisnetworks/opa-fm/commit/c5759e7b76f5bf844be6c6641cc1b356bbc83869,c5759e7b76f5bf844be6c6641cc1b356bbc83869,['CWE-362'],CVE-2015-5232
radareorg/radare2,https://github.com/radareorg/radare2/commit/f85bc674b2a2256a364fe796351bc1971e106005,f85bc674b2a2256a364fe796351bc1971e106005,['CWE-416'],CVE-2017-9520
qemu,https://github.com/qemu/qemu/commit/4154c7e03fa55b4cf52509a83d50d6c09d743b77,4154c7e03fa55b4cf52509a83d50d6c09d743b7,['CWE-835'],CVE-2017-9310
vslavik/winsparkle,https://github.com/vslavik/winsparkle/commit/bb454857348245a7397f9e4fbb3a902f4ac25913,bb454857348245a7397f9e4fbb3a902f4ac25913,['CWE-426'],CVE-2016-7838
torproject/tor,https://github.com/torproject/tor/commit/79b59a2dfcb68897ee89d98587d09e55f07e68d7,79b59a2dfcb68897ee89d98587d09e55f07e68d7,['CWE-617'],CVE-2017-0375
torproject/tor,https://github.com/torproject/tor/commit/56a7c5bc15e0447203a491c1ee37de9939ad1dcd,56a7c5bc15e0447203a491c1ee37de9939ad1dcd,['CWE-617'],CVE-2017-0376
torvalds/linux,https://github.com/torvalds/linux/commit/07678eca2cf9c9a18584e546c2b2a0d0c9a3150c,07678eca2cf9c9a18584e546c2b2a0d0c9a3150c,['CWE-200'],CVE-2017-9605
torvalds/linux,https://github.com/torvalds/linux/commit/d11662f4f798b50d8c8743f433842c3e40fe3378,d11662f4f798b50d8c8743f433842c3e40fe3378,['CWE-200'],CVE-2017-1000380
torvalds/linux,https://github.com/torvalds/linux/commit/ba3021b2c79b2fa9114f92790a99deb27a65b728,ba3021b2c79b2fa9114f92790a99deb27a65b728,['CWE-200'],CVE-2017-1000380
radareorg/radare2,https://github.com/radareorg/radare2/commit/00e8f205475332d7842d0f0d1481eeab4e83017c,00e8f205475332d7842d0f0d1481eeab4e83017c,['CWE-119'],CVE-2017-9761
radareorg/radare2,https://github.com/radareorg/radare2/commit/65000a7fd9eea62359e6d6714f17b94a99a82edd,65000a7fd9eea62359e6d6714f17b94a99a82edd,['CWE-119'],CVE-2017-9763
wireshark,https://github.com/wireshark/wireshark/commit/d6e888400ba64de3147d1111a4c23edf389b0000,d6e888400ba64de3147d1111a4c23edf389b0000,['CWE-674'],CVE-2017-9766
flatpak,https://github.com/flatpak/flatpak/commit/aed5d0919830c02e490f669fc36bd9af42e632d6,aed5d0919830c02e490f669fc36bd9af42e632d6,['CWE-732'],CVE-2017-9780
arvidn/libtorrent,https://github.com/arvidn/libtorrent/commit/ec30a5e9ec703afb8abefba757c6d401303b53db,ec30a5e9ec703afb8abefba757c6d401303b53db,['CWE-125'],CVE-2017-9847
eclipse/mosquitto,https://github.com/eclipse/mosquitto/commit/09cb1b61c8f48284d9c42bd911faa7525cc689c7,09cb1b61c8f48284d9c42bd911faa7525cc689c7,['CWE-200'],CVE-2017-9868
YanVugenfirer/kvm-guest-drivers-windows,https://github.com/YanVugenfirer/kvm-guest-drivers-windows/commit/fbfa4d1083ea84c5429992ca3e996d7d4fbc8238,fbfa4d1083ea84c5429992ca3e996d7d4fbc8238,['CWE-20'],CVE-2015-3215
YanVugenfirer/kvm-guest-drivers-windows,https://github.com/YanVugenfirer/kvm-guest-drivers-windows/commit/723416fa4210b7464b28eab89cc76252e6193ac1,723416fa4210b7464b28eab89cc76252e6193ac1,['CWE-20'],CVE-2015-3215
radareorg/radare2,https://github.com/radareorg/radare2/commit/796dd28aaa6b9fa76d99c42c4d5ff8b257cc2191,796dd28aaa6b9fa76d99c42c4d5ff8b257cc2191,['CWE-787'],CVE-2017-9949
ntop/ntopng,https://github.com/ntop/ntopng/commit/01f47e04fd7c8d54399c9e465f823f0017069f8f,01f47e04fd7c8d54399c9e465f823f0017069f8f,['CWE-476'],CVE-2017-7458
torvalds/linux,https://github.com/torvalds/linux/commit/20e2b791796bd68816fa115f12be5320de2b8021,20e2b791796bd68816fa115f12be5320de2b8021,['CWE-125'],CVE-2017-9984
libming,https://github.com/libming/libming/commit/1a1d2704cb19f2d3299f042bb3a4783c960b0a9a,1a1d2704cb19f2d3299f042bb3a4783c960b0a9a,['CWE-476'],CVE-2017-9989
ffmpeg,https://github.com/FFmpeg/FFmpeg/commit/cb243972b121b1ae6b60a78ff55a0506c69f3879,cb243972b121b1ae6b60a78ff55a0506c69f3879,['CWE-119'],CVE-2017-9990
ffmpeg,https://github.com/FFmpeg/FFmpeg/commit/441026fcb13ac23aa10edc312bdacb6445a0ad06,441026fcb13ac23aa10edc312bdacb6445a0ad06,['CWE-119'],CVE-2017-9991
ffmpeg,https://github.com/FFmpeg/FFmpeg/commit/f52fbf4f3ed02a7d872d8a102006f29b4421f360,f52fbf4f3ed02a7d872d8a102006f29b4421f360,['CWE-119'],CVE-2017-9992
ffmpeg,https://github.com/FFmpeg/FFmpeg/commit/a5d849b149ca67ced2d271dc84db0bc95a548abb,a5d849b149ca67ced2d271dc84db0bc95a548abb,['CWE-200'],CVE-2017-9993
ffmpeg,https://github.com/FFmpeg/FFmpeg/commit/189ff4219644532bdfa7bab28dfedaee4d6d4021,189ff4219644532bdfa7bab28dfedaee4d6d4021,['CWE-200'],CVE-2017-9993
ffmpeg,https://github.com/FFmpeg/FFmpeg/commit/6b5d3fb26fb4be48e4966e4b1d97c2165538d4ef,6b5d3fb26fb4be48e4966e4b1d97c2165538d4ef,['CWE-119'],CVE-2017-9994
ffmpeg,https://github.com/FFmpeg/FFmpeg/commit/7ac5067146613997bb38442cb022d7f41321a706,7ac5067146613997bb38442cb022d7f41321a706,['CWE-119'],CVE-2017-9995
ffmpeg,https://github.com/FFmpeg/FFmpeg/commit/2171dfae8c065878a2e130390eb78cf2947a5b69,2171dfae8c065878a2e130390eb78cf2947a5b69,['CWE-119'],CVE-2017-9995
ffmpeg,https://github.com/FFmpeg/FFmpeg/commit/e1b60aad77c27ed5d4dfc11e5e6a05a38c70489d,e1b60aad77c27ed5d4dfc11e5e6a05a38c70489d,['CWE-119'],CVE-2017-9996
ffmpeg,https://github.com/FFmpeg/FFmpeg/commit/1e42736b95065c69a7481d0cf55247024f54b660,1e42736b95065c69a7481d0cf55247024f54b660,['CWE-119'],CVE-2017-9996
blueness/sthttpd,https://github.com/blueness/sthttpd/commit/c0dc63a49d8605649f1d8e4a96c9b468b0bff660,c0dc63a49d8605649f1d8e4a96c9b468b0bff660,['CWE-119'],CVE-2017-10671
perl5-dbi/DBD-mysql,https://github.com/perl5-dbi/DBD-mysql/commit/18e348b57160bfb45da1a5051a3466c8c6635e49,18e348b57160bfb45da1a5051a3466c8c6635e49,['CWE-416'],CVE-2017-10788
torproject/tor,https://github.com/torproject/tor/commit/665baf5ed5c6186d973c46cdea165c0548027350,665baf5ed5c6186d973c46cdea165c0548027350,['CWE-200'],CVE-2017-0377
torvalds/linux,https://github.com/torvalds/linux/commit/b550a32e60a4941994b437a8d662432a486235a5,b550a32e60a4941994b437a8d662432a486235a5,['CWE-129'],CVE-2017-8797
torvalds/linux,https://github.com/torvalds/linux/commit/f961e3f2acae94b727380c0b74e2d3954d0edf79,f961e3f2acae94b727380c0b74e2d3954d0edf79,['CWE-129'],CVE-2017-8797
torvalds/linux,https://github.com/torvalds/linux/commit/385aee965b4e4c36551c362a334378d2985b722a,385aee965b4e4c36551c362a334378d2985b722a,['CWE-772'],CVE-2017-10810
torvalds/linux,https://github.com/torvalds/linux/commit/089bc0143f489bd3a4578bdff5f4ca68fb26f341,089bc0143f489bd3a4578bdff5f4ca68fb26f341,['CWE-200'],CVE-2017-10911
xen-project/xen,https://github.com/xen-project/xen/commit/fae7d5be8bb8b7a5b7005c4f3b812a47661a721e,fae7d5be8bb8b7a5b7005c4f3b812a47661a721e,['CWE-Other'],CVE-2017-10912
xen-project/xen,https://github.com/xen-project/xen/commit/9a0bd460cfc28564d39fa23541bb872b13e7f7ea,9a0bd460cfc28564d39fa23541bb872b13e7f7ea,"['CWE-362', 'CWE-Other', 'CWE-415']",CVE-2017-10913
xen-project/xen,https://github.com/xen-project/xen/commit/b7f6cbb9d43f7384e1f38f8764b9a48216c8a525,b7f6cbb9d43f7384e1f38f8764b9a48216c8a525,"['CWE-362', 'CWE-Other', 'CWE-415']",CVE-2017-10913
xen-project/xen,https://github.com/xen-project/xen/commit/4b78efa91c8ae3c42e14b8eaeaad773c5eb3b71a,4b78efa91c8ae3c42e14b8eaeaad773c5eb3b71a,"['CWE-362', 'CWE-Other', 'CWE-415']",CVE-2017-10913
xen-project/xen,https://github.com/xen-project/xen/commit/26217aff67ae1538d4e1b2226afab6993cdbe772,26217aff67ae1538d4e1b2226afab6993cdbe772,['CWE-362'],CVE-2017-10915
xen-project/xen,https://github.com/xen-project/xen/commit/de20bb6c4f65c4161e0931402613f9ffac86302d,de20bb6c4f65c4161e0931402613f9ffac86302d,['CWE-200'],CVE-2017-10916
xen-project/xen,https://github.com/xen-project/xen/commit/e7719a0dfac7a20cb7da5529e09773d8271bb78b,e7719a0dfac7a20cb7da5529e09773d8271bb78b,['CWE-476'],CVE-2017-10917
xen-project/xen,https://github.com/xen-project/xen/commit/a0cce6048d010a30ac82f8db7787bbf9aada64f4,a0cce6048d010a30ac82f8db7787bbf9aada64f4,['CWE-20'],CVE-2017-10918
xen-project/xen,https://github.com/xen-project/xen/commit/b614f642c35da5184416787352f51a6379a92628,b614f642c35da5184416787352f51a6379a92628,['CWE-20'],CVE-2017-10918
xen-project/xen,https://github.com/xen-project/xen/commit/c84e4b2dd4050ef3eecc13fcfa6842373ba4519c,c84e4b2dd4050ef3eecc13fcfa6842373ba4519c,['CWE-Other'],CVE-2017-10919
ImageMagick,https://github.com/ImageMagick/ImageMagick/commit/663e70e90257797f4634ea8dd4a31e0947d1f266,663e70e90257797f4634ea8dd4a31e0947d1f266,['CWE-125'],CVE-2017-10928
radareorg/radare2,https://github.com/radareorg/radare2/commit/c57997e76ec70862174a1b3b3aeb62a6f8570e85,c57997e76ec70862174a1b3b3aeb62a6f8570e85,['CWE-119'],CVE-2017-10929
ImageMagick,https://github.com/ImageMagick/ImageMagick/commit/280e5924d3c97c916819fbfb4f7c5027dcbc20f8,280e5924d3c97c916819fbfb4f7c5027dcbc20f8,['CWE-125'],CVE-2017-10995
ImageMagick,https://github.com/ImageMagick/ImageMagick/commit/353b942bd83da7e1356ba99c942848bd1871ee9f,353b942bd83da7e1356ba99c942848bd1871ee9f,['CWE-772'],CVE-2017-11141
php/php-src,https://github.com/php/php-src/commit/b061fa909de77085d3822a89ab901b934d0362c4,b061fa909de77085d3822a89ab901b934d0362c4,['CWE-20'],CVE-2016-10397
php/php-src,https://github.com/php/php-src/commit/a15bffd105ac28fd0dd9b596632dbf035238fda3,a15bffd105ac28fd0dd9b596632dbf035238fda3,['CWE-400'],CVE-2017-11142
php/php-src,https://github.com/php/php-src/commit/2aae60461c2ff7b7fbcdd194c789ac841d0747d7,2aae60461c2ff7b7fbcdd194c789ac841d0747d7,"['CWE-416', 'CWE-502']",CVE-2017-11143
php/php-src,https://github.com/php/php-src/commit/e5246580a85f031e1a3b8064edbaa55c1643a451,e5246580a85f031e1a3b8064edbaa55c1643a451,['CWE-125'],CVE-2017-11147
GNOME/gnome-session,https://github.com/GNOME/gnome-session/commit/b0dc999e0b45355314616321dbb6cb71e729fc9d,b0dc999e0b45355314616321dbb6cb71e729fc9d,['CWE-835'],CVE-2017-11171
torvalds/linux,https://github.com/torvalds/linux/commit/f991af3daabaecff34684fd51fac80319d1baad1,f991af3daabaecff34684fd51fac80319d1baad1,['CWE-416'],CVE-2017-11176
ImageMagick,https://github.com/ImageMagick/ImageMagick/commit/4faa884efefa85f4203291c8be2e6b0c2707554c,4faa884efefa85f4203291c8be2e6b0c2707554c,['CWE-834'],CVE-2017-11188
chakra-core/ChakraCore,https://github.com/chakra-core/ChakraCore/commit/402f3d967c0a905ec5b9ca9c240783d3f2c15724,402f3d967c0a905ec5b9ca9c240783d3f2c15724,['CWE-119'],CVE-2017-0028
chakra-core/ChakraCore,https://github.com/chakra-core/ChakraCore/commit/9da019424601325a6e95e6be0fa03d7d21d0b517,9da019424601325a6e95e6be0fa03d7d21d0b517,['CWE-119'],CVE-2017-0152
chakra-core/ChakraCore,https://github.com/chakra-core/ChakraCore/commit/065b7978c40ded35c356ced6cd922a40156c9c46,065b7978c40ded35c356ced6cd922a40156c9c46,['CWE-200'],CVE-2017-0196
marcobambini/gravity,https://github.com/marcobambini/gravity/commit/f00c04dfa62d5f6ce0bc30e26545066de31d622c,f00c04dfa62d5f6ce0bc30e26545066de31d622c,['CWE-415'],CVE-2017-1000072
marcobambini/gravity,https://github.com/marcobambini/gravity/commit/d493524612edb6763c6ec07355ce584d83695e9b,d493524612edb6763c6ec07355ce584d83695e9b,['CWE-119'],CVE-2017-1000073
marcobambini/gravity,https://github.com/marcobambini/gravity/commit/00e53c362677ba9363e89e859a54027581c60cf2,00e53c362677ba9363e89e859a54027581c60cf2,['CWE-119'],CVE-2017-1000074
VirusTotal/yara,https://github.com/VirusTotal/yara/commit/4a342f01e5439b9bb901aff1c6c23c536baeeb3f,4a342f01e5439b9bb901aff1c6c23c536baeeb3f,['CWE-119'],CVE-2017-11328
ImageMagick,https://github.com/ImageMagick/ImageMagick/commit/7f1f01b695e869c410ee10e2176f8fd764f09373,7f1f01b695e869c410ee10e2176f8fd764f09373,['CWE-Other'],CVE-2017-11352
ffmpeg,https://github.com/FFmpeg/FFmpeg/commit/ba4beaf6149f7241c8bd85fe853318c2f6837ad0,ba4beaf6149f7241c8bd85fe853318c2f6837ad0,['CWE-125'],CVE-2017-11399
wireshark,https://github.com/wireshark/wireshark/commit/250216263c3a3f2c651e80d9c6b3dc0adc53dc2c,250216263c3a3f2c651e80d9c6b3dc0adc53dc2c,['CWE-835'],CVE-2017-11406
wireshark,https://github.com/wireshark/wireshark/commit/4e54dae7f0d7840836ee6d5ce1e688f152ab2978,4e54dae7f0d7840836ee6d5ce1e688f152ab2978,['CWE-20'],CVE-2017-11407
wireshark,https://github.com/wireshark/wireshark/commit/a102c172b0b2fe231fdb49f4f6694603f5b93b0c,a102c172b0b2fe231fdb49f4f6694603f5b93b0c,['CWE-20'],CVE-2017-11408
wireshark,https://github.com/wireshark/wireshark/commit/e57c86ef8e3b57b7f90c224f6053d1eacf20e1ba,e57c86ef8e3b57b7f90c224f6053d1eacf20e1ba,['CWE-20'],CVE-2017-11408
wireshark,https://github.com/wireshark/wireshark/commit/57b83bbbd76f543eb8d108919f13b662910bff9a,57b83bbbd76f543eb8d108919f13b662910bff9a,['CWE-834'],CVE-2017-11409
wireshark,https://github.com/wireshark/wireshark/commit/3c7168cc5f044b4da8747d35da0b2b204dabf398,3c7168cc5f044b4da8747d35da0b2b204dabf398,"['CWE-835', 'CWE-20']",CVE-2017-11410
wireshark,https://github.com/wireshark/wireshark/commit/a83a324acdfc07a0ca8b65e6ebaba3374ab19c76,a83a324acdfc07a0ca8b65e6ebaba3374ab19c76,['CWE-20'],CVE-2017-11411
ImageMagick,https://github.com/ImageMagick/ImageMagick/commit/96182884778bfc43d6a9a0abd90cedb5d8cf8977,96182884778bfc43d6a9a0abd90cedb5d8cf8977,['CWE-835'],CVE-2017-11446
GNOME/librsvg,https://github.com/GNOME/librsvg/commit/ecf9267a24b2c3c0cd211dbdfa9ef2232511972a,ecf9267a24b2c3c0cd211dbdfa9ef2232511972a,['CWE-369'],CVE-2017-11464
torvalds/linux,https://github.com/torvalds/linux/commit/3b2d69114fefa474fca542e51119036dceb4aa6f,3b2d69114fefa474fca542e51119036dceb4aa6f,['CWE-755'],CVE-2017-11472
ImageMagick,https://github.com/ImageMagick/ImageMagick/commit/e727ff8c84eafdb012f73d6fe29db11650f73f1a,e727ff8c84eafdb012f73d6fe29db11650f73f1a,['CWE-835'],CVE-2017-11478
gobby/libinfinity,https://github.com/gobby/libinfinity/commit/c97f870f5ae13112988d9f8ad464b4f679903706,c97f870f5ae13112988d9f8ad464b4f679903706,['CWE-295'],CVE-2015-3886
ntp-project/ntp,https://github.com/ntp-project/ntp/commit/52e977d79a0c4ace997e5c74af429844da2f27be,52e977d79a0c4ace997e5c74af429844da2f27be,['CWE-20'],CVE-2015-5195
ImageMagick,https://github.com/ImageMagick/ImageMagick/commit/5d43fdf7a1f18f36e45225f121697d7f13c8cba9,5d43fdf7a1f18f36e45225f121697d7f13c8cba9,"['CWE-400', 'CWE-834']",CVE-2017-11505
torvalds/linux,https://github.com/torvalds/linux/commit/6399f1fae4ec29fab5ec76070435555e256ca3a6,6399f1fae4ec29fab5ec76070435555e256ca3a6,['CWE-190'],CVE-2017-7542
resiprocate,https://github.com/resiprocate/resiprocate/commit/4b8ffa5afd3291a2701f8d39c31ada443f79a5c8,4b8ffa5afd3291a2701f8d39c31ada443f79a5c8,['CWE-400'],CVE-2017-11521
ImageMagick,https://github.com/ImageMagick/ImageMagick/commit/c6a9837c00f73a77a58aeb22acdd08e0cd7f2684,c6a9837c00f73a77a58aeb22acdd08e0cd7f2684,['CWE-617'],CVE-2017-11524
ImageMagick,https://github.com/ImageMagick/ImageMagick/commit/fa3cf0b45980a4c2ea2345032fe43444dfb05bdb,fa3cf0b45980a4c2ea2345032fe43444dfb05bdb,['CWE-770'],CVE-2017-11525
ImageMagick,https://github.com/ImageMagick/ImageMagick/commit/961eb7c6fe2f1efc0be11d950c4500cd0cd17702,961eb7c6fe2f1efc0be11d950c4500cd0cd17702,['CWE-400'],CVE-2017-11527
ImageMagick,https://github.com/ImageMagick/ImageMagick/commit/7ede0be7c379b2a105cae9d9633727845d5458cc,7ede0be7c379b2a105cae9d9633727845d5458cc,['CWE-772'],CVE-2017-11528
ImageMagick,https://github.com/ImageMagick/ImageMagick/commit/a678ee79a7c5380183d3edaa4cf4f0ca6cb75d3d,a678ee79a7c5380183d3edaa4cf4f0ca6cb75d3d,['CWE-772'],CVE-2017-11529
ImageMagick,https://github.com/ImageMagick/ImageMagick/commit/eee1829d5908019721972baece1e3a157a897d24,eee1829d5908019721972baece1e3a157a897d24,['CWE-400'],CVE-2017-11530
ImageMagick,https://github.com/ImageMagick/ImageMagick/commit/1885ab1231e82f90d3f0e839555ee3e1a441bbf8,1885ab1231e82f90d3f0e839555ee3e1a441bbf8,['CWE-772'],CVE-2017-11531
ImageMagick,https://github.com/ImageMagick/ImageMagick/commit/ed1fd69231ab21dc540167c63bc3b0fa3282ec59,ed1fd69231ab21dc540167c63bc3b0fa3282ec59,['CWE-125'],CVE-2017-11533
ImageMagick,https://github.com/ImageMagick/ImageMagick/commit/167e1538ae9818d46c9462a4273082871e35a480,167e1538ae9818d46c9462a4273082871e35a480,['CWE-772'],CVE-2017-11536
ImageMagick,https://github.com/ImageMagick/ImageMagick/commit/2bbc1b96f0d9371df675fdf7b8fc9bd4a42ae9cd,2bbc1b96f0d9371df675fdf7b8fc9bd4a42ae9cd,['CWE-682'],CVE-2017-11537
ImageMagick,https://github.com/ImageMagick/ImageMagick/commit/20635b9b859fc649f7682ab08a4c58c644a94bf5,20635b9b859fc649f7682ab08a4c58c644a94bf5,['CWE-125'],CVE-2017-11540
fontforge,https://github.com/fontforge/fontforge/commit/7bfec47910293bf149b8debe44c6f3f788506092,7bfec47910293bf149b8debe44c6f3f788506092,['CWE-125'],CVE-2017-11569
fontforge,https://github.com/fontforge/fontforge/commit/5a0c6522682b0788fc478dd159dd6168cb5fa38b,5a0c6522682b0788fc478dd159dd6168cb5fa38b,['CWE-119'],CVE-2017-11571
fontforge,https://github.com/fontforge/fontforge/commit/62b6433a81ee7ed6e0ac2d6b09ac85b885046ac3,62b6433a81ee7ed6e0ac2d6b09ac85b885046ac3,['CWE-119'],CVE-2017-11574
fontforge,https://github.com/fontforge/fontforge/commit/4de0c58a01e5e30610c200e9aea98bc7db12c7ac,4de0c58a01e5e30610c200e9aea98bc7db12c7ac,['CWE-125'],CVE-2017-11575
fontforge,https://github.com/fontforge/fontforge/commit/df349365630344ef3004a3c7934c7e7496692fb1,df349365630344ef3004a3c7934c7e7496692fb1,['CWE-119'],CVE-2017-11576
fontforge,https://github.com/fontforge/fontforge/commit/3245d354865def9d712bdffe61fa211ad6aa4081,3245d354865def9d712bdffe61fa211ad6aa4081,['CWE-125'],CVE-2017-11577
torvalds/linux,https://github.com/torvalds/linux/commit/8f44c9a41386729fea410e688959ddaa9d51be7c,8f44c9a41386729fea410e688959ddaa9d51be7c,['CWE-119'],CVE-2017-7541
jasper-software/jasper,https://github.com/jasper-software/jasper/commit/df5d2867e8004e51e18b89865bc4aa69229227b3,df5d2867e8004e51e18b89865bc4aa69229227b3,['CWE-416'],CVE-2015-5221
ImageMagick,https://github.com/ImageMagick/ImageMagick/commit/46fe9920da054714d1d9c2c02a595f1fe733373d,46fe9920da054714d1d9c2c02a595f1fe733373d,['CWE-119'],CVE-2017-11640
ImageMagick,https://github.com/ImageMagick/ImageMagick/commit/418f88dd18af34b6cb64f709567c81b89865d7bc,418f88dd18af34b6cb64f709567c81b89865d7bc,['CWE-772'],CVE-2017-11644
ArtifexSoftware/ghostpdl,https://github.com/ArtifexSoftware/ghostpdl/commit/d2ab84732936b6e7e5a461dc94344902965e9a06,d2ab84732936b6e7e5a461dc94344902965e9a06,['CWE-125'],CVE-2017-9610
ArtifexSoftware/ghostpdl,https://github.com/ArtifexSoftware/ghostpdl/commit/c7c55972758a93350882c32147801a3485b010fe,c7c55972758a93350882c32147801a3485b010fe,['CWE-125'],CVE-2017-9611
ArtifexSoftware/ghostpdl,https://github.com/ArtifexSoftware/ghostpdl/commit/98f6da60b9d463c617e631fc254cf6d66f2e8e3c,98f6da60b9d463c617e631fc254cf6d66f2e8e3c,['CWE-416'],CVE-2017-9612
ArtifexSoftware/ghostpdl,https://github.com/ArtifexSoftware/ghostpdl/commit/3c2aebbedd37fab054e80f2e315de07d7e9b5bdb,3c2aebbedd37fab054e80f2e315de07d7e9b5bdb,['CWE-119'],CVE-2017-9618
ArtifexSoftware/ghostpdl,https://github.com/ArtifexSoftware/ghostpdl/commit/c53183d4e7103e87368b7cfa15367a47d559e323,c53183d4e7103e87368b7cfa15367a47d559e323,['CWE-119'],CVE-2017-9619
ArtifexSoftware/ghostpdl,https://github.com/ArtifexSoftware/ghostpdl/commit/3ee55637480d5e319a5de0481b01c3346855cbc9,3ee55637480d5e319a5de0481b01c3346855cbc9,['CWE-125'],CVE-2017-9620
ArtifexSoftware/ghostpdl,https://github.com/ArtifexSoftware/ghostpdl/commit/7755e67116e8973ee0e3b22d653df026a84fa01b,7755e67116e8973ee0e3b22d653df026a84fa01b,['CWE-125'],CVE-2017-9726
ArtifexSoftware/ghostpdl,https://github.com/ArtifexSoftware/ghostpdl/commit/937ccd17ac65935633b2ebc06cb7089b91e17e6b,937ccd17ac65935633b2ebc06cb7089b91e17e6b,['CWE-125'],CVE-2017-9727
ArtifexSoftware/ghostpdl,https://github.com/ArtifexSoftware/ghostpdl/commit/c501a58f8d5650c8ba21d447c0d6f07eafcb0f15,c501a58f8d5650c8ba21d447c0d6f07eafcb0f15,['CWE-125'],CVE-2017-9739
ArtifexSoftware/ghostpdl,https://github.com/ArtifexSoftware/ghostpdl/commit/961b10cdd71403072fb99401a45f3bef6ce53626,961b10cdd71403072fb99401a45f3bef6ce53626,['CWE-125'],CVE-2017-9740
ArtifexSoftware/ghostpdl,https://github.com/ArtifexSoftware/ghostpdl/commit/cfde94be1d4286bc47633c6e6eaf4e659bd78066,cfde94be1d4286bc47633c6e6eaf4e659bd78066,['CWE-190'],CVE-2017-9835
ffmpeg,https://github.com/FFmpeg/FFmpeg/commit/ffcc82219cef0928bed2d558b19ef6ea35634130,ffcc82219cef0928bed2d558b19ef6ea35634130,['CWE-20'],CVE-2017-11665
libming,https://github.com/libming/libming/commit/7fed314748be817c7ded84854acb649786625cb6,7fed314748be817c7ded84854acb649786625cb6,['CWE-125'],CVE-2017-11704
ArtifexSoftware/ghostpdl,https://github.com/ArtifexSoftware/ghostpdl/commit/671fd59eb657743aa86fbc1895cb15872a317caa,671fd59eb657743aa86fbc1895cb15872a317caa,['CWE-125'],CVE-2017-11714
ffmpeg,https://github.com/FFmpeg/FFmpeg/commit/296debd213bd6dce7647cedd34eb64e5b94cdc92,296debd213bd6dce7647cedd34eb64e5b94cdc92,['CWE-125'],CVE-2017-11719
ImageMagick,https://github.com/ImageMagick/ImageMagick/commit/5163756a1f829a561912dfdb74a0dae41d8ed8cf,5163756a1f829a561912dfdb74a0dae41d8ed8cf,['CWE-772'],CVE-2017-11724
ImageMagick,https://github.com/ImageMagick/ImageMagick/commit/4b9eeffe5b159ab5de3b3e1487c5e8bca8d0db39,4b9eeffe5b159ab5de3b3e1487c5e8bca8d0db39,['CWE-772'],CVE-2017-11724
libming,https://github.com/libming/libming/commit/2027b24f403a859016a70bbdc79a8da1d6f128eb,2027b24f403a859016a70bbdc79a8da1d6f128eb,['CWE-125'],CVE-2017-11728
libming,https://github.com/libming/libming/commit/726c2768805c8c95e8ad8e5f09eddc5b16570365,726c2768805c8c95e8ad8e5f09eddc5b16570365,['CWE-119'],CVE-2017-11732
libming,https://github.com/libming/libming/commit/eda5a20206862a11805303cdd125566c9f9f9103,eda5a20206862a11805303cdd125566c9f9f9103,['CWE-476'],CVE-2017-11733
libming,https://github.com/libming/libming/commit/d468907a46a7ca42a78b0ac6f221172905be2fd6,d468907a46a7ca42a78b0ac6f221172905be2fd6,['CWE-476'],CVE-2017-11733
libming,https://github.com/libming/libming/commit/1f5976337d2cf02d5f709cb1d0dac479976e5f94,1f5976337d2cf02d5f709cb1d0dac479976e5f94,['CWE-125'],CVE-2017-11734
libexpat,https://github.com/libexpat/libexpat/commit/99fb4b57f8d951c5f143f7873749eaf71ae5895e,99fb4b57f8d951c5f143f7873749eaf71ae5895e,['CWE-426'],CVE-2017-11742
tinyproxy,https://github.com/tinyproxy/tinyproxy/commit/fe4d29888306e62f3bbf964b3fdb8126ddbe8f6e,fe4d29888306e62f3bbf964b3fdb8126ddbe8f6e,['CWE-269'],CVE-2017-11747
ImageMagick,https://github.com/ImageMagick/ImageMagick/commit/cb713211bad3fa4f0c535255fa043917482fc964,cb713211bad3fa4f0c535255fa043917482fc964,['CWE-772'],CVE-2017-11751
ImageMagick,https://github.com/ImageMagick/ImageMagick/commit/9eccfd52199616da66c93b6d627d4d4126f5a5f0,9eccfd52199616da66c93b6d627d4d4126f5a5f0,['CWE-772'],CVE-2017-11752
php/php-src,https://github.com/php/php-src/commit/8dc4f4dc9e44d1cbfe4654aa6e0dc27c94913938,8dc4f4dc9e44d1cbfe4654aa6e0dc27c94913938,['CWE-200'],CVE-2017-7890
ioquake/ioq3,https://github.com/ioquake/ioq3/commit/d2b1d124d4055c2fcbe5126863487c52fd58cca1,d2b1d124d4055c2fcbe5126863487c52fd58cca1,['CWE-119'],CVE-2017-11721
ImageMagick,https://github.com/ImageMagick/ImageMagick/commit/bfd93888beccf2eff49cc9abfa6b5167c9c9109d,bfd93888beccf2eff49cc9abfa6b5167c9c9109d,['CWE-772'],CVE-2017-12418
shadow-maint/shadow,https://github.com/shadow-maint/shadow/commit/954e3d2e7113e9ac06632aee3c69b8d818cc8952,954e3d2e7113e9ac06632aee3c69b8d818cc8952,['CWE-119'],CVE-2017-12424
varnishcache/varnish-cache,https://github.com/varnishcache/varnish-cache/commit/09731b24b2225e3c0d66d3ec1b4fedef6fa22b6e,09731b24b2225e3c0d66d3ec1b4fedef6fa22b6e,['CWE-190'],CVE-2017-12425
ImageMagick,https://github.com/ImageMagick/ImageMagick/commit/3ded916c5da6febe9660c3cfa44c3114567adf74,3ded916c5da6febe9660c3cfa44c3114567adf74,['CWE-770'],CVE-2017-12432
ImageMagick,https://github.com/ImageMagick/ImageMagick/commit/0a170d18390d3762586f164e6abe3c4766d14620,0a170d18390d3762586f164e6abe3c4766d14620,['CWE-772'],CVE-2017-12433
ImageMagick,https://github.com/ImageMagick/ImageMagick/commit/44cb8dfd4cbe6fc475c863a5946cff64e34c2088,44cb8dfd4cbe6fc475c863a5946cff64e34c2088,['CWE-770'],CVE-2017-12435
ImageMagick,https://github.com/ImageMagick/ImageMagick/commit/2dd8d55742fce7d079b6a16039c18e49c091224f,2dd8d55742fce7d079b6a16039c18e49c091224f,['CWE-770'],CVE-2017-12435
torvalds/linux,https://github.com/torvalds/linux/commit/49d31c2f389acfe83417083e1208422b4091cd9e,49d31c2f389acfe83417083e1208422b4091cd9e,['CWE-362'],CVE-2017-7533
libsndfile,https://github.com/libsndfile/libsndfile/commit/b6a9d7e95888ffa77d8c75ce3f03e6c7165587cd,b6a9d7e95888ffa77d8c75ce3f03e6c7165587cd,['CWE-119'],CVE-2017-12562
ImageMagick,https://github.com/ImageMagick/ImageMagick/commit/ac38f521356b576ab57c2e74cc541548d80a8bdc,ac38f521356b576ab57c2e74cc541548d80a8bdc,['CWE-770'],CVE-2017-12563
ImageMagick,https://github.com/ImageMagick/ImageMagick/commit/ff3faa31166439d81b72de22daea2b6404569137,ff3faa31166439d81b72de22daea2b6404569137,['CWE-772'],CVE-2017-12564
ImageMagick,https://github.com/ImageMagick/ImageMagick/commit/2477eacf09d3a26efe814590a5dbbe1efd16764f,2477eacf09d3a26efe814590a5dbbe1efd16764f,['CWE-772'],CVE-2017-12566
ImageMagick,https://github.com/ImageMagick/ImageMagick/commit/d4192df5eb03892089806d52a317cc3101856726,d4192df5eb03892089806d52a317cc3101856726,['CWE-834'],CVE-2017-12587
torvalds/linux,https://github.com/torvalds/linux/commit/4dcc29e1574d88f4465ba865ed82800032f76418,4dcc29e1574d88f4465ba865ed82800032f76418,['CWE-119'],CVE-2006-3635
Cisco-Talos/clamav,https://github.com/Cisco-Talos/clamav/commit/586a5180287262070637c8943f2f7efd652e4a2c,586a5180287262070637c8943f2f7efd652e4a2c,['CWE-125'],CVE-2017-6418
Cisco-Talos/clamav,https://github.com/Cisco-Talos/clamav/commit/a83773682e856ad6529ba6db8d1792e6d515d7f1,a83773682e856ad6529ba6db8d1792e6d515d7f1,['CWE-119'],CVE-2017-6419
Cisco-Talos/clamav,https://github.com/Cisco-Talos/clamav/commit/dfc00cd3301a42b571454b51a6102eecf58407bc,dfc00cd3301a42b571454b51a6102eecf58407bc,['CWE-416'],CVE-2017-6420
ImageMagick,https://github.com/ImageMagick/ImageMagick/commit/f2c26fa4db84e92d754c7f8b269db2883cf7f32c,f2c26fa4db84e92d754c7f8b269db2883cf7f32c,['CWE-772'],CVE-2017-12654
ImageMagick,https://github.com/ImageMagick/ImageMagick/commit/d9f1a91d93871cc6a5c0b99e8bacad4d730acf36,d9f1a91d93871cc6a5c0b99e8bacad4d730acf36,"['CWE-617', 'CWE-20']",CVE-2017-12670
ImageMagick,https://github.com/ImageMagick/ImageMagick/commit/f9b992dd2a4caab1dace919f9190b2c173a4e18c,f9b992dd2a4caab1dace919f9190b2c173a4e18c,['CWE-772'],CVE-2017-12672
ImageMagick,https://github.com/ImageMagick/ImageMagick/commit/5a91708c6b70bd4e3d2b931465307e0aeababb3c,5a91708c6b70bd4e3d2b931465307e0aeababb3c,['CWE-834'],CVE-2017-12674
ImageMagick,https://github.com/ImageMagick/ImageMagick/commit/7a020acbcfea6e53eff6766c87ea175eac9dcd18,7a020acbcfea6e53eff6766c87ea175eac9dcd18,['CWE-772'],CVE-2017-12675
ImageMagick,https://github.com/ImageMagick/ImageMagick/commit/7287f50888c26b133ee173816332fcaec4e8cb62,7287f50888c26b133ee173816332fcaec4e8cb62,"['CWE-772', 'CWE-20']",CVE-2017-12676
xen-project/xen,https://github.com/xen-project/xen/commit/6e2a4c73564ab907b732059adb317d6ca2d138a2,6e2a4c73564ab907b732059adb317d6ca2d138a2,['CWE-200'],CVE-2017-12855
hercules-team/augeas,https://github.com/hercules-team/augeas/commit/4cca923b732990bec0c699b2e69911c2221b2498,4cca923b732990bec0c699b2e69911c2221b2498,['CWE-119'],CVE-2017-7555
torvalds/linux,https://github.com/torvalds/linux/commit/1e38da300e1e395a15048b0af1e5305bd91402f6,1e38da300e1e395a15048b0af1e5305bd91402f6,['CWE-416'],CVE-2017-10661
torvalds/linux,https://github.com/torvalds/linux/commit/b9dd46188edc2f0d1f37328637860bb65a771124,b9dd46188edc2f0d1f37328637860bb65a771124,['CWE-Other'],CVE-2017-10662
torvalds/linux,https://github.com/torvalds/linux/commit/15d3042a937c13f5d9244241c7a9c8416ff6e82a,15d3042a937c13f5d9244241c7a9c8416ff6e82a,['CWE-129'],CVE-2017-10663
ImageMagick,https://github.com/ImageMagick/ImageMagick/commit/26078285f49c361ad8ddc8e14bd1d4aab7ed5682,26078285f49c361ad8ddc8e14bd1d4aab7ed5682,['CWE-119'],CVE-2017-12983
ImageMagick,https://github.com/ImageMagick/ImageMagick/commit/36d552245454f88aff5afddec29b9121b3d9b38f,36d552245454f88aff5afddec29b9121b3d9b38f,['CWE-772'],CVE-2017-13058
ImageMagick,https://github.com/ImageMagick/ImageMagick/commit/061d0fa25f432be51e75e3f7db9d2da1cce14d2f,061d0fa25f432be51e75e3f7db9d2da1cce14d2f,['CWE-772'],CVE-2017-13059
ImageMagick,https://github.com/ImageMagick/ImageMagick/commit/8ac53768e1c437331a1e7d2f514af4b40a8d1b87,8ac53768e1c437331a1e7d2f514af4b40a8d1b87,['CWE-772'],CVE-2017-13060
ImageMagick,https://github.com/ImageMagick/ImageMagick/commit/d5e05878caac35b0c8e852791ccfcc77a1390958,d5e05878caac35b0c8e852791ccfcc77a1390958,['CWE-20'],CVE-2017-13061
ImageMagick,https://github.com/ImageMagick/ImageMagick/commit/9632788ecce2ea05398af92114e999897b5cc34e,9632788ecce2ea05398af92114e999897b5cc34e,['CWE-772'],CVE-2017-13062
cyrusimap/cyrus-imapd,https://github.com/cyrusimap/cyrus-imapd/commit/5edadcfb83bf27107578830801817f9e6d0ad941,5edadcfb83bf27107578830801817f9e6d0ad941,['CWE-20'],CVE-2017-12843
ImageMagick,https://github.com/ImageMagick/ImageMagick/commit/5304ae14655a67b9a3db00563fe44d9abd6de4f0,5304ae14655a67b9a3db00563fe44d9abd6de4f0,['CWE-125'],CVE-2017-13134
akrennmair/newsbeuter,https://github.com/akrennmair/newsbeuter/commit/96e9506ae9e252c548665152d1b8968297128307,96e9506ae9e252c548665152d1b8968297128307,['CWE-943'],CVE-2017-12904
NagiosEnterprises/nagioscore,https://github.com/NagiosEnterprises/nagioscore/commit/1b197346d490df2e2d3b1dcce5ac6134ad0c8752,1b197346d490df2e2d3b1dcce5ac6134ad0c8752,['CWE-665'],CVE-2017-12847
xen-project/xen,https://github.com/xen-project/xen/commit/02cbeeb6207508b0f04a2c6181445c8eb3f1e117,02cbeeb6207508b0f04a2c6181445c8eb3f1e117,['CWE-362'],CVE-2017-12136
xen-project/xen,https://github.com/xen-project/xen/commit/ce442926c2530da9376199dcc769436376ad2386,ce442926c2530da9376199dcc769436376ad2386,['CWE-120'],CVE-2017-12137
torvalds/linux,https://github.com/torvalds/linux/commit/bc3aae2bbac46dd894c89db5d5e98f7f0ef9e205,bc3aae2bbac46dd894c89db5d5e98f7f0ef9e205,['CWE-476'],CVE-2017-13686
torvalds/linux,https://github.com/torvalds/linux/commit/a6e544b0a88b53114bfa5a57e21b7be7a8dfc9d0,a6e544b0a88b53114bfa5a57e21b7be7a8dfc9d0,['CWE-665'],CVE-2017-13715
ImageMagick,https://github.com/ImageMagick/ImageMagick/commit/6f95e543c80319721e22d623bb23712cd29afa9e,6f95e543c80319721e22d623bb23712cd29afa9e,['CWE-770'],CVE-2017-12875
sleuthkit,https://github.com/sleuthkit/sleuthkit/commit/23be074a9940040778e09121e596ea67e84804a3,23be074a9940040778e09121e596ea67e84804a3,['CWE-125'],CVE-2017-13755
sleuthkit,https://github.com/sleuthkit/sleuthkit/commit/5d187980cf2f4d320670f9f3ebf6e08966bd3d35,5d187980cf2f4d320670f9f3ebf6e08966bd3d35,['CWE-835'],CVE-2017-13756
sleuthkit,https://github.com/sleuthkit/sleuthkit/commit/ed2072153ad5168635b309d3308190c9e28c1c1c,ed2072153ad5168635b309d3308190c9e28c1c1c,['CWE-119'],CVE-2017-13760
uclouvain/openjpeg,https://github.com/uclouvain/openjpeg/commit/397f62c0a838e15d667ef50e27d5d011d2c79c04,397f62c0a838e15d667ef50e27d5d011d2c79c04,['CWE-119'],CVE-2016-10504
WebAssembly/binaryen,https://github.com/WebAssembly/binaryen/commit/29dd7e1cd2f5cd9accde13082bdd2ace9b8c08a4,29dd7e1cd2f5cd9accde13082bdd2ace9b8c08a4,['CWE-476'],CVE-2019-15759
WebAssembly/binaryen,https://github.com/WebAssembly/binaryen/commit/1e49231e48674db03e1c9cb45aedcb78846d0745,1e49231e48674db03e1c9cb45aedcb78846d0745,['CWE-476'],CVE-2019-15759
WebAssembly/binaryen,https://github.com/WebAssembly/binaryen/commit/ab3a1f65fb9d2e4ec7e2640daca0b3953a030da6,ab3a1f65fb9d2e4ec7e2640daca0b3953a030da6,['CWE-476'],CVE-2019-15759
mandovinnie/Lute-Tab,https://github.com/mandovinnie/Lute-Tab/commit/6a1e74fac155b45fffed34f66ecd76085e99289f,6a1e74fac155b45fffed34f66ecd76085e99289f,['CWE-119'],CVE-2019-15783
Haivision/srt,https://github.com/Haivision/srt/commit/64875fa98ff6afd2f21a9727970fb4333efe95de,64875fa98ff6afd2f21a9727970fb4333efe95de,['CWE-129'],CVE-2019-15784
Haivision/srt,https://github.com/Haivision/srt/commit/47e589072c44350b0305c05066c224d1cbda992d,47e589072c44350b0305c05066c224d1cbda992d,['CWE-129'],CVE-2019-15784
ROBOTIS-GIT/DynamixelSDK,https://github.com/ROBOTIS-GIT/DynamixelSDK/commit/12a709bdbd268d66d0b2a07e817610b7da0a71f9,12a709bdbd268d66d0b2a07e817610b7da0a71f9,['CWE-119'],CVE-2019-15786
NVIDIA-Genomics-Research/GenomeWorks,https://github.com/NVIDIA-Genomics-Research/GenomeWorks/commit/8524f2c0c690ff594a9ebc6d729351b07a1fc5f0,8524f2c0c690ff594a9ebc6d729351b07a1fc5f0,['CWE-190'],CVE-2019-15788
NVIDIA-Genomics-Research/GenomeWorks,https://github.com/NVIDIA-Genomics-Research/GenomeWorks/commit/3217f01b0525596c214a66d4154ce20c437c530f,3217f01b0525596c214a66d4154ce20c437c530f,['CWE-190'],CVE-2019-15788
torvalds/linux,https://github.com/torvalds/linux/commit/56897b217a1d0a91c9920cb418d6b3fe922f590a,56897b217a1d0a91c9920cb418d6b3fe922f590a,['CWE-416'],CVE-2019-15917
torvalds/linux,https://github.com/torvalds/linux/commit/b57a55e2200ede754e4dc9cce4ba9402544b9365,b57a55e2200ede754e4dc9cce4ba9402544b9365,['CWE-125'],CVE-2019-15918
torvalds/linux,https://github.com/torvalds/linux/commit/6a3eb3360667170988f8a6477f6686242061488a,6a3eb3360667170988f8a6477f6686242061488a,['CWE-416'],CVE-2019-15919
torvalds/linux,https://github.com/torvalds/linux/commit/088aaf17aa79300cab14dbee2569c58cfafd7d6e,088aaf17aa79300cab14dbee2569c58cfafd7d6e,['CWE-416'],CVE-2019-15920
torvalds/linux,https://github.com/torvalds/linux/commit/ceabee6c59943bdd5e1da1a6a20dc7ee5f8113a2,ceabee6c59943bdd5e1da1a6a20dc7ee5f8113a2,['CWE-401'],CVE-2019-15921
torvalds/linux,https://github.com/torvalds/linux/commit/58ccd2d31e502c37e108b285bf3d343eb00c235b,58ccd2d31e502c37e108b285bf3d343eb00c235b,['CWE-476'],CVE-2019-15922
torvalds/linux,https://github.com/torvalds/linux/commit/f0d1762554014ce0ae347b9f0d088f2c157c8c72,f0d1762554014ce0ae347b9f0d088f2c157c8c72,['CWE-476'],CVE-2019-15923
torvalds/linux,https://github.com/torvalds/linux/commit/01ca667133d019edc9f0a1f70a272447c84ec41f,01ca667133d019edc9f0a1f70a272447c84ec41f,['CWE-476'],CVE-2019-15924
opencv,https://github.com/opencv/opencv/commit/5a497077f109d543ab86dfdf8add1c76c0e47d29,5a497077f109d543ab86dfdf8add1c76c0e47d29,['CWE-369'],CVE-2019-15939
OpenSC/pam_p11,https://github.com/OpenSC/pam_p11/commit/d150b60e1e14c261b113f55681419ad1dfa8a76c,d150b60e1e14c261b113f55681419ad1dfa8a76c,['CWE-119'],CVE-2019-16058
m6w6/ext-http,https://github.com/m6w6/ext-http/commit/17137d4ab1ce81a2cee0fae842340a344ef3da83,17137d4ab1ce81a2cee0fae842340a344ef3da83,['CWE-704'],CVE-2016-7398
facebook/hhvm,https://github.com/facebook/hhvm/commit/f1cd34e63c2a0d9702be3d41462db7bfd0ae7da3,f1cd34e63c2a0d9702be3d41462db7bfd0ae7da3,['CWE-125'],CVE-2019-11925
facebook/hhvm,https://github.com/facebook/hhvm/commit/f9680d21beaa9eb39d166e8810e29fbafa51ad15,f9680d21beaa9eb39d166e8810e29fbafa51ad15,['CWE-125'],CVE-2019-11926
k-takata/Onigmo,https://github.com/k-takata/Onigmo/commit/d4cf99d30bd5f6a8a4ababd0b9d7b06f3a479a24,d4cf99d30bd5f6a8a4ababd0b9d7b06f3a479a24,['CWE-125'],CVE-2019-16162
kkos/oniguruma,https://github.com/kkos/oniguruma/commit/4097828d7cc87589864fecf452f2cd46c5f37180,4097828d7cc87589864fecf452f2cd46c5f37180,['CWE-674'],CVE-2019-16163
lexborisov/myhtml,https://github.com/lexborisov/myhtml/commit/caec85839b51591cef2f33cb86b75fa31e24d419,caec85839b51591cef2f33cb86b75fa31e24d419,['CWE-476'],CVE-2019-16164
wireshark,https://github.com/wireshark/wireshark/commit/02ddd49885c6a09e936a76aceb726ed06539704a,02ddd49885c6a09e936a76aceb726ed06539704a,['CWE-835'],CVE-2019-16319
gpac,https://github.com/gpac/gpac/commit/0545bb0a01bfac6764c43bd5074e9c2d1eae495f,0545bb0a01bfac6764c43bd5074e9c2d1eae495f,['CWE-476'],CVE-2018-21015
gpac,https://github.com/gpac/gpac/commit/ea13945f3c2dc2c21e30e2731bf2782384307a13,ea13945f3c2dc2c21e30e2731bf2782384307a13,['CWE-125'],CVE-2018-21016
miniupnp/ngiflib,https://github.com/miniupnp/ngiflib/commit/37d939a6f511d16d4c95678025c235fe62e6417a,37d939a6f511d16d4c95678025c235fe62e6417a,"['CWE-787', 'CWE-682']",CVE-2019-16346
rockcarry/ffjpeg,https://github.com/rockcarry/ffjpeg/commit/b3039ae8022da67078c130bd19bc3008a037adb3,b3039ae8022da67078c130bd19bc3008a037adb3,['CWE-476'],CVE-2019-16350
torvalds/linux,https://github.com/torvalds/linux/commit/7caac62ed598a196d6ddf8d9c121e12e082cac3a,7caac62ed598a196d6ddf8d9c121e12e082cac3,['CWE-122'],CVE-2019-14816
GNOME/file-roller,https://github.com/GNOME/file-roller/commit/57268e51e59b61c9e3125eb0f65551c7084297e2,57268e51e59b61c9e3125eb0f65551c7084297e2,['CWE-22'],CVE-2019-16680
torvalds/linux,https://github.com/torvalds/linux/commit/7d0a06586b2686ba80c4a2da5f91cb10ffbea736,7d0a06586b2686ba80c4a2da5f91cb10ffbea736,['CWE-909'],CVE-2019-16714
radareorg/radare2,https://github.com/radareorg/radare2/commit/5411543a310a470b1257fb93273cdd6e8dfcb3af,5411543a310a470b1257fb93273cdd6e8dfcb3af,['CWE-78'],CVE-2019-16718
RIOT-OS/RIOT,https://github.com/RIOT-OS/RIOT/commit/30e4823e946949befe74ef94bc48fe43958c28a6,30e4823e946949befe74ef94bc48fe43958c28a6,['CWE-476'],CVE-2019-16754
plutinosoft/Platinum,https://github.com/plutinosoft/Platinum/commit/788ea5b4e15e6b0efeffdcbc0db03bf4591ce79e,788ea5b4e15e6b0efeffdcbc0db03bf4591ce79e,['CWE-22'],CVE-2019-16903
krb5,https://github.com/krb5/krb5/commit/c3e62609849ab62caf52fa9b90d9ab60d365a64d,c3e62609849ab62caf52fa9b90d9ab60d365a64d,['CWE-628'],CVE-2019-14844
torvalds/linux,https://github.com/torvalds/linux/commit/df7e40425813c50cd252e6f5e348a81ef1acae56,df7e40425813c50cd252e6f5e348a81ef1acae56,['CWE-665'],CVE-2019-16921
torvalds/linux,https://github.com/torvalds/linux/commit/07f12b26e21ab359261bf75cfcb424fdc7daeb6d,07f12b26e21ab359261bf75cfcb424fdc7daeb6d,['CWE-401'],CVE-2019-16994
torvalds/linux,https://github.com/torvalds/linux/commit/6caabe7f197d3466d238f70915d65301f1716626,6caabe7f197d3466d238f70915d65301f1716626,['CWE-401'],CVE-2019-16995
facebook/hhvm,https://github.com/facebook/hhvm/commit/dbeb9a56a638e3fdcef8b691c2a2967132dae692,dbeb9a56a638e3fdcef8b691c2a2967132dae692,['CWE-119'],CVE-2019-11929
the-tcpdump-group/tcpdump,https://github.com/the-tcpdump-group/tcpdump/commit/aa5c6b710dfd8020d2c908d6b3bd41f1da719b3b,aa5c6b710dfd8020d2c908d6b3bd41f1da719b3b,['CWE-125'],CVE-2018-14461
the-tcpdump-group/tcpdump,https://github.com/the-tcpdump-group/tcpdump/commit/1a1bce0526a77b62e41531b00f8bb5e21fd4f3a3,1a1bce0526a77b62e41531b00f8bb5e21fd4f3a3,['CWE-125'],CVE-2018-14462
the-tcpdump-group/tcpdump,https://github.com/the-tcpdump-group/tcpdump/commit/3de07c772166b7e8e8bb4b9d1d078f1d901b570b,3de07c772166b7e8e8bb4b9d1d078f1d901b570b,['CWE-125'],CVE-2018-14463
the-tcpdump-group/tcpdump,https://github.com/the-tcpdump-group/tcpdump/commit/d97e94223720684c6aa740ff219e0d19426c2220,d97e94223720684c6aa740ff219e0d19426c2220,['CWE-125'],CVE-2018-14464
the-tcpdump-group/tcpdump,https://github.com/the-tcpdump-group/tcpdump/commit/c24922e692a52121e853a84ead6b9337f4c08a94,c24922e692a52121e853a84ead6b9337f4c08a94,['CWE-125'],CVE-2018-14466
the-tcpdump-group/tcpdump,https://github.com/the-tcpdump-group/tcpdump/commit/e3f3b445e2d20ac5d5b7fcb7559ce6beb55da0c9,e3f3b445e2d20ac5d5b7fcb7559ce6beb55da0c9,['CWE-125'],CVE-2018-14467
the-tcpdump-group/tcpdump,https://github.com/the-tcpdump-group/tcpdump/commit/aa3e54f594385ce7e1e319b0c84999e51192578b,aa3e54f594385ce7e1e319b0c84999e51192578b,['CWE-125'],CVE-2018-14468
the-tcpdump-group/tcpdump,https://github.com/the-tcpdump-group/tcpdump/commit/396e94ff55a80d554b1fe46bf107db1e91008d6c,396e94ff55a80d554b1fe46bf107db1e91008d6c,['CWE-125'],CVE-2018-14469
the-tcpdump-group/tcpdump,https://github.com/the-tcpdump-group/tcpdump/commit/12f66f69f7bf1ec1266ddbee90a7616cbf33696b,12f66f69f7bf1ec1266ddbee90a7616cbf33696b,['CWE-125'],CVE-2018-14470
the-tcpdump-group/tcpdump,https://github.com/the-tcpdump-group/tcpdump/commit/9ba91381954ad325ea4fd26b9c65a8bd9a2a85b6,9ba91381954ad325ea4fd26b9c65a8bd9a2a85b6,['CWE-120'],CVE-2018-14879
the-tcpdump-group/tcpdump,https://github.com/the-tcpdump-group/tcpdump/commit/e01c9bf76740802025c9328901b55ee4a0c49ed6,e01c9bf76740802025c9328901b55ee4a0c49ed6,['CWE-125'],CVE-2018-14880
the-tcpdump-group/tcpdump,https://github.com/the-tcpdump-group/tcpdump/commit/86326e880d31b328a151d45348c35220baa9a1ff,86326e880d31b328a151d45348c35220baa9a1ff,['CWE-125'],CVE-2018-14881
the-tcpdump-group/tcpdump,https://github.com/the-tcpdump-group/tcpdump/commit/d7505276842e85bfd067fa21cdb32b8a2dc3c5e4,d7505276842e85bfd067fa21cdb32b8a2dc3c5e4,['CWE-125'],CVE-2018-14882
the-tcpdump-group/tcpdump,https://github.com/the-tcpdump-group/tcpdump/commit/4846b3c5d0a850e860baf4f07340495d29837d09,4846b3c5d0a850e860baf4f07340495d29837d09,['CWE-125'],CVE-2018-16227
the-tcpdump-group/tcpdump,https://github.com/the-tcpdump-group/tcpdump/commit/83a412a5275cac973c5841eca3511c766bed778d,83a412a5275cac973c5841eca3511c766bed778d,['CWE-125'],CVE-2018-16228
the-tcpdump-group/tcpdump,https://github.com/the-tcpdump-group/tcpdump/commit/211124b972e74f0da66bc8b16f181f78793e2f66,211124b972e74f0da66bc8b16f181f78793e2f66,['CWE-125'],CVE-2018-16229
the-tcpdump-group/tcpdump,https://github.com/the-tcpdump-group/tcpdump/commit/af2cf04a9394c1a56227c2289ae8da262828294a,af2cf04a9394c1a56227c2289ae8da262828294a,['CWE-674'],CVE-2018-16300
the-tcpdump-group/tcpdump,https://github.com/the-tcpdump-group/tcpdump/commit/96480ab95308cd9234b4f09b175ebf60e17792c6,96480ab95308cd9234b4f09b175ebf60e17792c6,['CWE-125'],CVE-2018-16451
the-tcpdump-group/tcpdump,https://github.com/the-tcpdump-group/tcpdump/commit/24182d959f661327525a20d9a94c98a8ec016778,24182d959f661327525a20d9a94c98a8ec016778,['CWE-674'],CVE-2018-16452
the-tcpdump-group/tcpdump,https://github.com/the-tcpdump-group/tcpdump/commit/0b661e0aa61850234b64394585cf577aac570bf4,0b661e0aa61850234b64394585cf577aac570bf4,['CWE-120'],CVE-2019-15166
the-tcpdump-group/libpcap,https://github.com/the-tcpdump-group/libpcap/commit/617b12c0339db4891d117b661982126c495439ea,617b12c0339db4891d117b661982126c495439ea,['CWE-131'],CVE-2019-15161
the-tcpdump-group/libpcap,https://github.com/the-tcpdump-group/libpcap/commit/484d60cbf7ca4ec758c3cbb8a82d68b244a78d58,484d60cbf7ca4ec758c3cbb8a82d68b244a78d58,['CWE-345'],CVE-2019-15162
the-tcpdump-group/libpcap,https://github.com/the-tcpdump-group/libpcap/commit/437b273761adedcbd880f714bfa44afeec186a31,437b273761adedcbd880f714bfa44afeec186a31,['CWE-476'],CVE-2019-15163
the-tcpdump-group/libpcap,https://github.com/the-tcpdump-group/libpcap/commit/33834cb2a4d035b52aa2a26742f832a112e90a0a,33834cb2a4d035b52aa2a26742f832a112e90a0a,['CWE-918'],CVE-2019-15164
the-tcpdump-group/libpcap,https://github.com/the-tcpdump-group/libpcap/commit/87d6bef033062f969e70fa40c43dfd945d5a20ab,87d6bef033062f969e70fa40c43dfd945d5a20ab,['CWE-770'],CVE-2019-15165
the-tcpdump-group/libpcap,https://github.com/the-tcpdump-group/libpcap/commit/a5a36d9e82dde7265e38fe1f87b7f11c461c29f6,a5a36d9e82dde7265e38fe1f87b7f11c461c29f6,['CWE-770'],CVE-2019-15165
koral--/android-gif-drawable,https://github.com/koral--/android-gif-drawable/commit/4944c92761e0a14f04868cbcf4f4e86fd4b7a4a9,4944c92761e0a14f04868cbcf4f4e86fd4b7a4a9,['CWE-415'],CVE-2019-11932
OpenMPT/openmpt,https://github.com/OpenMPT/openmpt/commit/927688ddab43c2b203569de79407a899e734fabe,927688ddab43c2b203569de79407a899e734fabe,['CWE-120'],CVE-2019-17113
GNOME/libsoup,https://github.com/GNOME/libsoup/commit/f8a54ac85eec2008c85393f331cdd251af8266ad,f8a54ac85eec2008c85393f331cdd251af8266ad,['CWE-125'],CVE-2019-17266
torvalds/linux,https://github.com/torvalds/linux/commit/6ef36ab967c71690ebe7e5ef997a8be4da3bc844,6ef36ab967c71690ebe7e5ef997a8be4da3bc844,['CWE-770'],CVE-2019-17351
xen-project/xen,https://github.com/xen-project/xen/commit/6d4f36c3fecc0a6a0991716199612c81d909316e,6d4f36c3fecc0a6a0991716199612c81d909316e,['CWE-401'],CVE-2019-17340
xen-project/xen,https://github.com/xen-project/xen/commit/1f0b0bb7773d537bcf169e021495d0986d9809fc,1f0b0bb7773d537bcf169e021495d0986d9809fc,['CWE-362'],CVE-2019-17341
xen-project/xen,https://github.com/xen-project/xen/commit/fe21b78ef99a1b505cfb6d3789ede9591609dd70,fe21b78ef99a1b505cfb6d3789ede9591609dd70,['CWE-667'],CVE-2019-17343
xen-project/xen,https://github.com/xen-project/xen/commit/fad0de986220c46e70be2f83279961aad7394af0,fad0de986220c46e70be2f83279961aad7394af0,['CWE-Other'],CVE-2019-17345
xen-project/xen,https://github.com/xen-project/xen/commit/6e5f22ba437d78c0a84b9673f7e2cfefdbc62f4b,6e5f22ba437d78c0a84b9673f7e2cfefdbc62f4b,['CWE-20'],CVE-2019-17346
xen-project/xen,https://github.com/xen-project/xen/commit/eccc170053e46b4ab1d9e7485c09e210be15bbd7,eccc170053e46b4ab1d9e7485c09e210be15bbd7,['CWE-20'],CVE-2019-17347
xen-project/xen,https://github.com/xen-project/xen/commit/b2dd00574a4fc87ca964177f8e752a968c27efb2,b2dd00574a4fc87ca964177f8e752a968c27efb2,['CWE-20'],CVE-2019-17347
xen-project/xen,https://github.com/xen-project/xen/commit/329b00e4d49f70185561d7cc4b076c77869888a0,329b00e4d49f70185561d7cc4b076c77869888a0,['CWE-20'],CVE-2019-17348
libtom/libtomcrypt,https://github.com/libtom/libtomcrypt/commit/25c26a3b7a9ad8192ccc923e15cf62bf0108ef94,25c26a3b7a9ad8192ccc923e15cf62bf0108ef94,['CWE-125'],CVE-2019-17362
envoyproxy/envoy,https://github.com/envoyproxy/envoy/commit/afc39bea36fd436e54262f150c009e8d72db5014,afc39bea36fd436e54262f150c009e8d72db5014,['CWE-400'],CVE-2019-15226
RIOT-OS/RIOT,https://github.com/RIOT-OS/RIOT/commit/74e19d451cfa4397b58745a1efcfce81d2eb6426,74e19d451cfa4397b58745a1efcfce81d2eb6426,['CWE-Other'],CVE-2019-17389
Exiv2/exiv2,https://github.com/Exiv2/exiv2/commit/683451567284005cd24e1ccb0a76ca401000968b,683451567284005cd24e1ccb0a76ca401000968b,['CWE-120'],CVE-2019-17402
OISF/libhtp,https://github.com/OISF/libhtp/commit/67df3c240e4a825847cf83f1dd7328f1739b90d9,67df3c240e4a825847cf83f1dd7328f1739b90d9,['CWE-459'],CVE-2019-17420
OISF/libhtp,https://github.com/OISF/libhtp/commit/a7729b41553fe02a13befd8d6152da5934b0ed31,a7729b41553fe02a13befd8d6152da5934b0ed31,['CWE-459'],CVE-2019-17420
axiomatic-systems/Bento4,https://github.com/axiomatic-systems/Bento4/commit/ffea12e7055ba95b4b907cc140785cfb1c420c64,ffea12e7055ba95b4b907cc140785cfb1c420c64,['CWE-476'],CVE-2019-17452
gpg/boa,https://github.com/gpg/boa/commit/e139b87835994d007fbd64eead6c1455d7b8cf4e,e139b87835994d007fbd64eead6c1455d7b8cf4e,"['CWE-119', 'CWE-772']",CVE-2018-21027
tbeu/matio,https://github.com/tbeu/matio/commit/651a8e28099edb5fbb9e4e1d4d3238848f446c9a,651a8e28099edb5fbb9e4e1d4d3238848f446c9a,"['CWE-908', 'CWE-125']",CVE-2019-17533
ffmpeg,https://github.com/FFmpeg/FFmpeg/commit/8df6884832ec413cf032dfaa45c23b1c7876670c,8df6884832ec413cf032dfaa45c23b1c7876670c,['CWE-476'],CVE-2019-17539
ffmpeg,https://github.com/FFmpeg/FFmpeg/commit/02f909dc24b1f05cfbba75077c7707b905e63cd2,02f909dc24b1f05cfbba75077c7707b905e63cd2,['CWE-787'],CVE-2019-17542
GNUAspell/aspell,https://github.com/GNUAspell/aspell/commit/80fa26c74279fced8d778351cff19d1d8f44fe4e,80fa26c74279fced8d778351cff19d1d8f44fe4e,['CWE-125'],CVE-2019-17544
OSGeo/gdal,https://github.com/OSGeo/gdal/commit/148115fcc40f1651a5d15fa34c9a8c528e7147bb,148115fcc40f1651a5d15fa34c9a8c528e7147bb,['CWE-415'],CVE-2019-17545
OSGeo/gdal,https://github.com/OSGeo/gdal/commit/21674033ee246f698887604c7af7ba1962a40ddf,21674033ee246f698887604c7af7ba1962a40ddf,"['CWE-787', 'CWE-190']",CVE-2019-17546
slicer69/doas,https://github.com/slicer69/doas/commit/6cf0236184ff6304bf5e267ccf7ef02874069697,6cf0236184ff6304bf5e267ccf7ef02874069697,['CWE-269'],CVE-2019-15901
GNOME/libxslt,https://github.com/GNOME/libxslt/commit/2232473733b7313d67de8836ea3b29eec6e8e285,2232473733b7313d67de8836ea3b29eec6e8e285,"['CWE-908', 'CWE-416']",CVE-2019-18197
torvalds/linux,https://github.com/torvalds/linux/commit/ca7a03c4175366a92cee0ccc4fec0038c3266e26,ca7a03c4175366a92cee0ccc4fec0038c3266e26,['CWE-772'],CVE-2019-18198
proftpd,https://github.com/proftpd/proftpd/commit/13fe9462787b9a551152162f46f1641d65fe4df4,13fe9462787b9a551152162f46f1641d65fe4df4,['CWE-835'],CVE-2019-18217
libidn/libidn2,https://github.com/libidn/libidn2/commit/e4d1558aa2c1c04a05066ee8600f37603890ba8c,e4d1558aa2c1c04a05066ee8600f37603890ba8c,['CWE-787'],CVE-2019-18224
LibVNC/libvncserver,https://github.com/LibVNC/libvncserver/commit/d01e1bb4246323ba6fcee3b82ef1faa9b1dac82a,d01e1bb4246323ba6fcee3b82ef1faa9b1dac82a,['CWE-665'],CVE-2019-15681
TurboVNC/turbovnc,https://github.com/TurboVNC/turbovnc/commit/cea98166008301e614e0d36776bf9435a536136e,cea98166008301e614e0d36776bf9435a536136e,['CWE-787'],CVE-2019-15683
mooltipass/moolticute,https://github.com/mooltipass/moolticute/commit/a6df0989f737bfae5e87a9ffbce6f4949be77ed7,a6df0989f737bfae5e87a9ffbce6f4949be77ed7,['CWE-476'],CVE-2019-18635
xen-project/xen,https://github.com/xen-project/xen/commit/0bf9f8d3e399a0e1d2b717f71b4776172446184b,0bf9f8d3e399a0e1d2b717f71b4776172446184b,['CWE-134'],CVE-2019-18420
xen-project/xen,https://github.com/xen-project/xen/commit/31b4f4ab6634f85163656b470dffc6d974917853,31b4f4ab6634f85163656b470dffc6d974917853,['CWE-193'],CVE-2019-18423
xen-project/xen,https://github.com/xen-project/xen/commit/88aaf40eeff771c546ad3bbb02000171648a89f7,88aaf40eeff771c546ad3bbb02000171648a89f7,['CWE-193'],CVE-2019-18423
xen-project/xen,https://github.com/xen-project/xen/commit/6e8e163b46d0823526f1afbbe6f66c668fc811d1,6e8e163b46d0823526f1afbbe6f66c668fc811d1,['CWE-193'],CVE-2019-18423
xen-project/xen,https://github.com/xen-project/xen/commit/319f9a0ba94c7db505cd5dd9cb0b037ab1aa8e12,319f9a0ba94c7db505cd5dd9cb0b037ab1aa8e12,['CWE-78'],CVE-2019-18424
xen-project/xen,https://github.com/xen-project/xen/commit/93021cbe880a8013691a48d0febef8ed7d3e3ebd,93021cbe880a8013691a48d0febef8ed7d3e3ebd,['CWE-269'],CVE-2019-18425
torvalds/linux,https://github.com/torvalds/linux/commit/91573ae4aed0a49660abdad4d42f2a0db995ee5e,91573ae4aed0a49660abdad4d42f2a0db995ee5e,['CWE-476'],CVE-2019-18680
sass/libsass,https://github.com/sass/libsass/commit/0b721e0f37fc69ab197ec956a923e036e3b05ca6,0b721e0f37fc69ab197ec956a923e036e3b05ca6,"['CWE-125', 'CWE-476']",CVE-2019-18798
sass/libsass,https://github.com/sass/libsass/commit/994695c669085058c4a500f295a0531893eff77a,994695c669085058c4a500f295a0531893eff77a,"['CWE-125', 'CWE-476']",CVE-2019-18798
sass/libsass,https://github.com/sass/libsass/commit/d2390e54c4f1ab5c33a0e35e7b9264b36284fa91,d2390e54c4f1ab5c33a0e35e7b9264b36284fa91,"['CWE-125', 'CWE-476']",CVE-2019-18798
torvalds/linux,https://github.com/torvalds/linux/commit/a4780adeefd042482f624f5e0d577bf9cdcbb760,a4780adeefd042482f624f5e0d577bf9cdcbb760,['CWE-264'],CVE-2014-9870
torvalds/linux,https://github.com/torvalds/linux/commit/0ea1ec713f04bdfac343c9702b21cd3a7c711826,0ea1ec713f04bdfac343c9702b21cd3a7c711826,['CWE-264'],CVE-2014-9888
torvalds/linux,https://github.com/torvalds/linux/commit/c88e739b1fad662240e99ecbd0bdaac871717987,c88e739b1fad662240e99ecbd0bdaac871717987,['CWE-200'],CVE-2014-9895
torvalds/linux,https://github.com/torvalds/linux/commit/42cb14b110a5698ccf26ce59c4441722605a3743,42cb14b110a5698ccf26ce59c4441722605a3743,['CWE-476'],CVE-2016-3070
torvalds/linux,https://github.com/torvalds/linux/commit/aa93d1fee85c890a34f2510a310e55ee76a27848,aa93d1fee85c890a34f2510a310e55ee76a27848,['CWE-119'],CVE-2016-5400
torvalds/linux,https://github.com/torvalds/linux/commit/75ff39ccc1bd5d3c455b6822ab09e533c551f758,75ff39ccc1bd5d3c455b6822ab09e533c551f758,['CWE-200'],CVE-2016-5696
linux-audit/audit-kernel,https://github.com/linux-audit/audit-kernel/commit/45caeaa5ac0b4b11784ac6f932c0ad4c6b67cda0,45caeaa5ac0b4b11784ac6f932c0ad4c6b67cda0,['CWE-362'],CVE-2016-6136
linux-audit/audit-kernel,https://github.com/linux-audit/audit-kernel/commit/e73e81975f2447e6f556100cada64a18ec631cbb,e73e81975f2447e6f556100cada64a18ec631cbb,['CWE-362'],CVE-2016-6136
torvalds/linux,https://github.com/torvalds/linux/commit/096cdc6f52225835ff503f987a0d68ef770bb78e,096cdc6f52225835ff503f987a0d68ef770bb78e,['CWE-362'],CVE-2016-6156
torvalds/linux,https://github.com/torvalds/linux/commit/30a46a4647fd1df9cf52e43bf467f0d9265096ca,30a46a4647fd1df9cf52e43bf467f0d9265096ca,"['CWE-119', 'CWE-264']",CVE-2016-6187
torvalds/linux,https://github.com/torvalds/linux/commit/11f3710417d026ea2f4fcf362d866342c5274185,11f3710417d026ea2f4fcf362d866342c5274185,['CWE-20'],CVE-2016-6197
torvalds/linux,https://github.com/torvalds/linux/commit/54d5ca871e72f2bb172ec9323497f01cd5091ec7,54d5ca871e72f2bb172ec9323497f01cd5091ec7,['CWE-284'],CVE-2016-6198
torvalds/linux,https://github.com/torvalds/linux/commit/9409e22acdfc9153f88d9b1ed2bd2a5b34d2d3ca,9409e22acdfc9153f88d9b1ed2bd2a5b34d2d3ca,['CWE-284'],CVE-2016-6198
torvalds/linux,https://github.com/torvalds/linux/commit/10eec60ce79187686e052092e5383c99b4420a20,10eec60ce79187686e052092e5383c99b4420a20,"['CWE-362', 'CWE-119']",CVE-2016-6516
wireshark,https://github.com/wireshark/wireshark/commit/94e97e45cf614c7bb8fe90c23df52910246b2c95,94e97e45cf614c7bb8fe90c23df52910246b2c95,['CWE-369'],CVE-2016-6505
wireshark,https://github.com/wireshark/wireshark/commit/a9d5256890c9189c7461bfce6ed6edce5d861499,a9d5256890c9189c7461bfce6ed6edce5d861499,['CWE-399'],CVE-2016-6506
wireshark,https://github.com/wireshark/wireshark/commit/b5a10743258bd016c07ebf6479137fda3d172a0f,b5a10743258bd016c07ebf6479137fda3d172a0f,['CWE-399'],CVE-2016-6507
wireshark,https://github.com/wireshark/wireshark/commit/6cf9616df68a4db7e436bb77392586ff9ad84feb,6cf9616df68a4db7e436bb77392586ff9ad84feb,['CWE-399'],CVE-2016-6508
wireshark,https://github.com/wireshark/wireshark/commit/5a469ddc893f7c1912d0e15cc73bd3011e6cc2fb,5a469ddc893f7c1912d0e15cc73bd3011e6cc2fb,['CWE-20'],CVE-2016-6509
wireshark,https://github.com/wireshark/wireshark/commit/47a5fa850b388fcf4ea762073806f01b459820fe,47a5fa850b388fcf4ea762073806f01b459820fe,['CWE-189'],CVE-2016-6510
wireshark,https://github.com/wireshark/wireshark/commit/56706427f53cc64793870bf072c2c06248ae88f3,56706427f53cc64793870bf072c2c06248ae88f3,['CWE-399'],CVE-2016-6511
wireshark,https://github.com/wireshark/wireshark/commit/347f071f1b9180563c28b0f3d0627b91eb456c72,347f071f1b9180563c28b0f3d0627b91eb456c72,['CWE-399'],CVE-2016-6513
php/php-src,https://github.com/php/php-src/commit/7a1aac3343af85b4af4df5f8844946eaa27394ab,7a1aac3343af85b4af4df5f8844946eaa27394ab,['CWE-125'],CVE-2013-7456
php/php-src,https://github.com/php/php-src/commit/996faf964bba1aec06b153b370a7f20d3dd2bb8b,996faf964bba1aec06b153b370a7f20d3dd2bb8b,['CWE-79'],CVE-2015-8935
php/php-src,https://github.com/php/php-src/commit/3b8d4de300854b3517c7acb239b84f7726c1353c,3b8d4de300854b3517c7acb239b84f7726c1353c,['CWE-190'],CVE-2016-3078
php/php-src,https://github.com/php/php-src/commit/97eff7eb57fc2320c267a949cffd622c38712484,97eff7eb57fc2320c267a949cffd622c38712484,['CWE-125'],CVE-2016-5093
php/php-src,https://github.com/php/php-src/commit/0da8b8b801f9276359262f1ef8274c7812d3dfda,0da8b8b801f9276359262f1ef8274c7812d3dfda,['CWE-190'],CVE-2016-5094
php/php-src,https://github.com/php/php-src/commit/abd159cce48f3e34f08e4751c568e09677d5ec9c,abd159cce48f3e34f08e4751c568e09677d5ec9c,['CWE-190'],CVE-2016-5096
php/php-src,https://github.com/php/php-src/commit/be19dbcb84fea0001e53cea2732c00de7ae6c371,be19dbcb84fea0001e53cea2732c00de7ae6c371,"['CWE-119', 'CWE-125']",CVE-2016-5114
MonetDB,https://github.com/MonetDB/MonetDB/commit/444aa23e81008e2f6b0994b7013e7451c5288efc,444aa23e81008e2f6b0994b7013e7451c5288efc,['CWE-Other'],CVE-2023-36362
MonetDB,https://github.com/MonetDB/MonetDB/commit/889dfaeda28271225262480fd2d7791c0b1450d3,889dfaeda28271225262480fd2d7791c0b1450d3,['CWE-Other'],CVE-2023-36363
MonetDB,https://github.com/MonetDB/MonetDB/commit/6880f193583f0c80a58d477f6339958e7f078a89,6880f193583f0c80a58d477f6339958e7f078a89,['CWE-Other'],CVE-2023-36364
MonetDB,https://github.com/MonetDB/MonetDB/commit/7a04c87f354f60db8815ee804d0d9a5e79f609fe,7a04c87f354f60db8815ee804d0d9a5e79f609fe,['CWE-Other'],CVE-2023-36365
MonetDB,https://github.com/MonetDB/MonetDB/commit/f50b4691a5bedf130ec486963e5b5bff83927ac6,f50b4691a5bedf130ec486963e5b5bff83927ac6,['CWE-Other'],CVE-2023-36366
MonetDB,https://github.com/MonetDB/MonetDB/commit/02d202fdbd72dd9d4e40c839f9832285762ca4aa,02d202fdbd72dd9d4e40c839f9832285762ca4aa,['CWE-Other'],CVE-2023-36369
irontec/sngrep,https://github.com/irontec/sngrep/commit/ad1daf15c8387bfbb48097c25197bf330d2d98fc,ad1daf15c8387bfbb48097c25197bf330d2d98fc,['CWE-787'],CVE-2023-36192
kohler/gifsicle,https://github.com/kohler/gifsicle/commit/e21a05a00855b3e647302f06683aca743ae08deb,e21a05a00855b3e647302f06683aca743ae08deb,['CWE-787'],CVE-2023-36193
obgm/libcoap,https://github.com/obgm/libcoap/commit/e7287de3363bf9cb9ac8c4dd48ce2988be1b080d,e7287de3363bf9cb9ac8c4dd48ce2988be1b080d,['CWE-125'],CVE-2023-30362
LibreDWG/libredwg,https://github.com/LibreDWG/libredwg/commit/c1ed1d91e28a6ddc7a9b5479d4795d58fb6be0ca,c1ed1d91e28a6ddc7a9b5479d4795d58fb6be0ca,['CWE-787'],CVE-2023-36271
cesanta/mongoose,https://github.com/cesanta/mongoose/commit/4663090a8fb036146dfe77718cff612b0101cb0f,4663090a8fb036146dfe77718cff612b0101cb0f,['CWE-Other'],CVE-2023-34188
torvalds/linux,https://github.com/torvalds/linux/commit/504a10d9e46bc37b23d0a1ae2f28973c8516e636,504a10d9e46bc37b23d0a1ae2f28973c8516e636,['CWE-476'],CVE-2023-3212
ArtifexSoftware/ghostpdl,https://github.com/ArtifexSoftware/ghostpdl/commit/0974e4f2ac0005d3731e0b5c13ebc7e965540f4d,0974e4f2ac0005d3731e0b5c13ebc7e965540f4d,['CWE-Other'],CVE-2023-36664
ArtifexSoftware/ghostpdl,https://github.com/ArtifexSoftware/ghostpdl/commit/505eab7782b429017eb434b2b95120855f2b0e3c,505eab7782b429017eb434b2b95120855f2b0e3c,['CWE-Other'],CVE-2023-36664
torvalds/linux,https://github.com/torvalds/linux/commit/b561275d633bcd8e0e8055ab86f1a13df75a0269,b561275d633bcd8e0e8055ab86f1a13df75a0269,['CWE-416'],CVE-2023-3439
kichik/nsis,https://github.com/kichik/nsis/commit/281e2851fe669d10e0650fc89d0e7fb74a598967,281e2851fe669d10e0650fc89d0e7fb74a598967,['CWE-Other'],CVE-2023-37378
kichik/nsis,https://github.com/kichik/nsis/commit/c40cf78994e74a1a3a381a850c996b251e3277c0,c40cf78994e74a1a3a381a850c996b251e3277c0,['CWE-Other'],CVE-2023-37378
jerryscript-project/jerryscript,https://github.com/jerryscript-project/jerryscript/commit/092be292185dc026bf819cb7a878ee3adb1913f3,092be292185dc026bf819cb7a878ee3adb1913f3,['CWE-Other'],CVE-2020-22597
AcademySoftwareFoundation/OpenImageIO,https://github.com/AcademySoftwareFoundation/OpenImageIO/commit/03a368113a4c5abb45f9e896f0eff274a2571a00,03a368113a4c5abb45f9e896f0eff274a2571a00,['CWE-120'],CVE-2023-36183
scipy,https://github.com/scipy/scipy/commit/9b6521198c4f31d3f9cb525e581bea8e3e77f0a2,9b6521198c4f31d3f9cb525e581bea8e3e77f0a2,['CWE-Other'],CVE-2023-25399
xbmc,https://github.com/xbmc/xbmc/commit/dbc00c500f4c4830049cc040a61c439c580eea73,dbc00c500f4c4830049cc040a61c439c580eea73,['CWE-369'],CVE-2023-30207
gpac,https://github.com/gpac/gpac/commit/64201a26476c12a7dbd7ffb5757743af6954db96,64201a26476c12a7dbd7ffb5757743af6954db96,['CWE-125'],CVE-2023-3523
PX4/PX4-Autopilot,https://github.com/PX4/PX4-Autopilot/commit/ab300418b3bb8cc18fee1a9497d413b88c915e0a,ab300418b3bb8cc18fee1a9497d413b88c915e0a,['CWE-120'],CVE-2021-46896
scipy,https://github.com/scipy/scipy/commit/e9fad96517edf7c262122d992cb45439883006f6,e9fad96517edf7c262122d992cb45439883006f6,['CWE-416'],CVE-2023-29824
ccxvii/mujs,https://github.com/ccxvii/mujs/commit/7ef066a3bb95bf83e7c5be50d859e62e58fe8515,7ef066a3bb95bf83e7c5be50d859e62e58fe8515,['CWE-416'],CVE-2021-33796
radareorg/radare2,https://github.com/radareorg/radare2/commit/a07dedb804a82bc01c07072861942dd80c6b6d62,a07dedb804a82bc01c07072861942dd80c6b6d62,"['CWE-415', 'CWE-369']",CVE-2021-32494
radareorg/radare2,https://github.com/radareorg/radare2/commit/5e16e2d1c9fe245e4c17005d779fde91ec0b9c05,5e16e2d1c9fe245e4c17005d779fde91ec0b9c05,"['CWE-415', 'CWE-416']",CVE-2021-32495
latchset/tang,https://github.com/latchset/tang/commit/8dbbed10870378f1b2c3cf3df2ea7edca7617096,8dbbed10870378f1b2c3cf3df2ea7edca7617096,['CWE-362'],CVE-2023-1672
torvalds/linux,https://github.com/torvalds/linux/commit/9399f0c51489ae8c16d6559b82a452fdc1895e91,9399f0c51489ae8c16d6559b82a452fdc1895e91,['CWE-362'],CVE-2023-3108
gpac,https://github.com/gpac/gpac/commit/549ff4484246f2bc4d5fec6760332b43774db483,549ff4484246f2bc4d5fec6760332b43774db483,['CWE-Other'],CVE-2023-37174
gpac,https://github.com/gpac/gpac/commit/36e1b9900ff638576cb88636bbbe2116ed06dfdc,36e1b9900ff638576cb88636bbbe2116ed06dfdc,['CWE-Other'],CVE-2023-37765
gpac,https://github.com/gpac/gpac/commit/a64c60ef0983be6db8ab1e4a663e0ce83ff7bf2c,a64c60ef0983be6db8ab1e4a663e0ce83ff7bf2c,['CWE-Other'],CVE-2023-37766
gpac,https://github.com/gpac/gpac/commit/d414df635c773b21bbb3a9fbf17b101b1e8ea345,d414df635c773b21bbb3a9fbf17b101b1e8ea345,['CWE-Other'],CVE-2023-37767
rizinorg/rizin,https://github.com/rizinorg/rizin/commit/a6d89de0d44e776f9bccc3a168fdc79f604e14ed,a6d89de0d44e776f9bccc3a168fdc79f604e14ed,['CWE-834'],CVE-2023-30226
torvalds/linux,https://github.com/torvalds/linux/commit/1ba5bf993c6a3142e18e68ea6452b347f9cb5635,1ba5bf993c6a3142e18e68ea6452b347f9cb5635,['CWE-476'],CVE-2023-3106
tats/w3m,https://github.com/tats/w3m/commit/edc602651c506aeeb60544b55534dd1722a340d3,edc602651c506aeeb60544b55534dd1722a340d3,['CWE-125'],CVE-2023-38252
OpenIDC/cjose,https://github.com/OpenIDC/cjose/commit/7325e9a5e71e2fc0e350487ecac7d84acdf0ed5e,7325e9a5e71e2fc0e350487ecac7d84acdf0ed5e,['CWE-327'],CVE-2023-37464
redis,https://github.com/redis/redis/commit/6cbea7d29b5285692843bc1c351abba1a7ef326f,6cbea7d29b5285692843bc1c351abba1a7ef326f,['CWE-617'],CVE-2021-31294
miniupnp/ngiflib,https://github.com/miniupnp/ngiflib/commit/231df822d2ec2096d4ccf8d0b9e6a9c6bbfd3b69,231df822d2ec2096d4ccf8d0b9e6a9c6bbfd3b69,['CWE-400'],CVE-2022-30858
wolfSSL/wolfssl,https://github.com/wolfSSL/wolfssl/commit/00f1eddee429ff51390b20caadd2eb6afe51e1aa,00f1eddee429ff51390b20caadd2eb6afe51e1aa,['CWE-295'],CVE-2023-3724
openenclave,https://github.com/openenclave/openenclave/commit/ca54623333875b9beaad92c999a92b015c44b079,ca54623333875b9beaad92c999a92b015c44b079,['CWE-665'],CVE-2023-37479
michaelrsweet/htmldoc,https://github.com/michaelrsweet/htmldoc/commit/85fa76d77ed69927d24decf476e69bedc7691f48,85fa76d77ed69927d24decf476e69bedc7691f48,['CWE-787'],CVE-2021-34119
michaelrsweet/htmldoc,https://github.com/michaelrsweet/htmldoc/commit/c67bbd8756f015e33e4ba639a40c7f9d8bd9e8ab,c67bbd8756f015e33e4ba639a40c7f9d8bd9e8ab,['CWE-125'],CVE-2021-34121
miniupnp/ngiflib,https://github.com/miniupnp/ngiflib/commit/fb2713a548a530c13f14b586a479818cb0182a5e,fb2713a548a530c13f14b586a479818cb0182a5e,['CWE-835'],CVE-2023-37748
openbsd/src,https://github.com/openbsd/src/commit/f8f5a6b003981bb824329dc987d101977beda7ca,f8f5a6b003981bb824329dc987d101977beda7ca,['CWE-428'],CVE-2023-38408
openbsd/src,https://github.com/openbsd/src/commit/f03a4faa55c4ce0818324701dadbf91988d7351d,f03a4faa55c4ce0818324701dadbf91988d7351d,['CWE-428'],CVE-2023-38408
openbsd/src,https://github.com/openbsd/src/commit/7bc29a9d5cd697290aa056e94ecee6253d3425f8,7bc29a9d5cd697290aa056e94ecee6253d3425f8,['CWE-428'],CVE-2023-38408
swoole/swoole-src,https://github.com/swoole/swoole-src/commit/fa8e98ba326749b66b09ee2195c05c872907a08f,fa8e98ba326749b66b09ee2195c05c872907a08f,['CWE-74'],CVE-2020-24275
swoole/swoole-src,https://github.com/swoole/swoole-src/commit/e3e3e89fab99efe7e8ba1645c9327c51d1bf0171,e3e3e89fab99efe7e8ba1645c9327c51d1bf0171,['CWE-74'],CVE-2020-24275
swoole/swoole-src,https://github.com/swoole/swoole-src/commit/9557ca2449b333ea9c09a442e4924fa857296930,9557ca2449b333ea9c09a442e4924fa857296930,['CWE-74'],CVE-2020-24275
torvalds/linux,https://github.com/torvalds/linux/commit/6709d4b7bc2e079241fdef15d1160581c5261c10,6709d4b7bc2e079241fdef15d1160581c5261c10,['CWE-416'],CVE-2023-3863
yasm,https://github.com/yasm/yasm/commit/8a9af472a7160edf3d8ee0a994433d3c6e14cefc,8a9af472a7160edf3d8ee0a994433d3c6e14cefc,['CWE-476'],CVE-2023-37732
ArtifexSoftware/ghostpdl,https://github.com/ArtifexSoftware/ghostpdl/commit/d81b82c70bc1fb9991bb95f1201abb5dea55f57f,d81b82c70bc1,['CWE-120'],CVE-2023-38559
ArtifexSoftware/ghostpdl,https://github.com/ArtifexSoftware/ghostpdl/commit/b7eb1d0174cb25a0cd44a1c0706c2ed73fc95bef,b7eb1d0174c,['CWE-190'],CVE-2023-38560
miniupnp/ngiflib,https://github.com/miniupnp/ngiflib/commit/8e1cc30ffd687c64ecf4c7cf6f3a32de626d5023,8e1cc30ffd687c64ecf4c7cf6f3a32de626d5023,['CWE-Other'],CVE-2023-39114
vim,https://github.com/vim/vim/commit/8154e642aa476e1a5d3de66c34e8289845b2b797,8154e642aa476e1a5d3de66c34e8289845b2b797,['CWE-369'],CVE-2023-3896
vim,https://github.com/vim/vim/commit/3d11c74327eef4f2f9fb9c30c4dc3c950a1e71f3,3d11c74327eef4f2f9fb9c30c4dc3c950a1e71f3,['CWE-369'],CVE-2023-3896
vim,https://github.com/vim/vim/commit/e6db8a95174d0a63ba95504fbb1804b9a551bafd,e6db8a95174d0a63ba95504fbb1804b9a551bafd,['CWE-369'],CVE-2023-3896
ClusterLabs/libqb,https://github.com/ClusterLabs/libqb/commit/1bbaa929b77113532785c408dd1b41cd0521ffc8,1bbaa929b77113532785c408dd1b41cd0521ffc8,['CWE-120'],CVE-2023-39976
cesanta/mongoose,https://github.com/cesanta/mongoose/commit/aed7b6b37ae189680dce9f5d444c90b4dc8df7a2,aed7b6b37ae189680dce9f5d444c90b4dc8df7a2,['CWE-787'],CVE-2023-2905
trailofbits/uthenticode,https://github.com/trailofbits/uthenticode/commit/caeb1eb62412605f71bd96ce9bb9420644b6db53,caeb1eb62412605f71bd96ce9bb9420644b6db53,"['CWE-347', 'CWE-325']",CVE-2023-40012
openbsd/src,https://github.com/openbsd/src/commit/9d3f688f46eba347e96ff0ae9506ef2061622e0c,9d3f688f46eba347e96ff0ae9506ef2061622e0c,['CWE-862'],CVE-2023-40216
chromium,https://github.com/chromium/chromium/commit/50834550384089500c9e79f3082300b11dc7201c,50834550384089500c9e79f3082300b11dc7201c,['CWE-399'],CVE-2014-1743
chromium,https://github.com/chromium/chromium/commit/223bb3e377e68427087569142cd72c18be28e114,223bb3e377e68427087569142cd72c18be28e114,['CWE-189'],CVE-2014-1744
chromium,https://github.com/chromium/chromium/commit/9f88c15fbcd76321cfeedf3f4792534cb6041c4e,9f88c15fbcd76321cfeedf3f4792534cb6041c4e,['CWE-399'],CVE-2014-1745
chromium,https://github.com/chromium/chromium/commit/ecc4d3b3f6f131387b8c0e01598a702a09e259d9,ecc4d3b3f6f131387b8c0e01598a702a09e259d9,['CWE-119'],CVE-2014-1746
chromium,https://github.com/chromium/chromium/commit/73b4ef442741fad55c547f053b8c6b6eb93ce3aa,73b4ef442741fad55c547f053b8c6b6eb93ce3aa,['CWE-Other'],CVE-2014-1748
GNOME/vte,https://github.com/GNOME/vte/commit/ac71d26f067be3a21bff315c3cabf24c94360dd6,ac71d26f067be3a21bff315c3cabf24c94360dd6,"['CWE-399', 'CWE-20']",CVE-2011-2198
torvalds/linux,https://github.com/torvalds/linux/commit/6f7b0a2a5c0fb03be7c25bd1745baa50582348ef,6f7b0a2a5c0fb03be7c25bd1745baa50582348ef,['CWE-20'],CVE-2012-6647
php/php-src,https://github.com/php/php-src/commit/4005f06df6a0f81f38f02a7afaf0760279a3cd6f,4005f06df6a0f81f38f02a7afaf0760279a3cd6f,['CWE-399'],CVE-2014-0237
php/php-src,https://github.com/php/php-src/commit/ee1ab627639b2b6f8da00c687eb2386f93ec2ef6,ee1ab627639b2b6f8da00c687eb2386f93ec2ef6,['CWE-399'],CVE-2014-0237
php/php-src,https://github.com/php/php-src/commit/68ce2d0ea6da79b12a365e375e1c2ce882c77480,68ce2d0ea6da79b12a365e375e1c2ce882c77480,['CWE-399'],CVE-2014-0237
php/php-src,https://github.com/php/php-src/commit/d77ea459bd33a5267475a809a86f30a1d89ef0c2,d77ea459bd33a5267475a809a86f30a1d89ef0c2,['CWE-119'],CVE-2014-0238
php/php-src,https://github.com/php/php-src/commit/22736b7c56d678f142d5dd21f4996e5819507a2b,22736b7c56d678f142d5dd21f4996e5819507a2b,['CWE-119'],CVE-2014-0238
php/php-src,https://github.com/php/php-src/commit/57225f09edd671db50137194cb83530884cb6030,57225f09edd671db50137194cb83530884cb6030,['CWE-119'],CVE-2014-0238
xen-project/xen,https://github.com/xen-project/xen/commit/6f4cc0ac41625a054861b417ea1fc3ab88e2e40a,6f4cc0ac41625a054861b417ea1fc3ab88e2e40a,['CWE-Other'],CVE-2014-3967
xen-project/xen,https://github.com/xen-project/xen/commit/0fbaa84f60af1c27dcc78a6154d64227381e72e9,0fbaa84f60af1c27dcc78a6154d64227381e72e9,['CWE-264'],CVE-2014-3969
chromium,https://github.com/chromium/chromium/commit/f14efc560a12a513696d6396413b138879dabd7a,f14efc560a12a513696d6396413b138879dabd7a,['CWE-Other'],CVE-2014-3154
chromium,https://github.com/chromium/chromium/commit/0d24b5aaa0249a569b7cb34b5e8fba9d62cf916f,0d24b5aaa0249a569b7cb34b5e8fba9d62cf916f,['CWE-Other'],CVE-2014-3154
chromium,https://github.com/chromium/chromium/commit/fcc38306e8b871b32ea728774083fa331d7d53cb,fcc38306e8b871b32ea728774083fa331d7d53cb,['CWE-Other'],CVE-2014-3155
chromium,https://github.com/chromium/chromium/commit/2025798e133f9adc49b65d017dbb5cb2c5cc74c9,2025798e133f9adc49b65d017dbb5cb2c5cc74c9,['CWE-Other'],CVE-2014-3155
chromium,https://github.com/chromium/chromium/commit/b8f7f215fcbdb3ed164a75bc3fcb72d75f24fbe3,b8f7f215fcbdb3ed164a75bc3fcb72d75f24fbe3,['CWE-Other'],CVE-2014-3155
chromium,https://github.com/chromium/chromium/commit/e4be88bde4a9b1f0d9a56bfc68447e0105657457,e4be88bde4a9b1f0d9a56bfc68447e0105657457,['CWE-119'],CVE-2014-3156
chromium,https://github.com/chromium/chromium/commit/96e8ffb4e805c7266a2fc1fbe0e470052019bad9,96e8ffb4e805c7266a2fc1fbe0e470052019bad9,['CWE-119'],CVE-2014-3157
ueno/libfep,https://github.com/ueno/libfep/commit/293d9d3f7565f01a9dc40b53259886832eaa2ace,293d9d3f,['CWE-264'],CVE-2014-3980
wireshark,https://github.com/wireshark/wireshark/commit/beb119f911a698d44f4baa06d888bb1e775983bc,beb119f911a698d44f4baa06d888bb1e775983bc,['CWE-189'],CVE-2014-4020
xen-project/xen,https://github.com/xen-project/xen/commit/4bd78937ec324bcef4e29ef951e0ff9815770de1,4bd78937ec324bcef4e29ef951e0ff9815770de1,['CWE-119'],CVE-2014-4021
torvalds/linux,https://github.com/torvalds/linux/commit/86acdca1b63e6890540fa19495cfc708beff3d8b,86acdca1b63e6890540fa19495cfc708beff3d8b,['CWE-416'],CVE-2014-0203
torvalds/linux,https://github.com/torvalds/linux/commit/e6a623460e5fc960ac3ee9f946d3106233fd28d8,e6a623460e5fc960ac3ee9f946d3106233fd28d8,['CWE-200'],CVE-2014-1739
torvalds/linux,https://github.com/torvalds/linux/commit/23adbe12ef7d3d4195e80800ab36b37bee28cd03,23adbe12ef7d3d4195e80800ab36b37bee28cd03,['CWE-264'],CVE-2014-4014
torvalds/linux,https://github.com/torvalds/linux/commit/4442dc8a92b8f9ad8ee9e7f8438f4c04c03a22dc,4442dc8a92b8f9ad8ee9e7f8438f4c04c03a22dc,['CWE-200'],CVE-2014-4027
torvalds/linux,https://github.com/torvalds/linux/commit/edfbbf388f293d70bf4b7c0bc38774d05e6f711a,edfbbf388f293d70bf4b7c0bc38774d05e6f711a,['CWE-Other'],CVE-2014-0206
cherokee/webserver,https://github.com/cherokee/webserver/commit/fbda667221c51f0aa476a02366e0cf66cb012f88,fbda667221c51f0aa476a02366e0cf66cb012f88,['CWE-287'],CVE-2014-4668
torvalds/linux,https://github.com/torvalds/linux/commit/206a81c18401c0cde6e579164f752c4b147324ce,206a81c18401c0cde6e579164f752c4b147324ce,['CWE-190'],CVE-2014-4608
torvalds/linux,https://github.com/torvalds/linux/commit/206204a1162b995e2185275167b22468c00d6b36,206204a1162b995e2185275167b22468c00d6b36,['CWE-20'],CVE-2014-4611
torvalds/linux,https://github.com/torvalds/linux/commit/07f4d9d74a04aa7c72c5dae0ef97565f28f17b92,07f4d9d74a04aa7c72c5dae0ef97565f28f17b92,['CWE-362'],CVE-2014-4652
torvalds/linux,https://github.com/torvalds/linux/commit/fd9f26e4eca5d08a27d12c0933fceef76ed9663d,fd9f26e4eca5d08a27d12c0933fceef76ed9663d,['CWE-416'],CVE-2014-4653
torvalds/linux,https://github.com/torvalds/linux/commit/82262a46627bebb0febcc26664746c25cef08563,82262a46627bebb0febcc26664746c25cef08563,"['CWE-190', 'CWE-416']",CVE-2014-4654
torvalds/linux,https://github.com/torvalds/linux/commit/883a1d49f0d77d30012f114b2e19fc141beb3e8e,883a1d49f0d77d30012f114b2e19fc141beb3e8e,['CWE-190'],CVE-2014-4656
torvalds/linux,https://github.com/torvalds/linux/commit/ac902c112d90a89e59916f751c2745f4dbdbb4bd,ac902c112d90a89e59916f751c2745f4dbdbb4bd,['CWE-190'],CVE-2014-4656
torvalds/linux,https://github.com/torvalds/linux/commit/d3217b15a19a4779c39b212358a5c71d725822ee,d3217b15a19a4779c39b212358a5c71d725822ee,['CWE-Other'],CVE-2014-4667
php/php-src,https://github.com/php/php-src/commit/fb0128af2a95ec0d1a0360be49776c5b056d1f33,fb0128af2a95ec0d1a0360be49776c5b056d1f33,['CWE-200'],CVE-2014-4721
php/php-src,https://github.com/php/php-src/commit/4fcb9a9d1b1063a65fbeb27395de4979c75bd962,4fcb9a9d1b1063a65fbeb27395de4979c75bd962,['CWE-119'],CVE-2014-0207
php/php-src,https://github.com/php/php-src/commit/52de149ebccfea4b63da2e5bacf6f60a1bfc7ffb,52de149ebccfea4b63da2e5bacf6f60a1bfc7ffb,['CWE-119'],CVE-2014-0207
php/php-src,https://github.com/php/php-src/commit/6bd5a06894fa2f8c1b53bf92fb809d911b740e84,6bd5a06894fa2f8c1b53bf92fb809d911b740e84,['CWE-119'],CVE-2014-3478
php/php-src,https://github.com/php/php-src/commit/e77659a8c87272e5061738a31430d2111482c426,e77659a8c87272e5061738a31430d2111482c426,['CWE-119'],CVE-2014-3478
php/php-src,https://github.com/php/php-src/commit/8d1d03850955855b86f949b43e532ef8c22c1cc3,8d1d03850955855b86f949b43e532ef8c22c1cc3,['CWE-Other'],CVE-2014-3479
php/php-src,https://github.com/php/php-src/commit/5c9f96799961818944d43b22c241cc56c215c2e4,5c9f96799961818944d43b22c241cc56c215c2e4,['CWE-Other'],CVE-2014-3479
php/php-src,https://github.com/php/php-src/commit/25b1dc917a53787dbb2532721ca22f3f36eb13c0,25b1dc917a53787dbb2532721ca22f3f36eb13c0,['CWE-20'],CVE-2014-3487
php/php-src,https://github.com/php/php-src/commit/2fe5bcbeb58bb1088f9fcdb9f02599880454b602,2fe5bcbeb58bb1088f9fcdb9f02599880454b602,['CWE-20'],CVE-2014-3487
php/php-src,https://github.com/php/php-src/commit/c74efe1b2efd7222b27d36f383623cd19ed0e102,c74efe1b2efd7222b27d36f383623cd19ed0e102,['CWE-Other'],CVE-2014-3515
xen-project/xen,https://github.com/xen-project/xen/commit/9cf5ff44a38b36a316b506758dbf6887de0e4a56,9cf5ff44a38b36a316b506758dbf6887de0e4a56,['CWE-200'],CVE-2014-4022
torvalds/linux,https://github.com/torvalds/linux/commit/3cf521f7dc87c031617fd47e4b7aa2593c2f3daf,3cf521f7dc87c031617fd47e4b7aa2593c2f3daf,['CWE-269'],CVE-2014-4943
chromium,https://github.com/chromium/chromium/commit/98a50b76141f0b14f292f49ce376e6554142d5e2,98a50b76141f0b14f292f49ce376e6554142d5e2,['CWE-20'],CVE-2014-3159
chromium,https://github.com/chromium/chromium/commit/ee281f7cac9df44fe241a37f188b28be8845ded0,ee281f7cac9df44fe241a37f188b28be8845ded0,['CWE-264'],CVE-2014-3160
chromium,https://github.com/chromium/chromium/commit/f689da10139d76dd3fb8a0e92d5732324cb2d90c,f689da10139d76dd3fb8a0e92d5732324cb2d90c,['CWE-264'],CVE-2014-3161
luke-jr/bfgminer,https://github.com/luke-jr/bfgminer/commit/c80ad8548251eb0e15329fc240c89070640c9d79,c80ad8548251eb0e15329fc240c89070640c9d79,['CWE-119'],CVE-2014-4501
sgminer-dev/sgminer,https://github.com/sgminer-dev/sgminer/commit/b65574bef233474e915fdf18614aa211e31cc6c2,b65574bef233474e915fdf18614aa211e31cc6c2,['CWE-119'],CVE-2014-4501
sgminer-dev/sgminer,https://github.com/sgminer-dev/sgminer/commit/78cc408369bdbbd440196c93574098d1482efbce,78cc408369bdbbd440196c93574098d1482efbce,['CWE-119'],CVE-2014-4501
ckolivas/cgminer,https://github.com/ckolivas/cgminer/commit/e1c5050734123973b99d181c45e74b2cbb00272e,e1c5050734123973b99d181c45e74b2cbb00272e,['CWE-119'],CVE-2014-4501
luke-jr/bfgminer,https://github.com/luke-jr/bfgminer/commit/ff7f30129f15f7a2213f8ced0cd65c9a331493d9,ff7f30129f15f7a2213f8ced0cd65c9a331493d9,['CWE-119'],CVE-2014-4502
sgminer-dev/sgminer,https://github.com/sgminer-dev/sgminer/commit/910c36089940e81fb85c65b8e63dcd2fac71470c,910c36089940e81fb85c65b8e63dcd2fac71470c,['CWE-20'],CVE-2014-4503
torvalds/linux,https://github.com/torvalds/linux/commit/dab6cf55f81a6e16b8147aed9a843e1691dcd318,dab6cf55f81a6e16b8147aed9a843e1691dcd318,['CWE-269'],CVE-2014-3534
torvalds/linux,https://github.com/torvalds/linux/commit/295dc39d941dc2ae53d5c170365af4c9d5c16212,295dc39d941dc2ae53d5c170365af4c9d5c16212,['CWE-59'],CVE-2014-5045
torvalds/linux,https://github.com/torvalds/linux/commit/1be9a950c646c9092fb3618197f7b6bfb50e82aa,1be9a950c646c9092fb3618197f7b6bfb50e82aa,['CWE-476'],CVE-2014-5077
wireshark,https://github.com/wireshark/wireshark/commit/16f8ba1bed579344df373bf38fff552ab8baf380,16f8ba1bed579344df373bf38fff552ab8baf380,['CWE-119'],CVE-2014-5161
wireshark,https://github.com/wireshark/wireshark/commit/dd7134d907350ccc574cdec596f4162860912bb9,dd7134d907350ccc574cdec596f4162860912bb9,['CWE-119'],CVE-2014-5163
wireshark,https://github.com/wireshark/wireshark/commit/3fc441e7a5008640c68ec985e669d5092414a519,3fc441e7a5008640c68ec985e669d5092414a519,['CWE-119'],CVE-2014-5163
wireshark,https://github.com/wireshark/wireshark/commit/ba6eb5c72ffe82ca0e51c7083240975a5b118ad2,ba6eb5c72ffe82ca0e51c7083240975a5b118ad2,['CWE-119'],CVE-2014-5164
wireshark,https://github.com/wireshark/wireshark/commit/17a552666b50896a9b9dde8ee6a1052e7f9a622e,17a552666b50896a9b9dde8ee6a1052e7f9a622e,['CWE-119'],CVE-2014-5165
chromium,https://github.com/chromium/chromium/commit/d2511da79c4a7c31e7d43049e7673e4a18d9e814,d2511da79c4a7c31e7d43049e7673e4a18d9e814,['CWE-Other'],CVE-2014-3165
chromium,https://github.com/chromium/chromium/commit/d7a7076b1b15ad982e40c02052dc60331b216623,d7a7076b1b15ad982e40c02052dc60331b216623,['CWE-Other'],CVE-2014-3166
torvalds/linux,https://github.com/torvalds/linux/commit/a6138db815df5ee542d848318e5dae681590fccd,a6138db815df5ee542d848318e5dae681590fccd,['CWE-269'],CVE-2014-5206
torvalds/linux,https://github.com/torvalds/linux/commit/9566d6742852c527bf5af38af5cbb878dad75705,9566d6742852c527bf5af38af5cbb878dad75705,['CWE-269'],CVE-2014-5207
php/php-src,https://github.com/php/php-src/commit/2fefae47716d501aec41c1102f3fd4531f070b05,2fefae47716d501aec41c1102f3fd4531f070b05,['CWE-119'],CVE-2014-3597
php/php-src,https://github.com/php/php-src/commit/1daa4c0090b7cd8178dcaa96287234c69ac6ca18,1daa4c0090b7cd8178dcaa96287234c69ac6ca18,['CWE-20'],CVE-2014-5120
chromium,https://github.com/chromium/chromium/commit/f592cf6a66b63decc7e7093b36501229a5de1f1d,f592cf6a66b63decc7e7093b36501229a5de1f1d,['CWE-Other'],CVE-2014-3168
chromium,https://github.com/chromium/chromium/commit/69c7c70e67b04494601866b7986e9bc7981b74fd,69c7c70e67b04494601866b7986e9bc7981b74fd,['CWE-Other'],CVE-2014-3168
chromium,https://github.com/chromium/chromium/commit/478743da20469133a5fed163e069bd68375f104d,478743da20469133a5fed163e069bd68375f104d,['CWE-Other'],CVE-2014-3169
chromium,https://github.com/chromium/chromium/commit/80d5aa4a1de9107d1442480b8ea9ba06feff2be2,80d5aa4a1de9107d1442480b8ea9ba06feff2be2,['CWE-264'],CVE-2014-3170
chromium,https://github.com/chromium/chromium/commit/d10a8dac48d3a9467e81c62cb45208344f4542db,d10a8dac48d3a9467e81c62cb45208344f4542db,['CWE-Other'],CVE-2014-3171
LibVNC/x11vnc,https://github.com/LibVNC/x11vnc/commit/69eeb9f7baa14ca03b16c9de821f9876def7a36a,69eeb9f7baa14ca03b16c9de821f9876def7a36a,['CWE-732'],CVE-2020-29074
Blosc/c-blosc2,https://github.com/Blosc/c-blosc2/commit/c4c6470e88210afc95262c8b9fcc27e30ca043ee,c4c6470e88210afc95262c8b9fcc27e30ca043ee,['CWE-787'],CVE-2020-29367
COVESA/dlt-daemon,https://github.com/COVESA/dlt-daemon/commit/7f5cd5404a03fa330e192084f6bdafb2dc9bdcb7,7f5cd5404a03fa330e192084f6bdafb2dc9bdcb7,['CWE-787'],CVE-2020-29394
COVESA/dlt-daemon,https://github.com/COVESA/dlt-daemon/commit/25703a5cdbf3067ca4d4e75a0229762855548ecc,25703a5cdbf3067ca4d4e75a0229762855548ecc,['CWE-787'],CVE-2020-29394
ValveSoftware/GameNetworkingSockets,https://github.com/ValveSoftware/GameNetworkingSockets/commit/bea84e2844b647532a9b7fbc3a6a8989d66e49e3,bea84e2844b647532a9b7fbc3a6a8989d66e49e3,['CWE-787'],CVE-2020-6018
ValveSoftware/GameNetworkingSockets,https://github.com/ValveSoftware/GameNetworkingSockets/commit/e0c86dcb9139771db3db0cfdb1fb8bef0af19c43,e0c86dcb9139771db3db0cfdb1fb8bef0af19c43,['CWE-787'],CVE-2020-6017
ImageMagick/ImageMagick6,https://github.com/ImageMagick/ImageMagick6/commit/3e21bc8a58b4ae38d24c7e283837cc279f35b6a5,3e21bc8a58b4ae38d24c7e283837cc279f35b6a5,['CWE-190'],CVE-2020-27764
Moddable-OpenSource/moddable,https://github.com/Moddable-OpenSource/moddable/commit/736e508edfacd531f86214343201477c5b84a436,736e508edfacd531f86214343201477c5b84a436,['CWE-Other'],CVE-2020-25461
Moddable-OpenSource/moddable,https://github.com/Moddable-OpenSource/moddable/commit/48e0cc791131af89df39f417c59c4664621e6ae5,48e0cc791131af89df39f417c59c4664621e6ae5,['CWE-Other'],CVE-2020-25463
Moddable-OpenSource/moddable,https://github.com/Moddable-OpenSource/moddable/commit/38c815cdaf58fb628a8098ee476b09feed0cf14c,38c815cdaf58fb628a8098ee476b09feed0cf14c,['CWE-476'],CVE-2020-25465
jerryscript-project/jerryscript,https://github.com/jerryscript-project/jerryscript/commit/5d08eb84a1e5d240daa0720e063587253c9bfe62,5d08eb84a1e5d240daa0720e063587253c9bfe62,['CWE-125'],CVE-2020-29657
AcademySoftwareFoundation/openexr,https://github.com/AcademySoftwareFoundation/openexr/commit/8b5370c688a7362673c3a5256d93695617a4cd9a,8b5370c688a7362673c3a5256d93695617a4cd9a,['CWE-787'],CVE-2020-16587
AcademySoftwareFoundation/openexr,https://github.com/AcademySoftwareFoundation/openexr/commit/74504503cff86e986bac441213c403b0ba28d58f,74504503cff86e986bac441213c403b0ba28d58f,['CWE-476'],CVE-2020-16588
AcademySoftwareFoundation/openexr,https://github.com/AcademySoftwareFoundation/openexr/commit/6bb36714528a9563dd3b92720c5063a1284b86f8,6bb36714528a9563dd3b92720c5063a1284b86f8,['CWE-787'],CVE-2020-16589
ArtifexSoftware/mupdf,https://github.com/ArtifexSoftware/mupdf/commit/96751b25462f83d6e16a9afaf8980b0c3f979c8b,96751b25462f83d6e16a9afaf8980b0c3f979c8b,['CWE-416'],CVE-2020-16600
jasper-software/jasper,https://github.com/jasper-software/jasper/commit/4cd52b5daac62b00a0a328451544807ddecf775f,4cd52b5daac62b00a0a328451544807ddecf775f,['CWE-20'],CVE-2020-27828
GNOME/glib,https://github.com/GNOME/glib/commit/63c5b62f0a984fac9a9700b12f54fe878e016a5d,63c5b62f0a984fac9a9700b12f54fe878e016a5d,"['CWE-787', 'CWE-190']",CVE-2020-35457
envoyproxy/envoy,https://github.com/envoyproxy/envoy/commit/9a5318781e341e141b09bca996720aa417944206,9a5318781e341e141b09bca996720aa417944206,['CWE-Other'],CVE-2020-35470
google/asylo,https://github.com/google/asylo/commit/ed0926bff0e423cd122a18b3d2fc772817f66825,ed0926bff0e423cd122a18b3d2fc772817f66825,"['CWE-119', 'CWE-787']",CVE-2020-8935
google/asylo,https://github.com/google/asylo/commit/83036fd841d33baa7e039f842d131aa7881fdcc2,83036fd841d33baa7e039f842d131aa7881fdcc2,['CWE-125'],CVE-2020-8936
google/asylo,https://github.com/google/asylo/commit/a37fb6a0e7daf30134dbbf357c9a518a1026aa02,a37fb6a0e7daf30134dbbf357c9a518a1026aa02,['CWE-787'],CVE-2020-8937
google/asylo,https://github.com/google/asylo/commit/bda9772e7872b0d2b9bee32930cf7a4983837b39,bda9772e7872b0d2b9bee32930cf7a4983837b39,['CWE-787'],CVE-2020-8938
google/asylo,https://github.com/google/asylo/commit/6ff3b77ffe110a33a2f93848a6333f33616f02c4,6ff3b77ffe110a33a2f93848a6333f33616f02c4,['CWE-125'],CVE-2020-8939
google/asylo,https://github.com/google/asylo/commit/fa6485c5d16a7355eab047d4a44345a73bc9131e,fa6485c5d16a7355eab047d4a44345a73bc9131e,['CWE-125'],CVE-2020-8940
google/asylo,https://github.com/google/asylo/commit/8fed5e334131abaf9c5e17307642fbf6ce4a57ec,8fed5e334131abaf9c5e17307642fbf6ce4a57ec,['CWE-125'],CVE-2020-8941
google/asylo,https://github.com/google/asylo/commit/b1d120a2c7d7446d2cc58d517e20a1b184b82200,b1d120a2c7d7446d2cc58d517e20a1b184b82200,['CWE-125'],CVE-2020-8942
google/asylo,https://github.com/google/asylo/commit/6e158d558abd3c29a0208e30c97c9a8c5bd4230f,6e158d558abd3c29a0208e30c97c9a8c5bd4230f,['CWE-125'],CVE-2020-8943
google/asylo,https://github.com/google/asylo/commit/382da2b8b09cbf928668a2445efb778f76bd9c8a,382da2b8b09cbf928668a2445efb778f76bd9c8a,['CWE-787'],CVE-2020-8944
troglobit/uftpd,https://github.com/troglobit/uftpd/commit/0fb2c031ce0ace07cc19cd2cb2143c4b5a63c9dd,0fb2c031ce0ace07cc19cd2cb2143c4b5a63c9dd,"['CWE-120', 'CWE-787']",CVE-2020-20276
troglobit/uftpd,https://github.com/troglobit/uftpd/commit/455b47d3756aed162d2d0ef7f40b549f3b5b30fe,455b47d3756aed162d2d0ef7f40b549f3b5b30fe,['CWE-22'],CVE-2020-20277
roehling/postsrsd,https://github.com/roehling/postsrsd/commit/4733fb11f6bec6524bb8518c5e1a699288c26bac,4733fb11f6bec6524bb8518c5e1a699288c26bac,['CWE-834'],CVE-2020-35573
tindy2013/subconverter,https://github.com/tindy2013/subconverter/commit/a57906c9a6edd04da869b12ffb88f397c3ea8af6,a57906c9a6edd04da869b12ffb88f397c3ea8af6,['CWE-Other'],CVE-2020-35579
kovidgoyal/kitty,https://github.com/kovidgoyal/kitty/commit/82c137878c2b99100a3cdc1c0f0efea069313901,82c137878c2b99100a3cdc1c0f0efea069313901,['CWE-Other'],CVE-2020-35605
RedisGraph,https://github.com/RedisGraph/RedisGraph/commit/5dba254abe97c1bae905a99e63b21a58d3cb4b08,5dba254abe97c1bae905a99e63b21a58d3cb4b08,['CWE-476'],CVE-2020-35668
RedisGraph,https://github.com/RedisGraph/RedisGraph/commit/7810a51d45de614d665506342191943740fe1abe,7810a51d45de614d665506342191943740fe1abe,['CWE-476'],CVE-2020-35668
openbsd/src,https://github.com/openbsd/src/commit/79a034b4aed29e965f45a13409268290c9910043,79a034b4aed29e965f45a13409268290c9910043,['CWE-401'],CVE-2020-35679
openbsd/src,https://github.com/openbsd/src/commit/6c3220444ed06b5796dedfd53a0f4becd903c0d1,6c3220444ed06b5796dedfd53a0f4becd903c0d1,['CWE-476'],CVE-2020-35680
GNOME/gdk-pixbuf,https://github.com/GNOME/gdk-pixbuf/commit/bdd3acbd48a575d418ba6bf1b32d7bda2fae1c81,bdd3acbd48a575d418ba6bf1b32d7bda2fae1c81,['CWE-835'],CVE-2020-29385
gobby,https://github.com/gobby/gobby/commit/6f34307bff645eb2935d82deee0119ec89866118,6f34307bff645eb2935d82deee0119ec89866118,['CWE-476'],CVE-2020-35450
cockpit-project/cockpit,https://github.com/cockpit-project/cockpit/commit/211c14b39b787bf817f6cd94e7e596e150fd32a7,211c14b39b787bf817f6cd94e7e596e150fd32a7,['CWE-918'],CVE-2020-35850
sparklemotion/nokogiri,https://github.com/sparklemotion/nokogiri/commit/9c87439d9afa14a365ff13e73adc809cb2c3d97b,9c87439d9afa14a365ff13e73adc809cb2c3d97b,['CWE-611'],CVE-2020-26247
LINBIT/csync2,https://github.com/LINBIT/csync2/commit/92742544a56bcbcd9ec99ca15f898b31797e39e2,92742544a56bcbcd9ec99ca15f898b31797e39e2,['CWE-252'],CVE-2019-15523
gssapi/gssproxy,https://github.com/gssapi/gssproxy/commit/cb761412e299ef907f22cd7c4146d50c8a792003,cb761412e299ef907f22cd7c4146d50c8a792003,['CWE-667'],CVE-2020-12658
google/flatbuffers,https://github.com/google/flatbuffers/commit/7829fe179452ca778812d2338e838f2f9ae133f9,7829fe179452ca778812d2338e838f2f9ae133f9,['CWE-Other'],CVE-2020-35864
google/flatbuffers,https://github.com/google/flatbuffers/commit/77991e92337bb7474c439e1f579648e4e42cb595,77991e92337bb7474c439e1f579648e4e42cb595,['CWE-Other'],CVE-2020-35864
fluent/fluent-bit,https://github.com/fluent/fluent-bit/commit/cadff53c093210404aed01c4cf586adb8caa07af,cadff53c093210404aed01c4cf586adb8caa07af,['CWE-787'],CVE-2020-35963
ffmpeg,https://github.com/FFmpeg/FFmpeg/commit/27a99e2c7d450fef15594671eef4465c8a166bd7,27a99e2c7d450fef15594671eef4465c8a166bd7,['CWE-787'],CVE-2020-35964
ffmpeg,https://github.com/FFmpeg/FFmpeg/commit/3e5959b3457f7f1856d997261e6ac672bba49e8b,3e5959b3457f7f1856d997261e6ac672bba49e8b,['CWE-787'],CVE-2020-35965
ffmpeg,https://github.com/FFmpeg/FFmpeg/commit/b0a8b40294ea212c1938348ff112ef1b9bf16bb3,b0a8b40294ea212c1938348ff112ef1b9bf16bb3,['CWE-787'],CVE-2020-35965
torvalds/linux,https://github.com/torvalds/linux/commit/5c455c5ab332773464d02ba17015acdca198f03d,5c455c5ab332773464d02ba17015acdca198f03d,['CWE-120'],CVE-2020-36158
mymarilyn/clickhouse-driver,https://github.com/mymarilyn/clickhouse-driver/commit/3e990547e064b8fca916b23a0f7d6fe8c63c7f6b,3e990547e064b8fca916b23a0f7d6fe8c63c7f6b,['CWE-120'],CVE-2020-26759
wolfSSL/wolfssl,https://github.com/wolfSSL/wolfssl/commit/fb2288c46dd4c864b78f00a47a364b96a09a5c0f,fb2288c46dd4c864b78f00a47a364b96a09a5c0f,['CWE-787'],CVE-2020-36177
vmg/redcarpet,https://github.com/vmg/redcarpet/commit/a699c82292b17c8e6a62e1914d5eccc252272793,a699c82292b17c8e6a62e1914d5eccc252272793,"['CWE-74', 'CWE-79']",CVE-2020-26298
torvalds/linux,https://github.com/torvalds/linux/commit/2896c93811e39d63a4d9b63ccf12a8fbc226e5e4,2896c93811e39d63a4d9b63ccf12a8fbc226e5e4,['CWE-22'],CVE-2020-28374
open-iscsi/tcmu-runner,https://github.com/open-iscsi/tcmu-runner/commit/2b16e96e6b63d0419d857f53e4cc67f0adb383fd,2b16e96e6b63d0419d857f53e4cc67f0adb383fd,['CWE-22'],CVE-2021-3139
python/cpython,https://github.com/python/cpython/commit/298cc0231a271b5d5c6d55273297b9541353ecc3,298cc0231a271b5d5c6d55273297b9541353ecc3,['CWE-120'],CVE-2021-3177
uclouvain/openjpeg,https://github.com/uclouvain/openjpeg/commit/eaa098b59b346cb88e4d10d505061f669d7134fc,eaa098b59b346cb88e4d10d505061f669d7134fc,['CWE-122'],CVE-2020-27814
xen-project/xen,https://github.com/xen-project/xen/commit/58427889f5a420cc5226f88524b3228f90b72a58,58427889f5a420cc5226f88524b3228f90b72a58,['CWE-Other'],CVE-2021-3308
jasper-software/jasper,https://github.com/jasper-software/jasper/commit/49174ab592cdfa6f1a929a2ee3d4b4976f9459fd,49174ab592cdfa6f1a929a2ee3d4b4976f9459fd,['CWE-125'],CVE-2021-3272
Duncaen/OpenDoas,https://github.com/Duncaen/OpenDoas/commit/d5acd52e2a15c36a8e06f9103d35622933aa422d,d5acd52e2a15c36a8e06f9103d35622933aa422d,"['CWE-459', 'CWE-909']",CVE-2019-25016
Duncaen/OpenDoas,https://github.com/Duncaen/OpenDoas/commit/01c658f8c45cb92a343be5f32aa6da70b2032168,01c658f8c45cb92a343be5f32aa6da70b2032168,"['CWE-459', 'CWE-909']",CVE-2019-25016
wolfSSL/wolfssl,https://github.com/wolfSSL/wolfssl/commit/fad1e67677bf7797b6bd6e1f21a513c289d963a7,fad1e67677bf7797b6bd6e1f21a513c289d963a7,['CWE-295'],CVE-2021-3336
facebook/hermes,https://github.com/facebook/hermes/commit/86543ac47e59c522976b5632b8bf9a2a4583c7d2,86543ac47e59c522976b5632b8bf9a2a4583c7d2,['CWE-787'],CVE-2020-1896
bitcoin,https://github.com/bitcoin/bitcoin/commit/a2714a5c69f0b0506689af04c3e785f71ee0915d,a2714a5c69f0b0506689af04c3e785f71ee0915d,['CWE-88'],CVE-2021-3401
GNOME/gnome-autoar,https://github.com/GNOME/gnome-autoar/commit/adb067e645732fdbe7103516e506d09eb6a54429,adb067e645732fdbe7103516e506d09eb6a54429,"['CWE-22', 'CWE-59']",CVE-2020-36241
flexpaper/pdf2json,https://github.com/flexpaper/pdf2json/commit/80bf71f16c804108fd933e267fe31692aaa509b4,80bf71f16c804108fd933e267fe31692aaa509b4,['CWE-120'],CVE-2020-18750
godotengine/godot,https://github.com/godotengine/godot/commit/113b5ab1c45c01b8e6d54d13ac8876d091f883a8,113b5ab1c45c01b8e6d54d13ac8876d091f883a8,['CWE-190'],CVE-2021-26825
godotengine/godot,https://github.com/godotengine/godot/commit/403e4fd08b0b212e96f53d926e6273e0745eaa5a,403e4fd08b0b212e96f53d926e6273e0745eaa5a,['CWE-787'],CVE-2021-26826
private-octopus/picoquic,https://github.com/private-octopus/picoquic/commit/340cff2af3879e4c7fb59698f04e0b4bbd33decb,340cff2af3879e4c7fb59698f04e0b4bbd33decb,['CWE-835'],CVE-2020-24944
hoene/libmysofa,https://github.com/hoene/libmysofa/commit/fc8370c94f15813126f6e92a8561c796abbbd434,fc8370c94f15813126f6e92a8561c796abbbd434,['CWE-476'],CVE-2020-36148
hoene/libmysofa,https://github.com/hoene/libmysofa/commit/f082442e42cf1d9e404a36e7c7162867895e2405,f082442e42cf1d9e404a36e7c7162867895e2405,['CWE-476'],CVE-2020-36148
nih-at/libzip,https://github.com/nih-at/libzip/commit/2217022b7d1142738656d891e00b3d2d9179b796,2217022b7d1142738656d891e00b3d2d9179b796,"['CWE-415', 'CWE-416']",CVE-2019-17582
ThomasDickey/xterm-snapshots,https://github.com/ThomasDickey/xterm-snapshots/commit/82ba55b8f994ab30ff561a347b82ea340ba7075c,82ba55b8f994ab30ff561a347b82ea340ba7075c,['CWE-Other'],CVE-2021-27135
fluent/fluent-bit,https://github.com/fluent/fluent-bit/commit/a5d1721c8e3e62c30eb05609ece152fa689dbc35,a5d1721c8e3e62c30eb05609ece152fa689dbc35,['CWE-476'],CVE-2021-27186
fluent/fluent-bit,https://github.com/fluent/fluent-bit/commit/4deb051cb0277d32ab402da4f941f6e502518388,4deb051cb0277d32ab402da4f941f6e502518388,['CWE-476'],CVE-2021-27186
autotrace,https://github.com/autotrace/autotrace/commit/64c5833e55d7672d6136a3fbfeae24bd012d36a5,64c5833e55d7672d6136a3fbfeae24bd012d36a5,"['CWE-415', 'CWE-190']",CVE-2019-19004
openzfs/zfs,https://github.com/openzfs/zfs/commit/5421a04adce8465a5f9fc1a0346587404a885632,5421a04adce8465a5f9fc1a0346587404a885632,['CWE-Other'],CVE-2013-20001
php/php-src,https://github.com/php/php-src/commit/3c939e3f69955d087e0bb671868f7267dfb2a502,3c939e3f69955d087e0bb671868f7267dfb2a502,['CWE-476'],CVE-2021-21702
GNOME/glib,https://github.com/GNOME/glib/commit/acb7b0ec69f26a7df10af3992359890b09f076e8,acb7b0ec69f26a7df10af3992359890b09f076e8,['CWE-681'],CVE-2021-27218
mumble-voip/mumble,https://github.com/mumble-voip/mumble/commit/e59ee87abe249f345908c7d568f6879d16bfd648,e59ee87abe249f345908c7d568f6879d16bfd648,['CWE-59'],CVE-2021-27229
xen-project/xen,https://github.com/xen-project/xen/commit/3b1cc15f1931ba56d0ee256fe9bfe65509733b27,3b1cc15f1931ba56d0ee256fe9bfe65509733b27,['CWE-Other'],CVE-2021-26933
canarymail/mailcore2,https://github.com/canarymail/mailcore2/commit/45acb4efbcaa57a20ac5127dc976538671fce018,45acb4efbcaa57a20ac5127dc976538671fce018,['CWE-295'],CVE-2021-26911
gemini-testing/png-img,https://github.com/gemini-testing/png-img/commit/14ac462a32ca4b3b78f56502ac976d5b0222ce3d,14ac462a32ca4b3b78f56502ac976d5b0222ce3d,"['CWE-787', 'CWE-190']",CVE-2020-28248
randombit/botan,https://github.com/randombit/botan/commit/4db001ca200cc124bd889482032013fdc0400282,4db001ca200cc124bd889482032013fdc0400282,['CWE-Other'],CVE-2021-24115
jasper-software/jasper,https://github.com/jasper-software/jasper/commit/41f214b121b837fa30d9ca5f2430212110f5cd9b,41f214b121b837fa30d9ca5f2430212110f5cd9b,"['CWE-125', 'CWE-476']",CVE-2021-26926
ArtifexSoftware/mupdf,https://github.com/ArtifexSoftware/mupdf/commit/cee7cefc610d42fd383b3c80c12cbc675443176a,cee7cefc610d42fd383b3c80c12cbc675443176a,['CWE-415'],CVE-2021-3407
cacalabs/libcaca,https://github.com/cacalabs/libcaca/commit/a5b732fca8dbb499d9bd27cf3083509a4f27acf1,a5b732fca8dbb499d9bd27cf3083509a4f27acf1,['CWE-190'],CVE-2021-3410
mkj/dropbear,https://github.com/mkj/dropbear/commit/8f8a3dff705fad774a10864a2e3dbcfa9779ceff,8f8a3dff705fad774a10864a2e3dbcfa9779ceff,['CWE-Other'],CVE-2020-36254
knik0/faad2,https://github.com/knik0/faad2/commit/720f7004d6c4aabee19aad16e7c456ed76a3ebfa,720f7004d6c4aabee19aad16e7c456ed76a3ebfa,['CWE-787'],CVE-2021-26567
facebook/zstd,https://github.com/facebook/zstd/commit/3968160a916a759c3d3418da533e1b4f8b795343,3968160a916a759c3d3418da533e1b4f8b795343,['CWE-276'],CVE-2021-24031
facebook/zstd,https://github.com/facebook/zstd/commit/af80f6dfacafcc2c916ecd57731107221e1f9986,af80f6dfacafcc2c916ecd57731107221e1f9986,['CWE-276'],CVE-2021-24031
openssh/openssh-portable,https://github.com/openssh/openssh-portable/commit/e04fd6dde16de1cdc5a4d9946397ff60d96568db,e04fd6dde16de1cdc5a4d9946397ff60d96568db,['CWE-415'],CVE-2021-28041
stnoonan/spnego-http-auth-nginx-module,https://github.com/stnoonan/spnego-http-auth-nginx-module/commit/a06f9efca373e25328b1c53639a48decd0854570,a06f9efca373e25328b1c53639a48decd0854570,['CWE-287'],CVE-2021-21335
ImageMagick,https://github.com/ImageMagick/ImageMagick/commit/1e59e000ecae2523e707242621738da27d0d6296,1e59e000ecae2523e707242621738da27d0d6296,['CWE-369'],CVE-2021-20241
ImageMagick,https://github.com/ImageMagick/ImageMagick/commit/20d458c47610440db337666e78a5a9e43ec8b07d,20d458c47610440db337666e78a5a9e43ec8b07d,['CWE-369'],CVE-2021-20243
ImageMagick,https://github.com/ImageMagick/ImageMagick/commit/6720594ccb46afeb3365fb54d814271608f754b3,6720594ccb46afeb3365fb54d814271608f754b3,['CWE-369'],CVE-2021-20244
ImageMagick,https://github.com/ImageMagick/ImageMagick/commit/ffb683e62ddedc6436a1b88388eb690d7ca57bf2,ffb683e62ddedc6436a1b88388eb690d7ca57bf2,['CWE-369'],CVE-2021-20245
facebook/hhvm,https://github.com/facebook/hhvm/commit/08193b7f0cd3910256e00d599f0f3eb2519c44ca,08193b7f0cd3910256e00d599f0f3eb2519c44ca,"['CWE-125', 'CWE-787', 'CWE-190']",CVE-2020-1917
pjsip/pjproject,https://github.com/pjsip/pjproject/commit/67e46c1ac45ad784db5b9080f5ed8b133c122872,67e46c1ac45ad784db5b9080f5ed8b133c122872,['CWE-295'],CVE-2020-15260
pjsip/pjproject,https://github.com/pjsip/pjproject/commit/97b3d7addbaa720b7ddb0af9bf6f3e443e664365,97b3d7addbaa720b7ddb0af9bf6f3e443e664365,['CWE-754'],CVE-2021-21375
facebook/hhvm,https://github.com/facebook/hhvm/commit/1746dfb11fc0048366f34669e74318b8278a684c,1746dfb11fc0048366f34669e74318b8278a684c,['CWE-674'],CVE-2020-1898
facebook/hhvm,https://github.com/facebook/hhvm/commit/1107228a5128d3ca1c4add8ac1635d933cbbe2e9,1107228a5128d3ca1c4add8ac1635d933cbbe2e9,['CWE-119'],CVE-2020-1899
facebook/hhvm,https://github.com/facebook/hhvm/commit/c1c4bb0cf9e076aafaf4ff3515556ef9faf906f3,c1c4bb0cf9e076aafaf4ff3515556ef9faf906f3,['CWE-416'],CVE-2020-1900
DanBloomberg/leptonica,https://github.com/DanBloomberg/leptonica/commit/3ddd9a35cebc28f2b1a5693c27dcfff58218674a,3ddd9a35cebc28f2b1a5693c27dcfff58218674a,['CWE-670'],CVE-2020-36277
GNOME/glib,https://github.com/GNOME/glib/commit/87e19535fe2a33b880883128370fe49aa9f906b1,87e19535fe2a33b880883128370fe49aa9f906b1,['CWE-59'],CVE-2021-28153
DanBloomberg/leptonica,https://github.com/DanBloomberg/leptonica/commit/8d6e1755518cfb98536d6c3daf0601f226d16842,8d6e1755518cfb98536d6c3daf0601f226d16842,['CWE-125'],CVE-2020-36278
DanBloomberg/leptonica,https://github.com/DanBloomberg/leptonica/commit/3c18c43b6a3f753f0dfff99610d46ad46b8bfac4,3c18c43b6a3f753f0dfff99610d46ad46b8bfac4,['CWE-125'],CVE-2020-36279
DanBloomberg/leptonica,https://github.com/DanBloomberg/leptonica/commit/5ba34b1fe741d69d43a6c8cf767756997eadd87c,5ba34b1fe741d69d43a6c8cf767756997eadd87c,['CWE-125'],CVE-2020-36280
DanBloomberg/leptonica,https://github.com/DanBloomberg/leptonica/commit/5ee24b398bb67666f6d173763eaaedd9c36fb1e5,5ee24b398bb67666f6d173763eaaedd9c36fb1e5,['CWE-125'],CVE-2020-36281
facebook/mvfst,https://github.com/facebook/mvfst/commit/a67083ff4b8dcbb7ee2839da6338032030d712b0,a67083ff4b8dcbb7ee2839da6338032030d712b0,['CWE-617'],CVE-2021-24029
GNOME/gnome-autoar,https://github.com/GNOME/gnome-autoar/commit/8109c368c6cfdb593faaf698c2bf5da32bb1ace4,8109c368c6cfdb593faaf698c2bf5da32bb1ace4,['CWE-59'],CVE-2021-28650
libass,https://github.com/libass/libass/commit/6835731c2fe4164a0c50bc91d12c43b2a2b4e799,6835731c2fe4164a0c50bc91d12c43b2a2b4e,['CWE-770'],CVE-2020-24994
sqlcipher,https://github.com/sqlcipher/sqlcipher/commit/cb71f53e8cea4802509f182fa5bead0ac6ab0e7f,cb71f53e8cea4802509f182fa5bead0ac6ab0e7f,['CWE-476'],CVE-2021-3119
projectacrn/acrn-hypervisor,https://github.com/projectacrn/acrn-hypervisor/commit/ae0ab82434509d6e75f4a2f1e1a0dd2ee3dc3681,ae0ab82434509d6e75f4a2f1e1a0dd2ee3dc3681,['CWE-476'],CVE-2020-28346
torvalds/linux,https://github.com/torvalds/linux/commit/b4e00444cab4c3f3fec876dc0cccc8cbb0d1a948,b4e00444cab4c3f3fec876dc0cccc8cbb0d1a948,['CWE-665'],CVE-2020-35508
389ds/389-ds-base,https://github.com/389ds/389-ds-base/commit/cc0f69283abc082488824702dae485b8eae938bc,cc0f69283abc082488824702dae485b8eae938bc,['CWE-203'],CVE-2020-35518
389ds/389-ds-base,https://github.com/389ds/389-ds-base/commit/b6aae4d8e7c8a6ddd21646f94fef1bf7f22c3f32,b6aae4d8e7c8a6ddd21646f94fef1bf7f22c3f32,['CWE-203'],CVE-2020-35518
rpm-software-management/rpm,https://github.com/rpm-software-management/rpm/commit/d6a86b5e69e46cc283b1e06c92343319beb42e21,d6a86b5e69e46cc283b1e06c92343319beb42e21,['CWE-345'],CVE-2021-20271
upx,https://github.com/upx/upx/commit/13bc031163863cb3866aa6cdc018dff0697aa5d4,13bc031163863cb3866aa6cdc018dff0697aa5d4,['CWE-787'],CVE-2021-20285
laverdet/isolated-vm,https://github.com/laverdet/isolated-vm/commit/27151bfecc260e96714443613880e3b2e6596704,27151bfecc260e96714443613880e3b2e6596704,['CWE-913'],CVE-2021-21413
laverdet/isolated-vm,https://github.com/laverdet/isolated-vm/commit/2646e6c1558bac66285daeab54c7d490ed332b15,2646e6c1558bac66285daeab54c7d490ed332b15,['CWE-913'],CVE-2021-21413
michaelrsweet/htmldoc,https://github.com/michaelrsweet/htmldoc/commit/6a8322a718b2ba5c440bd33e6f26d9e281c39654,6a8322a718b2ba5c440bd33e6f26d9e281c39654,['CWE-190'],CVE-2021-20308
RIOT-OS/RIOT,https://github.com/RIOT-OS/RIOT/commit/896e44cf931132801c1c6b18a3194ac44504dd24,896e44cf931132801c1c6b18a3194ac44504dd24,['CWE-120'],CVE-2021-27357
RIOT-OS/RIOT,https://github.com/RIOT-OS/RIOT/commit/72337ebb9b9832e0fb513590191b9ad99623f0d3,72337ebb9b9832e0fb513590191b9ad99623f0d3,['CWE-120'],CVE-2021-27697
SerenityOS/serenity,https://github.com/SerenityOS/serenity/commit/c9f25bca048443e317f1994ba9b106f2386688c3,c9f25bca048443e317f1994ba9b106f2386688c3,['CWE-120'],CVE-2021-28874
SerenityOS/serenity,https://github.com/SerenityOS/serenity/commit/4317db7498eaa5a37068052bb0310fbc6a5f78e4,4317db7498eaa5a37068052bb0310fbc6a5f78e4,['CWE-120'],CVE-2021-30045
openresty/lua-nginx-module,https://github.com/openresty/lua-nginx-module/commit/041d7d1c8539f92062c2a79cf18f550542bccc2e,041d7d1c8539f92062c2a79cf18f550542bccc2e,['CWE-Other'],CVE-2020-36309
GNOME/file-roller,https://github.com/GNOME/file-roller/commit/e970f4966bf388f6e7c277357c8b186c645683ae,e970f4966bf388f6e7c277357c8b186c645683ae,['CWE-59'],CVE-2020-36314
facebook/fbthrift,https://github.com/facebook/fbthrift/commit/bfda1efa547dce11a38592820916db01b05b9339,bfda1efa547dce11a38592820916db01b05b9339,['CWE-763'],CVE-2021-24028
nextcloud/desktop,https://github.com/nextcloud/desktop/commit/013f3cea70acfe7b701cb73c93744d5ff5c0c213,013f3cea70acfe7b701cb73c93744d5ff5c0c213,['CWE-74'],CVE-2021-22879
justdan96/tsMuxer,https://github.com/justdan96/tsMuxer/commit/ce0a0972aad04bedd779de38b78f13b2f740178d,ce0a0972aad04bedd779de38b78f13b2f740178d,['CWE-120'],CVE-2021-26805
libexif/exif,https://github.com/libexif/exif/commit/eb84b0e3c5f2a86013b6fcfb800d187896a648fa,eb84b0e3c5f2a86013b6fcfb800d187896a648fa,['CWE-476'],CVE-2021-27815
libexif/exif,https://github.com/libexif/exif/commit/f6334d9d32437ef13dc902f0a88a2be0063d9d1c,f6334d9d32437ef13dc902f0a88a2be0063d9d1c,['CWE-476'],CVE-2021-27815
gpac,https://github.com/gpac/gpac/commit/c4a5109dad73abe25ad12d8d529a728ae98d78ca,c4a5109dad73abe25ad12d8d529a728ae98d78ca,['CWE-476'],CVE-2021-28300
uclouvain/openjpeg,https://github.com/uclouvain/openjpeg/commit/f0727df07c4d944d7d1c5002451cfbc9545d3288,f0727df07c4d944d7d1c5002451cfbc9545d3288,['CWE-190'],CVE-2021-29338
jsummers/deark,https://github.com/jsummers/deark/commit/287f5ac31dfdc074669182f51ece637706070eeb,287f5ac31dfdc074669182f51ece637706070eeb,['CWE-476'],CVE-2021-28855
jsummers/deark,https://github.com/jsummers/deark/commit/62acb7753b0e3c0d3ab3c15057b0a65222313334,62acb7753b0e3c0d3ab3c15057b0a65222313334,['CWE-369'],CVE-2021-28856
Exiv2/exiv2,https://github.com/Exiv2/exiv2/commit/13e5a3e02339b746abcaee6408893ca2fd8e289d,13e5a3e02339b746abcaee6408893ca2fd8e289d,['CWE-122'],CVE-2021-29457
Exiv2/exiv2,https://github.com/Exiv2/exiv2/commit/0a91b56616404f7b29ca28deb01ce18b767d1871,0a91b56616404f7b29ca28deb01ce18b767d1871,"['CWE-125', 'CWE-190']",CVE-2021-29458
Exiv2/exiv2,https://github.com/Exiv2/exiv2/commit/9b7a19f957af53304655ed1efe32253a1b11a8d0,9b7a19f957af53304655ed1efe32253a1b11a8d0,"['CWE-125', 'CWE-190']",CVE-2021-29458
avast/retdec,https://github.com/avast/retdec/commit/517298bafaaff0a8e3dd60dd055a67c41b545807,517298bafaaff0a8e3dd60dd055a67c41b545807,['CWE-787'],CVE-2020-23907
yhirose/cpp-peglib,https://github.com/yhirose/cpp-peglib/commit/0061f393de54cf0326621c079dc2988336d1ebb3,0061f393de54cf0326621c079dc2988336d1ebb3,['CWE-476'],CVE-2020-23914
yhirose/cpp-peglib,https://github.com/yhirose/cpp-peglib/commit/b3b29ce8f3acf3a32733d930105a17d7b0ba347e,b3b29ce8f3acf3a32733d930105a17d7b0ba347e,['CWE-125'],CVE-2020-23915
eclipse-openj9/openj9,https://github.com/eclipse-openj9/openj9/commit/840f3af31a5b8d2d395d9367c826ed756e380fb9,840f3af31a5b8d2d395d9367c826ed756e380fb9,['CWE-909'],CVE-2021-28167
FreeRTOS/FreeRTOS-Kernel,https://github.com/FreeRTOS/FreeRTOS-Kernel/commit/47338393f1f79558f6144213409f09f81d7c4837,47338393f1f79558f6144213409f09f81d7c4837,['CWE-190'],CVE-2021-31571
FreeRTOS/FreeRTOS-Kernel,https://github.com/FreeRTOS/FreeRTOS-Kernel/commit/d05b9c123f2bf9090bce386a244fc934ae44db5b,d05b9c123f2bf9090bce386a244fc934ae44db5b,['CWE-190'],CVE-2021-31572
Exiv2/exiv2,https://github.com/Exiv2/exiv2/commit/6628a69c036df2aa036290e6cd71767c159c79ed,6628a69c036df2aa036290e6cd71767c159c79ed,['CWE-125'],CVE-2021-29470
leozide/leocad,https://github.com/leozide/leocad/commit/233affe3fcdc851fa82cb058871bddd0046e1c87,233affe3fcdc851fa82cb058871bddd0046e1c87,['CWE-416'],CVE-2021-31804
418sec/mjs,https://github.com/418sec/mjs/commit/a883c9ae6a140c226d21188dbc993671ada4c088,a883c9ae6a140c226d21188dbc993671ada4c088,"['CWE-193', 'CWE-787']",CVE-2021-31875
mity/md4c,https://github.com/mity/md4c/commit/4fc808d8fe8d8904f8525bb4231d854f45e23a19,4fc808d8fe8d8904f8525bb4231d854f45e23a19,['CWE-908'],CVE-2021-30027
michaelforney/samurai,https://github.com/michaelforney/samurai/commit/e84b6d99c85043fa1ba54851ee500540ec206918,e84b6d99c85043fa1ba54851ee500540ec206918,['CWE-476'],CVE-2021-30218
michaelforney/samurai,https://github.com/michaelforney/samurai/commit/d2af3bc375e2a77139c3a28d6128c60cd8d08655,d2af3bc375e2a77139c3a28d6128c60cd8d08655,['CWE-476'],CVE-2021-30219
FluidSynth/fluidsynth,https://github.com/FluidSynth/fluidsynth/commit/67596a87731dc593551975ca0268a438ab7410a2,67596a87731dc593551975ca0268a438ab7410a2,['CWE-416'],CVE-2021-21417
FluidSynth/fluidsynth,https://github.com/FluidSynth/fluidsynth/commit/6673a5f73c0484f8462b4b33860d2b1c68c24684,6673a5f73c0484f8462b4b33860d2b1c68c24684,['CWE-416'],CVE-2021-21417
openssh/openssh-portable,https://github.com/openssh/openssh-portable/commit/fcd135c9df440bcd2d5870405ad3311743d78d97,fcd135c9df440bcd2d5870405ad3311743d78d97,['CWE-20'],CVE-2016-6515
redis,https://github.com/redis/redis/commit/75da73ead2a488ecedb71a3cb6efe52e3f679a77,75da73ead2a488ecedb71a3cb6efe52e3f679a77,['CWE-200'],CVE-2013-7458
redis,https://github.com/redis/redis/commit/86df85b6d10fc05d2cff0487c49ba116c73eb569,86df85b6d10fc05d2cff0487c49ba116c73eb569,['CWE-200'],CVE-2013-7458
libgd,https://github.com/libgd/libgd/commit/ead349e99868303b37f5e6e9d9d680c9dc71ff8d,ead349e99868303b37f5e6e9d9d680c9dc71ff8d,['CWE-125'],CVE-2016-6132
libgd,https://github.com/libgd/libgd/commit/82b80dcb70a7ca8986125ff412bceddafc896842,82b80dcb70a7ca8986125ff412bceddafc896842,['CWE-125'],CVE-2016-6161
perl5-dbi/DBD-mysql,https://github.com/perl5-dbi/DBD-mysql/commit/a56ae87a4c1c1fead7d09c3653905841ccccf1cc,a56ae87a4c1c1fead7d09c3653905841ccccf1cc,['CWE-416'],CVE-2014-9906
GNOME/eog,https://github.com/GNOME/eog/commit/e99a8c00f959652fe7c10e2fa5a3a7a5c25e6af4,e99a8c00f959652fe7c10e2fa5a3a7a5c25e6af4,['CWE-787'],CVE-2016-6855
wireshark,https://github.com/wireshark/wireshark/commit/1396f6ad555178f6b81cc1a65f9cb37b2d99aebf,1396f6ad555178f6b81cc1a65f9cb37b2d99aebf,['CWE-125'],CVE-2016-7175
wireshark,https://github.com/wireshark/wireshark/commit/2e37b271c473e1cbd01d62ebe1f3b011fc9fe638,2e37b271c473e1cbd01d62ebe1f3b011fc9fe638,['CWE-119'],CVE-2016-7177
wireshark,https://github.com/wireshark/wireshark/commit/315bba7c645b75af24215c6303d187b188610bba,315bba7c645b75af24215c6303d187b188610bba,['CWE-787'],CVE-2016-7178
wireshark,https://github.com/wireshark/wireshark/commit/3b97fbddc23c065727b0147aab52a27c4aadffe7,3b97fbddc23c065727b0147aab52a27c4aadffe7,['CWE-119'],CVE-2016-7179
wireshark,https://github.com/wireshark/wireshark/commit/5213496250aceff086404c568e3718ebc0060934,5213496250aceff086404c568e3718ebc0060934,['CWE-416'],CVE-2016-7180
uclouvain/openjpeg,https://github.com/uclouvain/openjpeg/commit/e078172b1c3f98d2219c37076b238fb759c751ea,e078172b1c3f98d2219c37076b238fb759c751ea,['CWE-119'],CVE-2016-5157
php/php-src,https://github.com/php/php-src/commit/c1cfd6a9fe23765191ea2f654790c7b127d4b797,c1cfd6a9fe23765191ea2f654790c7b127d4b797,['CWE-502'],CVE-2016-7124
php/php-src,https://github.com/php/php-src/commit/448c9be157f4147e121f1a2a524536c75c9c6059,448c9be157f4147e121f1a2a524536c75c9c6059,['CWE-502'],CVE-2016-7124
php/php-src,https://github.com/php/php-src/commit/b6f13a5ef9d6280cf984826a5de012a32c396cd4,b6f13a5ef9d6280cf984826a5de012a32c396cd4,['CWE-787'],CVE-2016-7126
php/php-src,https://github.com/php/php-src/commit/a14fdb9746262549bbbb96abb87338bacd147e1b,a14fdb9746262549bbbb96abb87338bacd147e1b,['CWE-476'],CVE-2016-7131
php/php-src,https://github.com/php/php-src/commit/0c8a2a2cd1056b7dc403eacb5d2c0eec6ce47c6f,0c8a2a2cd1056b7dc403eacb5d2c0eec6ce47c6f,['CWE-476'],CVE-2016-7131
php/php-src,https://github.com/php/php-src/commit/c2a13ced4272f2e65d2773e2ea6ca11c1ce4a911,c2a13ced4272f2e65d2773e2ea6ca11c1ce4a911,['CWE-190'],CVE-2016-7133
php/php-src,https://github.com/php/php-src/commit/6a7cc8ff85827fa9ac715b3a83c2d9147f33cd43,6a7cc8ff85827fa9ac715b3a83c2d9147f33cd43,['CWE-119'],CVE-2016-7411
php/php-src,https://github.com/php/php-src/commit/b88393f08a558eec14964a55d3c680fe67407712,b88393f08a558eec14964a55d3c680fe67407712,['CWE-416'],CVE-2016-7413
php/php-src,https://github.com/php/php-src/commit/780daee62b55995a10f8e849159eff0a25bacb9d,780daee62b55995a10f8e849159eff0a25bacb9d,['CWE-416'],CVE-2016-7413
php/php-src,https://github.com/php/php-src/commit/060ab26cfe2f25bc59eb2de593e11cea84ef70b0,060ab26cfe2f25bc59eb2de593e11cea84ef70b0,['CWE-416'],CVE-2016-7413
php/php-src,https://github.com/php/php-src/commit/0bfb970f43acd1e81d11be1154805f86655f15d5,0bfb970f43acd1e81d11be1154805f86655f15d5,['CWE-119'],CVE-2016-7414
php/php-src,https://github.com/php/php-src/commit/589cfc7d0ebbc2399b6cbac3351ae26d569e9600,589cfc7d0ebbc2399b6cbac3351ae26d569e9600,['CWE-20'],CVE-2016-7417
php/php-src,https://github.com/php/php-src/commit/022e75cba104c52ccfb494ce224c2c4d0ff2dddc,022e75cba104c52ccfb494ce224c2c4d0ff2dddc,['CWE-20'],CVE-2016-7417
php/php-src,https://github.com/php/php-src/commit/ecb7f58a069be0dec4a6131b6351a761f808f22e,ecb7f58a069be0dec4a6131b6351a761f808f22e,['CWE-20'],CVE-2016-7417
php/php-src,https://github.com/php/php-src/commit/c4cca4c20e75359c9a13a1f9a36cb7b4e9601d29,c4cca4c20e75359c9a13a1f9a36cb7b4e9601d29,['CWE-119'],CVE-2016-7418
php/php-src,https://github.com/php/php-src/commit/7d011b6f59a3f5a59a9835f9ad40d9b40c266bec,7d011b6f59a3f5a59a9835f9ad40d9b40c266bec,['CWE-119'],CVE-2016-7418
php/php-src,https://github.com/php/php-src/commit/9528ce73156e2b6a5e96e371068b24a5975f4bcd,9528ce73156e2b6a5e96e371068b24a5975f4bcd,['CWE-119'],CVE-2016-7418
haproxy,https://github.com/haproxy/haproxy/commit/6492f1f29d738457ea9f382aca54537f35f9d856,6492f1f29d738457ea9f382aca54537f35f9d856,['CWE-444'],CVE-2023-40225
jerryscript-project/jerryscript,https://github.com/jerryscript-project/jerryscript/commit/deece2fa6ab89a7319363fbc2c0b4d37f5469a93,deece2fa6ab89a7319363fbc2c0b4d37f5469a93,['CWE-476'],CVE-2020-24187
Matthias-Wandel/jhead,https://github.com/Matthias-Wandel/jhead/commit/4827ed31c226dc5ed93603bd649e0e387a1778da,4827ed31c226dc5ed93603bd649e0e387a1778da,['CWE-120'],CVE-2020-28840
ffmpeg,https://github.com/FFmpeg/FFmpeg/commit/292e41ce650a7b5ca5de4ae87fff0d6a90d9fc97,292e41ce650a7b5ca5de4ae87fff0d6a90d9fc97,['CWE-476'],CVE-2020-36138
vim,https://github.com/vim/vim/commit/797e63b9f2baa1853e7063aac478d663cd02f207,797e63b9f2baa1853e7063aac478d663cd02f207,['CWE-476'],CVE-2021-3236
eProsima/Fast-DDS,https://github.com/eProsima/Fast-DDS/commit/349227005827e8a67a0406b823138b5068cc47dc,349227005827e8a67a0406b823138b5068cc47dc,['CWE-787'],CVE-2023-39946
eProsima/Fast-DDS,https://github.com/eProsima/Fast-DDS/commit/60c15edf9e5ddf813d3ea25fa3ef2ccdae4e11a6,60c15edf9e5ddf813d3ea25fa3ef2ccdae4e11a6,['CWE-617'],CVE-2023-39949
eProsima/Fast-DDS,https://github.com/eProsima/Fast-DDS/commit/4382b5dfd02a42ba5d1a25038c78079c24a05638,4382b5dfd02a42ba5d1a25038c78079c24a05638,['CWE-617'],CVE-2023-39949
torvalds/linux,https://github.com/torvalds/linux/commit/1728137b33c00d5a2b5110ed7aafb42e7c32e4a1,1728137b33c00d5a2b5110ed7aafb42e7c32e4a1,['CWE-416'],CVE-2023-40283
radareorg/radare2,https://github.com/radareorg/radare2/commit/ba919adb74ac368bf76b150a00347ded78b572dd,ba919adb74ac368bf76b150a00347ded78b572dd,['CWE-787'],CVE-2023-4322
knik0/faad2,https://github.com/knik0/faad2/commit/b02a9ee5bf071fa92563536c076a69dbec814e7e,b02a9ee5bf071fa92563536c076a69dbec814e7e,['CWE-787'],CVE-2023-38857
knik0/faad2,https://github.com/knik0/faad2/commit/c65ae2904192965e7c9fcafe8c1ae5fa0649eea4,c65ae2904192965e7c9fcafe8c1ae5fa0649eea4,['CWE-787'],CVE-2023-38858
python/cpython,https://github.com/python/cpython/commit/586cd0d12f978341877ce1f817ea708ccb6dba9e,586cd0d12f978341877ce1f817ea708ccb6dba9e,['CWE-Other'],CVE-2023-38898
python/cpython,https://github.com/python/cpython/commit/1f4f46758736eacf649e7ff59a822ac05e16fd7b,1f4f46758736eacf649e7ff59a822ac05e16fd7b,['CWE-Other'],CVE-2023-38898
krb5,https://github.com/krb5/krb5/commit/88a1701b423c13991a8064feeb26952d3641d840,88a1701b423c13991a8064feeb26952d3641d840,['CWE-415'],CVE-2023-39975
torvalds/linux,https://github.com/torvalds/linux/commit/0d4837fdb796f99369cf7691d33de1b856bcaf1f,0d4837fdb796f99369cf7691d33de1b856bcaf1f,['CWE-476'],CVE-2023-4385
torvalds/linux,https://github.com/torvalds/linux/commit/9e7fef9521e73ca8afd7da9e58c14654b02dfad8,9e7fef9521e73ca8afd7da9e58c14654b02dfad8,['CWE-416'],CVE-2023-4387
pete4abw/lrzip-next,https://github.com/pete4abw/lrzip-next/commit/4fe3dde35e51608ae4c10c321b51645703dc7e13,4fe3dde35e51608ae4c10c321b51645703dc7e13,['CWE-Other'],CVE-2023-39743
torvalds/linux,https://github.com/torvalds/linux/commit/edf410cb74dc612fd47ef5be319c5a0bcd6e6ccd,edf410cb74dc612fd47ef5be319c5a0bcd6e6ccd,['CWE-476'],CVE-2023-4459
WebAssembly/binaryen,https://github.com/WebAssembly/binaryen/commit/766ff5108464161887dbcd209033c303bcff432c,766ff5108464161887dbcd209033c303bcff432c,"['CWE-787', 'CWE-476']",CVE-2020-18378
WebAssembly/binaryen,https://github.com/WebAssembly/binaryen/commit/cc47475d76b21284565bd69b9701f50396d6068e,cc47475d76b21284565bd69b9701f50396d6068e,"['CWE-787', 'CWE-476']",CVE-2020-18378
Exiv2/exiv2,https://github.com/Exiv2/exiv2/commit/20a13f00e2db24c58ee326e4c89a56469718b30e,20a13f00e2db24c58ee326e4c89a56469718b30e,['CWE-787'],CVE-2020-18831
Z3Prover/z3,https://github.com/Z3Prover/z3/commit/9c9ce0b920e42e8e8ac97fe190e457afbb19a39b,9c9ce0b920e42e8e8ac97fe190e457afbb19a39b,['CWE-416'],CVE-2020-19725
ArtifexSoftware/ghostpdl,https://github.com/ArtifexSoftware/ghostpdl/commit/4e713293de84b689c4ab358f3e110ea54aa81925,4e713293de84b689c4ab358f3e110ea54aa81925,['CWE-369'],CVE-2020-21710
c-ares,https://github.com/c-ares/c-ares/commit/1b98172b141fe874ad43e679e67506f9b2139043,1b98172b141fe874ad43e679e67506f9b2139043,['CWE-125'],CVE-2020-22217
libssh2,https://github.com/libssh2/libssh2/commit/41533173d27140400a17c49314efde6df54abdeb,41533173d27140400a17c49314efde6df54abdeb,['CWE-787'],CVE-2020-22218
xiph/flac,https://github.com/xiph/flac/commit/5a79fb5ce99b4fb7ba01b4ea85a0e5911e82b243,5a79fb5ce99b4fb7ba01b4ea85a0e5911e82b243,['CWE-120'],CVE-2020-22219
ArtifexSoftware/mupdf,https://github.com/ArtifexSoftware/mupdf/commit/05720b4ee3dbae57e65546dc2eecc3021c08eeea,05720b4ee3dbae57e65546dc2eecc3021c08eeea,['CWE-401'],CVE-2020-26683
json-c,https://github.com/json-c/json-c/commit/4e9e44e5258dee7654f74948b0dd5da39c28beec,4e9e44e5258dee7654f74948b0dd5da39c28beec,['CWE-787'],CVE-2021-32292
ImageMagick,https://github.com/ImageMagick/ImageMagick/commit/784d270663061bbf472b500215915c282b131ae0,784d270663061bbf472b500215915c282b131ae0,['CWE-369'],CVE-2021-40211
ImageMagick,https://github.com/ImageMagick/ImageMagick/commit/e33dfe3e9c860d804db15707552cee246f0b7354,e33dfe3e9c860d804db15707552cee246f0b7354,['CWE-369'],CVE-2021-40211
radareorg/radare2,https://github.com/radareorg/radare2/commit/637f4bd1af6752e28e0a9998e954e2e9ce6fa992,637f4bd1af6752e28e0a9998e954e2e9ce6fa992,['CWE-787'],CVE-2022-28068
radareorg/radare2,https://github.com/radareorg/radare2/commit/49b0cebfdf0db9704e36f8a5533f1df6d3e2ed3a,49b0cebfdf0db9704e36f8a5533f1df6d3e2ed3a,['CWE-787'],CVE-2022-28069
radareorg/radare2,https://github.com/radareorg/radare2/commit/4aff1bb00224de4f5bc118f987dfd5d2fe3450d0,4aff1bb00224de4f5bc118f987dfd5d2fe3450d0,['CWE-476'],CVE-2022-28070
radareorg/radare2,https://github.com/radareorg/radare2/commit/65448811e5b9582a19cf631e03cfcaa025a92ef5,65448811e5b9582a19cf631e03cfcaa025a92ef5,['CWE-416'],CVE-2022-28071
radareorg/radare2,https://github.com/radareorg/radare2/commit/027cd9b7274988bb1af866539ba6c2fa2ff63e45,027cd9b7274988bb1af866539ba6c2fa2ff63e45,['CWE-787'],CVE-2022-28072
radareorg/radare2,https://github.com/radareorg/radare2/commit/59a9dfb60acf8b5c0312061cffd9693fc9526053,59a9dfb60acf8b5c0312061cffd9693fc9526053,['CWE-416'],CVE-2022-28073
openjdk/jdk11u-dev,https://github.com/openjdk/jdk11u-dev/commit/51447c00db99295ee57c118d026bc9cf05377b14,51447c00db99295ee57c118d026bc9cf05377b14,['CWE-Other'],CVE-2022-40433
open-mpi/hwloc,https://github.com/open-mpi/hwloc/commit/ac1f8db9a0790d2bf153711ff4cbf6101f89aace,ac1f8db9a0790d2bf153711ff4cbf6101f89aace,['CWE-476'],CVE-2022-47022
ImageMagick,https://github.com/ImageMagick/ImageMagick/commit/155ebcd89ccb709522a102868e9d1a14e72d1f82,155ebcd89ccb709522a102868e9d1a14e72d1f82,['CWE-401'],CVE-2022-48541
weidai11/cryptopp,https://github.com/weidai11/cryptopp/commit/e235ac57e85b1802dcb12e541344a7f228e594bc,e235ac57e85b1802dcb12e541344a7f228e594bc,['CWE-787'],CVE-2022-48570
weidai11/cryptopp,https://github.com/weidai11/cryptopp/commit/9fe5ccfbeed3c3c48b6e1d42e4abb64d11662527,9fe5ccfbeed3c3c48b6e1d42e4abb64d11662527,['CWE-787'],CVE-2022-48570
memcached,https://github.com/memcached/memcached/commit/6b319c8c7a29e9c353dec83dc92f01905f6c8966,6b319c8c7a29e9c353dec83dc92f01905f6c8966,['CWE-400'],CVE-2022-48571
gerbv,https://github.com/gerbv/gerbv/commit/dfb5aac533a3f9e8ccd93ca217a753258cba4fe5,dfb5aac533a3f9e8ccd93ca217a753258cba4fe5,['CWE-824'],CVE-2023-4508
gpac,https://github.com/gpac/gpac/commit/9024531ee8e6ae8318a8fe0cbb64710d1acc31f6,9024531ee8e6ae8318a8fe0cbb64710d1acc31f6,['CWE-416'],CVE-2023-39562
FRRouting/frr,https://github.com/FRRouting/frr/commit/28ccc24d38df1d51ed8a563507e5d6f6171fdd38,28ccc24d38df1d51ed8a563507e5d6f6171fdd38,['CWE-476'],CVE-2023-41358
FRRouting/frr,https://github.com/FRRouting/frr/commit/f96201e104892e18493f24cf67bb713678e8237b,f96201e104892e18493f24cf67bb713678e8237b,['CWE-125'],CVE-2023-41359
FRRouting/frr,https://github.com/FRRouting/frr/commit/9b855a692e68e0d16467e190b466b4ecb6853702,9b855a692e68e0d16467e190b466b4ecb6853702,['CWE-125'],CVE-2023-41360
FRRouting/frr,https://github.com/FRRouting/frr/commit/b4d09af9194d20a7f9f16995a062f5d8e3d32840,b4d09af9194d20a7f9f16995a062f5d8e3d32840,['CWE-120'],CVE-2023-41361
GNOME/libxml2,https://github.com/GNOME/libxml2/commit/d0c3f01e110d54415611c5fa0040cdf4a56053f9,d0c3f01e110d54415611c5fa0040cdf4a56053f9,['CWE-119'],CVE-2023-39615
gpac,https://github.com/gpac/gpac/commit/4607052c482a51dbdacfe1ade10645c181d07b07,4607052c482a51dbdacfe1ade10645c181d07b07,['CWE-369'],CVE-2023-4678
gpac,https://github.com/gpac/gpac/commit/4bac19ad854159b21ba70d8ab7c4e1cd1db8ea1c,4bac19ad854159b21ba70d8ab7c4e1cd1db8ea1c,['CWE-476'],CVE-2023-4681
gpac,https://github.com/gpac/gpac/commit/b1042c3eefca87c4bc32afb404ed6518d693e5be,b1042c3eefca87c4bc32afb404ed6518d693e5be,['CWE-122'],CVE-2023-4682
gpac,https://github.com/gpac/gpac/commit/112767e8b178fc82dec3cf82a1ca14d802cdb8ec,112767e8b178fc82dec3cf82a1ca14d802cdb8ec,['CWE-476'],CVE-2023-4683
FreeRDP,https://github.com/FreeRDP/FreeRDP/commit/cd1da25a87358eb3b5512fd259310e95b19a05ec,cd1da25a87358eb3b5512fd259310e95b19a05ec,['CWE-125'],CVE-2023-39354
FreeRDP,https://github.com/FreeRDP/FreeRDP/commit/d6f9d33a7db0b346195b6a15b5b99944ba41beee,d6f9d33a7db0b346195b6a15b5b99944ba41beee,['CWE-416'],CVE-2023-39355
eclipse/mosquitto,https://github.com/eclipse/mosquitto/commit/6113eac95a9df634fbc858be542c4a0456bfe7b9,6113eac95a9df634fbc858be542c4a0456bfe7b9,['CWE-401'],CVE-2023-28366
libtom/libtommath,https://github.com/libtom/libtommath/commit/beba892bc0d4e4ded4d667ab1d2a94f4d75109a9,beba892bc0d4e4ded4d667ab1d2a94f4d75109a9,['CWE-190'],CVE-2023-36328
hzeller/timg,https://github.com/hzeller/timg/commit/2e9414e668144bbe0afc074dac17b74ef4acfdcf,2e9414e668144bbe0afc074dac17b74ef4acfdcf,['CWE-120'],CVE-2023-40968
gpac,https://github.com/gpac/gpac/commit/e396648e48c57e2d53988d3fd4465b068b96c89a,e396648e48c57e2d53988d3fd4465b068b96c89a,['CWE-1077'],CVE-2023-4720
gpac,https://github.com/gpac/gpac/commit/3ec93d73d048ed7b46fe6e9f307cc7a0cc13db63,3ec93d73d048ed7b46fe6e9f307cc7a0cc13db63,['CWE-125'],CVE-2023-4721
gpac,https://github.com/gpac/gpac/commit/de7f3a852bef72a52825fd307cf4e8f486401a76,de7f3a852bef72a52825fd307cf4e8f486401a76,['CWE-190'],CVE-2023-4722
snapcore/snapd,https://github.com/snapcore/snapd/commit/997dbfd5327d6e429f63ae7adc2bf2b31f070931,997dbfd5327d6e429f63ae7adc2bf2b31f070931,['CWE-74'],CVE-2023-1523
gpac,https://github.com/gpac/gpac/commit/7e2e92feb1b30fac1d659f6620d743b5a188ffe0,7e2e92feb1b30fac1d659f6620d743b5a188ffe0,['CWE-787'],CVE-2023-4754
gpac,https://github.com/gpac/gpac/commit/6914d016e2b540bac2c471c4aea156ddef8e8e01,6914d016e2b540bac2c471c4aea156ddef8e8e01,['CWE-787'],CVE-2023-4756
gpac,https://github.com/gpac/gpac/commit/895ac12da168435eb8db3f96978ffa4c69d66c3a,895ac12da168435eb8db3f96978ffa4c69d66c3a,['CWE-416'],CVE-2023-4755
FRRouting/frr,https://github.com/FRRouting/frr/commit/cfd04dcb3e689754a72507d086ba3b9709fc5ed8,cfd04dcb3e689754a72507d086ba3b9709fc5ed8,['CWE-476'],CVE-2023-41909
lldpd,https://github.com/lldpd/lldpd/commit/a9aeabdf879c25c584852a0bb5523837632f099b,a9aeabdf879c25c584852a0bb5523837632f099b,['CWE-125'],CVE-2023-41910
gpac,https://github.com/gpac/gpac/commit/d553698050af478049e1a09e44a15ac884f223ed,d553698050af478049e1a09e44a15ac884f223ed,['CWE-125'],CVE-2023-4778
redis,https://github.com/redis/redis/commit/9e505e6cd842338424e05883521ca1fb7d0f47f6,9e505e6cd842338424e05883521ca1fb7d0f47f6,['CWE-269'],CVE-2023-41053
gpac,https://github.com/gpac/gpac/commit/0018b5e4e07a1465287e7dff69b387929f5a75fa,0018b5e4e07a1465287e7dff69b387929f5a75fa,['CWE-416'],CVE-2023-41000
libvips,https://github.com/libvips/libvips/commit/e091d65835966ef56d53a4105a7362cafdb1582b,e091d65835966ef56d53a4105a7362cafdb1582b,['CWE-476'],CVE-2023-40032
Maximus5/ConEmu,https://github.com/Maximus5/ConEmu/commit/60683a186628ffaa7689fcb64b3c38ced69287c1,60683a186628ffaa7689fcb64b3c38ced69287c1,['CWE-Other'],CVE-2023-39150
GNOME/glib,https://github.com/GNOME/glib/commit/5f4485c4ff57fdefb1661531788def7ca5a47328,5f4485c4ff57fdefb1661531788def7ca5a47328,['CWE-400'],CVE-2023-29499
GNOME/glib,https://github.com/GNOME/glib/commit/a70a16b28bf78403dc86ae798c291ba167573d4a,a70a16b28bf78403dc86ae798c291ba167573d4a,['CWE-400'],CVE-2023-32611
GNOME/glib,https://github.com/GNOME/glib/commit/78da5faccb3e065116b75b3ff87ff55381da6c76,78da5faccb3e065116b75b3ff87ff55381da6c76,"['CWE-400', 'CWE-787']",CVE-2023-32636
GNOME/glib,https://github.com/GNOME/glib/commit/21a204147b16539b3eda3143b32844c49e29f4d4,21a204147b16539b3eda3143b32844c49e29f4d4,"['CWE-400', 'CWE-787']",CVE-2023-32636
GNOME/glib,https://github.com/GNOME/glib/commit/ade71fb544391b2e33e1859645726bfee0d5eaaf,ade71fb544391b2e33e1859645726bfee0d5eaaf,['CWE-502'],CVE-2023-32665
contiki-ng,https://github.com/contiki-ng/contiki-ng/commit/b8d0228d3b9b3d65fa0544359febdfd5ec3b04d3,b8d0228d3b9b3d65fa0544359febdfd5ec3b04d3,['CWE-125'],CVE-2023-37281
contiki-ng,https://github.com/contiki-ng/contiki-ng/commit/34c52c20be0425adadd52a3a6bbb063f22555965,34c52c20be0425adadd52a3a6bbb063f22555965,['CWE-125'],CVE-2023-37459
torvalds/linux,https://github.com/torvalds/linux/commit/6c42227c3467549ddc65efe99c869021d2f4a570,6c42227c3467549ddc65efe99c869021d2f4a570,['CWE-Other'],CVE-2020-36766
webmproject/libvpx,https://github.com/webmproject/libvpx/commit/3fbd1dca6a4d2dad332a2110d646e4ffef36d590,3fbd1dca6a4d2dad332a2110d646e4ffef36d590,['CWE-787'],CVE-2023-5217
torvalds/linux,https://github.com/torvalds/linux/commit/a282a2f10539dce2aa619e71e1817570d557fc97,a282a2f10539dce2aa619e71e1817570d557fc97,['CWE-120'],CVE-2023-44466
vim,https://github.com/vim/vim/commit/3bd7fa12e146c6051490d048a4acbfba974eeb04,3bd7fa12e146c6051490d048a4acbfba974eeb04,['CWE-122'],CVE-2023-5344
nothings/stb,https://github.com/nothings/stb/commit/4e58258d8c434111fe2e8f1146ae0a72b0e8c554,4e58258d8c434111fe2e8f1146ae0a72b0e8c554,['CWE-476'],CVE-2023-43898
gpac,https://github.com/gpac/gpac/commit/8e9d6b38c036a97020c462ad48e1132e0ddc57ce,8e9d6b38c036a97020c462ad48e1132e0ddc57ce,['CWE-125'],CVE-2023-5377
ovn-org/ovn,https://github.com/ovn-org/ovn/commit/9a3f7ed905e525ebdcb14541e775211cbb0203bd,9a3f7ed905e525ebdcb14541e775211cbb0203bd,['CWE-770'],CVE-2023-3153
facebook/tac_plus,https://github.com/facebook/tac_plus/commit/68ba2a19472da0a3de28c41b7a2e222438dca359,68ba2a19472da0a3de28c41b7a2e222438dca359,['CWE-Other'],CVE-2023-45239
facebook/tac_plus,https://github.com/facebook/tac_plus/commit/c223facc4d9441b9fe9a9aefa0d019fa3fbbd420,c223facc4d9441b9fe9a9aefa0d019fa3fbbd420,['CWE-Other'],CVE-2023-45239
lipnitsk/libcue,https://github.com/lipnitsk/libcue/commit/fdf72c8bded8d24cfa0608b8e97f2eed210a920e,fdf72c8bded8d24cfa0608b8e97f2eed210a920e,['CWE-787'],CVE-2023-43641
gpac,https://github.com/gpac/gpac/commit/5692dc729491805e0e5f55c21d50ba1e6b19e88e,5692dc729491805e0e5f55c21d50ba1e6b19e88e,['CWE-125'],CVE-2023-5520
tiann/KernelSU,https://github.com/tiann/KernelSU/commit/a22959beae1aad96b1f72710a5daadf529c41bda,a22959beae1aad96b1f72710a5daadf529c41bda,['CWE-863'],CVE-2023-5521
wargio/naxsi,https://github.com/wargio/naxsi/commit/1b712526ed3314dd6be7e8b0259eabda63c19537,1b712526ed3314dd6be7e8b0259eabda63c19537,['CWE-693'],CVE-2023-45132
gpac,https://github.com/gpac/gpac/commit/16c4fafc2881112eba7051cac48f922eb2b94e06,16c4fafc2881112eba7051cac48f922eb2b94e06,['CWE-190'],CVE-2023-42298
justdan96/tsMuxer,https://github.com/justdan96/tsMuxer/commit/bb607142cb1b621c2287dfee9da24ecb144c24b1,bb607142cb1b621c2287dfee9da24ecb144c24b1,['CWE-401'],CVE-2023-45511
justdan96/tsMuxer,https://github.com/justdan96/tsMuxer/commit/78dd8fe480cdeb764f3ddc7c877f7528170661d8,78dd8fe480cdeb764f3ddc7c877f7528170661d8,['CWE-401'],CVE-2023-45511
madler/zlib,https://github.com/madler/zlib/commit/431e66398552effd82d5c0ea982a521821782ebd,431e66398552effd82d5c0ea982a521821782ebd,['CWE-190'],CVE-2023-45853
gpac,https://github.com/gpac/gpac/commit/ca1b48f0abe71bf81a58995d7d75dc27f5a17ddc,ca1b48f0abe71bf81a58995d7d75dc27f5a17ddc,['CWE-476'],CVE-2023-5586
SeleniumHQ/selenium,https://github.com/SeleniumHQ/selenium/commit/023a0d52f106321838ab1c0997e76693f4dcbdf6,023a0d52f106321838ab1c0997e76693f4dcbdf6,['CWE-476'],CVE-2023-5590
torvalds/linux,https://github.com/torvalds/linux/commit/768d612f79822d30a1e7d132a4d4b05337ce42ec,768d612f79822d30a1e7d132a4d4b05337ce42ec,['CWE-416'],CVE-2023-45898
gpac,https://github.com/gpac/gpac/commit/7a6f636db3360bb16d18078d51e8c596f31302a1,7a6f636db3360bb16d18078d51e8c596f31302a1,['CWE-400'],CVE-2023-5595
eProsima/Fast-DDS,https://github.com/eProsima/Fast-DDS/commit/6fdbe790fe814c8799860bf896742bae58b7bf35,6fdbe790fe814c8799860bf896742bae58b7bf35,"['CWE-415', 'CWE-590', 'CWE-416']",CVE-2023-42459
COVESA/dlt-daemon,https://github.com/COVESA/dlt-daemon/commit/8ac9a080bee25e67e49bd138d81c992ce7b6d899,8ac9a080bee25e67e49bd138d81c992ce7b6d899,['CWE-120'],CVE-2023-36321
eclipse/mosquitto,https://github.com/eclipse/mosquitto/commit/18bad1ff32435e523d7507e9b2ce0010124a8f2d,18bad1ff32435e523d7507e9b2ce0010124a8f2d,['CWE-834'],CVE-2023-5632
redis,https://github.com/redis/redis/commit/03345ddc7faf7af079485f2cbe5d17a1611cbce1,03345ddc7faf7af079485f2cbe5d17a1611cbce1,['CWE-668'],CVE-2023-45145
zchunk,https://github.com/zchunk/zchunk/commit/08aec2b4dfd7f709b6e3d511411ffcc83ed4efbe,08aec2b4dfd7f709b6e3d511411ffcc83ed4efbe,['CWE-190'],CVE-2023-46228
radareorg/radare2,https://github.com/radareorg/radare2/commit/1bdda93e348c160c84e30da3637acef26d0348de,1bdda93e348c160c84e30da3637acef26d0348de,['CWE-787'],CVE-2023-5686
AcademySoftwareFoundation/OpenImageIO,https://github.com/AcademySoftwareFoundation/OpenImageIO/commit/85bb38216c09bcf77739c087753d6b80e21323db,85bb38216c09bcf77739c087753d6b80e21323db,['CWE-190'],CVE-2023-42295
FRRouting/frr,https://github.com/FRRouting/frr/commit/b08afc81c60607a4f736f418f2e3eb06087f1a35,b08afc81c60607a4f736f418f2e3eb06087f1a35,['CWE-Other'],CVE-2023-46752
FRRouting/frr,https://github.com/FRRouting/frr/commit/d8482bf011cb2b173e85b65b4bf3d5061250cdb9,d8482bf011cb2b173e85b65b4bf3d5061250cdb9,['CWE-Other'],CVE-2023-46753
vim,https://github.com/vim/vim/commit/9198c1f2b1ddecde22af918541e0de2a32f0f45a,9198c1f2b1ddecde22af918541e0de2a32f0f45a,"['CWE-416', 'CWE-190']",CVE-2023-46246
ffmpeg,https://github.com/FFmpeg/FFmpeg/commit/bf814387f42e9b0dea9d75c03db4723c88e7d962,bf814387f42e9b0dea9d75c03db4723c88e7d962,['CWE-125'],CVE-2023-46407
memcached,https://github.com/memcached/memcached/commit/76a6c363c18cfe7b6a1524ae64202ac9db330767,76a6c363c18cfe7b6a1524ae64202ac9db330767,['CWE-120'],CVE-2023-46852
memcached,https://github.com/memcached/memcached/commit/6987918e9a3094ec4fc8976f01f769f624d790fa,6987918e9a3094ec4fc8976f01f769f624d790fa,['CWE-193'],CVE-2023-46853
radareorg/radare2,https://github.com/radareorg/radare2/commit/2e2f2a9b1800d09be09461e7536ac03a301f97f2,2e2f2a9b1800d09be09461e7536ac03a301f97f2,['CWE-125'],CVE-2023-46569
exfatprogs,https://github.com/exfatprogs/exfatprogs/commit/4abc55e976573991e6a1117bb2b3711e59da07ae,4abc55e976573991e6a1117bb2b3711e59da07ae,['CWE-125'],CVE-2023-45897
exfatprogs,https://github.com/exfatprogs/exfatprogs/commit/22d0e43e8d24119cbfc6efafabb0dec6517a86c4,22d0e43e8d24119cbfc6efafabb0dec6517a86c4,['CWE-125'],CVE-2023-45897
exfatprogs,https://github.com/exfatprogs/exfatprogs/commit/ec78688e5fb5a70e13df82b4c0da1e6228d3ccdf,ec78688e5fb5a70e13df82b4c0da1e6228d3ccdf,['CWE-125'],CVE-2023-45897
torvalds/linux,https://github.com/torvalds/linux/commit/7644b1a1c9a7ae8ab99175989bfc8676055edb46,7644b1a1c9a7ae8ab99175989bfc8676055edb46,['CWE-476'],CVE-2023-46862
rmagick,https://github.com/rmagick/rmagick/commit/da823515a13130010f74678dc48f8b08a70cbd14,da823515a13130010f74678dc48f8b08a70cbd14,['CWE-401'],CVE-2023-5349
ArtifexSoftware/mupdf,https://github.com/ArtifexSoftware/mupdf/commit/c0015401693b58e2deb5d75c39f27bc1216e47c6,c0015401693b58e2deb5d75c39f27bc1216e47c6,['CWE-674'],CVE-2023-31794
gpac,https://github.com/gpac/gpac/commit/3809955065afa3da1ad580012ec43deadbb0f2c8,3809955065afa3da1ad580012ec43deadbb0f2c8,['CWE-Other'],CVE-2023-46930
gpac,https://github.com/gpac/gpac/commit/671976fccc971b3dff8d3dcf6ebd600472ca64bf,671976fccc971b3dff8d3dcf6ebd600472ca64bf,['CWE-787'],CVE-2023-46931
gpac,https://github.com/gpac/gpac/commit/a7b467b151d9b54badbc4dd71e7a366b7c391817,a7b467b151d9b54badbc4dd71e7a366b7c391817,['CWE-787'],CVE-2023-46927
gpac,https://github.com/gpac/gpac/commit/0753bf6d867343a80a044bf47a27d0b7accc8bf1,0753bf6d867343a80a044bf47a27d0b7accc8bf1,['CWE-Other'],CVE-2023-46928
squid-cache/squid,https://github.com/squid-cache/squid/commit/b70f864940225dfe69f9f653f948e787f99c3810,b70f864940225dfe69f9f653f948e787f99c3810,['CWE-295'],CVE-2023-46724
AcademySoftwareFoundation/OpenImageIO,https://github.com/AcademySoftwareFoundation/OpenImageIO/commit/54f7031ab8e00e20b05f0eb9585683d4ff95548a,54f7031ab8e00e20b05f0eb9585683d4ff95548a,['CWE-120'],CVE-2023-42299
AcademySoftwareFoundation/OpenImageIO,https://github.com/AcademySoftwareFoundation/OpenImageIO/commit/b359c90c84b770d1d39c15aa4662478c7c09d745,b359c90c84b770d1d39c15aa4662478c7c09d745,['CWE-120'],CVE-2023-42299
AcademySoftwareFoundation/OpenImageIO,https://github.com/AcademySoftwareFoundation/OpenImageIO/commit/a613a365d23855a7438b0f04c25dced34df85ae0,a613a365d23855a7438b0f04c25dced34df85ae0,['CWE-120'],CVE-2023-42299
memcached,https://github.com/memcached/memcached/commit/02c6a2b62ddcb6fa4569a591d3461a156a636305,02c6a2b62ddcb6fa4569a591d3461a156a636305,['CWE-120'],CVE-2020-10931
USCiLab/cereal,https://github.com/USCiLab/cereal/commit/3e8b9cab82dc4a596dc3bcfe7437946395ad782b,3e8b9cab82dc4a596dc3bcfe7437946395ad782b,['CWE-763'],CVE-2020-11105
att/ast,https://github.com/att/ast/commit/c7de8b641266bac7c77942239ac659edfee9ecd2,c7de8b641266bac7c77942239ac659edfee9ecd2,['CWE-77'],CVE-2019-14868
torvalds/linux,https://github.com/torvalds/linux/commit/b9258a2cece4ec1f020715fe3554bc2e360f6264,b9258a2cece4ec1f020715fe3554bc2e360f6264,"['CWE-908', 'CWE-909']",CVE-2020-11494
torvalds/linux,https://github.com/torvalds/linux/commit/aa9f7d5172fac9bf1f09e678c35e287a40a7b7dd,aa9f7d5172fac9bf1f09e678c35e287a40a7b7dd,['CWE-787'],CVE-2020-11565
torvalds/linux,https://github.com/torvalds/linux/commit/998912346c0da53a6dbb71fab3a138586b596b30,998912346c0da53a6dbb71fab3a138586b596b30,['CWE-476'],CVE-2020-11608
torvalds/linux,https://github.com/torvalds/linux/commit/485b06aadb933190f4bc44e006076bc27a23f205,485b06aadb933190f4bc44e006076bc27a23f205,['CWE-476'],CVE-2020-11609
torvalds/linux,https://github.com/torvalds/linux/commit/cb222aed03d798fc074be55e59d9a112338ee784,cb222aed03d798fc074be55e59d9a112338ee784,['CWE-787'],CVE-2019-20636
torvalds/linux,https://github.com/torvalds/linux/commit/a246b4d547708f33ff4d4b9a7a5dbac741dc89d8,a246b4d547708f33ff4d4b9a7a5dbac741dc89d8,['CWE-476'],CVE-2020-11668
wireshark,https://github.com/wireshark/wireshark/commit/6f56fc9496db158218243ea87e3660c874a0bab0,6f56fc9496db158218243ea87e3660c874a0bab0,['CWE-674'],CVE-2020-11647
yhirose/cpp-httplib,https://github.com/yhirose/cpp-httplib/commit/85327e19ae7e72028c30917247238d638ce56d0b,85327e19ae7e72028c30917247238d638ce56d0b,['CWE-74'],CVE-2020-11709
openresty/lua-nginx-module,https://github.com/openresty/lua-nginx-module/commit/9ab38e8ee35fc08a57636b1b6190dca70b0076fa,9ab38e8ee35fc08a57636b1b6190dca70b0076fa,['CWE-444'],CVE-2020-11724
GNOME/file-roller,https://github.com/GNOME/file-roller/commit/21dfcdbfe258984db89fb65243a1a888924e45a0,21dfcdbfe258984db89fb65243a1a888924e45a0,"['CWE-22', 'CWE-59']",CVE-2020-11736
xen-project/xen,https://github.com/xen-project/xen/commit/6890a04072e664c25447a297fe663b45ecfd6398,6890a04072e664c25447a297fe663b45ecfd6398,['CWE-362'],CVE-2020-11739
xen-project/xen,https://github.com/xen-project/xen/commit/50ef9a3cb26e2f9383f6fdfbed361d8f174bae9f,50ef9a3cb26e2f9383f6fdfbed361d8f174bae9f,"['CWE-212', 'CWE-909']",CVE-2020-11740
xen-project/xen,https://github.com/xen-project/xen/commit/0763a7ebfcdad66cf9e5475a1301eefb29bae9ed,0763a7ebfcdad66cf9e5475a1301eefb29bae9ed,"['CWE-212', 'CWE-909']",CVE-2020-11740
xen-project/xen,https://github.com/xen-project/xen/commit/d6f22d5d9e8d6848ec229083ac9fb044f0adea93,d6f22d5d9e8d6848ec229083ac9fb044f0adea93,['CWE-Other'],CVE-2020-11742
xen-project/xen,https://github.com/xen-project/xen/commit/da0c66c8f48042a0186799014af69db0303b1da5,da0c66c8f48042a0186799014af69db0303b1da5,['CWE-755'],CVE-2020-11743
GNOME/evolution,https://github.com/GNOME/evolution/commit/6489f20d6905cc797e2b2581c415e558c457caa7,6489f20d6905cc797e2b2581c415e558c457caa7,['CWE-Other'],CVE-2020-11879
skvadrik/re2c,https://github.com/skvadrik/re2c/commit/c4603ba5ce229db83a2a4fb93e6d4b4e3ec3776a,c4603ba5ce229db83a2a4fb93e6d4b4e3ec3776a,['CWE-787'],CVE-2020-11958
ntop/nDPI,https://github.com/ntop/nDPI/commit/7ce478a58b4dd29a8d1e6f4e9df2f778613d9202,7ce478a58b4dd29a8d1e6f4e9df2f778613d9202,"['CWE-787', 'CWE-190']",CVE-2020-11939
ntop/nDPI,https://github.com/ntop/nDPI/commit/3bbb0cd3296023f6f922c71d21a1c374d2b0a435,3bbb0cd3296023f6f922c71d21a1c374d2b0a435,['CWE-125'],CVE-2020-11940
squid-cache/squid,https://github.com/squid-cache/squid/commit/eeebf0f37a72a2de08348e85ae34b02c34e9a811,eeebf0f37a72a2de08348e85ae34b02c34e9a811,['CWE-190'],CVE-2020-11945
LibVNC/libvncserver,https://github.com/LibVNC/libvncserver/commit/54220248886b5001fbbb9fa73c4e1a2cb9413fed,54220248886b5001fbbb9fa73c4e1a2cb9413fed,"['CWE-787', 'CWE-190']",CVE-2019-20788
ArtifexSoftware/jbig2dec,https://github.com/ArtifexSoftware/jbig2dec/commit/0726320a4b55078e9d8deb590e477d598b3da66e,0726320a4b55078e9d8deb590e477d598b3da66e,['CWE-787'],CVE-2020-12268
OpenVPN/openvpn,https://github.com/OpenVPN/openvpn/commit/37bc691e7d26ea4eb61a8a434ebd7a9ae76225ab,37bc691e7d26ea4eb61a8a434ebd7a9ae76225ab,['CWE-362'],CVE-2020-11810
php/php-src,https://github.com/php/php-src/commit/9d6bf8221b05f86ce5875832f0f646c4c1f218be,9d6bf8221b05f86ce5875832f0f646c4c1f218be,['CWE-125'],CVE-2020-7067
ffmpeg,https://github.com/FFmpeg/FFmpeg/commit/a3a3730b5456ca00587455004d40c047f7b20a99,a3a3730b5456ca00587455004d40c047f7b20a99,['CWE-787'],CVE-2020-12284
torvalds/linux,https://github.com/torvalds/linux/commit/056ad39ee9253873522f6469c3364964a322912b,056ad39ee9253873522f6469c3364964a322912b,['CWE-416'],CVE-2020-12464
torvalds/linux,https://github.com/torvalds/linux/commit/b102f0c522cf668c8382c56a4f771b37d011cda2,b102f0c522cf668c8382c56a4f771b37d011cda2,['CWE-120'],CVE-2020-12465
sirdude/gurbalib,https://github.com/sirdude/gurbalib/commit/2c0e744927d4aaa5c5f1b5d4b5405104350f5f83,2c0e744927d4aaa5c5f1b5d4b5405104350f5f83,['CWE-22'],CVE-2020-12649
sirdude/gurbalib,https://github.com/sirdude/gurbalib/commit/7fb572c700229ec29a83ebf7b5f67c62eece6082,7fb572c700229ec29a83ebf7b5f67c62eece6082,['CWE-22'],CVE-2020-12649
sirdude/gurbalib,https://github.com/sirdude/gurbalib/commit/220ec8cceaff2e3bda20f09164a6a96654957840,220ec8cceaff2e3bda20f09164a6a96654957840,['CWE-22'],CVE-2020-12649
torvalds/linux,https://github.com/torvalds/linux/commit/3a9b153c5591548612c3955c9600a98150c81875,3a9b153c5591548612c3955c9600a98150c81875,['CWE-787'],CVE-2020-12654
torvalds/linux,https://github.com/torvalds/linux/commit/b70261a288ea4d2f4ac7cd04be08a9f0f2de4f4d,b70261a288ea4d2f4ac7cd04be08a9f0f2de4f4d,['CWE-787'],CVE-2020-12653
torvalds/linux,https://github.com/torvalds/linux/commit/d0c7feaf87678371c2c09b3709400be416b2dc62,d0c7feaf87678371c2c09b3709400be416b2dc62,['CWE-835'],CVE-2020-12655
torvalds/linux,https://github.com/torvalds/linux/commit/2f95fa5c955d0a9987ffdc3a095e2f4e62c5f2a9,2f95fa5c955d0a9987ffdc3a095e2f4e62c5f2a9,['CWE-416'],CVE-2020-12657
json-c,https://github.com/json-c/json-c/commit/77d935b7ae7871a1940cd827e850e6063044ec45,77d935b7ae7871a1940cd827e850e6063044ec45,"['CWE-787', 'CWE-190']",CVE-2020-12762
json-c,https://github.com/json-c/json-c/commit/099016b7e8d70a6d5dd814e788bba08d33d48426,099016b7e8d70a6d5dd814e788bba08d33d48426,"['CWE-787', 'CWE-190']",CVE-2020-12762
rsyslog/libfastjson,https://github.com/rsyslog/libfastjson/commit/f51fcd59a8bbeb60eaf8ae0e398556be2fa3317a,f51fcd59a8bbeb60eaf8ae0e398556be2fa3317a,"['CWE-787', 'CWE-190']",CVE-2020-12762
json-c,https://github.com/json-c/json-c/commit/d07b91014986900a3a75f306d302e13e005e9d67,d07b91014986900a3a75f306d302e13e005e9d67,"['CWE-787', 'CWE-190']",CVE-2020-12762
zephyrproject-rtos/zephyr,https://github.com/zephyrproject-rtos/zephyr/commit/7da0454ad72912fab6e7988b8fe11b93dd45c954,7da0454ad72912fab6e7988b8fe11b93dd45c954,['CWE-120'],CVE-2020-10019
zephyrproject-rtos/zephyr,https://github.com/zephyrproject-rtos/zephyr/commit/1c181ae51bb1fb576d372661dff2e8c4b9c6d84f,1c181ae51bb1fb576d372661dff2e8c4b9c6d84f,['CWE-120'],CVE-2020-10023
zephyrproject-rtos/zephyr,https://github.com/zephyrproject-rtos/zephyr/commit/17427ec995be720dc3d31331d534681d29ae9648,17427ec995be720dc3d31331d534681d29ae9648,['CWE-20'],CVE-2020-10028
zephyrproject-rtos/zephyr,https://github.com/zephyrproject-rtos/zephyr/commit/e79336c896ff4fe51217d9ffd82b22fca8459919,e79336c896ff4fe51217d9ffd82b22fca8459919,['CWE-295'],CVE-2020-10059
zephyrproject-rtos/zephyr,https://github.com/zephyrproject-rtos/zephyr/commit/cfad799d23c7fe7bd4ff491c760609b602330a8f,cfad799d23c7fe7bd4ff491c760609b602330a8f,['CWE-190'],CVE-2020-10067
torvalds/linux,https://github.com/torvalds/linux/commit/7395ea4e65c2a00d23185a3f63ad315756ba9cef,7395ea4e65c2a00d23185a3f63ad315756ba9cef,['CWE-190'],CVE-2020-12826
cherokee/webserver,https://github.com/cherokee/webserver/commit/39c6b73ff1b4749812eea940fa63e54e2ed860da,39c6b73ff1b4749812eea940fa63e54e2ed860da,['CWE-79'],CVE-2019-20798
cherokee/webserver,https://github.com/cherokee/webserver/commit/2d4ed5f277ba8d46aa988cdec3935a0650802f0d,2d4ed5f277ba8d46aa988cdec3935a0650802f0d,['CWE-787'],CVE-2019-20800
wireshark,https://github.com/wireshark/wireshark/commit/e6e98eab8e5e0bbc982cfdc808f2469d7cab6c5a,e6e98eab8e5e0bbc982cfdc808f2469d7cab6c5a,['CWE-674'],CVE-2020-13164
mariadb-corporation/mariadb-connector-c,https://github.com/mariadb-corporation/mariadb-connector-c/commit/2759b87d72926b7c9b5426437a7c8dd15ff57945,2759b87d72926b7c9b5426437a7c8dd15ff57945,['CWE-Other'],CVE-2020-13249
axel-download-accelerator/axel,https://github.com/axel-download-accelerator/axel/commit/961cf5408baf17944edab2bf771afb90471c4262,961cf5408baf17944edab2bf771afb90471c4262,['CWE-295'],CVE-2020-13614
jerryscript-project/jerryscript,https://github.com/jerryscript-project/jerryscript/commit/2ac4c4a4c52f81a5c9a3eb33215f325b778f8b94,2ac4c4a4c52f81a5c9a3eb33215f325b778f8b94,['CWE-617'],CVE-2020-13622
jerryscript-project/jerryscript,https://github.com/jerryscript-project/jerryscript/commit/a096da74c2c753b83daa61c1c807ec43de287917,a096da74c2c753b83daa61c1c807ec43de287917,['CWE-400'],CVE-2020-13623
torvalds/linux,https://github.com/torvalds/linux/commit/2e7682ebfc750177a4944eeb56e97a3f05734528,2e7682ebfc750177a4944eeb56e97a3f05734528,['CWE-476'],CVE-2019-20806
GNOME/glib-networking,https://github.com/GNOME/glib-networking/commit/dbc8d69f58b07f6ed091aa123e5d40a53573a5fc,dbc8d69f58b07f6ed091aa123e5d40a53573a5fc,['CWE-295'],CVE-2020-13645
openssh/openssh-portable,https://github.com/openssh/openssh-portable/commit/aad87b88fc2536b1ea023213729aaf4eaabe1894,aad87b88fc2536b1ea023213729aaf4eaabe1894,['CWE-20'],CVE-2020-12062
openssh/openssh-portable,https://github.com/openssh/openssh-portable/commit/955854cafca88e0cdcd3d09ca1ad4ada465364a1,955854cafca88e0cdcd3d09ca1ad4ada465364a1,['CWE-20'],CVE-2020-12062
istio/envoy,https://github.com/istio/envoy/commit/8788a3cf255b647fd14e6b5e2585abaaedb28153,8788a3cf255b647fd14e6b5e2585abaaedb28153,['CWE-476'],CVE-2020-10739
AntonKueltz/fastecdsa,https://github.com/AntonKueltz/fastecdsa/commit/e592f106edd5acf6dacedfab2ad16fe6c735c9d1,e592f106edd5acf6dacedfab2ad16fe6c735c9d1,['CWE-347'],CVE-2020-12607
Perl/perl5,https://github.com/Perl/perl5/commit/66bbb51b93253a3f87d11c2695cfb7bdb782184a,66bbb51b93253a3f87d11c2695cfb7bdb782184a,['CWE-120'],CVE-2020-12723
zephyrproject-rtos/zephyr,https://github.com/zephyrproject-rtos/zephyr/commit/11b7a37d9a0b438270421b224221d91929843de4,11b7a37d9a0b438270421b224221d91929843de4,['CWE-193'],CVE-2020-10062
zephyrproject-rtos/zephyr,https://github.com/zephyrproject-rtos/zephyr/commit/0b39cbf3c01d7feec9d0dd7cc7e0e374b6113542,0b39cbf3c01d7feec9d0dd7cc7e0e374b6113542,['CWE-120'],CVE-2020-10070
zephyrproject-rtos/zephyr,https://github.com/zephyrproject-rtos/zephyr/commit/989c4713ba429aa5105fe476b4d629718f3e6082,989c4713ba429aa5105fe476b4d629718f3e6082,['CWE-120'],CVE-2020-10071
kravietz/pam_tacplus,https://github.com/kravietz/pam_tacplus/commit/4a9852c31c2fd0c0e72fbb689a586aabcfb11cb0,4a9852c31c2fd0c0e72fbb689a586aabcfb11cb0,['CWE-532'],CVE-2020-13881
ffmpeg,https://github.com/FFmpeg/FFmpeg/commit/6959358683c7533f586c07a766acc5fe9544d8b2,6959358683c7533f586c07a766acc5fe9544d8b2,['CWE-416'],CVE-2020-13904
mumble-voip/mumble,https://github.com/mumble-voip/mumble/commit/a48aea18b6c7ee534cd21f7febfe253e31b33eda,a48aea18b6c7ee534cd21f7febfe253e31b33eda,['CWE-Other'],CVE-2020-13962
ohler55/agoo,https://github.com/ohler55/agoo/commit/23d03535cf7b50d679a60a953a0cae9519a4a130,23d03535cf7b50d679a60a953a0cae9519a4a130,['CWE-444'],CVE-2020-7670
ruscur/linux,https://github.com/ruscur/linux/commit/a95cdec9fa0c08e6eeb410d461c03af8fd1fef0a,a95cdec9fa0c08e6eeb410d461c03af8fd1fef0a,['CWE-908'],CVE-2020-10732
muttmua/mutt,https://github.com/muttmua/mutt/commit/3e88866dc60b5fa6aaba6fd7c1710c12c1c3cd01,3e88866dc60b5fa6aaba6fd7c1710c12c1c3cd01,['CWE-319'],CVE-2020-14093
meetecho/janus-gateway,https://github.com/meetecho/janus-gateway/commit/fb85040405495748dbc7c4850b97da9b67b7b47b,fb85040405495748dbc7c4850b97da9b67b7b47b,['CWE-120'],CVE-2020-14033
ngircd,https://github.com/ngircd/ngircd/commit/724b8cc21a77bdf329ff44fe15eed895198b2afe,724b8cc21a77bdf329ff44fe15eed895198b2afe,['CWE-125'],CVE-2020-14148
ngircd,https://github.com/ngircd/ngircd/commit/bc89069edf57f2dc2729f4fa322af569d96e35a5,bc89069edf57f2dc2729f4fa322af569d96e35a5,['CWE-125'],CVE-2020-14148
esphome,https://github.com/esphome/esphome/commit/207cde1667d8c799a197b78ca8a5a14de8d5ca1e,207cde1667d8c799a197b78ca8a5a14de8d5ca1e,['CWE-306'],CVE-2021-41104
cloudwu/rudp,https://github.com/cloudwu/rudp/commit/3fddfb0159ca9b9b002e50d27f021bc8b1e8013f,3fddfb0159ca9b9b002e50d27f021bc8b1e8013f,['CWE-401'],CVE-2020-20665
gpac,https://github.com/gpac/gpac/commit/ae2828284f2fc0381548aaa991958f1eb9b90619,ae2828284f2fc0381548aaa991958f1eb9b90619,['CWE-787'],CVE-2021-41457
gpac,https://github.com/gpac/gpac/commit/7d4538e104f2b3ff6a65a41394795654e6972339,7d4538e104f2b3ff6a65a41394795654e6972339,['CWE-787'],CVE-2021-41459
torvalds/linux,https://github.com/torvalds/linux/commit/30e29a9a2bc6a4888335a6ede968b75cd329657a,30e29a9a2bc6a4888335a6ede968b75cd329657a,['CWE-190'],CVE-2021-41864
redis,https://github.com/redis/redis/commit/c6ad876774f3cc11e32681ea02a2eead00f2c521,c6ad876774f3cc11e32681ea02a2eead00f2c521,"['CWE-680', 'CWE-190']",CVE-2021-41099
redis/hiredis,https://github.com/redis/hiredis/commit/76a7b10005c70babee357a7d0f2becf28ec7ed1e,76a7b10005c70babee357a7d0f2becf28ec7ed1e,['CWE-190'],CVE-2021-32765
cloudendpoints/esp,https://github.com/cloudendpoints/esp/commit/e310c4f91d229a072507f80c73811489b4cdff27,e310c4f91d229a072507f80c73811489b4cdff27,['CWE-290'],CVE-2021-41130
Ardour/ardour,https://github.com/Ardour/ardour/commit/96daa4036a425ff3f23a7dfcba57bfb0f942bec6,96daa4036a,['CWE-416'],CVE-2020-22617
electron,https://github.com/electron/electron/commit/225a64a3bd6d2bda8dfdbb7a39324326f79eb9b2,225a64a3bd6d2bda8dfdbb7a39324326f79eb9b2,['CWE-862'],CVE-2021-39184
gpac,https://github.com/gpac/gpac/commit/a0e6aa849002863a63e6f9e9daecca47042954c4,a0e6aa849002863a63e6f9e9daecca47042954c4,"['CWE-787', 'CWE-401']",CVE-2020-22673
gpac,https://github.com/gpac/gpac/commit/6040a5981a9f51410bd18af8820afbd2748c2d76,6040a5981a9f51410bd18af8820afbd2748c2d76,['CWE-476'],CVE-2020-22674
gpac,https://github.com/gpac/gpac/commit/5aa8c4bbd970a3a77517b00528a596063efca1a9,5aa8c4bbd970a3a77517b00528a596063efca1a9,['CWE-787'],CVE-2020-22675
gpac,https://github.com/gpac/gpac/commit/7644478ecfa25fd9505ee11ef12deb475cd97025,7644478ecfa25fd9505ee11ef12deb475cd97025,['CWE-787'],CVE-2020-22678
gpac,https://github.com/gpac/gpac/commit/6c1e7ddfae2ad4daeda7f7e544da34cb765d36c9,6c1e7ddfae2ad4daeda7f7e544da34cb765d36c9,['CWE-401'],CVE-2020-22679
OpenRC/openrc,https://github.com/OpenRC/openrc/commit/bb8334104baf4d5a4a442a8647fb9204738f2204,bb8334104baf4d5a4a442a8647fb9204738f2204,['CWE-Other'],CVE-2021-42341
OpenRC/openrc,https://github.com/OpenRC/openrc/commit/63db2d99e730547339d1bdd28e8437999c380cae,63db2d99e730547339d1bdd28e8437999c380cae,['CWE-Other'],CVE-2021-42341
bfabiszewski/libmobi,https://github.com/bfabiszewski/libmobi/commit/bec783e6212439a335ba6e8df7ab8ed610ca9a21,bec783e6212439a335ba6e8df7ab8ed610ca9a21,"['CWE-119', 'CWE-125']",CVE-2021-3881
nothings/stb,https://github.com/nothings/stb/commit/86b7570cfba845e8209c6aec2d15e487bb1d8bb4,86b7570cfba845e8209c6aec2d15e487bb1d8bb4,['CWE-787'],CVE-2021-28021
signalwire/freeswitch,https://github.com/signalwire/freeswitch/commit/bd87b8892c260753af5672b6f865684036f157dc,bd87b8892c260753af5672b6f865684036f157dc,['CWE-909'],CVE-2021-36513
bfabiszewski/libmobi,https://github.com/bfabiszewski/libmobi/commit/c78e186739b50d156cb3da5d08d70294f0490853,c78e186739b50d156cb3da5d08d70294f0490853,['CWE-119'],CVE-2021-3888
torvalds/linux,https://github.com/torvalds/linux/commit/d8316f3991d207fe32881a9ac20241be8fa2bad0,d8316f3991d207fe32881a9ac20241be8fa2bad0,['CWE-787'],CVE-2014-0077
torvalds/linux,https://github.com/torvalds/linux/commit/1d147bfa64293b2723c4fec50922168658e613ba,1d147bfa64293b2723c4fec50922168658e613ba,['CWE-362'],CVE-2014-2706
torvalds/linux,https://github.com/torvalds/linux/commit/b2853fd6c2d0f383dbdf7427e263eb576a633867,b2853fd6c2d0f383dbdf7427e263eb576a633867,['CWE-20'],CVE-2014-2739
SpiderLabs/ModSecurity,https://github.com/SpiderLabs/ModSecurity/commit/f8d441cd25172fdfe5b613442fedfc0da3cc333d,f8d441cd25172fdfe5b613442fedfc0da3cc333d,['CWE-Other'],CVE-2013-5705
wireshark,https://github.com/wireshark/wireshark/commit/30ba425e7e95f7b61b3a3e5ff0c46e4be9d3d8d7,30ba425e7e95f7b61b3a3e5ff0c46e4be9d3d8d7,['CWE-Other'],CVE-2014-2907
chromium,https://github.com/chromium/chromium/commit/8af0539080de07191019585dd752678f55774f54,8af0539080de07191019585dd752678f55774f54,['CWE-843'],CVE-2014-1731
chromium,https://github.com/chromium/chromium/commit/f6205c925db9508cb21c98cf7488eb785e08ff0b,f6205c925db9508cb21c98cf7488eb785e08ff0b,['CWE-20'],CVE-2014-1733
chromium,https://github.com/chromium/chromium/commit/d116bcff3746cc9e54e40664ec9fe37b871815ad,d116bcff3746cc9e54e40664ec9fe37b871815ad,['CWE-Other'],CVE-2014-1735
chromium,https://github.com/chromium/chromium/commit/9a3dbf43f97aa7cb6b4399f9b11ce1de20f0680f,9a3dbf43f97aa7cb6b4399f9b11ce1de20f0680f,['CWE-Other'],CVE-2014-1735
torvalds/linux,https://github.com/torvalds/linux/commit/a03ffcf873fe0f2565386ca8ef832144c42e67fa,a03ffcf873fe0f2565386ca8ef832144c42e67fa,['CWE-189'],CVE-2014-2889
radvd-project/radvd,https://github.com/radvd-project/radvd/commit/92e22ca23e52066da2258df8c76a2dca8a428bcc,92e22ca23e52066da2258df8c76a2dca8a428bcc,['CWE-22'],CVE-2011-3602
xen-project/xen,https://github.com/xen-project/xen/commit/bf70db7cea3794cf2f3c8d714b460bba86b04791,bf70db7cea3794cf2f3c8d714b460bba86b04791,['CWE-20'],CVE-2014-2986
fish-shell,https://github.com/fish-shell/fish-shell/commit/ba1b5e34a77369e28ff563e47c088c55664a8a11,ba1b5e34a77369e28ff563e47c088c55664a8a11,['CWE-264'],CVE-2014-2905
xen-project/xen,https://github.com/xen-project/xen/commit/893256ffae0cf3be34a33a15efe2f2058b4b4fb7,893256ffae0cf3be34a33a15efe2f2058b4b4fb7,['CWE-264'],CVE-2014-3125
php/php-src,https://github.com/php/php-src/commit/35ceea928b12373a3b1e3eecdc32ed323223a40d,35ceea928b12373a3b1e3eecdc32ed323223a40d,['CWE-269'],CVE-2014-0185
torvalds/linux,https://github.com/torvalds/linux/commit/4291086b1f081b869c6d79e5b7441633dc3ace00,4291086b1f081b869c6d79e5b7441633dc3ace00,['CWE-362'],CVE-2014-0196
xen-project/xen,https://github.com/xen-project/xen/commit/83bb5eb4d340acebf27b34108fb1dae062146a68,83bb5eb4d340acebf27b34108fb1dae062146a68,['CWE-264'],CVE-2014-3124
torvalds/linux,https://github.com/torvalds/linux/commit/ef87dbe7614341c2e7bfe8d32fcb7028cc97442c,ef87dbe7614341c2e7bfe8d32fcb7028cc97442c,['CWE-754'],CVE-2014-1737
torvalds/linux,https://github.com/torvalds/linux/commit/2145e15e0557a01b9195d1c7199a1b92cb9be81f,2145e15e0557a01b9195d1c7199a1b92cb9be81f,['CWE-200'],CVE-2014-1738
torvalds/linux,https://github.com/torvalds/linux/commit/57e68e9cd65b4b8eb4045a1e0d0746458502554c,57e68e9cd65b4b8eb4045a1e0d0746458502554c,['CWE-400'],CVE-2014-3122
chromium,https://github.com/chromium/chromium/commit/b39c954297097454a3b867c45cdad8a1577c761c,b39c954297097454a3b867c45cdad8a1577c761c,['CWE-399'],CVE-2014-1740
chromium,https://github.com/chromium/chromium/commit/ed1bc278b276d660b5b80884dc9a655b0a17d258,ed1bc278b276d660b5b80884dc9a655b0a17d258,['CWE-189'],CVE-2014-1741
chromium,https://github.com/chromium/chromium/commit/3c7b24311c9bc909779984c297b43223dc6ac2f2,3c7b24311c9bc909779984c297b43223dc6ac2f2,['CWE-399'],CVE-2014-1742
adaptivecomputing/torque,https://github.com/adaptivecomputing/torque/commit/3ed749263abe3d69fa3626d142a5789dcb5a5684,3ed749263abe3d69fa3626d142a5789dcb5a5684,['CWE-119'],CVE-2014-0749
xen-project/xen,https://github.com/xen-project/xen/commit/2cd6bf3653a2b983c90bf3af42d199c499db4165,2cd6bf3653a2b983c90bf3af42d199c499db4165,"['CWE-119', 'CWE-20']",CVE-2014-3714
KDE/kde1-kdebase,https://github.com/KDE/kde1-kdebase/commit/04906bd5de2f220bf100b605dad37b4a1d9a91a6,04906bd5de2f220bf100b605dad37b4a1d9a91a6,['CWE-Other'],CVE-1999-0731
GNOME/gimp,https://github.com/GNOME/gimp/commit/323ecb73f7bf36788fb7066eb2d6678830cd5de7,323ecb73f7bf36788fb7066eb2d6678830cd5de7,['CWE-Other'],CVE-2007-3126
jcollie/asterisk,https://github.com/jcollie/asterisk/commit/a8b180875b037b8da26f6a3bcc8e5e98b8c904d2,a8b180875b037b8da26f6a3bcc8e5e98b8c904d2,['CWE-287'],CVE-2008-1897
kaoru6/asterisk,https://github.com/kaoru6/asterisk/commit/1fe14f38dd43dc894d21f85762b51208ba5c8acb,1fe14f38dd43dc894d21f85762b51208ba5c8acb,['CWE-287'],CVE-2008-1897
xrg/asterisk-xrg,https://github.com/xrg/asterisk-xrg/commit/51714a24347dc57f9a208a4a8af84115ef407b83,51714a24347dc57f9a208a4a8af84115ef407b83,['CWE-287'],CVE-2008-1897
silentindark/asterisk-1,https://github.com/silentindark/asterisk-1/commit/fe8b7f31db687f8b9992864b82c93d22833019c7,fe8b7f31db687f8b9992864b82c93d22833019c7,['CWE-287'],CVE-2008-1897
mojolingo/asterisk,https://github.com/mojolingo/asterisk/commit/20ac3662f137dbf7f42d5295590069a7d3b1166b,20ac3662f137dbf7f42d5295590069a7d3b1166b,['CWE-287'],CVE-2008-1897
xrg/asterisk-xrg,https://github.com/xrg/asterisk-xrg/commit/10da3dab24e8ca08cf2c983f8d0206e383535b5a,10da3dab24e8ca08cf2c983f8d0206e383535b5a,['CWE-287'],CVE-2008-1897
lyx2014/Asterisk,https://github.com/lyx2014/Asterisk/commit/0670e43c30135044e25cca7f80e1833e2c128653,0670e43c30135044e25cca7f80e1833e2c128653,['CWE-287'],CVE-2008-1897
jcollie/asterisk,https://github.com/jcollie/asterisk/commit/60de4fbbdf3ede49f158e23a9e3b679f2e519c1e,60de4fbbdf3ede49f158e23a9e3b679f2e519c1e,['CWE-287'],CVE-2008-1897
pruiz/asterisk,https://github.com/pruiz/asterisk/commit/e0ef9bd22810c6969a7f222eec04798f19a7e2d6,e0ef9bd22810c6969a7f222eec04798f19a7e2d6,['CWE-287'],CVE-2008-1897
jcollie/asterisk,https://github.com/jcollie/asterisk/commit/771b3d8749b34b6eea4e03a2e514380da9582f90,771b3d8749b34b6eea4e03a2e514380da9582f90,['CWE-287'],CVE-2008-1897
torvalds/linux,https://github.com/torvalds/linux/commit/77e70d351db7de07a46ac49b87a6c3c7a60fca7e,77e70d351db7de07a46ac49b87a6c3c7a60fca7e,['CWE-416'],CVE-2020-25669
cacalabs/libcaca,https://github.com/cacalabs/libcaca/commit/ab04483ee1a846d6b74b2e6248e980152baec3f6,ab04483ee1a846d6b74b2e6248e980152baec3f6,"['CWE-119', 'CWE-787']",CVE-2021-30498
GNOME/libxml2,https://github.com/GNOME/libxml2/commit/1358d157d0bd83be1dfe356a69213df9fac0b539,1358d157d0bd83be1dfe356a69213df9fac0b539,['CWE-416'],CVE-2021-3516
qemu,https://github.com/qemu/qemu/commit/659142ecf71a0da240ab0ff7cf929ee25c32b9bc,659142ecf71a0da240ab0ff7cf929ee25c32b9bc,['CWE-476'],CVE-2019-12067
qemu,https://github.com/qemu/qemu/commit/bea2a9e3e00b275dc40cfa09c760c715b8753e03,bea2a9e3e00b275dc40cfa09c760c715b8753e03,['CWE-369'],CVE-2020-27661
KDE/messagelib,https://github.com/KDE/messagelib/commit/3b5b171e91ce78b966c98b1292a1bcbc8d984799,3b5b171e91ce78b966c98b1292a1bcbc8d984799,['CWE-312'],CVE-2021-31855
ffmpeg,https://github.com/FFmpeg/FFmpeg/commit/26d3c81bc5ef2f8c3f09d45eaeacfb4b1139a777,26d3c81bc5ef2f8c3f09d45eaeacfb4b1139a777,['CWE-129'],CVE-2021-33815
google/asylo,https://github.com/google/asylo/commit/53ed5d8fd8118ced1466e509606dd2f473707a5c,53ed5d8fd8118ced1466e509606dd2f473707a5c,['CWE-788'],CVE-2021-22548
google/asylo,https://github.com/google/asylo/commit/ecfcd0008b6f8f63c6fa3cc1b62fcd4a52f2c0ad,ecfcd0008b6f8f63c6fa3cc1b62fcd4a52f2c0ad,['CWE-668'],CVE-2021-22549
google/asylo,https://github.com/google/asylo/commit/a47ef55db2337d29de19c50cd29b0deb2871d31c,a47ef55db2337d29de19c50cd29b0deb2871d31c,['CWE-668'],CVE-2021-22550
tedd-an/test-bluez,https://github.com/tedd-an/test-bluez/commit/3a40bef49305f8327635b81ac8be52a3ca063d5a,3a40bef49305f8327635b81ac8be52a3ca063d5a,['CWE-125'],CVE-2021-3588
jerryscript-project/jerryscript,https://github.com/jerryscript-project/jerryscript/commit/26d3a90de29ec38e69d135dc256adead874e8317,26d3a90de29ec38e69d135dc256adead874e8317,"['CWE-787', 'CWE-416']",CVE-2020-23302
jerryscript-project/jerryscript,https://github.com/jerryscript-project/jerryscript/commit/b5c2323954fde19af568c69bf5db791fc24c64e3,b5c2323954fde19af568c69bf5db791fc24c64e3,['CWE-617'],CVE-2020-23308
jerryscript-project/jerryscript,https://github.com/jerryscript-project/jerryscript/commit/14dd68afa50a82ed7a43d25508d701dcaa631e3e,14dd68afa50a82ed7a43d25508d701dcaa631e3e,['CWE-617'],CVE-2020-23310
jerryscript-project/jerryscript,https://github.com/jerryscript-project/jerryscript/commit/3bf4b7c9a4c923e66d5e836b598d17501865dc18,3bf4b7c9a4c923e66d5e836b598d17501865dc18,['CWE-617'],CVE-2020-23311
jerryscript-project/jerryscript,https://github.com/jerryscript-project/jerryscript/commit/0044a35188e5275194597a6f0e076b1faa2f0d86,0044a35188e5275194597a6f0e076b1faa2f0d86,['CWE-787'],CVE-2020-23321
jerryscript-project/jerryscript,https://github.com/jerryscript-project/jerryscript/commit/16dc78e11f8904406a7c5e4ea036d4661fcbc1ac,16dc78e11f8904406a7c5e4ea036d4661fcbc1ac,['CWE-617'],CVE-2020-23322
jerryscript-project/jerryscript,https://github.com/jerryscript-project/jerryscript/commit/a2a1c97bfbbd856e2ee9b5bafd10b1d18ce7d1fe,a2a1c97bfbbd856e2ee9b5bafd10b1d18ce7d1fe,['CWE-787'],CVE-2021-26195
jerryscript-project/jerryscript,https://github.com/jerryscript-project/jerryscript/commit/39b9e47d503eac26fc1649396d0bd13aa46a2ec5,39b9e47d503eac26fc1649396d0bd13aa46a2ec5,['CWE-754'],CVE-2021-26197
jerryscript-project/jerryscript,https://github.com/jerryscript-project/jerryscript/commit/c8354e8a62d174786adf86dd4be2e31074e0e9d0,c8354e8a62d174786adf86dd4be2e31074e0e9d0,['CWE-Other'],CVE-2021-26198
jerryscript-project/jerryscript,https://github.com/jerryscript-project/jerryscript/commit/bf2c9e1f06f00d32c945d8e96c8b7c3b67f63455,bf2c9e1f06f00d32c945d8e96c8b7c3b67f63455,['CWE-416'],CVE-2021-26199
nextcloud/desktop,https://github.com/nextcloud/desktop/commit/142180c0e297ef500daf8328e7ea3020e33a3639,142180c0e297ef500daf8328e7ea3020e33a3639,['CWE-295'],CVE-2021-22895
facebook/hermes,https://github.com/facebook/hermes/commit/d86e185e485b6330216dee8e854455c694e3a36e,d86e185e485b6330216dee8e854455c694e3a36e,['CWE-416'],CVE-2021-24037
quassel,https://github.com/quassel/quassel/commit/104d01d2c619f6926bcaccea860da90b19449ad5,104d01d2c619f6926bcaccea860da90b19449ad5,['CWE-319'],CVE-2021-34825
quassel,https://github.com/quassel/quassel/commit/1fc1282f0859daa4fa2cd42a7b4d3ab785765563,1fc1282f0859daa4fa2cd42a7b4d3ab785765563,['CWE-319'],CVE-2021-34825
contiki-ng,https://github.com/contiki-ng/contiki-ng/commit/f0bb7f314c424630837d2ed08ec0bc90e1ccb15e,f0bb7f314c424630837d2ed08ec0bc90e1ccb15e,['CWE-120'],CVE-2021-21282
contiki-ng,https://github.com/contiki-ng/contiki-ng/commit/99a9257421ca5305ef6a360c02f63561e63ecc60,99a9257421ca5305ef6a360c02f63561e63ecc60,['CWE-787'],CVE-2021-21257
contiki-ng,https://github.com/contiki-ng/contiki-ng/commit/b88e5c303db21578799e5083bda9580922dc17b4,b88e5c303db21578799e5083bda9580922dc17b4,['CWE-787'],CVE-2021-21280
contiki-ng,https://github.com/contiki-ng/contiki-ng/commit/971354a39e46abfb3ea8f3fe542f53a7c6b17dd1,971354a39e46abfb3ea8f3fe542f53a7c6b17dd1,['CWE-125'],CVE-2021-21410
contiki-ng,https://github.com/contiki-ng/contiki-ng/commit/668f244058644c79752ef8a0d24d45721b510021,668f244058644c79752ef8a0d24d45721b510021,['CWE-125'],CVE-2021-21410
SerenityOS/serenity,https://github.com/SerenityOS/serenity/commit/3844e8569689dd476064a0759d704bc64fb3ca2c,3844e8569689dd476064a0759d704bc64fb3ca2c,['CWE-22'],CVE-2021-31272
SerenityOS/serenity,https://github.com/SerenityOS/serenity/commit/fafe204ef20c6717427916cc4795a28adafe2f69,fafe204ef20c6717427916cc4795a28adafe2f69,['CWE-120'],CVE-2021-33185
SerenityOS/serenity,https://github.com/SerenityOS/serenity/commit/8e6cb0a579df34bbdcfbbc8e0f4d8244d4747409,8e6cb0a579df34bbdcfbbc8e0f4d8244d4747409,['CWE-120'],CVE-2021-33185
SerenityOS/serenity,https://github.com/SerenityOS/serenity/commit/e8cc105a54ca7ab1859dbb1afee87c5d95c0284a,e8cc105a54ca7ab1859dbb1afee87c5d95c0284a,['CWE-120'],CVE-2021-33185
torvalds/linux,https://github.com/torvalds/linux/commit/9183671af6dbf60a1219371d4ed73e23f43b49db,9183671af6dbf60a1219371d4ed73e23f43b49db,['CWE-843'],CVE-2021-33624
justdan96/tsMuxer,https://github.com/justdan96/tsMuxer/commit/9070a9917f45bcada64a16be3b280d5147f9074d,9070a9917f45bcada64a16be3b280d5147f9074d,['CWE-369'],CVE-2021-34069
justdan96/tsMuxer,https://github.com/justdan96/tsMuxer/commit/378377e9245549caf889988ca6c21807ec7f8873,378377e9245549caf889988ca6c21807ec7f8873,['CWE-125'],CVE-2021-34070
justdan96/tsMuxer,https://github.com/justdan96/tsMuxer/commit/ea879f3b915baa4f9d145ce44229f7b3b1952c30,ea879f3b915baa4f9d145ce44229f7b3b1952c30,['CWE-787'],CVE-2021-34071
FISCO-BCOS,https://github.com/FISCO-BCOS/FISCO-BCOS/commit/d9c2dc1c26afb7a10a0834bd89683bfcbbeae408,d9c2dc1c26afb7a10a0834bd89683bfcbbeae408,['CWE-20'],CVE-2021-35041
torvalds/linux,https://github.com/torvalds/linux/commit/973c096f6a85e5b5f2a295126ba6928d9a6afd45,973c096f6a85e5b5f2a295126ba6928d9a6afd45,['CWE-125'],CVE-2020-28097
mackron/miniaudio,https://github.com/mackron/miniaudio/commit/8234df87c9268507847e0033280067bade9a57a1,8234df87c9268507847e0033280067bade9a57a1,['CWE-415'],CVE-2021-34184
mackron/miniaudio,https://github.com/mackron/miniaudio/commit/73e1589afa0900e22134fd78523aa64307189f48,73e1589afa0900e22134fd78523aa64307189f48,['CWE-120'],CVE-2021-34185
roehling/postsrsd,https://github.com/roehling/postsrsd/commit/077be98d8c8a9847e4ae0c7dc09e7474cbe27db2,077be98d8c8a9847e4ae0c7dc09e7474cbe27db2,['CWE-Other'],CVE-2021-35525
aawc/unrar,https://github.com/aawc/unrar/commit/0ff832d31470471803b175cfff4e40c1b08ee779,0ff832d31470471803b175cfff4e40c1b08ee779,['CWE-787'],CVE-2017-20006
darktable-org/rawspeed,https://github.com/darktable-org/rawspeed/commit/dbe7591e54bad5e6430d38be6bed051582da76b9,dbe7591e54bad5e6430d38be6bed051582da76b9,['CWE-787'],CVE-2018-25017
libressl/portable,https://github.com/libressl/portable/commit/17c88164016df821df2dff4b2b1291291ec4f28a,17c88164016df821df2dff4b2b1291291ec4f28a,['CWE-125'],CVE-2019-25048
samtools/htslib,https://github.com/samtools/htslib/commit/dcd4b7304941a8832fba2d0fc4c1e716e7a4e72c,dcd4b7304941a8832fba2d0fc4c1e716e7a4e72c,['CWE-787'],CVE-2020-36403
uNetworking/uWebSockets,https://github.com/uNetworking/uWebSockets/commit/03fca626a95130ab80f86adada54b29d27242759,03fca626a95130ab80f86adada54b29d27242759,['CWE-787'],CVE-2020-36406
AOMediaCodec/libavif,https://github.com/AOMediaCodec/libavif/commit/0a8e7244d494ae98e9756355dfbfb6697ded2ff9,0a8e7244d494ae98e9756355dfbfb6697ded2ff9,['CWE-787'],CVE-2020-36407
ntop/nDPI,https://github.com/ntop/nDPI/commit/1ec621c85b9411cc611652fd57a892cfef478af3,1ec621c85b9411cc611652fd57a892cfef478af3,['CWE-787'],CVE-2021-36082
SELinuxProject/selinux,https://github.com/SELinuxProject/selinux/commit/f34d3d30c8325e4847a6b696fe7a3936a8a361f3,f34d3d30c8325e4847a6b696fe7a3936a8a361f3,['CWE-416'],CVE-2021-36084
SELinuxProject/selinux,https://github.com/SELinuxProject/selinux/commit/2d35fcc7e9e976a2346b1de20e54f8663e8a6cba,2d35fcc7e9e976a2346b1de20e54f8663e8a6cba,['CWE-416'],CVE-2021-36085
SELinuxProject/selinux,https://github.com/SELinuxProject/selinux/commit/c49a8ea09501ad66e799ea41b8154b6770fec2c8,c49a8ea09501ad66e799ea41b8154b6770fec2c8,['CWE-416'],CVE-2021-36086
SELinuxProject/selinux,https://github.com/SELinuxProject/selinux/commit/340f0eb7f3673e8aacaf0a96cbfcd4d12a405521,340f0eb7f3673e8aacaf0a96cbfcd4d12a405521,['CWE-125'],CVE-2021-36087
fluent/fluent-bit,https://github.com/fluent/fluent-bit/commit/22346a74c07ceb90296be872be2d53eb92252a54,22346a74c07ceb90296be872be2d53eb92252a54,['CWE-415'],CVE-2021-36088
projectacrn/acrn-hypervisor,https://github.com/projectacrn/acrn-hypervisor/commit/154fe59531c12b82e26d1b24b5531f5066d224f5,154fe59531c12b82e26d1b24b5531f5066d224f5,['CWE-476'],CVE-2021-36143
projectacrn/acrn-hypervisor,https://github.com/projectacrn/acrn-hypervisor/commit/dd88504804e186029f845a166dc5c31695e2cca2,dd88504804e186029f845a166dc5c31695e2cca2,['CWE-416'],CVE-2021-36144
projectacrn/acrn-hypervisor,https://github.com/projectacrn/acrn-hypervisor/commit/f880086ffe5423e67d968c8f8f665954786582ce,f880086ffe5423e67d968c8f8f665954786582ce,['CWE-416'],CVE-2021-36145
projectacrn/acrn-hypervisor,https://github.com/projectacrn/acrn-hypervisor/commit/330359921e2e4c2f3f3a10b5bab86942d63c4428,330359921e2e4c2f3f3a10b5bab86942d63c4428,['CWE-476'],CVE-2021-36146
projectacrn/acrn-hypervisor,https://github.com/projectacrn/acrn-hypervisor/commit/131116b15b0e35a62085d23686b43ed1c12c1331,131116b15b0e35a62085d23686b43ed1c12c1331,['CWE-476'],CVE-2021-36147
projectacrn/acrn-hypervisor,https://github.com/projectacrn/acrn-hypervisor/commit/25c0e3817eb332660dd63d1d4522e63dcc94e79a,25c0e3817eb332660dd63d1d4522e63dcc94e79a,['CWE-120'],CVE-2021-36148
tcltk/tcl,https://github.com/tcltk/tcl/commit/4705dbdde2f32ff90420765cd93e7ac71d81a222,4705dbdde2f32ff90420765cd93e7ac71d81a222,['CWE-134'],CVE-2021-35331
mhammond/pywin32,https://github.com/mhammond/pywin32/commit/b860822ad233304fceefc4644bd353087a5309ec,b860822ad233304fceefc4644bd353087a5309ec,['CWE-190'],CVE-2021-32559
pcmacdon/jsish,https://github.com/pcmacdon/jsish/commit/858da537bde4de9d8c92466d5a866505310bc328,858da537bde4de9d8c92466d5a866505310bc328,['CWE-190'],CVE-2020-22874
pcmacdon/jsish,https://github.com/pcmacdon/jsish/commit/5408a6d93f45bf1f7acd9ae5d44e0ebd77379e98,5408a6d93f45bf1f7acd9ae5d44e0ebd77379e98,['CWE-190'],CVE-2020-22875
espruino/Espruino,https://github.com/espruino/Espruino/commit/c1043117262abef28903adbb944c0861da8dd8ec,c1043117262abef28903adbb944c0861da8dd8ec,['CWE-120'],CVE-2020-22884
pcmacdon/jsish,https://github.com/pcmacdon/jsish/commit/0b439f1babf3e6a32147acefb09638a5aafea12e,0b439f1babf3e6a32147acefb09638a5aafea12e,['CWE-787'],CVE-2020-22907
pcmacdon/jsish,https://github.com/pcmacdon/jsish/commit/1b5cb44d25469a4e61b71d8a974d2753fc2525e1,1b5cb44d25469a4e61b71d8a974d2753fc2525e1,['CWE-Other'],CVE-2021-46492
pcmacdon/jsish,https://github.com/pcmacdon/jsish/commit/597d5eb2985acc543714cfc819c5421e15104313,597d5eb2985acc543714cfc819c5421e15104313,['CWE-416'],CVE-2021-46494
pcmacdon/jsish,https://github.com/pcmacdon/jsish/commit/779c601c6645353bab7a8d1acba2197ddf79d26f,779c601c6645353bab7a8d1acba2197ddf79d26f,['CWE-416'],CVE-2021-46495
pcmacdon/jsish,https://github.com/pcmacdon/jsish/commit/1b2a9e2f35ecd5041e1c40b376a3d2959df73c24,1b2a9e2f35ecd5041e1c40b376a3d2959df73c24,['CWE-416'],CVE-2021-46497
pcmacdon/jsish,https://github.com/pcmacdon/jsish/commit/571601956737c6e53f641f774f59a3ed68b2fb32,571601956737c6e53f641f774f59a3ed68b2fb32,['CWE-416'],CVE-2021-46498
pcmacdon/jsish,https://github.com/pcmacdon/jsish/commit/9c9dbe59760a660e21d69d5cf6007c9ccbb5c9a3,9c9dbe59760a660e21d69d5cf6007c9ccbb5c9a3,['CWE-416'],CVE-2021-46499
pcmacdon/jsish,https://github.com/pcmacdon/jsish/commit/86ee8b5c6a5737f35a650fcf370d9d0f5823e531,86ee8b5c6a5737f35a650fcf370d9d0f5823e531,['CWE-416'],CVE-2021-46501
pcmacdon/jsish,https://github.com/pcmacdon/jsish/commit/afe90f9e724320e307788f00570c59692041cb41,afe90f9e724320e307788f00570c59692041cb41,['CWE-416'],CVE-2021-46502
pcmacdon/jsish,https://github.com/pcmacdon/jsish/commit/7df22ab2fad6bf7cecf96465caede6401b9b451c,7df22ab2fad6bf7cecf96465caede6401b9b451c,['CWE-416'],CVE-2021-46503
pcmacdon/jsish,https://github.com/pcmacdon/jsish/commit/48b86dbeb287dca8e5451cb6d6a60e98156c5c8b,48b86dbeb287dca8e5451cb6d6a60e98156c5c8b,['CWE-617'],CVE-2021-46504
pcmacdon/jsish,https://github.com/pcmacdon/jsish/commit/619df528295ef564592a898d58b560c3f3176e21,619df528295ef564592a898d58b560c3f3176e21,['CWE-674'],CVE-2021-46505
pcmacdon/jsish,https://github.com/pcmacdon/jsish/commit/c8eae8318fac1498e02755ebaa9a433461d0cd64,c8eae8318fac1498e02755ebaa9a433461d0cd64,['CWE-617'],CVE-2021-46506
pcmacdon/jsish,https://github.com/pcmacdon/jsish/commit/b99d9eac3d01d3f9ea8959aed092168c0aadd448,b99d9eac3d01d3f9ea8959aed092168c0aadd448,['CWE-674'],CVE-2021-46507
torvalds/linux,https://github.com/torvalds/linux/commit/f9d87929d451d3e649699d0f1d74f71f77ad38f5,f9d87929d451d3e649699d0f1d74f71f77ad38f5,['CWE-416'],CVE-2022-24122
juce-framework/JUCE,https://github.com/juce-framework/JUCE/commit/2e874e80cba0152201aff6a4d0dc407997d10a7f,2e874e80cba0152201aff6a4d0dc407997d10a7f,"['CWE-22', 'CWE-59']",CVE-2021-23520
radareorg/radare2,https://github.com/radareorg/radare2/commit/feaa4e7f7399c51ee6f52deb84dc3f795b4035d6,feaa4e7f7399c51ee6f52deb84dc3f795b4035d6,['CWE-476'],CVE-2022-0419
h2o,https://github.com/h2o/h2o/commit/8c0eca3d9bc1f08e7c6bdf57645f3d54aed7d844,8c0eca3,['CWE-908'],CVE-2021-43848
Fstark-prog/jhead,https://github.com/Fstark-prog/jhead/commit/5186ddcf9e35a7aa0ff0539489a930434a1325f4,5186ddcf9e35a7aa0ff0539489a930434a1325f4,['CWE-787'],CVE-2020-26208
tensorflow,https://github.com/tensorflow/tensorflow/commit/23968a8bf65b009120c43b5ebcceaf52dbc9e943,23968a8bf65b009120c43b5ebcceaf52dbc9e943,['CWE-125'],CVE-2022-21726
tensorflow,https://github.com/tensorflow/tensorflow/commit/002408c3696b173863228223d535f9de72a101a9,002408c3696b173863228223d535f9de72a101a9,['CWE-125'],CVE-2022-21730
tensorflow,https://github.com/tensorflow/tensorflow/commit/08d7b00c0a5a20926363849f611729f53f3ec022,08d7b00c0a5a20926363849f611729f53f3ec022,['CWE-843'],CVE-2022-21731
tensorflow,https://github.com/tensorflow/tensorflow/commit/e3749a6d5d1e8d11806d4a2e9cc3123d1a90b75e,e3749a6d5d1e8d11806d4a2e9cc3123d1a90b75e,['CWE-770'],CVE-2022-21732
tensorflow,https://github.com/tensorflow/tensorflow/commit/f68fdab93fb7f4ddb4eb438c8fe052753c9413e8,f68fdab93fb7f4ddb4eb438c8fe052753c9413e8,['CWE-190'],CVE-2022-21733
tensorflow,https://github.com/tensorflow/tensorflow/commit/965b97e4a9650495cda5a8c210ef6684b4b9eceb,965b97e4a9650495cda5a8c210ef6684b4b9eceb,['CWE-476'],CVE-2022-21736
tensorflow,https://github.com/tensorflow/tensorflow/commit/e952a89b7026b98fe8cbe626514a93ed68b7c510,e952a89b7026b98fe8cbe626514a93ed68b7c510,['CWE-190'],CVE-2022-23567
tensorflow,https://github.com/tensorflow/tensorflow/commit/1b54cadd19391b60b6fcccd8d076426f7221d5e8,1b54cadd19391b60b6fcccd8d076426f7221d5e8,['CWE-190'],CVE-2022-23567
tensorflow,https://github.com/tensorflow/tensorflow/commit/3218043d6d3a019756607643cf65574fbfef5d7a,3218043d6d3a019756607643cf65574fbfef5d7a,['CWE-369'],CVE-2022-21725
tensorflow,https://github.com/tensorflow/tensorflow/commit/58b34c6c8250983948b5a781b426f6aa01fd47af,58b34c6c8250983948b5a781b426f6aa01fd47af,['CWE-190'],CVE-2022-21729
tensorflow,https://github.com/tensorflow/tensorflow/commit/7019ce4f68925fd01cdafde26f8d8c938f47e6f9,7019ce4f68925fd01cdafde26f8d8c938f47e6f9,['CWE-754'],CVE-2022-21737
tensorflow,https://github.com/tensorflow/tensorflow/commit/53b0dd6dc5957652f35964af16b892ec9af4a559,53b0dd6dc5957652f35964af16b892ec9af4a559,['CWE-476'],CVE-2022-21739
tensorflow,https://github.com/tensorflow/tensorflow/commit/e5b0eec199c2d03de54fd6a7fd9275692218e2bc,e5b0eec199c2d03de54fd6a7fd9275692218e2bc,['CWE-369'],CVE-2022-21741
VirusTotal/yara,https://github.com/VirusTotal/yara/commit/a36b497926b141624ea673111a101e9ddd7ac2eb,a36b497926b141624ea673111a101e9ddd7ac2eb,['CWE-120'],CVE-2021-45429
gpac,https://github.com/gpac/gpac/commit/71f9871fc210e60df041b58c84572782b4849de9,71f9871fc210e60df041b58c84572782b4849de9,['CWE-476'],CVE-2022-24249
torvalds/linux,https://github.com/torvalds/linux/commit/ac795161c93699d600db16c1a8cc23a65a1eceaf,ac795161c93699d600db16c1a8cc23a65a1eceaf,"['CWE-908', 'CWE-755']",CVE-2022-24448
torvalds/linux,https://github.com/torvalds/linux/commit/ab0fc21bc7105b54bafd85bd8b82742f9e68898a,ab0fc21bc7105b54bafd85bd8b82742f9e68898a,"['CWE-908', 'CWE-755']",CVE-2022-24448
gpac,https://github.com/gpac/gpac/commit/64a2e1b799352ac7d7aad1989bc06e7b0f2b01db,64a2e1b799352ac7d7aad1989bc06e7b0f2b01db,['CWE-476'],CVE-2021-4043
mruby,https://github.com/mruby/mruby/commit/ae3c99767a27f5c6c584162e2adc6a5d0eb2c54e,ae3c99767a27f5c6c584162e2adc6a5d0eb2c54e,['CWE-476'],CVE-2022-0481
tensorflow,https://github.com/tensorflow/tensorflow/commit/8c6f391a2282684a25cbfec7687bd5d35261a209,8c6f391a2282684a25cbfec7687bd5d35261a209,['CWE-369'],CVE-2022-23557
tensorflow,https://github.com/tensorflow/tensorflow/commit/a1e1511dde36b3f8aa27a6ec630838e7ea40e091,a1e1511dde36b3f8aa27a6ec630838e7ea40e091,['CWE-190'],CVE-2022-23558
tensorflow,https://github.com/tensorflow/tensorflow/commit/1de49725a5fc4e48f1a3b902ec3599ee99283043,1de49725a5fc4e48f1a3b902ec3599ee99283043,['CWE-190'],CVE-2022-23559
tensorflow,https://github.com/tensorflow/tensorflow/commit/a4e401da71458d253b05e41f28637b65baf64be4,a4e401da71458d253b05e41f28637b65baf64be4,['CWE-190'],CVE-2022-23559
tensorflow,https://github.com/tensorflow/tensorflow/commit/6364463d6f5b6254cac3d6aedf999b6a96225038,6364463d6f5b6254cac3d6aedf999b6a96225038,"['CWE-787', 'CWE-125']",CVE-2022-23560
tensorflow,https://github.com/tensorflow/tensorflow/commit/6c0b2b70eeee588591680f5b7d5d38175fd7cdf6,6c0b2b70eeee588591680f5b7d5d38175fd7cdf6,['CWE-787'],CVE-2022-23561
tensorflow,https://github.com/tensorflow/tensorflow/commit/14fea662350e7c26eb5fe1be2ac31704e5682ee6,14fea662350e7c26eb5fe1be2ac31704e5682ee6,['CWE-617'],CVE-2022-23564
tensorflow,https://github.com/tensorflow/tensorflow/commit/c2b31ff2d3151acb230edc3f5b1832d2c713a9e0,c2b31ff2d3151acb230edc3f5b1832d2c713a9e0,['CWE-617'],CVE-2022-23565
tensorflow,https://github.com/tensorflow/tensorflow/commit/97282c6d0d34476b6ba033f961590b783fa184cd,97282c6d0d34476b6ba033f961590b783fa184cd,['CWE-787'],CVE-2022-23566
tensorflow,https://github.com/tensorflow/tensorflow/commit/8a513cec4bec15961fbfdedcaa5376522980455c,8a513cec4bec15961fbfdedcaa5376522980455c,"['CWE-476', 'CWE-617']",CVE-2022-23570
tensorflow,https://github.com/tensorflow/tensorflow/commit/5b491cd5e41ad63735161cec9c2a568172c8b6a3,5b491cd5e41ad63735161cec9c2a568172c8b6a3,['CWE-617'],CVE-2022-23571
tensorflow,https://github.com/tensorflow/tensorflow/commit/cb164786dc891ea11d3a900e90367c339305dc7b,cb164786dc891ea11d3a900e90367c339305dc7b,['CWE-617'],CVE-2022-23572
tensorflow,https://github.com/tensorflow/tensorflow/commit/ef1d027be116f25e25bb94a60da491c2cf55bd0b,ef1d027be116f25e25bb94a60da491c2cf55bd0b,['CWE-908'],CVE-2022-23573
tensorflow,https://github.com/tensorflow/tensorflow/commit/0657c83d08845cc434175934c642299de2c0f042,0657c83d08845cc434175934c642299de2c0f042,"['CWE-787', 'CWE-125']",CVE-2022-23574
tensorflow,https://github.com/tensorflow/tensorflow/commit/fcd18ce3101f245b083b30655c27b239dc72221e,fcd18ce3101f245b083b30655c27b239dc72221e,['CWE-190'],CVE-2022-23575
tensorflow,https://github.com/tensorflow/tensorflow/commit/b9bd6cfd1c50e6807846af9a86f9b83cafc9c8ae,b9bd6cfd1c50e6807846af9a86f9b83cafc9c8ae,['CWE-190'],CVE-2022-23576
tensorflow,https://github.com/tensorflow/tensorflow/commit/4f38b1ac8e42727e18a2f0bde06d3bee8e77b250,4f38b1ac8e42727e18a2f0bde06d3bee8e77b250,['CWE-476'],CVE-2022-23577
tensorflow,https://github.com/tensorflow/tensorflow/commit/c79ccba517dbb1a0ccb9b01ee3bd2a63748b60dd,c79ccba517dbb1a0ccb9b01ee3bd2a63748b60dd,['CWE-401'],CVE-2022-23578
tensorflow,https://github.com/tensorflow/tensorflow/commit/92dba16749fae36c246bec3f9ba474d9ddeb7662,92dba16749fae36c246bec3f9ba474d9ddeb7662,['CWE-617'],CVE-2022-23579
tensorflow,https://github.com/tensorflow/tensorflow/commit/1361fb7e29449629e1df94d44e0427ebec8c83c7,1361fb7e29449629e1df94d44e0427ebec8c83c7,['CWE-1284'],CVE-2022-23580
tensorflow,https://github.com/tensorflow/tensorflow/commit/1fb27733f943295d874417630edd3b38b34ce082,1fb27733f943295d874417630edd3b38b34ce082,['CWE-617'],CVE-2022-23581
tensorflow,https://github.com/tensorflow/tensorflow/commit/240655511cd3e701155f944a972db71b6c0b1bb6,240655511cd3e701155f944a972db71b6c0b1bb6,['CWE-617'],CVE-2022-23581
tensorflow,https://github.com/tensorflow/tensorflow/commit/ebc1a2ffe5a7573d905e99bd0ee3568ee07c12c1,ebc1a2ffe5a7573d905e99bd0ee3568ee07c12c1,['CWE-617'],CVE-2022-23581
tensorflow,https://github.com/tensorflow/tensorflow/commit/c2426bba00a01de6913738df8fa78e0215fcce02,c2426bba00a01de6913738df8fa78e0215fcce02,['CWE-617'],CVE-2022-23582
tensorflow,https://github.com/tensorflow/tensorflow/commit/e746adbfcfee15e9cfdb391ff746c765b99bdf9b,e746adbfcfee15e9cfdb391ff746c765b99bdf9b,['CWE-416'],CVE-2022-23584
tensorflow,https://github.com/tensorflow/tensorflow/commit/ab51e5b813573dc9f51efa335aebcf2994125ee9,ab51e5b813573dc9f51efa335aebcf2994125ee9,['CWE-401'],CVE-2022-23585
tensorflow,https://github.com/tensorflow/tensorflow/commit/dcc21c7bc972b10b6fb95c2fb0f4ab5a59680ec2,dcc21c7bc972b10b6fb95c2fb0f4ab5a59680ec2,['CWE-617'],CVE-2022-23586
tensorflow,https://github.com/tensorflow/tensorflow/commit/3d89911481ba6ebe8c88c1c0b595412121e6c645,3d89911481ba6ebe8c88c1c0b595412121e6c645,['CWE-617'],CVE-2022-23586
tensorflow,https://github.com/tensorflow/tensorflow/commit/0aaaae6eca5a7175a193696383f582f53adab23f,0aaaae6eca5a7175a193696383f582f53adab23f,['CWE-190'],CVE-2022-23587
tensorflow,https://github.com/tensorflow/tensorflow/commit/6b5adc0877de832b2a7c189532dbbbc64622eeb6,6b5adc0877de832b2a7c189532dbbbc64622eeb6,['CWE-617'],CVE-2022-23588
tensorflow,https://github.com/tensorflow/tensorflow/commit/0a365c029e437be0349c31f8d4c9926b69fa3fa1,0a365c029e437be0349c31f8d4c9926b69fa3fa1,['CWE-476'],CVE-2022-23589
tensorflow,https://github.com/tensorflow/tensorflow/commit/045deec1cbdebb27d817008ad5df94d96a08b1bf,045deec1cbdebb27d817008ad5df94d96a08b1bf,['CWE-476'],CVE-2022-23589
tensorflow,https://github.com/tensorflow/tensorflow/commit/955059813cc325dc1db5e2daa6221271406d4439,955059813cc325dc1db5e2daa6221271406d4439,['CWE-754'],CVE-2022-23590
tensorflow,https://github.com/tensorflow/tensorflow/commit/448a16182065bd08a202d9057dd8ca541e67996c,448a16182065bd08a202d9057dd8ca541e67996c,['CWE-674'],CVE-2022-23591
tensorflow,https://github.com/tensorflow/tensorflow/commit/c99d98cd189839dcf51aee94e7437b54b31f8abd,c99d98cd189839dcf51aee94e7437b54b31f8abd,['CWE-125'],CVE-2022-23592
tensorflow,https://github.com/tensorflow/tensorflow/commit/35f0fabb4c178253a964d7aabdbb15c6a398b69a,35f0fabb4c178253a964d7aabdbb15c6a398b69a,['CWE-754'],CVE-2022-23593
tensorflow,https://github.com/tensorflow/tensorflow/commit/e21af685e1828f7ca65038307df5cc06de4479e8,e21af685e1828f7ca65038307df5cc06de4479e8,['CWE-476'],CVE-2022-23595
ruby/cgi,https://github.com/ruby/cgi/commit/c728632c1c09d46cfd4ecbff9caaa3651dd1002a,c728632c1c09d46cfd4ecbff9caaa3651dd1002a,['CWE-190'],CVE-2021-41816
ruby/cgi,https://github.com/ruby/cgi/commit/3a62e20f76ea42ff0b4d45f2952479eab266ae1c,3a62e20f76ea42ff0b4d45f2952479eab266ae1c,['CWE-190'],CVE-2021-41816
FISCO-BCOS,https://github.com/FISCO-BCOS/FISCO-BCOS/commit/7eb4a2c6272c6727595b974f24843cf7785c62b0,7eb4a2c6272c6727595b974f24843cf7785c62b0,['CWE-Other'],CVE-2021-46359
FISCO-BCOS,https://github.com/FISCO-BCOS/FISCO-BCOS/commit/2716ba705abb83e9e99857dfdf0550bd11064d0c,2716ba705abb83e9e99857dfdf0550bd11064d0c,['CWE-Other'],CVE-2021-46359
ruven/iipsrv,https://github.com/ruven/iipsrv/commit/882925b295a80ec992063deffc2a3b0d803c3195,882925b295a80ec992063deffc2a3b0d803c3195,['CWE-190'],CVE-2021-46389
ruven/iipsrv,https://github.com/ruven/iipsrv/commit/4ed59265fbbd636dc2fbbf325f8ea37ed300a6d9,4ed59265fbbd636dc2fbbf325f8ea37ed300a6d9,['CWE-190'],CVE-2021-46389
radareorg/radare2,https://github.com/radareorg/radare2/commit/9650e3c352f675687bf6c6f65ff2c4a3d0e288fa,9650e3c352f675687bf6c6f65ff2c4a3d0e288fa,['CWE-787'],CVE-2022-0518
radareorg/radare2,https://github.com/radareorg/radare2/commit/8525ad0b9fd596f4b251bb3d7b114e6dc7ce1ee8,8525ad0b9fd596f4b251bb3d7b114e6dc7ce1ee8,['CWE-416'],CVE-2022-0520
radareorg/radare2,https://github.com/radareorg/radare2/commit/d17a7bdf166108a29a27cd89bf454f9fa6c050d6,d17a7bdf166108a29a27cd89bf454f9fa6c050d6,['CWE-119'],CVE-2022-0522
radareorg/radare2,https://github.com/radareorg/radare2/commit/35482cb760db10f87a62569e2f8872dbd95e9269,35482cb760db10f87a62569e2f8872dbd95e9269,['CWE-416'],CVE-2022-0523
mruby,https://github.com/mruby/mruby/commit/0849a2885f81cfd82134992c06df3ccd59052ac7,0849a2885f81cfd82134992c06df3ccd59052ac7,['CWE-125'],CVE-2022-0525
michaelrsweet/htmldoc,https://github.com/michaelrsweet/htmldoc/commit/312f0f9c12f26fbe015cd0e6cefa40e4b99017d9,312f0f9c12f26fbe015cd0e6cefa40e4b99017d9,['CWE-125'],CVE-2022-0534
torvalds/linux,https://github.com/torvalds/linux/commit/501e38a5531efbd77d5c73c0ba838a889bfc1d74,501e38a5531efbd77d5c73c0ba838a889bfc1d74,['CWE-763'],CVE-2022-24958
torvalds/linux,https://github.com/torvalds/linux/commit/89f3594d0de58e8a57d92d497dea9fee3d4b9cda,89f3594d0de58e8a57d92d497dea9fee3d4b9cda,['CWE-763'],CVE-2022-24958
torvalds/linux,https://github.com/torvalds/linux/commit/29eb31542787e1019208a2e1047bb7c76c069536,29eb31542787e1019208a2e1047bb7c76c069536,['CWE-401'],CVE-2022-24959
rockcarry/ffjpeg,https://github.com/rockcarry/ffjpeg/commit/09df4c4bb16a301ffec153d30ad33cc9956333f0,09df4c4bb16a301ffec153d30ad33cc9956333f0,['CWE-476'],CVE-2021-45385
torvalds/linux,https://github.com/torvalds/linux/commit/d6d86830705f173fca6087a3e67ceaf68db80523,d6d86830705f173fca6087a3e67ceaf68db80523,['CWE-909'],CVE-2022-0382
ccxvii/mujs,https://github.com/ccxvii/mujs/commit/df8559e7bdbc6065276e786217eeee70f28fce66,df8559e7bdbc6065276e786217eeee70f28fce66,['CWE-787'],CVE-2021-45005
nginx/njs,https://github.com/nginx/njs/commit/d457c9545e7e71ebb5c0479eb16b9d33175855e2,d457c9545e7e71ebb5c0479eb16b9d33175855e2,['CWE-119'],CVE-2021-46461
nginx/njs,https://github.com/nginx/njs/commit/39e8fa1b7db1680654527f8fa0e9ee93b334ecba,39e8fa1b7db1680654527f8fa0e9ee93b334ecba,['CWE-Other'],CVE-2021-46462
nginx/njs,https://github.com/nginx/njs/commit/6a40a85ff239497c6458c7dbef18f6a2736fe992,6a40a85ff239497c6458c7dbef18f6a2736fe992,['CWE-843'],CVE-2021-46463
nginx/njs,https://github.com/nginx/njs/commit/6a07c2156a07ef307b6dcf3c2ca8571a5f1af7a6,6a07c2156a07ef307b6dcf3c2ca8571a5f1af7a6,['CWE-416'],CVE-2022-25139
libexpat,https://github.com/libexpat/libexpat/commit/6881a4fc8596307ab9ff2e85e605afa2e413ab71,6881a4fc8596307ab9ff2e85e605afa2e413ab71,['CWE-668'],CVE-2022-25236
radareorg/radare2,https://github.com/radareorg/radare2/commit/b5cb90b28ec71fda3504da04e3cc94a362807f5e,b5cb90b28ec71fda3504da04e3cc94a362807f5e,['CWE-416'],CVE-2022-0559
torvalds/linux,https://github.com/torvalds/linux/commit/2287a51ba822384834dafc1c798453375d1107c7,2287a51ba822384834dafc1c798453375d1107c7,['CWE-125'],CVE-2021-3753
torvalds/linux,https://github.com/torvalds/linux/commit/75e5b4849b81e19e9efe1654b30d7f3151c33c2c,75e5b4849b81e19e9efe1654b30d7f3151c33c2c,['CWE-476'],CVE-2022-25258
jerryscript-project/jerryscript,https://github.com/jerryscript-project/jerryscript/commit/5e1fdd1d1e75105b43392b4bb3996099cdc50f3d,5e1fdd1d1e75105b43392b4bb3996099cdc50f3d,['CWE-617'],CVE-2022-22901
sprinfall/webcc,https://github.com/sprinfall/webcc/commit/55a45fd5039061d5cc62e9f1b9d1f7e97a15143f,55a45fd5039061d5cc62e9f1b9d1f7e97a15143f,['CWE-22'],CVE-2022-25298
cesanta/mongoose,https://github.com/cesanta/mongoose/commit/c65c8fdaaa257e0487ab0aaae9e8f6b439335945,c65c8fdaaa257e0487ab0aaae9e8f6b439335945,['CWE-552'],CVE-2022-25299
stefanberger/swtpm,https://github.com/stefanberger/swtpm/commit/9f740868fc36761de27df3935513bdebf8852d19,9f740868fc36761de27df3935513bdebf8852d19,['CWE-125'],CVE-2022-23645
torvalds/linux,https://github.com/torvalds/linux/commit/38ea1eac7d88072bbffb630e2b3db83ca649b826,38ea1eac7d88072bbffb630e2b3db83ca649b826,['CWE-1284'],CVE-2022-25375
drogonframework/drogon,https://github.com/drogonframework/drogon/commit/3c785326c63a34aa1799a639ae185bc9453cb447,3c785326c63a34aa1799a639ae185bc9453cb447,['CWE-552'],CVE-2022-25297
radareorg/radare2,https://github.com/radareorg/radare2/commit/c84b7232626badd075caf3ae29661b609164bac6,c84b7232626badd075caf3ae29661b609164bac6,['CWE-787'],CVE-2022-0676
radareorg/radare2,https://github.com/radareorg/radare2/commit/a35f89f86ed12161af09330e92e5a213014e46a1,a35f89f86ed12161af09330e92e5a213014e46a1,['CWE-787'],CVE-2022-0713
pjsip/pjproject,https://github.com/pjsip/pjproject/commit/db3235953baa56d2fb0e276ca510fefca751643f,db3235953baa56d2fb0e276ca510fefca751643f,['CWE-416'],CVE-2022-23608
envoyproxy/envoy,https://github.com/envoyproxy/envoy/commit/148de954ed3585d8b4298b424aa24916d0de6136,148de954ed3585d8b4298b424aa24916d0de6136,['CWE-416'],CVE-2021-43825
envoyproxy/envoy,https://github.com/envoyproxy/envoy/commit/ce0ae309057a216aba031aff81c445c90c6ef145,ce0ae309057a216aba031aff81c445c90c6ef145,['CWE-416'],CVE-2021-43826
envoyproxy/envoy,https://github.com/envoyproxy/envoy/commit/e9f936d85dc1edc34fabd0a1725ec180f2316353,e9f936d85dc1edc34fabd0a1725ec180f2316353,['CWE-295'],CVE-2022-21654
envoyproxy/envoy,https://github.com/envoyproxy/envoy/commit/177d608155ba8b11598b9bbf8240e90d8c350682,177d608155ba8b11598b9bbf8240e90d8c350682,['CWE-670'],CVE-2022-21655
envoyproxy/envoy,https://github.com/envoyproxy/envoy/commit/bb95af848c939cfe5b5ee33c5b1770558077e64e,bb95af848c939cfe5b5ee33c5b1770558077e64e,['CWE-843'],CVE-2022-21656
envoyproxy/envoy,https://github.com/envoyproxy/envoy/commit/4b6dd3b53cd5c6d4d4df378a2fc62c1707522b31,4b6dd3b53cd5c6d4d4df378a2fc62c1707522b31,['CWE-674'],CVE-2022-23606
radareorg/radare2,https://github.com/radareorg/radare2/commit/27fe8031782d3a06c3998eaa94354867864f9f1b,27fe8031782d3a06c3998eaa94354867864f9f1b,['CWE-400'],CVE-2022-0476
radareorg/radare2,https://github.com/radareorg/radare2/commit/634b886e84a5c568d243e744becc6b3223e089cf,634b886e84a5c568d243e744becc6b3223e089cf,['CWE-400'],CVE-2022-0695
USBGuard/usbguard,https://github.com/USBGuard/usbguard/commit/df5f01c6ed0c20d269f7239901d21883cc871bbb,df5f01c6ed0c20d269f7239901d21883cc871bbb,['CWE-863'],CVE-2019-25058
wolfSSL/wolfssl,https://github.com/wolfSSL/wolfssl/commit/e13861bcde8015bb99ddb034224afb66e2fb89b8,e13861bcde8015bb99ddb034224afb66e2fb89b8,['CWE-295'],CVE-2022-25638
wolfSSL/wolfssl,https://github.com/wolfSSL/wolfssl/commit/08047b2d959ee5e21a4a2c672308f45fec61f059,08047b2d959ee5e21a4a2c672308f45fec61f059,['CWE-295'],CVE-2022-25638
wolfSSL/wolfssl,https://github.com/wolfSSL/wolfssl/commit/b60d2dccce9110fd2b985d99063e524e39bdf6f7,b60d2dccce9110fd2b985d99063e524e39bdf6f7,['CWE-295'],CVE-2022-25640
wolfSSL/wolfssl,https://github.com/wolfSSL/wolfssl/commit/3cdb1c639da94a9dc8c75590d0ec475e7f27c226,3cdb1c639da94a9dc8c75590d0ec475e7f27c226,['CWE-295'],CVE-2022-25640
kennylevinsen/seatd,https://github.com/kennylevinsen/seatd/commit/7cffe0797fdb17a9c08922339465b1b187394335,7cffe0797fdb17a9c08922339465b1b187394335,['CWE-668'],CVE-2022-25643
GNOME/libxml2,https://github.com/GNOME/libxml2/commit/652dd12a858989b14eed4e84e453059cd3ba340e,652dd12a858989b14eed4e84e453059cd3ba340e,['CWE-416'],CVE-2022-23308
brackeen/ok-file-formats,https://github.com/brackeen/ok-file-formats/commit/3ebe25d44566927c374dcdfd70361c6a070fa0c4,3ebe25d44566927c374dcdfd70361c6a070fa0c4,['CWE-787'],CVE-2021-44334
brackeen/ok-file-formats,https://github.com/brackeen/ok-file-formats/commit/e49cdfb84fb5eca2a6261f3c51a3c793fab9f62e,e49cdfb84fb5eca2a6261f3c51a3c793fab9f62e,['CWE-787'],CVE-2021-44339
brackeen/ok-file-formats,https://github.com/brackeen/ok-file-formats/commit/a9cc1711dd4ed6a215038f1c5c03af0ef52c3211,a9cc1711dd4ed6a215038f1c5c03af0ef52c3211,['CWE-787'],CVE-2021-44340
dropbox/lepton,https://github.com/dropbox/lepton/commit/4e591ffd0127ac064c4749e523458a923b29cc75,4e591ffd0127ac064c4749e523458a923b29cc75,['CWE-787'],CVE-2022-26181
wireapp/wire-avs,https://github.com/wireapp/wire-avs/commit/40d373ede795443ae6f2f756e9fb1f4f4ae90bbe,40d373ede795443ae6f2f756e9fb1f4f4ae90bbe,['CWE-134'],CVE-2021-41193
stepmania,https://github.com/stepmania/stepmania/commit/8490d181c2d301ccca0dc6ee52f25bbadb567a9a,8490d181c2d301ccca0dc6ee52f25bbadb567a9a,['CWE-732'],CVE-2022-25010
justdan96/tsMuxer,https://github.com/justdan96/tsMuxer/commit/f6c5c618236709f5b76425d9cd407a27dc49f4ba,f6c5c618236709f5b76425d9cd407a27dc49f4ba,['CWE-190'],CVE-2021-45860
justdan96/tsMuxer,https://github.com/justdan96/tsMuxer/commit/5b8fdee725f8b4b2f8c5dd23da6bc1c05ee7a8f9,5b8fdee725f8b4b2f8c5dd23da6bc1c05ee7a8f9,['CWE-617'],CVE-2021-45861
justdan96/tsMuxer,https://github.com/justdan96/tsMuxer/commit/007bb548a50475ace5743e05a4a77fc74c8e27b7,007bb548a50475ace5743e05a4a77fc74c8e27b7,['CWE-125'],CVE-2021-45864
merbanan/rtl_433,https://github.com/merbanan/rtl_433/commit/2dad7b9fc67a1d0bfbe520fbd821678b8f8cc7a8,2dad7b9fc67a1d0bfbe520fbd821678b8f8cc7a8,"['CWE-193', 'CWE-787']",CVE-2022-25050
michaelrsweet/htmldoc,https://github.com/michaelrsweet/htmldoc/commit/19c582fb32eac74b57e155cffbb529377a9e751a,19c582fb32eac74b57e155cffbb529377a9e751a,['CWE-476'],CVE-2021-23180
michaelrsweet/htmldoc,https://github.com/michaelrsweet/htmldoc/commit/369b2ea1fd0d0537ba707f20a2f047b6afd2fbdc,369b2ea1fd0d0537ba707f20a2f047b6afd2fbdc,"['CWE-415', 'CWE-476']",CVE-2021-23191
michaelrsweet/htmldoc,https://github.com/michaelrsweet/htmldoc/commit/ba61a3ece382389ae4482c7027af8b32e8ab4cc8,ba61a3ece382389ae4482c7027af8b32e8ab4cc8,['CWE-787'],CVE-2021-23206
latchset/tang,https://github.com/latchset/tang/commit/e82459fda10f0630c3414ed2afbc6320bb9ea7c9,e82459fda10f0630c3414ed2afbc6320bb9ea7c9,['CWE-200'],CVE-2021-4076
FRRouting/frr,https://github.com/FRRouting/frr/commit/ac3133450de12ba86c051265fc0f1b12bc57b40c,ac3133450de12ba86c051265fc0f1b12bc57b40c,['CWE-119'],CVE-2022-26126
FRRouting/frr,https://github.com/FRRouting/frr/commit/50044ec7fe129e0a74d3a679dd29fe17ce30e6bf,50044ec7fe129e0a74d3a679dd29fe17ce30e6bf,['CWE-1284'],CVE-2022-26127
FRRouting/frr,https://github.com/FRRouting/frr/commit/c3793352a8d76d2eee1edc38a9a16c1c8a6573f4,c3793352a8d76d2eee1edc38a9a16c1c8a6573f4,"['CWE-119', 'CWE-1284']",CVE-2022-26128
torvalds/linux,https://github.com/torvalds/linux/commit/d5f9023fa61ee8b94f37a93f08e94b136cf1e463,d5f9023fa61ee8b94f37a93f08e94b136cf1e463,['CWE-362'],CVE-2021-3609
michaelrsweet/htmldoc,https://github.com/michaelrsweet/htmldoc/commit/008861d8339c6ec777e487770b70b95b1ed0c1d2,008861d8339c6ec777e487770b70b95b1ed0c1d2,['CWE-476'],CVE-2021-26948
torvalds/linux,https://github.com/torvalds/linux/commit/99c23da0eed4fd20cae8243f2b51e10e66aa0951,99c23da0eed4fd20cae8243f2b51e10e66aa0951,['CWE-362'],CVE-2021-3640
postgres,https://github.com/postgres/postgres/commit/28e24125541545483093819efae9bca603441951,28e24125541545483093819efae9bca603441951,['CWE-89'],CVE-2021-23214
torvalds/linux,https://github.com/torvalds/linux/commit/7e78c597c3ebfd0cb329aa09a838734147e4f117,7e78c597c3ebfd0cb329aa09a838734147e4f117,['CWE-125'],CVE-2021-3743
AcademySoftwareFoundation/openexr,https://github.com/AcademySoftwareFoundation/openexr/commit/653176c8d147a34395cb24fb9cfadde83219b643,653176c8d147a34395cb24fb9cfadde83219b643,['CWE-190'],CVE-2021-20300
AcademySoftwareFoundation/openexr,https://github.com/AcademySoftwareFoundation/openexr/commit/f044caeed5c0f1566d804f37cbddb2d5ccfd75ea,f044caeed5c0f1566d804f37cbddb2d5ccfd75ea,['CWE-20'],CVE-2021-20302
AcademySoftwareFoundation/openexr,https://github.com/AcademySoftwareFoundation/openexr/commit/901059f541acf3013efbbb819035f4a01de8d43e,901059f541acf3013efbbb819035f4a01de8d43e,['CWE-190'],CVE-2021-20303
AcademySoftwareFoundation/openexr,https://github.com/AcademySoftwareFoundation/openexr/commit/a03aafb6bb1cd29a6cbd8d7e6434ad4c2b23b935,a03aafb6bb1cd29a6cbd8d7e6434ad4c2b23b935,['CWE-190'],CVE-2021-20303
espruino/Espruino,https://github.com/espruino/Espruino/commit/e069be2ecc5060ef47391716e4de94999595b260,e069be2ecc5060ef47391716e4de94999595b260,['CWE-787'],CVE-2022-25044
espruino/Espruino,https://github.com/espruino/Espruino/commit/77442413f732dd962ff2c4429e5cc2772879d6fa,77442413f732dd962ff2c4429e5cc2772879d6fa,['CWE-787'],CVE-2022-25465
torvalds/linux,https://github.com/torvalds/linux/commit/4fbcc1a4cb20fe26ad0225679c536c80f1648221,4fbcc1a4cb20fe26ad0225679c536c80f1648221,['CWE-120'],CVE-2022-26490
foxcpp/maddy,https://github.com/foxcpp/maddy/commit/7ee6a39c6a1939b376545f030a5efd6f90913583,7ee6a39c6a1939b376545f030a5efd6f90913583,"['CWE-613', 'CWE-324']",CVE-2022-24732
lewdlime/abcm2ps,https://github.com/lewdlime/abcm2ps/commit/2f56e1179cab6affeb8afa9d6c324008fe40d8e3,2f56e1179cab6affeb8afa9d6c324008fe40d8e3,['CWE-125'],CVE-2021-32434
lewdlime/abcm2ps,https://github.com/lewdlime/abcm2ps/commit/3169ace6d63f6f517a64e8df0298f44a490c4a15,3169ace6d63f6f517a64e8df0298f44a490c4a15,['CWE-787'],CVE-2021-32435
rockcarry/ffjpeg,https://github.com/rockcarry/ffjpeg/commit/9840ab2d05f9e2c8e00edff839a68ca5bf7a8aa8,9840ab2d05f9e2c8e00edff839a68ca5bf7a8aa8,['CWE-476'],CVE-2021-34122
cockpit-project/cockpit,https://github.com/cockpit-project/cockpit/commit/8d9bc10d8128aae03dfde62fd00075fe492ead10,8d9bc10d8128aae03dfde62fd00075fe492ead10,['CWE-1021'],CVE-2021-3660
torvalds/linux,https://github.com/torvalds/linux/commit/427215d85e8d1476da1a86b8d67aceb485eb3631,427215d85e8d1476da1a86b8d67aceb485eb3631,['CWE-200'],CVE-2021-3732
torvalds/linux,https://github.com/torvalds/linux/commit/e4571b8c5e9ffa1e85c0c671995bd4dcc5c75091,e4571b8c5e9ffa1e85c0c671995bd4dcc5c75091,['CWE-476'],CVE-2021-3739
dbry/WavPack,https://github.com/dbry/WavPack/commit/773f9d0803c6888ae7d5391878d7337f24216f4a,773f9d0803c6888ae7d5391878d7337f24216f4a,['CWE-125'],CVE-2021-44269
xen-project/xen,https://github.com/xen-project/xen/commit/2ebe8fe9b7e0d36e9ec3cfe4552b2b197ef0dcec,2ebe8fe9b7e0d36e9ec3cfe4552b2b197ef0dcec,"['CWE-459', 'CWE-787']",CVE-2022-21124
xen-project/xen,https://github.com/xen-project/xen/commit/8c24b70fedcb52633b2370f834d8a2be3f7fa38e,8c24b70fedcb52633b2370f834d8a2be3f7fa38e,"['CWE-459', 'CWE-787']",CVE-2022-21124
xen-project/xen,https://github.com/xen-project/xen/commit/e06b95c1d44ab80da255219fc9f1e2fc423edcb6,e06b95c1d44ab80da255219fc9f1e2fc423edcb6,"['CWE-459', 'CWE-787']",CVE-2022-21124
pjsip/pjproject,https://github.com/pjsip/pjproject/commit/d27f79da11df7bc8bb56c2f291d71e54df8d2c47,d27f79da11df7bc8bb56c2f291d71e54df8d2c47,['CWE-120'],CVE-2022-24754
openssh/openssh-portable,https://github.com/openssh/openssh-portable/commit/a54ee9431e4632469786c013b9714265e1183457,a54ee9431e4632469786c013b9714265e1183457,['CWE-287'],CVE-2021-36368
openssh/openssh-portable,https://github.com/openssh/openssh-portable/commit/1c9963955eb769e25dd8f2cec7f8bceb169c8753,1c9963955eb769e25dd8f2cec7f8bceb169c8753,['CWE-287'],CVE-2021-36368
torvalds/linux,https://github.com/torvalds/linux/commit/7f14c7227f342d9932f9b918893c8814f86d2a0d,7f14c7227f342d9932f9b918893c8814f86d2a0d,['CWE-129'],CVE-2022-27223
AcademySoftwareFoundation/openexr,https://github.com/AcademySoftwareFoundation/openexr/commit/25e9515b06a6bc293d871622b8cafaee7af84e0f,25e9515b06a6bc293d871622b8cafaee7af84e0f,['CWE-476'],CVE-2021-20299
michaelrsweet/htmldoc,https://github.com/michaelrsweet/htmldoc/commit/6e8a95561988500b5b5ae4861b3b0cbf4fba517f,6e8a95561988500b5b5ae4861b3b0cbf4fba517f,['CWE-787'],CVE-2021-23165
Venemo/node-lmdb,https://github.com/Venemo/node-lmdb/commit/97760104c0fd311206b88aecd91fa1f59fe2b85a,97760104c0fd311206b88aecd91fa1f59fe2b85a,['CWE-Other'],CVE-2022-21164
FISCO-BCOS,https://github.com/FISCO-BCOS/FISCO-BCOS/commit/d2fe66054753d65bbe7f88b0a1fc1fab4b716d0e,d2fe66054753d65bbe7f88b0a1fc1fab4b716d0e,['CWE-Other'],CVE-2022-26534
babelouest/glewlwyd,https://github.com/babelouest/glewlwyd/commit/4c5597c155bfbaf6491cf6b83479d241ae66940a,4c5597c155bfbaf6491cf6b83479d241ae66940a,['CWE-120'],CVE-2022-27240
yuezk/GlobalProtect-openconnect,https://github.com/yuezk/GlobalProtect-openconnect/commit/767286b898f2d1d361c3834de1d4d0b5836ffecd,767286b898f2d1d361c3834de1d4d0b5836ffecd,['CWE-Other'],CVE-2021-45809
yuezk/GlobalProtect-openconnect,https://github.com/yuezk/GlobalProtect-openconnect/commit/336897017db470b94c6b87571e0f8bf77eff002b,336897017db470b94c6b87571e0f8bf77eff002b,['CWE-Other'],CVE-2021-45809
elric1/knc,https://github.com/elric1/knc/commit/f237f3e09ecbaf59c897f5046538a7b1a3fa40c1,f237f3e09ecbaf59c897f5046538a7b1a3fa40c1,['CWE-400'],CVE-2017-9732
ArtifexSoftware/ghostpdl,https://github.com/ArtifexSoftware/ghostpdl/commit/693baf02152119af6e6afd30bb8ec76d14f84bbf,693baf02152119af6e6afd30bb8ec76d14f84bbf,['CWE-704'],CVE-2018-19134
igraph,https://github.com/igraph/igraph/commit/e3a9566e6463186230f215151b57b893df6d9ce2,e3a9566e6463186230f215151b57b893df6d9ce2,['CWE-476'],CVE-2018-20349
python/cpython,https://github.com/python/cpython/commit/a4ae828ee416a66d8c7bf5ee71d653c2cc6a26dd,a4ae828ee416a66d8c7bf5ee71d653c2cc6a26dd,['CWE-190'],CVE-2018-20406
axiomatic-systems/Bento4,https://github.com/axiomatic-systems/Bento4/commit/7a0a4af171e44bdd7ca8e2a180d9368cb59e2998,7a0a4af171e44bdd7ca8e2a180d9368cb59e2998,['CWE-125'],CVE-2018-20409
radareorg/radare2,https://github.com/radareorg/radare2/commit/9b46d38dd3c4de6048a488b655c7319f845af185,9b46d38dd3c4de6048a488b655c7319f845af185,"['CWE-125', 'CWE-787']",CVE-2018-20455
radareorg/radare2,https://github.com/radareorg/radare2/commit/e5c14c167b0dcf0a53d76bd50bacbbcc0dfc1ae7,e5c14c167b0dcf0a53d76bd50bacbbcc0dfc1ae7,['CWE-125'],CVE-2018-20457
radareorg/radare2,https://github.com/radareorg/radare2/commit/30f4c7b52a4e2dc0d0b1bae487d90f5437c69d19,30f4c7b52a4e2dc0d0b1bae487d90f5437c69d19,['CWE-125'],CVE-2018-20458
radareorg/radare2,https://github.com/radareorg/radare2/commit/df167c7db545953bb7f71c72e98e7a3ca0c793bf,df167c7db545953bb7f71c72e98e7a3ca0c793bf,['CWE-787'],CVE-2018-20460
radareorg/radare2,https://github.com/radareorg/radare2/commit/a1bc65c3db593530775823d6d7506a457ed95267,a1bc65c3db593530775823d6d7506a457ed95267,['CWE-125'],CVE-2018-20461
axiomatic-systems/Bento4,https://github.com/axiomatic-systems/Bento4/commit/b8830036c76f3dedbbaafeaba1a9f23b6fd83485,b8830036c76f3dedbbaafeaba1a9f23b6fd83485,['CWE-400'],CVE-2018-20502
torvalds/linux,https://github.com/torvalds/linux/commit/9824dfae5741275473a23a7ed5756c7b6efacc9d,9824dfae5741275473a23a7ed5756c7b6efacc9d,['CWE-200'],CVE-2018-20511
appneta/tcpreplay,https://github.com/appneta/tcpreplay/commit/6b830a1640ca20528032c89a4fdd8291a4d2d8b2,6b830a1640ca20528032c89a4fdd8291a4d2d8b2,['CWE-125'],CVE-2018-20552
jasper-software/jasper,https://github.com/jasper-software/jasper/commit/03db7c81f6a8a92d896249bc673877749987fd7a,03db7c81f6a8a92d896249bc673877749987fd7a,['CWE-125'],CVE-2018-20570
contiki-ng,https://github.com/contiki-ng/contiki-ng/commit/963c2d57aa63fa5421cf30698485bd4ba20e06aa,963c2d57aa63fa5421cf30698485bd4ba20e06aa,['CWE-787'],CVE-2018-20579
caryll/otfcc,https://github.com/caryll/otfcc/commit/ad01e3608293a548bedf87704f35e4c0529804d3,ad01e3608293a548bedf87704f35e4c0529804d3,['CWE-125'],CVE-2018-20588
brackeen/ok-file-formats,https://github.com/brackeen/ok-file-formats/commit/e8b85ae27fa60b1a0850a457f3898608bddf98fe,e8b85ae27fa60b1a0850a457f3898608bddf98fe,['CWE-787'],CVE-2018-20616
brackeen/ok-file-formats,https://github.com/brackeen/ok-file-formats/commit/f7c748343f7dcd0df46bf54973be8fc83ad81b9a,f7c748343f7dcd0df46bf54973be8fc83ad81b9a,['CWE-787'],CVE-2018-20617
brackeen/ok-file-formats,https://github.com/brackeen/ok-file-formats/commit/7a9fe7542c69a0f432060cdf3e86d66bf98b55d2,7a9fe7542c69a0f432060cdf3e86d66bf98b55d2,['CWE-125'],CVE-2018-20618
jasper-software/jasper,https://github.com/jasper-software/jasper/commit/aa8516b28344aa1263ee538bb7366c4679a0e1a5,aa8516b28344aa1263ee538bb7366c4679a0e1a5,['CWE-772'],CVE-2018-20622
facebook/hhvm,https://github.com/facebook/hhvm/commit/6937de5544c3eead3466b75020d8382080ed0cff,6937de5544c3eead3466b75020d8382080ed0cff,['CWE-20'],CVE-2018-6334
facebook/folly,https://github.com/facebook/folly/commit/8e927ee48b114c8a2f90d0cbd5ac753795a6761f,8e927ee48b114c8a2f90d0cbd5ac753795a6761f,['CWE-119'],CVE-2018-6337
facebook/hhvm,https://github.com/facebook/hhvm/commit/4bff3bfbe90d10451e4638c2118d1ad1117bb3e3,4bff3bfbe90d10451e4638c2118d1ad1117bb3e3,['CWE-125'],CVE-2018-6340
facebook/proxygen,https://github.com/facebook/proxygen/commit/0600ebe59c3e82cd012def77ca9ca1918da74a71,0600ebe59c3e82cd012def77ca9ca1918da74a71,['CWE-20'],CVE-2018-6343
facebook/proxygen,https://github.com/facebook/proxygen/commit/52cf331743ebd74194d6343a6c2ec52bb917c982,52cf331743ebd74194d6343a6c2ec52bb917c982,['CWE-388'],CVE-2018-6346
facebook/proxygen,https://github.com/facebook/proxygen/commit/223e0aa6bc7590e86af1e917185a2e0efe160711,223e0aa6bc7590e86af1e917185a2e0efe160711,['CWE-20'],CVE-2018-6347
syoyo/tinyexr,https://github.com/syoyo/tinyexr/commit/65f9859446c32f0dcfd91f376b1a5abafb8e0457,65f9859446c32f0dcfd91f376b1a5abafb8e0457,['CWE-770'],CVE-2018-20652
saitoha/libsixel,https://github.com/saitoha/libsixel/commit/68ecbc1fec8772ddaace1cb2ddd0ab04eb1d1ac1,68ecbc1fec8772ddaace1cb2ddd0ab04eb1d1ac1,"['CWE-125', 'CWE-835']",CVE-2019-3573
saitoha/libsixel,https://github.com/saitoha/libsixel/commit/9c013f23661370a5ece2f0c9c1acfd342e2efebb,9c013f23661370a5ece2f0c9c1acfd342e2efebb,"['CWE-125', 'CWE-835']",CVE-2019-3573
axiomatic-systems/Bento4,https://github.com/axiomatic-systems/Bento4/commit/03f9fef0d8c5333557aa3b804c9bda838a846b88,03f9fef0d8c5333557aa3b804c9bda838a846b88,['CWE-770'],CVE-2018-20659
wolfSSL/wolfssl,https://github.com/wolfSSL/wolfssl/commit/ab03f9291b040269ae21d33b9f01529ed8311728,ab03f9291b040269ae21d33b9f01529ed8311728,['CWE-310'],CVE-2018-16870
torvalds/linux,https://github.com/torvalds/linux/commit/574823bfab82d9d8fa47f422778043fbb4b4f50e,574823bfab82d9d8fa47f422778043fbb4b4f50e,['CWE-319'],CVE-2019-5489
wireshark,https://github.com/wireshark/wireshark/commit/2b2eea1793dbff813896e1ae9dff1bedb39ee010,2b2eea1793dbff813896e1ae9dff1bedb39ee010,['CWE-20'],CVE-2019-5716
wireshark,https://github.com/wireshark/wireshark/commit/bf9272a92f3df1e4ccfaad434e123222ae5313f7,bf9272a92f3df1e4ccfaad434e123222ae5313f7,['CWE-20'],CVE-2019-5717
wireshark,https://github.com/wireshark/wireshark/commit/cd09cb5cfb673beca3cce20b1d6a9bc67a134ae1,cd09cb5cfb673beca3cce20b1d6a9bc67a134ae1,['CWE-125'],CVE-2019-5718
wireshark,https://github.com/wireshark/wireshark/commit/b5b02f2a9b8772d8814096f86c60a32889d61f2c,b5b02f2a9b8772d8814096f86c60a32889d61f2c,['CWE-327'],CVE-2019-5719
wireshark,https://github.com/wireshark/wireshark/commit/1c66174ec7aa19e2ddc79178cf59f15a654fc4fe,1c66174ec7aa19e2ddc79178cf59f15a654fc4fe,['CWE-416'],CVE-2019-5721
mate-desktop/mate-screensaver,https://github.com/mate-desktop/mate-screensaver/commit/8c17c272184f0227e8bd42c2a7d62d5683a466a8,8c17c272184f0227e8bd42c2a7d62d5683a466a8,['CWE-200'],CVE-2018-20681
mate-desktop/mate-screensaver,https://github.com/mate-desktop/mate-screensaver/commit/465734b765fcfa28a8b63a877bedd65cd2de959e,465734b765fcfa28a8b63a877bedd65cd2de959e,['CWE-200'],CVE-2018-20681
irssi,https://github.com/irssi/irssi/commit/8684ccb45c267fdeaaa779fce9323047aa5a9e38,8684ccb45c267fdeaaa779fce9323047aa5a9e38,['CWE-416'],CVE-2019-5882
FRRouting/frr,https://github.com/FRRouting/frr/commit/943d595a018e69b550db08cccba1d0778a86705a,943d595a018e69b550db08cccba1d0778a86705a,['CWE-436'],CVE-2019-5892
openssh/openssh-portable,https://github.com/openssh/openssh-portable/commit/6010c0303a422a9c5fa8860c061bf7105eb7f8b2,6010c0303a422a9c5fa8860c061bf7105eb7f8b2,['CWE-863'],CVE-2018-20685
ArtifexSoftware/mupdf,https://github.com/ArtifexSoftware/mupdf/commit/faf47b94e24314d74907f3f6bc874105f2c962ed,faf47b94e24314d74907f3f6bc874105f2c962ed,['CWE-118'],CVE-2019-6130
svgpp,https://github.com/svgpp/svgpp/commit/3bb3e86e09ceeba226593e039f9d4dc4b2580101,3bb3e86e09ceeba226593e039f9d4dc4b2580101,"['CWE-125', 'CWE-787']",CVE-2019-6245
svgpp,https://github.com/svgpp/svgpp/commit/1ae3c0feea4b29d67d921046715f65c0994a0a07,1ae3c0feea4b29d67d921046715f65c0994a0a07,"['CWE-125', 'CWE-787']",CVE-2019-6245
zeromq/libzmq,https://github.com/zeromq/libzmq/commit/1a2ed12716693073032d57dac4e269df3d373751,1a2ed12716693073032d57dac4e269df3d373751,['CWE-190'],CVE-2019-6250
zeromq/libzmq,https://github.com/zeromq/libzmq/commit/731be4bd590cfd7e3c685372c89e4129916f81ae,731be4bd590cfd7e3c685372c89e4129916f81ae,['CWE-190'],CVE-2019-6250
sass/libsass,https://github.com/sass/libsass/commit/0f3d3f8df99af422af055c41d778ca9c5c60a0bb,0f3d3f8df99af422af055c41d778ca9c5c60a0bb,['CWE-125'],CVE-2019-6283
facebook/hhvm,https://github.com/facebook/hhvm/commit/190ffdf6c8b1ec443be202c7d69e63a7e3da25e3,190ffdf6c8b1ec443be202c7d69e63a7e3da25e3,['CWE-787'],CVE-2018-6345
facebook/wangle,https://github.com/facebook/wangle/commit/3b17ba10a82c71e7808760e027ac6af687e06074,3b17ba10a82c71e7808760e027ac6af687e06074,['CWE-19'],CVE-2019-3554
facebook/hhvm,https://github.com/facebook/hhvm/commit/6e4dd9ec3f14b48170fc45dc9d13a3261765f994,6e4dd9ec3f14b48170fc45dc9d13a3261765f994,['CWE-125'],CVE-2019-3557
labapart/gattlib,https://github.com/labapart/gattlib/commit/42cf4e63ee7f0eb830644ea37c37a2a9e256befd,42cf4e63ee7f0eb830644ea37c37a2a9e256befd,['CWE-125'],CVE-2019-6498
OpenSC,https://github.com/OpenSC/OpenSC/commit/0d7967549751b7032f22b437106b41444aff0ba9,0d7967549751b7032f22b437106b41444aff0ba9,['CWE-401'],CVE-2019-6502
lua,https://github.com/lua/lua/commit/89aee84cbc9224f638f3b7951b306d2ee8ecb71e,89aee84cbc9224f638f3b7951b306d2ee8ecb71e,['CWE-416'],CVE-2019-6706
mc2-project/opaque-sql,https://github.com/mc2-project/opaque-sql/commit/5ddda15d89f5ac82f4416208c5319ace4aecdc36,5ddda15d89f5ac82f4416208c5319ace4aecdc36,['CWE-787'],CVE-2018-20742
mumble-voip/mumble,https://github.com/mumble-voip/mumble/commit/0daec57f5cfc4225aa4527b537b4ec4fbbc35635,0daec57f5cfc4225aa4527b537b4ec4fbbc35635,['CWE-20'],CVE-2018-20743
mumble-voip/mumble,https://github.com/mumble-voip/mumble/commit/4761ca41ab1f611cd4a6d117f9f6cfd7c64f6b55,4761ca41ab1f611cd4a6d117f9f6cfd7c64f6b55,['CWE-20'],CVE-2018-20743
php/php-src,https://github.com/php/php-src/commit/7a12dad4dd6c370835b13afae214b240082c7538,7a12dad4dd6c370835b13afae214b240082c7538,['CWE-787'],CVE-2019-6977
php/php-src,https://github.com/php/php-src/commit/567c9f58425c37260864f276b6d3f434eecf4b49,567c9f58425c37260864f276b6d3f434eecf4b49,['CWE-787'],CVE-2019-6977
php/php-src,https://github.com/php/php-src/commit/a15af81b5f0058e020eda0f109f51a3c863f5212,a15af81b5f0058e020eda0f109f51a3c863f5212,['CWE-787'],CVE-2019-6977
ZoneMinder/zoneminder,https://github.com/ZoneMinder/zoneminder/commit/5b39eaa43fd1e78a5b71f13aa5cedff73344b673,5b39eaa43fd1e78a5b71f13aa5cedff73344b673,['CWE-787'],CVE-2019-6991
WebAssembly/binaryen,https://github.com/WebAssembly/binaryen/commit/e63c4a7d04c145dafaf4b09de5f9f5de69cee8ef,e63c4a7d04c145dafaf4b09de5f9f5de69cee8ef,['CWE-476'],CVE-2019-7153
WebAssembly/binaryen,https://github.com/WebAssembly/binaryen/commit/79a4fbc80d7ffce4cbcfd04315ce3a0efa88d7fa,79a4fbc80d7ffce4cbcfd04315ce3a0efa88d7fa,['CWE-787'],CVE-2019-7154
WebAssembly/binaryen,https://github.com/WebAssembly/binaryen/commit/8e5f247a5dfef053fc03677a0a518cfff1bdf3e9,8e5f247a5dfef053fc03677a0a518cfff1bdf3e9,['CWE-787'],CVE-2019-7154
WebAssembly/binaryen,https://github.com/WebAssembly/binaryen/commit/2127e64f42da55bb5b9b0ab1995b3ca7fc4e0d0b,2127e64f42da55bb5b9b0ab1995b3ca7fc4e0d0b,['CWE-787'],CVE-2019-7154
LibVNC/libvncserver,https://github.com/LibVNC/libvncserver/commit/15bb719c03cc70f14c36a843dcb16ed69b405707,15bb719c03cc70f14c36a843dcb16ed69b405707,['CWE-787'],CVE-2018-20749
LibVNC/libvncserver,https://github.com/LibVNC/libvncserver/commit/09e8fc02f59f16e2583b34fe1a270c238bd9ffec,09e8fc02f59f16e2583b34fe1a270c238bd9ffec,['CWE-787'],CVE-2018-20750
torvalds/linux,https://github.com/torvalds/linux/commit/6aeb75e6adfaed16e58780309613a578fe1ee90b,6aeb75e6adfaed16e58780309613a578fe1ee90b,['CWE-369'],CVE-2017-18360
torvalds/linux,https://github.com/torvalds/linux/commit/04197b341f23b908193308b8d63d17ff23232598,04197b341f23b908193308b8d63d17ff23232598,['CWE-362'],CVE-2016-10741
torvalds/linux,https://github.com/torvalds/linux/commit/979d63d50c0c0f7bc537bf821e056cc9fe5abd38,979d63d50c0c0f7bc537bf821e056cc9fe5abd38,['CWE-189'],CVE-2019-7308
torvalds/linux,https://github.com/torvalds/linux/commit/d3bd7413e0ca40b60cf60d4003246d067cafdeda,d3bd7413e0ca40b60cf60d4003246d067cafdeda,['CWE-189'],CVE-2019-7308
RIOT-OS/RIOT,https://github.com/RIOT-OS/RIOT/commit/894ad2932244f7f4fcc7bf9bedebcac591d8ccda,894ad2932244f7f4fcc7bf9bedebcac591d8ccda,['CWE-787'],CVE-2019-1000006
RIOT-OS/RIOT,https://github.com/RIOT-OS/RIOT/commit/2840b3825eb6e0b7320fb111d06832ca9a9e3148,2840b3825eb6e0b7320fb111d06832ca9a9e3148,['CWE-787'],CVE-2019-1000006
RIOT-OS/RIOT,https://github.com/RIOT-OS/RIOT/commit/8ad5e44cbaea616885bfc5cb032d911089383fe5,8ad5e44cbaea616885bfc5cb032d911089383fe5,['CWE-787'],CVE-2019-1000006
ffmpeg,https://github.com/FFmpeg/FFmpeg/commit/b97a4b658814b2de8b9f2a3bce491c002d34de31,b97a4b658814b2de8b9f2a3bce491c002d34de31,['CWE-129'],CVE-2019-1000016
gpac,https://github.com/gpac/gpac/commit/4c1360818fc8948e9307059fba4dc47ba8ad255d,4c1360818fc8948e9307059fba4dc47ba8ad255d,['CWE-787'],CVE-2018-20760
WebAssembly/binaryen,https://github.com/WebAssembly/binaryen/commit/0e5e55053c171b138a0cf5aa8a08de8c7714048f,0e5e55053c171b138a0cf5aa8a08de8c7714048f,['CWE-617'],CVE-2019-7662
WebAssembly/binaryen,https://github.com/WebAssembly/binaryen/commit/cbb24eb4a0810640c9dcee2f6682c64f9bc6c512,cbb24eb4a0810640c9dcee2f6682c64f9bc6c512,"['CWE-770', 'CWE-416', 'CWE-476']",CVE-2019-7702
opencontainers/runc,https://github.com/opencontainers/runc/commit/0a8e4117e7f715d5fbeef398405813ce8e88558b,0a8e4117e7f715d5fbeef398405813ce8e88558b,['CWE-78'],CVE-2019-5736
torvalds/linux,https://github.com/torvalds/linux/commit/cfa39381173d5f969daf43582c95ad679189cbc9,cfa39381173d5f969daf43582c95ad679189cbc9,"['CWE-362', 'CWE-416']",CVE-2019-6974
appneta/tcpreplay,https://github.com/appneta/tcpreplay/commit/f3fe91fc65d17687822ed8f376f2e54b97f18291,f3fe91fc65d17687822ed8f376f2e54b97f18291,"['CWE-119', 'CWE-120']",CVE-2019-8381
appneta/tcpreplay,https://github.com/appneta/tcpreplay/commit/dae97cbafc5c06ebbc6b34e76ba614104f1b73e1,dae97cbafc5c06ebbc6b34e76ba614104f1b73e1,"['CWE-119', 'CWE-120']",CVE-2019-8381
torvalds/linux,https://github.com/torvalds/linux/commit/c40f7d74c741a907cfaeb73a7697081881c497d0,c40f7d74c741a907cfaeb73a7697081881c497d0,['CWE-835'],CVE-2018-20784
torvalds/linux,https://github.com/torvalds/linux/commit/77f8269606bf95fcb232ee86f6da80886f1dfae8,77f8269606bf95fcb232ee86f6da80886f1dfae8,['CWE-416'],CVE-2019-9003
eclipse/wakaama,https://github.com/eclipse/wakaama/commit/533f285ff6fd9c2284fd290bdfbd355e302ae9a4,533f285ff6fd9c2284fd290bdfbd355e302ae9a4,['CWE-401'],CVE-2019-9004
php/php-src,https://github.com/php/php-src/commit/ba3d1956ebc838a191bdc31ba66a89c94cb98441,ba3d1956ebc838a191bdc31ba66a89c94cb98441,"['CWE-416', 'CWE-125']",CVE-2019-9020
php/php-src,https://github.com/php/php-src/commit/9d388b95c54ea053ce6f194defe1ff6673195747,9d388b95c54ea053ce6f194defe1ff6673195747,['CWE-125'],CVE-2019-9021
php/php-src,https://github.com/php/php-src/commit/8d3dfabef459fe7815e8ea2fd68753fd17859d7b,8d3dfabef459fe7815e8ea2fd68753fd17859d7b,['CWE-125'],CVE-2019-9022
php/php-src,https://github.com/php/php-src/commit/027f68ff10a439c5c331bcbfdd6eb2a5fca0948a,027f68ff10a439c5c331bcbfdd6eb2a5fca0948a,['CWE-125'],CVE-2019-9024
torvalds/linux,https://github.com/torvalds/linux/commit/128c66429247add5128c03dc1e144ca56f05a4e2,128c66429247add5128c03dc1e144ca56f05a4e2,['CWE-401'],CVE-2019-18808
torvalds/linux,https://github.com/torvalds/linux/commit/2289adbfa559050d2a38bcd9caac1c18b800e928,2289adbfa559050d2a38bcd9caac1c18b800e928,['CWE-401'],CVE-2019-18809
torvalds/linux,https://github.com/torvalds/linux/commit/45c1380358b12bf2d1db20a5874e9544f56b34ab,45c1380358b12bf2d1db20a5874e9544f56b34ab,['CWE-401'],CVE-2019-18811
torvalds/linux,https://github.com/torvalds/linux/commit/c0a333d842ef67ac04adc72ff79dc1ccc3dca4ed,c0a333d842ef67ac04adc72ff79dc1ccc3dca4ed,['CWE-401'],CVE-2019-18812
Ettercap/ettercap,https://github.com/Ettercap/ettercap/commit/4ef3ede30181eca9add74305ad26dbcb0c3686a0,4ef3ede30181eca9add74305ad26dbcb0c3686a0,['CWE-120'],CVE-2010-3844
xfce-mirror/thunar,https://github.com/xfce-mirror/thunar/commit/03dd312e157d4fa8a11d5fa402706ae5b05806fa,03dd312e157d4fa8a11d5fa402706ae5b05806fa,['CWE-134'],CVE-2011-1588
torvalds/linux,https://github.com/torvalds/linux/commit/09ba3bc9dd150457c506e4661380a6183af651c1,09ba3bc9dd150457c506e4661380a6183af651c1,['CWE-476'],CVE-2019-18885
Cisco-Talos/clamav,https://github.com/Cisco-Talos/clamav/commit/71990820d01c246e4e61408a3659dd9d92949b38,71990820d01c246e4e61408a3659dd9d92949b38,['CWE-119'],CVE-2013-7087
Cisco-Talos/clamav,https://github.com/Cisco-Talos/clamav/commit/e8e3746266dd3f82054ca137b81b800e54de6ebd,e8e3746266dd3f82054ca137b81b800e54de6ebd,['CWE-120'],CVE-2013-7088
miniupnp/ngiflib,https://github.com/miniupnp/ngiflib/commit/0245fd44cc5f8b084762cd5baa034239f0e952d9,0245fd44cc5f8b084762cd5baa034239f0e952d9,['CWE-476'],CVE-2019-19011
kkos/oniguruma,https://github.com/kkos/oniguruma/commit/0463e21432515631a9bc925ce5eb95b097c73719,0463e21432515631a9bc925ce5eb95b097c73719,"['CWE-190', 'CWE-125']",CVE-2019-19012
torvalds/linux,https://github.com/torvalds/linux/commit/27d461333459d282ffa4a2bdb6b215a59d493a8f,27d461333459d282ffa4a2bdb6b215a59d493a8f,['CWE-401'],CVE-2019-19043
torvalds/linux,https://github.com/torvalds/linux/commit/29cd13cfd7624726d9e6becbae9aa419ef35af7f,29cd13cfd7624726d9e6becbae9aa419ef35af7f,['CWE-401'],CVE-2019-19044
torvalds/linux,https://github.com/torvalds/linux/commit/c8c2a057fdc7de1cd16f4baa51425b932a42eb39,c8c2a057fdc7de1cd16f4baa51425b932a42eb39,['CWE-401'],CVE-2019-19045
torvalds/linux,https://github.com/torvalds/linux/commit/4aa7afb0ee20a97fbf0c5bab3df028d5fb85fdab,4aa7afb0ee20a97fbf0c5bab3df028d5fb85fdab,['CWE-401'],CVE-2019-19046
torvalds/linux,https://github.com/torvalds/linux/commit/c7ed6d0183d5ea9bc31bcaeeba4070bd62546471,c7ed6d0183d5ea9bc31bcaeeba4070bd62546471,['CWE-401'],CVE-2019-19047
torvalds/linux,https://github.com/torvalds/linux/commit/e0b0cb9388642c104838fac100a4af32745621e2,e0b0cb9388642c104838fac100a4af32745621e2,['CWE-401'],CVE-2019-19048
torvalds/linux,https://github.com/torvalds/linux/commit/c03b04dcdba1da39903e23cc4d072abf8f68f2dd,c03b04dcdba1da39903e23cc4d072abf8f68f2dd,['CWE-401'],CVE-2019-19050
torvalds/linux,https://github.com/torvalds/linux/commit/6f3ef5c25cc762687a7341c18cbea5af54461407,6f3ef5c25cc762687a7341c18cbea5af54461407,['CWE-401'],CVE-2019-19051
torvalds/linux,https://github.com/torvalds/linux/commit/fb5be6a7b4863ecc44963bb80ca614584b6c7817,fb5be6a7b4863ecc44963bb80ca614584b6c7817,['CWE-401'],CVE-2019-19052
torvalds/linux,https://github.com/torvalds/linux/commit/bbe692e349e2a1edf3fe0a29a0e05899c9c94d51,bbe692e349e2a1edf3fe0a29a0e05899c9c94d51,['CWE-401'],CVE-2019-19053
torvalds/linux,https://github.com/torvalds/linux/commit/a7b2df76b42bdd026e3106cf2ba97db41345a177,a7b2df76b42bdd026e3106cf2ba97db41345a177,['CWE-401'],CVE-2019-19054
torvalds/linux,https://github.com/torvalds/linux/commit/1399c59fa92984836db90538cf92397fe7caaa57,1399c59fa92984836db90538cf92397fe7caaa57,['CWE-401'],CVE-2019-19055
torvalds/linux,https://github.com/torvalds/linux/commit/db8fd2cde93227e566a412cf53173ffa227998bc,db8fd2cde93227e566a412cf53173ffa227998bc,['CWE-401'],CVE-2019-19056
virtualsquare/picotcp,https://github.com/virtualsquare/picotcp/commit/4b9a16764f2b12b611de9c34a50b4713d10ca401,4b9a16764f2b12b611de9c34a50b4713d10ca401,"['CWE-682', 'CWE-754']",CVE-2023-35848
OISF/suricata,https://github.com/OISF/suricata/commit/aee1523b4591430ebed1ded0bb95508e6717a335,aee1523b4591430ebed1ded0bb95508e6717a335,['CWE-22'],CVE-2023-35852
OISF/suricata,https://github.com/OISF/suricata/commit/735f5aa9ca3b28cfacc7a443f93a44387fbacf17,735f5aa9ca3b28cfacc7a443f93a44387fbacf17,['CWE-22'],CVE-2023-35852
OISF/suricata,https://github.com/OISF/suricata/commit/b95bbcc66db526ffcc880eb439dbe8abc87a81da,b95bbcc66db526ffcc880eb439dbe8abc87a81da,['CWE-Other'],CVE-2023-35853
obgm/libcoap,https://github.com/obgm/libcoap/commit/aaf5d6f8433989df3eab55083ce32267d3c562e7,aaf5d6f8433989df3eab55083ce32267d3c562e7,['CWE-125'],CVE-2023-35862
torvalds/linux,https://github.com/torvalds/linux/commit/a65120bae4b7425a39c5783aa3d4fc29677eef0e,a65120bae4b7,['CWE-843'],CVE-2023-3022
antirez/kilo,https://github.com/antirez/kilo/commit/7709a04ae8520c5b04d261616098cebf742f5a23,7709a04ae8520c5b04d261616098cebf742f5a23,"['CWE-787', 'CWE-190']",CVE-2020-20335
GNOME/gimp,https://github.com/GNOME/gimp/commit/4f99f1fcfd892ead19831b5adcd38a99d71214b6,4f99f1fcfd892ead19831b5adcd38a99d71214b6,['CWE-120'],CVE-2022-30067
ccxvii/mujs,https://github.com/ccxvii/mujs/commit/160ae29578054dc09fd91e5401ef040d52797e61,160ae29578054dc09fd91e5401ef040d52797e61,['CWE-674'],CVE-2022-30974
ccxvii/mujs,https://github.com/ccxvii/mujs/commit/799b62bf065b006e2bcb1c80044eab2b10412ecf,799b62bf065b006e2bcb1c80044eab2b10412ecf,['CWE-674'],CVE-2022-30974
ccxvii/mujs,https://github.com/ccxvii/mujs/commit/910acc807c3c057e1c0726160808f3a9f37b40ec,910acc807c3c057e1c0726160808f3a9f37b40ec,['CWE-476'],CVE-2022-30975
ccxvii/mujs,https://github.com/ccxvii/mujs/commit/f5b3c703e18725e380b83427004632e744f85a6f,f5b3c703e18725e380b83427004632e744f85a6f,['CWE-476'],CVE-2022-30975
gpac,https://github.com/gpac/gpac/commit/915e2cba715f36b7cc29e28888117831ca143d78,915e2cba715f36b7cc29e28888117831ca143d78,['CWE-125'],CVE-2022-30976
torvalds/linux,https://github.com/torvalds/linux/commit/d270453a0d9ec10bb8a802a142fb1b3601a83098,d270453a0d9ec10bb8a802a142fb1b3601a83098,['CWE-416'],CVE-2022-1734
tindy2013/subconverter,https://github.com/tindy2013/subconverter/commit/ce8d2bd0f13f05fcbd2ed90755d097f402393dd3,ce8d2bd0f13f05fcbd2ed90755d097f402393dd3,['CWE-434'],CVE-2022-28927
wasm3,https://github.com/wasm3/wasm3/commit/b8921b341d0d4a18f72f4d42caa9be839021c0b4,b8921b341d0d4a18f72f4d42caa9be839021c0b4,['CWE-787'],CVE-2022-28990
sparklemotion/nokogiri,https://github.com/sparklemotion/nokogiri/commit/db05ba9a1bd4b90aa6c76742cf6102a7c7297267,db05ba9a1bd4b90aa6c76742cf6102a7c7297267,['CWE-241'],CVE-2022-29181
nothings/stb,https://github.com/nothings/stb/commit/2a02ff76b5f4d2a0b01f0eee289c47e0901c49b6,2a02ff76b5f4d2a0b01f0eee289c47e0901c49b6,['CWE-835'],CVE-2021-42715
reddit/snudown,https://github.com/reddit/snudown/commit/1ac2c130b210539ee1e5d67a7bac93f9d8007c0e,1ac2c130b210539ee1e5d67a7bac93f9d8007c0e,['CWE-407'],CVE-2021-41168
open-power/skiboot,https://github.com/open-power/skiboot/commit/5be38b672c1410e2f10acd3ad2eecfdc81d5daf7,5be38b672c1410e2f10acd3ad2eecfdc81d5daf7,['CWE-681'],CVE-2021-36357
eclipse-openj9/openj9,https://github.com/eclipse-openj9/openj9/commit/c6e0d9296ff9a3084965d83e207403de373c0bad,c6e0d9296ff9a3084965d83e207403de373c0bad,"['CWE-250', 'CWE-440']",CVE-2021-41035
hoene/libmysofa,https://github.com/hoene/libmysofa/commit/890400ebd092c574707d0c132124f8ff047e20e1,890400ebd092c574707d0c132124f8ff047e20e1,['CWE-787'],CVE-2021-3756
libjxl,https://github.com/libjxl/libjxl/commit/bb6599932572ed24dbd68b0ea460acbf8d92884e,bb6599932572ed24dbd68b0ea460acbf8d92884e,['CWE-125'],CVE-2021-22563
libjxl,https://github.com/libjxl/libjxl/commit/e05e801278ee1205848e66406a0821f771d47172,e05e801278ee1205848e66406a0821f771d47172,['CWE-787'],CVE-2021-22564
fuzzard/xbmc,https://github.com/fuzzard/xbmc/commit/80c8138c09598e88b4ddb6dbb279fa193bbb3237,80c8138c09598e88b4ddb6dbb279fa193bbb3237,['CWE-120'],CVE-2021-42917
trgil/gilcc,https://github.com/trgil/gilcc/commit/803969389ca9c06237075a7f8eeb1a19e6651759,803969389ca9c06237075a7f8eeb1a19e6651759,['CWE-120'],CVE-2020-21572
torvalds/linux,https://github.com/torvalds/linux/commit/fa40d9734a57bcbfa79a280189799f76c88f7bb0,fa40d9734a57bcbfa79a280189799f76c88f7bb0,['CWE-1284'],CVE-2021-43267
michaelrsweet/htmldoc,https://github.com/michaelrsweet/htmldoc/commit/f12b9666e582a8e7b70f11b28e5ffc49ad625d43,f12b9666e582a8e7b70f11b28e5ffc49ad625d43,['CWE-125'],CVE-2021-40985
zyantific/zydis,https://github.com/zyantific/zydis/commit/55dd08c210722aed81b38132f5fd4a04ec1943b5,55dd08c210722aed81b38132f5fd4a04ec1943b5,['CWE-908'],CVE-2021-41253
wbx-github/uclibc-ng,https://github.com/wbx-github/uclibc-ng/commit/0f822af0445e5348ce7b7bd8ce1204244f31d174,0f822af0445e5348ce7b7bd8ce1204244f31d174,['CWE-79'],CVE-2021-43523
xiph/speex,https://github.com/xiph/speex/commit/870ff845b32f314aec0036641ffe18aba4916887,870ff845b32f314aec0036641ffe18aba4916887,['CWE-369'],CVE-2020-23903
arangodb,https://github.com/arangodb/arangodb/commit/e9c6ee9dcca7b9b4fbcd02a0b323d205bee838d3,e9c6ee9dcca7b9b4fbcd02a0b323d205bee838d3,['CWE-613'],CVE-2021-25940
Moddable-OpenSource/moddable,https://github.com/Moddable-OpenSource/moddable/commit/ee959cb69a5c49ceb0915db07a76a9dbb2539173,ee959cb69a5c49ceb0915db07a76a9dbb2539173,['CWE-787'],CVE-2021-29325
Moddable-OpenSource/moddable,https://github.com/Moddable-OpenSource/moddable/commit/d2d9a0f7a120f5e41a835b59fa4fd3460cceac8c,d2d9a0f7a120f5e41a835b59fa4fd3460cceac8c,['CWE-787'],CVE-2021-29326
Moddable-OpenSource/moddable,https://github.com/Moddable-OpenSource/moddable/commit/ef5216cc8bf87f8b16313eb13af0b54b06917c06,ef5216cc8bf87f8b16313eb13af0b54b06917c06,['CWE-125'],CVE-2021-29328
CroatiaControlLtd/asterix,https://github.com/CroatiaControlLtd/asterix/commit/3f765d387d239ccc44e278a2ffa600fb6a6587f9,3f765d387d239ccc44e278a2ffa600fb6a6587f9,['CWE-125'],CVE-2021-44144
LibreDWG/libredwg,https://github.com/LibreDWG/libredwg/commit/6e92baee0398ab5822582fbdf6b38d40905d0492,6e92baee0398ab5822582fbdf6b38d40905d0492,['CWE-476'],CVE-2021-28236
LibreDWG/libredwg,https://github.com/LibreDWG/libredwg/commit/ea0b9522f63d049ded2c3cff8d9a8c360119951c,ea0b9522f63d049ded2c3cff8d9a8c360119951c,['CWE-787'],CVE-2021-28237
justdan96/tsMuxer,https://github.com/justdan96/tsMuxer/commit/3a889a37b5b74a45025aca13ebda394b8f706ef3,3a889a37b5b74a45025aca13ebda394b8f706ef3,['CWE-787'],CVE-2021-35344
justdan96/tsMuxer,https://github.com/justdan96/tsMuxer/commit/df7c4ef77136b5aeb07e5ddde1699decc6029951,df7c4ef77136b5aeb07e5ddde1699decc6029951,['CWE-787'],CVE-2021-35346
opencontainers/runc,https://github.com/opencontainers/runc/commit/9c444070ec7bb83995dbc0185da68284da71c554,9c444070ec7bb83995dbc0185da68284da71c554,['CWE-190'],CVE-2021-43784
tmate-io/tmate-ssh-server,https://github.com/tmate-io/tmate-ssh-server/commit/1c020d1f5ca462f5b150b46a027aaa1bbe3c9596,1c020d1f5ca462f5b150b46a027aaa1bbe3c9596,"['CWE-362', 'CWE-732']",CVE-2021-44512
contiki-ng,https://github.com/contiki-ng/contiki-ng/commit/280019dce685bd5cfa217880762976980aeecf30,280019dce685bd5cfa217880762976980aeecf30,['CWE-120'],CVE-2020-12140
contiki-ng,https://github.com/contiki-ng/contiki-ng/commit/82356e516a91200857f52ed3e9945739cba2c051,82356e516a91200857f52ed3e9945739cba2c051,['CWE-120'],CVE-2020-12140
torvalds/linux,https://github.com/torvalds/linux/commit/050fad7c4534c13c8eb1d9c2ba66012e014773cb,050fad7c4534c13c8eb1d9c2ba66012e014773cb,['CWE-120'],CVE-2018-25020
TokTok/c-toxcore,https://github.com/TokTok/c-toxcore/commit/5beb00c93d3adb5c23149535624d27c67bc146ea,5beb00c93d3adb5c23149535624d27c67bc146ea,['CWE-404'],CVE-2018-25021
TokTok/c-toxcore,https://github.com/TokTok/c-toxcore/commit/6b97acb773622f9abca5ef305cd55bdef1ecc484,6b97acb773622f9abca5ef305cd55bdef1ecc484,['CWE-200'],CVE-2018-25022
rizinorg/rizin,https://github.com/rizinorg/rizin/commit/aa6917772d2f32e5a7daab25a46c72df0b5ea406,aa6917772d2f32e5a7daab25a46c72df0b5ea406,['CWE-787'],CVE-2021-43814
facebook/hermes,https://github.com/facebook/hermes/commit/55e1b2343f4deb1a1b5726cfe1e23b2068217ff2,55e1b2343f4deb1a1b5726cfe1e23b2068217ff2,['CWE-843'],CVE-2021-24045
haiwen/seafile-server,https://github.com/haiwen/seafile-server/commit/c7c38c129fb8cee5ee14f44982283f4527133dcf,c7c38c129fb8cee5ee14f44982283f4527133dcf,['CWE-639'],CVE-2021-43820
teeworlds,https://github.com/teeworlds/teeworlds/commit/91e5492d4c210f82f1ca6b43a73417fef5463368,91e5492d4c210f82f1ca6b43a73417fef5463368,['CWE-120'],CVE-2021-43518
GNOME/epiphany,https://github.com/GNOME/epiphany/commit/359e465148254278337537b4f0ef4fd16df72bb4,359e465148254278337537b4f0ef4fd16df72bb4,['CWE-79'],CVE-2021-45085
torvalds/linux,https://github.com/torvalds/linux/commit/bcd0f93353326954817a4f9fa55ec57fb38acbb0,bcd0f93353326954817a4f9fa55ec57fb38acbb0,['CWE-200'],CVE-2021-45095
OISF/suricata,https://github.com/OISF/suricata/commit/50e2b973eeec7172991bf8f544ab06fb782b97df,50e2b973eeec7172991bf8f544ab06fb782b97df,['CWE-Other'],CVE-2021-45098
cifsd-team/ksmbd,https://github.com/cifsd-team/ksmbd/commit/b0b104adae26de607db43f346a7c450ef0c6af9a,b0b104adae26de607db43f346a7c450ef0c6af9a,['CWE-319'],CVE-2021-45100
numpy,https://github.com/numpy/numpy/commit/16f7824b4d935b6aee98298ca4123d57174a6f2e,16f7824b4d935b6aee98298ca4123d57174a6f2e,['CWE-120'],CVE-2021-33430
numpy,https://github.com/numpy/numpy/commit/eeef9d4646103c3b1afd3085f1393f2b3f9575b2,eeef9d4646103c3b1afd3085f1393f2b3f9575b2,['CWE-697'],CVE-2021-34141
numpy,https://github.com/numpy/numpy/commit/271010f1037150e95017f803f4214b8861e528f2,271010f1037150e95017f803f4214b8861e528f2,['CWE-120'],CVE-2021-41496
belangeo/pyo,https://github.com/belangeo/pyo/commit/017702c73332a8560c8554a36250a6da587a2418,017702c73332a8560c8554a36250a6da587a2418,['CWE-120'],CVE-2021-41498
belangeo/pyo,https://github.com/belangeo/pyo/commit/e7e6d2880469b523e4c41f0da2087a6a3eec4a45,e7e6d2880469b523e4c41f0da2087a6a3eec4a45,['CWE-120'],CVE-2021-41499
cvxopt,https://github.com/cvxopt/cvxopt/commit/d5a21cf1da62e4269176384b1ff62edac5579f94,d5a21cf1da62e4269176384b1ff62edac5579f94,['CWE-697'],CVE-2021-41500
gpac,https://github.com/gpac/gpac/commit/9bbce9634cba1128aa4b96d590be578ae3ce80b3,9bbce9634cba1128aa4b96d590be578ae3ce80b3,['CWE-415'],CVE-2021-45288
gpac,https://github.com/gpac/gpac/commit/5e1f084e0c6ad2736c9913715c4abb57c554209d,5e1f084e0c6ad2736c9913715c4abb57c554209d,['CWE-Other'],CVE-2021-45289
WebAssembly/binaryen,https://github.com/WebAssembly/binaryen/commit/859d8996d68b5d279712172669c216569398ae97,859d8996d68b5d279712172669c216569398ae97,['CWE-617'],CVE-2021-45290
gpac,https://github.com/gpac/gpac/commit/3dafcb5e71e9ffebb50238784dcad8b105da81f6,3dafcb5e71e9ffebb50238784dcad8b105da81f6,['CWE-476'],CVE-2021-45292
WebAssembly/binaryen,https://github.com/WebAssembly/binaryen/commit/27135d613f929214dd2f74ca106f32310bc7e65b,27135d613f929214dd2f74ca106f32310bc7e65b,['CWE-119'],CVE-2021-45293
gpac,https://github.com/gpac/gpac/commit/fb13af36286b9d898e332e8762a286eb83bd1770,fb13af36286b9d898e332e8762a286eb83bd1770,['CWE-835'],CVE-2021-45297
gpac,https://github.com/gpac/gpac/commit/75474199cf7187868fa4be4e76377db3c659ee9a,75474199cf7187868fa4be4e76377db3c659ee9a,['CWE-476'],CVE-2021-44918
gpac,https://github.com/gpac/gpac/commit/339fe399e7c8eab748bab76e9e6a9da7e117eeb4,339fe399e7c8eab748bab76e9e6a9da7e117eeb4,['CWE-119'],CVE-2021-44920
gpac,https://github.com/gpac/gpac/commit/5b4a6417a90223f1ef6c0b41b055716f7bfbbca2,5b4a6417a90223f1ef6c0b41b055716f7bfbbca2,['CWE-476'],CVE-2021-44921
gpac,https://github.com/gpac/gpac/commit/e2acb1511d1e69115141ea3080afd1cce6a15497,e2acb1511d1e69115141ea3080afd1cce6a15497,['CWE-835'],CVE-2021-44924
gpac,https://github.com/gpac/gpac/commit/a5a8dbcdd95666f763fe59ab65154ae9271a18f2,a5a8dbcdd95666f763fe59ab65154ae9271a18f2,['CWE-476'],CVE-2021-44925
gpac,https://github.com/gpac/gpac/commit/f73da86bf32992f62b9ff2b9c9e853e3c97edf8e,f73da86bf32992f62b9ff2b9c9e853e3c97edf8e,['CWE-476'],CVE-2021-44926
gpac,https://github.com/gpac/gpac/commit/eaea647cc7dec7b452c17e72f4ce46be35348c92,eaea647cc7dec7b452c17e72f4ce46be35348c92,['CWE-476'],CVE-2021-44927
gpac,https://github.com/gpac/gpac/commit/47a26a32c9a2cd630c48517c3e6ab2fa5f6a26ad,47a26a32c9a2cd630c48517c3e6ab2fa5f6a26ad,['CWE-787'],CVE-2021-45258
pjsip/pjproject,https://github.com/pjsip/pjproject/commit/15663e3f37091069b8c98a7fce680dc04bc8e865,15663e3f37091069b8c98a7fce680dc04bc8e865,['CWE-191'],CVE-2021-37706
pjsip/pjproject,https://github.com/pjsip/pjproject/commit/8b621f192cae14456ee0b0ade52ce6c6f258af1e,8b621f192cae14456ee0b0ade52ce6c6f258af1e,['CWE-125'],CVE-2021-43804
gpac,https://github.com/gpac/gpac/commit/ef86a8eba3b166b885dec219066dd3a47501e03a,ef86a8eba3b166b885dec219066dd3a47501e03a,['CWE-416'],CVE-2021-45262
gpac,https://github.com/gpac/gpac/commit/b232648da3b111a0efe500501ee8ca8f32b616e9,b232648da3b111a0efe500501ee8ca8f32b616e9,['CWE-416'],CVE-2021-45263
gpac,https://github.com/gpac/gpac/commit/76b9e3f578a056fee07a4b317f5b36a83d01810e,76b9e3f578a056fee07a4b317f5b36a83d01810e,['CWE-476'],CVE-2021-45266
gpac,https://github.com/gpac/gpac/commit/29f31f431b18278b94c659452562e8a027436487,29f31f431b18278b94c659452562e8a027436487,['CWE-476'],CVE-2021-45267
open5gs,https://github.com/open5gs/open5gs/commit/a0f2535cb5a29bba6dbbccdb90c74ccd770cc700,a0f2535cb5a29bba6dbbccdb90c74ccd770cc700,['CWE-1284'],CVE-2021-45462
GNOME/gimp,https://github.com/GNOME/gimp/commit/e8a31ba4f2ce7e6bc34882dc27c97fba993f5868,e8a31ba4f2ce7e6bc34882dc27c97fba993f5868,['CWE-Other'],CVE-2021-45463
e2guardian,https://github.com/e2guardian/e2guardian/commit/eae46a7e2a57103aadca903c4a24cca94dc502a2,eae46a7e2a57103aadca903c4a24cca94dc502a2,['CWE-295'],CVE-2021-44273
libguestfs/hivex,https://github.com/libguestfs/hivex/commit/771728218dac2fbf6997a7e53225e75a4c6b7255,771728218dac2fbf6997a7e53225e75a4c6b7255,['CWE-400'],CVE-2021-3622
torvalds/linux,https://github.com/torvalds/linux/commit/5f9562ebe710c307adc5f666bf1a2162ee7977c0,5f9562ebe710c307adc5f666bf1a2162ee7977c0,['CWE-401'],CVE-2021-45480
unicorn-engine/unicorn,https://github.com/unicorn-engine/unicorn/commit/c733bbada356b0373fa8aa72c044574bb855fd24,c733bbada356b0373fa8aa72c044574bb855fd24,['CWE-697'],CVE-2021-44078
pjsip/pjproject,https://github.com/pjsip/pjproject/commit/f74c1fc22b760d2a24369aa72c74c4a9ab985859,f74c1fc22b760d2a24369aa72c74c4a9ab985859,['CWE-125'],CVE-2021-43845
brave/brave-core,https://github.com/brave/brave-core/commit/133af65c89c035b2934ca3532f8442c719c5b471,133af65c89c035b2934ca3532f8442c719c5b471,['CWE-200'],CVE-2021-45884
mruby,https://github.com/mruby/mruby/commit/27d1e0132a0804581dca28df042e7047fd27eaa8,27d1e0132a0804581dca28df042e7047fd27eaa8,['CWE-476'],CVE-2021-4188
babelouest/glewlwyd,https://github.com/babelouest/glewlwyd/commit/125281f1c0d4b6a8b49f7e55a757205a2ef01fbe,125281f1c0d4b6a8b49f7e55a757205a2ef01fbe,['CWE-287'],CVE-2021-45379
ArtifexSoftware/ghostpdl,https://github.com/ArtifexSoftware/ghostpdl/commit/7861fcad13c497728189feafb41cd57b5b50ea25,7861fcad13c497728189feafb41cd57b5b50ea25,['CWE-416'],CVE-2021-45944
ArtifexSoftware/ghostpdl,https://github.com/ArtifexSoftware/ghostpdl/commit/2a3129365d3bc0d4a41f107ef175920d1505d1f7,2a3129365d3bc0d4a41f107ef175920d1505d1f7,['CWE-787'],CVE-2021-45949
libjxl,https://github.com/libjxl/libjxl/commit/7634712307110325630eb41188cec77bc4a91233,7634712307110325630eb41188cec77bc4a91233,['CWE-787'],CVE-2021-45928
qt/qtsvg,https://github.com/qt/qtsvg/commit/79bb9f51fa374106a612d17c9d98d35d807be670,79bb9f51fa374106a612d17c9d98d35d807be670,['CWE-787'],CVE-2021-45930
wolfSSL/wolfMQTT,https://github.com/wolfSSL/wolfMQTT/commit/84d4b53122e0fa0280c7872350b89d5777dabbb2,84d4b53122e0fa0280c7872350b89d5777dabbb2,['CWE-787'],CVE-2021-45932
AcademySoftwareFoundation/openexr,https://github.com/AcademySoftwareFoundation/openexr/commit/db217f29dfb24f6b4b5100c24ac5e7490e1c57d0,db217f29dfb24f6b4b5100c24ac5e7490e1c57d0,['CWE-787'],CVE-2021-45942
AcademySoftwareFoundation/openexr,https://github.com/AcademySoftwareFoundation/openexr/commit/11cad77da87c4fa2aab7d58dd5339e254db7937e,11cad77da87c4fa2aab7d58dd5339e254db7937e,['CWE-787'],CVE-2021-45942
libexpat,https://github.com/libexpat/libexpat/commit/0adcb34c49bee5b19bd29b16a578c510c23597ea,0adcb34c49bee5b19bd29b16a578c510c23597ea,['CWE-682'],CVE-2021-45960
mruby,https://github.com/mruby/mruby/commit/28ccc664e5dcd3f9d55173e9afde77c4705a9ab6,28ccc664e5dcd3f9d55173e9afde77c4705a9ab6,['CWE-122'],CVE-2022-0080
pjsip/pjproject,https://github.com/pjsip/pjproject/commit/1aa2c0e0fb60a1b0bf793e0d834073ffe50fb196,1aa2c0e0fb60a1b0bf793e0d834073ffe50fb196,['CWE-667'],CVE-2021-41141
the-tcpdump-group/tcpslice,https://github.com/the-tcpdump-group/tcpslice/commit/030859fce9c77417de657b9bb29c0f78c2d68f4a,030859fce9c77417de657b9bb29c0f78c2d68f4a,['CWE-416'],CVE-2021-41043
gpac,https://github.com/gpac/gpac/commit/4613a35362e15a6df90453bd632d083645e5a765,4613a35362e15a6df90453bd632d083645e5a765,['CWE-476'],CVE-2021-45831
gpac,https://github.com/gpac/gpac/commit/f5a778edd1febd574ff9558d2faa57133bdb4a5f,f5a778edd1febd574ff9558d2faa57133bdb4a5f,['CWE-476'],CVE-2021-46039
manticoresoftware/manticoresearch,https://github.com/manticoresoftware/manticoresearch/commit/6e597ff61e1e910559f6ed541ff32520085af6aa,6e597ff61e1e910559f6ed541ff32520085af6aa,['CWE-22'],CVE-2020-29050
michaelrsweet/htmldoc,https://github.com/michaelrsweet/htmldoc/commit/27d08989a5a567155d506ac870ae7d8cc88fa58b,27d08989a5a567155d506ac870ae7d8cc88fa58b,['CWE-787'],CVE-2021-43579
gpac,https://github.com/gpac/gpac/commit/dd2e8b1b9378a9679de8e7e5dcb2d7841acd5dbd,dd2e8b1b9378a9679de8e7e5dcb2d7841acd5dbd,['CWE-476'],CVE-2021-46047
WebAssembly/binaryen,https://github.com/WebAssembly/binaryen/commit/6f599272c66f65472f5e4c8d759d5bca77e47da6,6f599272c66f65472f5e4c8d759d5bca77e47da6,['CWE-617'],CVE-2021-46054
WebAssembly/binaryen,https://github.com/WebAssembly/binaryen/commit/1beec37f483505db0c5152be9118b28e45b77316,1beec37f483505db0c5152be9118b28e45b77316,['CWE-617'],CVE-2021-46055
gpac,https://github.com/gpac/gpac/commit/8e585e623b1d666b4ef736ed609264639cb27701,8e585e623b1d666b4ef736ed609264639cb27701,['CWE-476'],CVE-2020-25427
strukturag/libde265,https://github.com/strukturag/libde265/commit/e83f3798dd904aa579425c53020c67e03735138d,e83f3798dd904aa579425c53020c67e03735138d,['CWE-125'],CVE-2021-35452
strukturag/libde265,https://github.com/strukturag/libde265/commit/f538254e4658ef5ea4e233c2185dcbfd165e8911,f538254e4658ef5ea4e233c2185dcbfd165e8911,['CWE-416'],CVE-2021-36408
strukturag/libde265,https://github.com/strukturag/libde265/commit/64d591a6c70737604ca3f5791736fc462cbe8a3c,64d591a6c70737604ca3f5791736fc462cbe8a3c,['CWE-617'],CVE-2021-36409
strukturag/libde265,https://github.com/strukturag/libde265/commit/697aa4f7c774abd6374596e6707a6f4f54265355,697aa4f7c774abd6374596e6707a6f4f54265355,['CWE-787'],CVE-2021-36410
gpac,https://github.com/gpac/gpac/commit/828188475084db87cebc34208b6bd2509709845e,828188475084db87cebc34208b6bd2509709845e,['CWE-787'],CVE-2021-36412
gpac,https://github.com/gpac/gpac/commit/6007c7145eb0fcd29fe05b6e5983a065b42c6b21,6007c7145eb0fcd29fe05b6e5983a065b42c6b21,['CWE-787'],CVE-2021-36414
radareorg/radare2,https://github.com/radareorg/radare2/commit/37897226a1a31f982bfefdc4aeefc2e50355c73c,37897226a1a31f982bfefdc4aeefc2e50355c73c,"['CWE-125', 'CWE-416']",CVE-2022-0173
gpac,https://github.com/gpac/gpac/commit/737e1f39da80e02912953269966d89afd196ad30,737e1f39da80e02912953269966d89afd196ad30,['CWE-787'],CVE-2021-36417
LoicMarechal/libMeshb,https://github.com/LoicMarechal/libMeshb/commit/8cd68c54e0647c0030ae4506a225ad4a2655c316,8cd68c54e0647c0030ae4506a225ad4a2655c316,['CWE-120'],CVE-2021-46225
gpac,https://github.com/gpac/gpac/commit/70607fc71a671cf48a05e013a4e411429373dce7,70607fc71a671cf48a05e013a4e411429373dce7,['CWE-476'],CVE-2021-40559
gpac,https://github.com/gpac/gpac/commit/5dd71c7201a3e5cf40732d585bfb21c906c171d3,5dd71c7201a3e5cf40732d585bfb21c906c171d3,['CWE-697'],CVE-2021-40562
gpac,https://github.com/gpac/gpac/commit/5ce0c906ed8599d218036b18b78e8126a496f137,5ce0c906ed8599d218036b18b78e8126a496f137,['CWE-476'],CVE-2021-40563
gpac,https://github.com/gpac/gpac/commit/cf6771c857eb9a290e2c19ddacfdd3ed98b27618,cf6771c857eb9a290e2c19ddacfdd3ed98b27618,['CWE-476'],CVE-2021-40564
gpac,https://github.com/gpac/gpac/commit/893fb99b606eebfae46cde151846a980e689039b,893fb99b606eebfae46cde151846a980e689039b,['CWE-476'],CVE-2021-40565
gpac,https://github.com/gpac/gpac/commit/96047e0e6166407c40cc19f4e94fb35cd7624391,96047e0e6166407c40cc19f4e94fb35cd7624391,['CWE-416'],CVE-2021-40566
CrowCpp/Crow,https://github.com/CrowCpp/Crow/commit/0a160214424d5ca708b8e2eaea061924d8fb0c38,0a160214424d5ca708b8e2eaea061924d8fb0c38,"['CWE-22', 'CWE-79']",CVE-2021-23514
CrowCpp/Crow,https://github.com/CrowCpp/Crow/commit/e688cbd18ea85a4a61b32be4e8d6b37c66943c4a,e688cbd18ea85a4a61b32be4e8d6b37c66943c4a,"['CWE-22', 'CWE-79']",CVE-2021-23514
gpac,https://github.com/gpac/gpac/commit/f1ae01d745200a258cdf62622f71754c37cb6c30,f1ae01d745200a258cdf62622f71754c37cb6c30,['CWE-120'],CVE-2021-40568
gpac,https://github.com/gpac/gpac/commit/b03c9f252526bb42fbd1b87b9f5e339c3cf2390a,b03c9f252526bb42fbd1b87b9f5e339c3cf2390a,['CWE-415'],CVE-2021-40569
gpac,https://github.com/gpac/gpac/commit/04dbf08bff4d61948bab80c3f9096ecc60c7f302,04dbf08bff4d61948bab80c3f9096ecc60c7f302,['CWE-415'],CVE-2021-40570
gpac,https://github.com/gpac/gpac/commit/a69b567b8c95c72f9560c873c5ab348be058f340,a69b567b8c95c72f9560c873c5ab348be058f340,['CWE-415'],CVE-2021-40571
gpac,https://github.com/gpac/gpac/commit/7bb1b4a4dd23c885f9db9f577dfe79ecc5433109,7bb1b4a4dd23c885f9db9f577dfe79ecc5433109,['CWE-415'],CVE-2021-40572
gpac,https://github.com/gpac/gpac/commit/30ac5e5236b790accd1f25347eebf2dc8c6c1bcb,30ac5e5236b790accd1f25347eebf2dc8c6c1bcb,['CWE-415'],CVE-2021-40574
gpac,https://github.com/gpac/gpac/commit/5f2c2a16d30229b6241f02fa28e3d6b810d64858,5f2c2a16d30229b6241f02fa28e3d6b810d64858,['CWE-476'],CVE-2021-40575
gpac,https://github.com/gpac/gpac/commit/ad18ece95fa064efc0995c4ab2c985f77fb166ec,ad18ece95fa064efc0995c4ab2c985f77fb166ec,['CWE-476'],CVE-2021-40576
flatpak,https://github.com/flatpak/flatpak/commit/445bddeee657fdc8d2a0a1f0de12975400d4fc1a,445bddeee657fdc8d2a0a1f0de12975400d4fc1a,['CWE-22'],CVE-2022-21682
gpac,https://github.com/gpac/gpac/commit/5041fcbaa904a89d280561905a163171b3828cea,5041fcbaa904a89d280561905a163171b3828cea,['CWE-119'],CVE-2021-45760
gpac,https://github.com/gpac/gpac/commit/6d647f6e458c9b727eae1a8077d27fa433ced788,6d647f6e458c9b727eae1a8077d27fa433ced788,['CWE-119'],CVE-2021-45762
gpac,https://github.com/gpac/gpac/commit/d2f74e49f2cb8d687c0dc38f66b99e3c5c7d7fec,d2f74e49f2cb8d687c0dc38f66b99e3c5c7d7fec,['CWE-Other'],CVE-2021-45763
gpac,https://github.com/gpac/gpac/commit/e54df17892bee983d09d9437e44e6a1528fb46cb,e54df17892bee983d09d9437e44e6a1528fb46cb,['CWE-119'],CVE-2021-45764
gpac,https://github.com/gpac/gpac/commit/830548acd030467e857f4cf0b79af8ebf1e04dde,830548acd030467e857f4cf0b79af8ebf1e04dde,['CWE-119'],CVE-2021-45767
mz-automation/libiec61850,https://github.com/mz-automation/libiec61850/commit/32087c47dea6a551610bed3dec7cb94d7d89e5ac,32087c47dea6a551610bed3dec7cb94d7d89e5ac,['CWE-476'],CVE-2021-45769
gnu-mirror-unofficial/recutils,https://github.com/gnu-mirror-unofficial/recutils/commit/34b75ed7ad492c8e38b669ebafe0176f1f9992d2,34b75ed7ad492c8e38b669ebafe0176f1f9992d2,['CWE-476'],CVE-2021-46019
mruby,https://github.com/mruby/mruby/commit/7f40b645d2773c8f50c48ae4adf90488e164da55,7f40b645d2773c8f50c48ae4adf90488e164da55,['CWE-119'],CVE-2021-46020
mruby,https://github.com/mruby/mruby/commit/31fa3304049fc406a201a72293cce140f0557dca,31fa3304049fc406a201a72293cce140f0557dca,['CWE-476'],CVE-2022-0240
wolfSSL/wolfssl,https://github.com/wolfSSL/wolfssl/commit/73b4cc9476f6355a91138f545f3fd007ce058255,73b4cc9476f6355a91138f545f3fd007ce058255,['CWE-330'],CVE-2022-23408
koral--/android-gif-drawable,https://github.com/koral--/android-gif-drawable/commit/9f0f0c89e6fa38548163771feeb4bde84b828887,9f0f0c89e6fa38548163771feeb4bde84b828887,['CWE-Other'],CVE-2022-23435
svaarala/duktape,https://github.com/svaarala/duktape/commit/fc75060165a011ff5ec43bfebea0c37a3d1baca1,fc75060165a011ff5ec43bfebea0c37a3d1baca1,['CWE-404'],CVE-2021-46322
espruino/Espruino,https://github.com/espruino/Espruino/commit/97ef22088bd312cafe62f9c454d67beb038fd8f8,97ef22088bd312cafe62f9c454d67beb038fd8f8,['CWE-Other'],CVE-2021-46323
espruino/Espruino,https://github.com/espruino/Espruino/commit/34fd6cd10f6cf21bc79c5e099f38c3d2afbe5902,34fd6cd10f6cf21bc79c5e099f38c3d2afbe5902,['CWE-787'],CVE-2021-46324
espruino/Espruino,https://github.com/espruino/Espruino/commit/0e0548c18414656be5977ae0e6c8dd92100b3e37,0e0548c18414656be5977ae0e6c8dd92100b3e37,['CWE-787'],CVE-2021-46325
espruino/Espruino,https://github.com/espruino/Espruino/commit/f56b7ca9a4106a60395392c1fa8ce4c85faf9752,f56b7ca9a4106a60395392c1fa8ce4c85faf9752,['CWE-787'],CVE-2021-46325
Moddable-OpenSource/moddable,https://github.com/Moddable-OpenSource/moddable/commit/f000fe13e240464f63fefa605241be7fe5fca1cd,f000fe13e240464f63fefa605241be7fe5fca1cd,['CWE-787'],CVE-2021-46326
Moddable-OpenSource/moddable,https://github.com/Moddable-OpenSource/moddable/commit/6c88625e020649ebdfdd12862c44f5bf4ef5d994,6c88625e020649ebdfdd12862c44f5bf4ef5d994,['CWE-787'],CVE-2021-46328
Moddable-OpenSource/moddable,https://github.com/Moddable-OpenSource/moddable/commit/fc280384a612a9904b2c0390ae558d50667724ab,fc280384a612a9904b2c0390ae558d50667724ab,['CWE-Other'],CVE-2021-46329
Moddable-OpenSource/moddable,https://github.com/Moddable-OpenSource/moddable/commit/0c4403b06218c49ae0a455b77953f1752b0da02d,0c4403b06218c49ae0a455b77953f1752b0da02d,['CWE-Other'],CVE-2021-46330
Moddable-OpenSource/moddable,https://github.com/Moddable-OpenSource/moddable/commit/c31b8fd15df1ce5fdc11161d4d88fae278e974e1,c31b8fd15df1ce5fdc11161d4d88fae278e974e1,['CWE-787'],CVE-2021-46332
Moddable-OpenSource/moddable,https://github.com/Moddable-OpenSource/moddable/commit/8e94a36699bfe8b1eab2218081badff1cb7f97ce,8e94a36699bfe8b1eab2218081badff1cb7f97ce,['CWE-119'],CVE-2021-46333
Moddable-OpenSource/moddable,https://github.com/Moddable-OpenSource/moddable/commit/ce937b4ee6fad6b17dcc482c3fde55c379459e05,ce937b4ee6fad6b17dcc482c3fde55c379459e05,['CWE-787'],CVE-2021-46334
Moddable-OpenSource/moddable,https://github.com/Moddable-OpenSource/moddable/commit/4a1e972c24c8fbca2b94f568d94c6c68f997ba39,4a1e972c24c8fbca2b94f568d94c6c68f997ba39,['CWE-476'],CVE-2021-46335
jerryscript-project/jerryscript,https://github.com/jerryscript-project/jerryscript/commit/b5327cfcb37c9217f3c319d8897934a6da97d5ed,b5327cfcb37c9217f3c319d8897934a6da97d5ed,['CWE-617'],CVE-2021-46337
jerryscript-project/jerryscript,https://github.com/jerryscript-project/jerryscript/commit/338bf4ffb4efdfe0e58b63fbbeeb6630b2057c83,338bf4ffb4efdfe0e58b63fbbeeb6630b2057c83,['CWE-617'],CVE-2021-46340
jerryscript-project/jerryscript,https://github.com/jerryscript-project/jerryscript/commit/3f13061e45348d354c63f96199c2a9c23325cae0,3f13061e45348d354c63f96199c2a9c23325cae0,['CWE-617'],CVE-2021-46342
jerryscript-project/jerryscript,https://github.com/jerryscript-project/jerryscript/commit/604eb531b3a6ca266e8a97eef38ea3412eba6c7e,604eb531b3a6ca266e8a97eef38ea3412eba6c7e,['CWE-617'],CVE-2021-46343
jerryscript-project/jerryscript,https://github.com/jerryscript-project/jerryscript/commit/9a8cf58f2252aa825049e9d2fd5071983c6a20be,9a8cf58f2252aa825049e9d2fd5071983c6a20be,['CWE-617'],CVE-2021-46344
jerryscript-project/jerryscript,https://github.com/jerryscript-project/jerryscript/commit/e54c980de52416e41296545e7f5b210a53b31d12,e54c980de52416e41296545e7f5b210a53b31d12,['CWE-617'],CVE-2021-46345
jerryscript-project/jerryscript,https://github.com/jerryscript-project/jerryscript/commit/3a9bd349c55799db2cbf74e36b68f21617ade4f2,3a9bd349c55799db2cbf74e36b68f21617ade4f2,['CWE-617'],CVE-2021-46346
jerryscript-project/jerryscript,https://github.com/jerryscript-project/jerryscript/commit/b0625e61819e1f5823f16f2463f5def4ab16bdfb,b0625e61819e1f5823f16f2463f5def4ab16bdfb,['CWE-617'],CVE-2021-46347
jerryscript-project/jerryscript,https://github.com/jerryscript-project/jerryscript/commit/d9b37a22698a15ca3ae7b369822805fd7556538e,d9b37a22698a15ca3ae7b369822805fd7556538e,['CWE-617'],CVE-2021-46348
jerryscript-project/jerryscript,https://github.com/jerryscript-project/jerryscript/commit/37d7c953fead2b9ffe168fc6ac38c92b602773d8,37d7c953fead2b9ffe168fc6ac38c92b602773d8,['CWE-617'],CVE-2021-46350
jerryscript-project/jerryscript,https://github.com/jerryscript-project/jerryscript/commit/73ab9eeef6c486869445a1ac7e3b8bd64e35d24f,73ab9eeef6c486869445a1ac7e3b8bd64e35d24f,['CWE-787'],CVE-2022-22888
jerryscript-project/jerryscript,https://github.com/jerryscript-project/jerryscript/commit/3bb042b49153dafb4cb47e8c6c032692a78ba0c7,3bb042b49153dafb4cb47e8c6c032692a78ba0c7,['CWE-617'],CVE-2022-22890
jerryscript-project/jerryscript,https://github.com/jerryscript-project/jerryscript/commit/bf96d98109be397c28266f53b34338f2e2b12db8,bf96d98109be397c28266f53b34338f2e2b12db8,['CWE-Other'],CVE-2022-22891
jerryscript-project/jerryscript,https://github.com/jerryscript-project/jerryscript/commit/c6aab480c1e2d968871028aec53c85ac5566b34a,c6aab480c1e2d968871028aec53c85ac5566b34a,['CWE-617'],CVE-2022-22892
jerryscript-project/jerryscript,https://github.com/jerryscript-project/jerryscript/commit/b4eecfc24ff7752467f0324139425463ecc5ff4f,b4eecfc24ff7752467f0324139425463ecc5ff4f,['CWE-787'],CVE-2022-22893
jerryscript-project/jerryscript,https://github.com/jerryscript-project/jerryscript/commit/99c81be1a20f736b025a25a9061c89de09241120,99c81be1a20f736b025a25a9061c89de09241120,"['CWE-787', 'CWE-770']",CVE-2022-22894
mruby,https://github.com/mruby/mruby/commit/b611c43a5de061ec21b343967e1b64c45c373d7e,b611c43a5de061ec21b343967e1b64c45c373d7e,['CWE-476'],CVE-2022-0326
plutinosoft/Platinum,https://github.com/plutinosoft/Platinum/commit/9a4ceaccb1585ec35c45fd8e2585538fff6a865e,9a4ceaccb1585ec35c45fd8e2585538fff6a865e,['CWE-22'],CVE-2020-19858
NLnetLabs/ldns,https://github.com/NLnetLabs/ldns/commit/15d96206996bea969fbc918eb0a4a346f514b9f3,15d96206996bea969fbc918eb0a4a346f514b9f3,['CWE-125'],CVE-2020-19860
NLnetLabs/ldns,https://github.com/NLnetLabs/ldns/commit/136ec420437041fe13f344a2053e774f9050cc38,136ec420437041fe13f344a2053e774f9050cc38,['CWE-125'],CVE-2020-19861
gpac,https://github.com/gpac/gpac/commit/70c6f6f832dccff814a19a74d87b97b3d68a4af5,70c6f6f832dccff814a19a74d87b97b3d68a4af5,['CWE-476'],CVE-2021-46234
gpac,https://github.com/gpac/gpac/commit/6a5effb57153cb05e72f6e9bd72afefc334a673d,6a5effb57153cb05e72f6e9bd72afefc334a673d,['CWE-476'],CVE-2021-46236
gpac,https://github.com/gpac/gpac/commit/3cc122ad664a2355cce9784f50b59c6272d43f00,3cc122ad664a2355cce9784f50b59c6272d43f00,['CWE-476'],CVE-2021-46237
gpac,https://github.com/gpac/gpac/commit/4b9736ab8c9274db5858e5bf9fe0470bc3e7b6cf,4b9736ab8c9274db5858e5bf9fe0470bc3e7b6cf,['CWE-787'],CVE-2021-46238
gpac,https://github.com/gpac/gpac/commit/4e1215758fa89455e8de1262df36f11740bb1bc4,4e1215758fa89455e8de1262df36f11740bb1bc4,['CWE-416'],CVE-2021-46239
gpac,https://github.com/gpac/gpac/commit/ad19e0c4504a89ca273442b1b1483ae7adfb9491,ad19e0c4504a89ca273442b1b1483ae7adfb9491,['CWE-476'],CVE-2021-46311
gpac,https://github.com/gpac/gpac/commit/ee969d3c4c425ecb25999eb68ada616925b58eba,ee969d3c4c425ecb25999eb68ada616925b58eba,['CWE-Other'],CVE-2021-46313
libexpat,https://github.com/libexpat/libexpat/commit/847a645152f5ebc10ac63b74b604d0c1a79fae40,847a645152f5ebc10ac63b74b604d0c1a79fae40,['CWE-190'],CVE-2022-23852
jerryscript-project/jerryscript,https://github.com/jerryscript-project/jerryscript/commit/18f73dd27ced9bcec1188c363f292fb471f0bd33,18f73dd27ced9bcec1188c363f292fb471f0bd33,['CWE-119'],CVE-2021-44992
jerryscript-project/jerryscript,https://github.com/jerryscript-project/jerryscript/commit/9adbfb7f515ccd6aee82e66e068dccf8a0f39c4b,9adbfb7f515ccd6aee82e66e068dccf8a0f39c4b,['CWE-617'],CVE-2021-44994
pcmacdon/jsish,https://github.com/pcmacdon/jsish/commit/e362c0a34c814bebb78f5ec2fc3747475d1ed259,e362c0a34c814bebb78f5ec2fc3747475d1ed259,"['CWE-787', 'CWE-Other']",CVE-2021-46475
pcmacdon/jsish,https://github.com/pcmacdon/jsish/commit/bb82cc385fddea6accafe8928dc2dae35a685cb9,bb82cc385fddea6accafe8928dc2dae35a685cb9,"['CWE-787', 'CWE-Other']",CVE-2021-46475
pcmacdon/jsish,https://github.com/pcmacdon/jsish/commit/852f75d792cc9b15ca2e5d39e4724f8a656398eb,852f75d792cc9b15ca2e5d39e4724f8a656398eb,['CWE-401'],CVE-2021-46481
pcmacdon/jsish,https://github.com/pcmacdon/jsish/commit/803e487fd193c0c898d6d5bf6ffecf32316fb1e5,803e487fd193c0c898d6d5bf6ffecf32316fb1e5,['CWE-787'],CVE-2021-46482
pcmacdon/jsish,https://github.com/pcmacdon/jsish/commit/e65cad64f992b4cb2b7fb5f8a1e4b6ae13acf1be,e65cad64f992b4cb2b7fb5f8a1e4b6ae13acf1be,['CWE-787'],CVE-2021-46483
pjsip/pjproject,https://github.com/pjsip/pjproject/commit/22af44e68a0c7d190ac1e25075e1382f77e9397a,22af44e68a0c7d190ac1e25075e1382f77e9397a,['CWE-125'],CVE-2022-21722
pjsip/pjproject,https://github.com/pjsip/pjproject/commit/077b465c33f0aec05a49cd2ca456f9a1b112e896,077b465c33f0aec05a49cd2ca456f9a1b112e896,['CWE-125'],CVE-2022-21723
pcmacdon/jsish,https://github.com/pcmacdon/jsish/commit/5c90ca033c7cc1074ff5f3fb67c2bac498d955bc,5c90ca033c7cc1074ff5f3fb67c2bac498d955bc,['CWE-Other'],CVE-2021-46485
pcmacdon/jsish,https://github.com/pcmacdon/jsish/commit/95baccfd6d0a5bb7ef661cb350aec8a065209549,95baccfd6d0a5bb7ef661cb350aec8a065209549,['CWE-Other'],CVE-2021-46487
pcmacdon/jsish,https://github.com/pcmacdon/jsish/commit/00a26b8d79240f8b2fae0d280048e6970151ea1a,00a26b8d79240f8b2fae0d280048e6970151ea1a,['CWE-Other'],CVE-2021-46488
harfbuzz,https://github.com/harfbuzz/harfbuzz/commit/c917965b9e6fe2b21ed6c51559673288fa3af4b7,c917965b9e6fe2b21ed6c51559673288fa3af4b7,['CWE-125'],CVE-2015-9274
torvalds/linux,https://github.com/torvalds/linux/commit/d2f007dbe7e4c9583eea6eb04d60001e85c6f1bd,d2f007dbe7e4c9583eea6eb04d60001e85c6f1bd,['CWE-863'],CVE-2018-18955
ansilove/libansilove,https://github.com/ansilove/libansilove/commit/1142259bc23671d17a50f4fc366a18693fbe1744,1142259bc23671d17a50f4fc366a18693fbe1744,['CWE-125'],CVE-2018-19353
ArtifexSoftware/ghostpdl,https://github.com/ArtifexSoftware/ghostpdl/commit/661e8d8fb8248c38d67958beda32f3a5876d0c3f,661e8d8fb8248c38d67958beda32f3a5876d0c3f,['CWE-Other'],CVE-2018-19409
contiki-ng,https://github.com/contiki-ng/contiki-ng/commit/bcebd3afcfbd472dfc76b5f2d4f599bbc42c97ba,bcebd3afcfbd472dfc76b5f2d4f599bbc42c97ba,['CWE-119'],CVE-2018-19417
contiki-ng,https://github.com/contiki-ng/contiki-ng/commit/3b5369cf2a1851a062510e21261e0904704aebba,3b5369cf2a1851a062510e21261e0904704aebba,['CWE-119'],CVE-2018-19417
ArtifexSoftware/ghostpdl,https://github.com/ArtifexSoftware/ghostpdl/commit/3005fcb9bb160af199e761e03bc70a9f249a987e,3005fcb9bb160af199e761e03bc70a9f249a987e,['CWE-Other'],CVE-2018-19475
ArtifexSoftware/ghostpdl,https://github.com/ArtifexSoftware/ghostpdl/commit/434753adbe8be5534bfb9b7d91746023e8073d16,434753adbe8be5534bfb9b7d91746023e8073d16,['CWE-704'],CVE-2018-19476
ArtifexSoftware/ghostpdl,https://github.com/ArtifexSoftware/ghostpdl/commit/606a22e77e7f081781e99e44644cd0119f559e03,606a22e77e7f081781e99e44644cd0119f559e03,['CWE-704'],CVE-2018-19477
Exiv2/exiv2,https://github.com/Exiv2/exiv2/commit/cf3ba049a2792ec2a4a877e343f5dd9654da53dc,cf3ba049a2792ec2a4a877e343f5dd9654da53dc,['CWE-125'],CVE-2018-19535
Exiv2/exiv2,https://github.com/Exiv2/exiv2/commit/03173751b4d7053d6ddf52a15904e8f751f78f56,03173751b4d7053d6ddf52a15904e8f751f78f56,['CWE-125'],CVE-2018-19535
Exiv2/exiv2,https://github.com/Exiv2/exiv2/commit/8b480bc5b2cc2abb8cf6fe4e16c24e58916464d2,8b480bc5b2cc2abb8cf6fe4e16c24e58916464d2,['CWE-125'],CVE-2018-19535
jasper-software/jasper,https://github.com/jasper-software/jasper/commit/839b1bcf0450ff036c28e8db40a7abf886e02891,839b1bcf0450ff036c28e8db40a7abf886e02891,"['CWE-617', 'CWE-125', 'CWE-787', 'CWE-476']",CVE-2018-19539
Exiv2/exiv2,https://github.com/Exiv2/exiv2/commit/923e6d3673beeec6a51e68d6340305a1ff5a39ba,923e6d3673beeec6a51e68d6340305a1ff5a39ba,['CWE-476'],CVE-2018-19607
wireshark,https://github.com/wireshark/wireshark/commit/3b7555d32d11862f0e500ec466ad6bfe54190076,3b7555d32d11862f0e500ec466ad6bfe54190076,['CWE-835'],CVE-2018-19622
wireshark,https://github.com/wireshark/wireshark/commit/9c8645ec7b28e4d7193962ecd2a418613bf6a84f,9c8645ec7b28e4d7193962ecd2a418613bf6a84f,['CWE-787'],CVE-2018-19623
wireshark,https://github.com/wireshark/wireshark/commit/3e319db1107b08fc3be804b6d449143ec9aa0dec,3e319db1107b08fc3be804b6d449143ec9aa0dec,['CWE-476'],CVE-2018-19624
wireshark,https://github.com/wireshark/wireshark/commit/dc4d209f39132a4ae05675a11609176ae9705cfc,dc4d209f39132a4ae05675a11609176ae9705cfc,['CWE-125'],CVE-2018-19625
wireshark,https://github.com/wireshark/wireshark/commit/c5a65115ebab55cfd5ce0a855c2256e01cab6449,c5a65115ebab55cfd5ce0a855c2256e01cab6449,"['CWE-908', 'CWE-125']",CVE-2018-19626
wireshark,https://github.com/wireshark/wireshark/commit/bdc33cfaecb1b4cf2c114ed9015713ddf8569a60,bdc33cfaecb1b4cf2c114ed9015713ddf8569a60,['CWE-125'],CVE-2018-19627
wireshark,https://github.com/wireshark/wireshark/commit/212b18825d9b668cda23d334c48867dfa66b2b36,212b18825d9b668cda23d334c48867dfa66b2b36,['CWE-369'],CVE-2018-19628
libsndfile,https://github.com/libsndfile/libsndfile/commit/c4dd30d69b070a3cb32b4bf74c47a8163b1916da,c4dd30d69b070a3cb32b4bf74c47a8163b1916da,['CWE-125'],CVE-2018-19661
libjpeg-turbo,https://github.com/libjpeg-turbo/libjpeg-turbo/commit/f8cca819a4fb42aafa5f70df43c45e8c416d716f,f8cca819a4fb42aafa5f70df43c45e8c416d716f,['CWE-125'],CVE-2018-19664
ossec/ossec-hids,https://github.com/ossec/ossec-hids/commit/c72bb25d9114250d570dddb27ae0cfc0de30c45e,c72bb25d9114250d570dddb27ae0cfc0de30c45e,['CWE-22'],CVE-2018-19666
sass/libsass,https://github.com/sass/libsass/commit/75ddbb90468c4bbc21140fe0d37291314bc26ff8,75ddbb90468c4bbc21140fe0d37291314bc26ff8,['CWE-476'],CVE-2018-19797
ArtifexSoftware/ghostpdl,https://github.com/ArtifexSoftware/ghostpdl/commit/5516c614dc33662a2afdc377159f70218e67bde5,5516c614dc33,['CWE-184'],CVE-2018-16863
ArtifexSoftware/ghostpdl,https://github.com/ArtifexSoftware/ghostpdl/commit/78911a01b67d590b4a91afac2e8417360b934156,78911a01b67d,['CWE-184'],CVE-2018-16863
torvalds/linux,https://github.com/torvalds/linux/commit/5f8cf712582617d523120df67d392059eaf2fc4b,5f8cf712582617d523120df67d392059eaf2fc4b,['CWE-416'],CVE-2018-19824
sass/libsass,https://github.com/sass/libsass/commit/b21fb9f84096d9927780b86fa90629a096af358d,b21fb9f84096d9927780b86fa90629a096af358d,['CWE-416'],CVE-2018-19827
sass/libsass,https://github.com/sass/libsass/commit/210fdff7a65370c2ae24e022a2b35da8c423cc5f,210fdff7a65370c2ae24e022a2b35da8c423cc5f,['CWE-400'],CVE-2018-19837
sass/libsass,https://github.com/sass/libsass/commit/a2dff1b59ea8c8ec10680f9e8e5593e4b38554a1,a2dff1b59ea8c8ec10680f9e8e5593e4b38554a1,['CWE-125'],CVE-2018-19839
dbry/WavPack,https://github.com/dbry/WavPack/commit/070ef6f138956d9ea9612e69586152339dbefe51,070ef6f138956d9ea9612e69586152339dbefe51,['CWE-835'],CVE-2018-19840
dbry/WavPack,https://github.com/dbry/WavPack/commit/bba5389dc598a92bdf2b297c3ea34620b6679b5b,bba5389dc598a92bdf2b297c3ea34620b6679b5b,['CWE-125'],CVE-2018-19841
radareorg/radare2,https://github.com/radareorg/radare2/commit/66191f780863ea8c66ace4040d0d04a8842e8432,66191f780863ea8c66ace4040d0d04a8842e8432,['CWE-125'],CVE-2018-19842
radareorg/radare2,https://github.com/radareorg/radare2/commit/f17bfd9f1da05f30f23a4dd05e9d2363e1406948,f17bfd9f1da05f30f23a4dd05e9d2363e1406948,['CWE-125'],CVE-2018-19843
torvalds/linux,https://github.com/torvalds/linux/commit/f43f39958beb206b53292801e216d9b8a660f087,f43f39958beb206b53292801e216d9b8a660f087,['CWE-200'],CVE-2018-19854
knik0/faac,https://github.com/knik0/faac/commit/bdb83a630e3c0c5b91481336e74951806efea534,bdb83a630e3c0c5b91481336e74951806efea534,['CWE-119'],CVE-2018-19886
Perl/perl5,https://github.com/Perl/perl5/commit/34716e2a6ee2af96078d62b065b7785c001194be,34716e2a6ee2af96078d62b065b7785c001194be,"['CWE-787', 'CWE-190']",CVE-2018-18311
Perl/perl5,https://github.com/Perl/perl5/commit/43b2f4ef399e2fd7240b4eeb0658686ad95f8e62,43b2f4ef399e2fd7240b4eeb0658686ad95f8e62,['CWE-125'],CVE-2018-18313
Perl/perl5,https://github.com/Perl/perl5/commit/19a498a461d7c81ae3507c450953d1148efecf4f,19a498a461d7c81ae3507c450953d1148efecf4f,['CWE-119'],CVE-2018-18314
LibRaw,https://github.com/LibRaw/LibRaw/commit/0df5490b985c419de008d32168650bff17128914,0df5490b985c419de008d32168650bff17128914,['CWE-476'],CVE-2018-5801
xen-project/xen,https://github.com/xen-project/xen/commit/1a7ffe466cd057daaef245b0a1ab6b82588e4c01,1a7ffe466cd057daaef245b0a1ab6b82588e4c01,"['CWE-459', 'CWE-200']",CVE-2018-19961
xen-project/xen,https://github.com/xen-project/xen/commit/937ef32565fa3a81fdb37b9dd5aa99a1b87afa75,937ef32565fa3a81fdb37b9dd5aa99a1b87afa75,"['CWE-459', 'CWE-200']",CVE-2018-19961
xen-project/xen,https://github.com/xen-project/xen/commit/f6b6ae78679b363ff670a9c125077c436dabd608,f6b6ae78679b363ff670a9c125077c436dabd608,['CWE-617'],CVE-2018-19963
xen-project/xen,https://github.com/xen-project/xen/commit/d80988cfc04ee608bee722448e7c3bc8347ec04c,d80988cfc04ee608bee722448e7c3bc8347ec04c,['CWE-Other'],CVE-2018-19964
xen-project/xen,https://github.com/xen-project/xen/commit/6c8d50288722672ecc8e19b0741a31b521d01706,6c8d50288722672ecc8e19b0741a31b521d01706,['CWE-Other'],CVE-2018-19965
xen-project/xen,https://github.com/xen-project/xen/commit/789589968ed90e82a832dbc60e958c76b787be7e,789589968ed90e82a832dbc60e958c76b787be7e,['CWE-436'],CVE-2018-19966
xen-project/xen,https://github.com/xen-project/xen/commit/d68e1070c3e8f4af7a31040f08bdd98e6d6eac1d,d68e1070c3e8f4af7a31040f08bdd98e6d6eac1d,['CWE-436'],CVE-2018-19966
xen-project/xen,https://github.com/xen-project/xen/commit/cc76410d20aff2cc07b268b0713dc1d2740c6e12,cc76410d20aff2cc07b268b0713dc1d2740c6e12,['CWE-20'],CVE-2018-19967
xen-project/xen,https://github.com/xen-project/xen/commit/8617e69fb8307b372eeff41d55ec966dbeba36eb,8617e69fb8307b372eeff41d55ec966dbeba36eb,['CWE-20'],CVE-2018-19967
michaelrsweet/mxml,https://github.com/michaelrsweet/mxml/commit/4f5577dd4672d228e4180f06bdbd66f343ea45e0,4f5577dd4672d228e4180f06bdbd66f343ea45e0,['CWE-787'],CVE-2018-20004
torvalds/linux,https://github.com/torvalds/linux/commit/29ec90660d68bbdd69507c1c8b4e33aa299278b1,29ec90660d68bbdd69507c1c8b4e33aa299278b1,['CWE-863'],CVE-2018-18397
axiomatic-systems/Bento4,https://github.com/axiomatic-systems/Bento4/commit/8922f0dcc30b56936e2b12e819e52b86e3300bfa,8922f0dcc30b56936e2b12e819e52b86e3300bfa,['CWE-770'],CVE-2018-20095
Exiv2/exiv2,https://github.com/Exiv2/exiv2/commit/4f9c912c2267f1bc33d9c28f1b063d571770af75,4f9c912c2267f1bc33d9c28f1b063d571770af75,"['CWE-119', 'CWE-125', 'CWE-835']",CVE-2018-20096
Exiv2/exiv2,https://github.com/Exiv2/exiv2/commit/203ab0db28c9666b16069d4056ac5f66f753a51d,203ab0db28c9666b16069d4056ac5f66f753a51d,"['CWE-119', 'CWE-125', 'CWE-835']",CVE-2018-20096
Exiv2/exiv2,https://github.com/Exiv2/exiv2/commit/eff0f52d0466d81beabf304e2500f3039fd90252,eff0f52d0466d81beabf304e2500f3039fd90252,"['CWE-119', 'CWE-125', 'CWE-835']",CVE-2018-20096
eclipse/mosquitto,https://github.com/eclipse/mosquitto/commit/9097577b49b7fdcf45d30975976dd93808ccc0c4,9097577b49b7fdcf45d30975976dd93808ccc0c4,['CWE-732'],CVE-2018-20145
torvalds/linux,https://github.com/torvalds/linux/commit/704620afc70cf47abb9d6a1a57f3825d2bca49cf,704620afc70cf47abb9d6a1a57f3825d2bca49cf,['CWE-400'],CVE-2018-20169
axiomatic-systems/Bento4,https://github.com/axiomatic-systems/Bento4/commit/f7ba0dca622837bfab063e500f6013640e8e76e4,f7ba0dca622837bfab063e500f6013640e8e76e4,"['CWE-400', 'CWE-770']",CVE-2018-20186
sass/libsass,https://github.com/sass/libsass/commit/98d8d5dadacc3cd07c738b3772f56317a7a306e7,98d8d5dadacc3cd07c738b3772f56317a7a306e7,['CWE-476'],CVE-2018-20190
knik0/faad2,https://github.com/knik0/faad2/commit/6b4a7cde30f2e2cb03e78ef476cc73179cfffda3,6b4a7cde30f2e2cb03e78ef476cc73179cfffda3,"['CWE-787', 'CWE-476']",CVE-2018-20194
knik0/faad2,https://github.com/knik0/faad2/commit/6aeeaa1af0caf986daf22852a97f7c13c5edd879,6aeeaa1af0caf986daf22852a97f7c13c5edd879,['CWE-787'],CVE-2018-20196
knik0/faad2,https://github.com/knik0/faad2/commit/466b01d504d7e45f1e9169ac90b3e34ab94aed14,466b01d504d7e45f1e9169ac90b3e34ab94aed14,['CWE-476'],CVE-2018-20198
knik0/faad2,https://github.com/knik0/faad2/commit/6823e6610c9af1b0080cb22b9da03efb208d7d57,6823e6610c9af1b0080cb22b9da03efb208d7d57,"['CWE-119', 'CWE-476']",CVE-2018-20199
knik0/faad2,https://github.com/knik0/faad2/commit/3b80a57483a6bc822d3ce3cc640fa81737a87c54,3b80a57483a6bc822d3ce3cc640fa81737a87c54,"['CWE-119', 'CWE-476']",CVE-2018-20199
LibVNC/libvncserver,https://github.com/LibVNC/libvncserver/commit/ca2a5ac02fbbadd0a21fabba779c1ea69173d10b,ca2a5ac02fbbadd0a21fabba779c1ea69173d10b,['CWE-416'],CVE-2018-6307
brave/muon,https://github.com/brave/muon/commit/c18663aa171c6cdf03da3e8c70df8663645b97c4,c18663aa171c6cdf03da3e8c70df8663645b97c4,['CWE-20'],CVE-2018-1000815
CrowCpp/Crow,https://github.com/CrowCpp/Crow/commit/79eec91f00b5fb7df890d4e84b2f048b0841e044,79eec91f00b5fb7df890d4e84b2f048b0841e044,['CWE-193'],CVE-2022-34970
Samsung/mTower,https://github.com/Samsung/mTower/commit/6b325fd26bf06bee17abd3fd3fd4b0aa0e74e7b2,6b325fd26bf06bee17abd3fd3fd4b0aa0e74e7b2,['CWE-401'],CVE-2022-35858
Samsung/mTower,https://github.com/Samsung/mTower/commit/236357f0e756f0fd2120a1a78cf573765471e088,236357f0e756f0fd2120a1a78cf573765471e088,['CWE-770'],CVE-2022-38155
tats/w3m,https://github.com/tats/w3m/commit/a40aa8e6387c9a7ee8013dd968298c26728c4966,a40aa8e6387c9a7ee8013dd968298c26728c4966,['CWE-787'],CVE-2022-38223
michaelrsweet/htmldoc,https://github.com/michaelrsweet/htmldoc/commit/ee778252faebb721afba5a081dd6ad7eaf20eef3,ee778252faebb721afba5a081dd6ad7eaf20eef3,['CWE-787'],CVE-2021-33235
michaelrsweet/htmldoc,https://github.com/michaelrsweet/htmldoc/commit/a0014be47d614220db111b360fb6170ef6f3937e,a0014be47d614220db111b360fb6170ef6f3937e,['CWE-787'],CVE-2021-33236
MisterTea/EternalTerminal,https://github.com/MisterTea/EternalTerminal/commit/900348bb8bc96e1c7ba4888ac8480f643c43d3c3,900348bb8bc96e1c7ba4888ac8480f643c43d3c3,"['CWE-362', 'CWE-120']",CVE-2022-24949
nu774/fdkaac,https://github.com/nu774/fdkaac/commit/4ec1422bd951a137225ffa4052da120e2ab0a0f4,4ec1422bd951a137225ffa4052da120e2ab0a0f4,['CWE-697'],CVE-2022-36148
nu774/fdkaac,https://github.com/nu774/fdkaac/commit/ecddb7d63306e01d137d65bbbe7b78c1e779943c,ecddb7d63306e01d137d65bbbe7b78c1e779943c,['CWE-787'],CVE-2022-37781
nginx/njs,https://github.com/nginx/njs/commit/404553896792b8f5f429dc8852d15784a59d8d3e,404553896792b8f5f429dc8852d15784a59d8d3e,['CWE-754'],CVE-2022-35173
vim,https://github.com/vim/vim/commit/4875d6ab068f09df88d24d81de40dcd8d56e243d,4875d6ab068f09df88d24d81de40dcd8d56e243d,['CWE-476'],CVE-2022-2874
appneta/tcpreplay,https://github.com/appneta/tcpreplay/commit/6a840817e3a5a5674fdc1122954c445bec78fd51,6a840817e3a5a5674fdc1122954c445bec78fd51,['CWE-787'],CVE-2022-37048
ArtifexSoftware/ghostpdl,https://github.com/ArtifexSoftware/ghostpdl/commit/4f6bc662909ab79e8fbe9822afb36e8a0eafc2b7,4f6bc662909ab79e8fbe9822afb36e8a0eafc2b7,['CWE-119'],CVE-2020-27792
radareorg/radare2,https://github.com/radareorg/radare2/commit/ced0223c7a1b3b5344af315715cd28fe7c0d9ebc,ced0223c7a1b3b5344af315715cd28fe7c0d9ebc,['CWE-193'],CVE-2020-27793
radareorg/radare2,https://github.com/radareorg/radare2/commit/cb8b683758edddae2d2f62e8e63a738c39f92683,cb8b683758edddae2d2f62e8e63a738c39f92683,['CWE-415'],CVE-2020-27794
radareorg/radare2,https://github.com/radareorg/radare2/commit/4d3811681a80f92a53e795f6a64c4b0fc2c8dd22,4d3811681a80f92a53e795f6a64c4b0fc2c8dd22,['CWE-908'],CVE-2020-27795
babelouest/rhonabwy,https://github.com/babelouest/rhonabwy/commit/dd528b3aabd13863f855a68e76966e4e019fc399,dd528b3aabd13863f855a68e76966e4e019fc399,['CWE-327'],CVE-2022-38493
rpm-software-management/rpm,https://github.com/rpm-software-management/rpm/commit/bd36c5dc9fb6d90c46fbfed8c2d67516fc571ec8,bd36c5dc9fb6d90c46fbfed8c2d67516fc571ec8,['CWE-347'],CVE-2021-3521
latchset/mod_auth_mellon,https://github.com/latchset/mod_auth_mellon/commit/42a11261b9dad2e48d70bdff7c53dd57a12db6f5,42a11261b9dad2e48d70bdff7c53dd57a12db6f5,['CWE-601'],CVE-2021-3639
CrowCpp/Crow,https://github.com/CrowCpp/Crow/commit/0aa3ab94be66248ee33ad9f12a33521c65d8e376,0aa3ab94be66248ee33ad9f12a33521c65d8e376,['CWE-416'],CVE-2022-38667
CrowCpp/Crow,https://github.com/CrowCpp/Crow/commit/fba01dc76d6ea940ad7c8392e8f39f9647241d8e,fba01dc76d6ea940ad7c8392e8f39f9647241d8e,['CWE-416'],CVE-2022-38667
CrowCpp/Crow,https://github.com/CrowCpp/Crow/commit/d17a88af696b9de62504adf2a4657d381733b9e2,d17a88af696b9de62504adf2a4657d381733b9e2,['CWE-908'],CVE-2022-38668
AcademySoftwareFoundation/openexr,https://github.com/AcademySoftwareFoundation/openexr/commit/85fd638ae0d5fa132434f4cbf32590261c1dba97,85fd638ae0d5fa132434f4cbf32590261c1dba97,['CWE-787'],CVE-2021-20298
torvalds/linux,https://github.com/torvalds/linux/commit/de5494af4815a4c9328536c72741229b7de88e7f,de5494af4815a4c9328536c72741229b7de88e7f,['CWE-401'],CVE-2021-3736
torvalds/linux,https://github.com/torvalds/linux/commit/505d9dcb0f7ddf9d075e729523a33d38642ae680,505d9dcb0f7ddf9d075e729523a33d38642ae680,['CWE-401'],CVE-2021-3764
opencryptoki,https://github.com/opencryptoki/opencryptoki/commit/4e3b43c3d8844402c04a66b55c6c940f965109f0,4e3b43c3d8844402c04a66b55c6c940f965109f0,['CWE-200'],CVE-2021-3798
GNOME/glib,https://github.com/GNOME/glib/commit/3529bb4450a519959a5d9cb787404296322618a1,3529bb4450a51995,['CWE-200'],CVE-2021-3800
DPDK/dpdk,https://github.com/DPDK/dpdk/commit/6442c329b9d2ded0f44b27d2016aaba8ba5844c5,6442c329b9d2ded0f44b27d2016aaba8ba5844c5,"['CWE-787', 'CWE-125']",CVE-2021-3839
openvswitch/ovs,https://github.com/openvswitch/ovs/commit/803ed12e31b0377c37d7aa8c94b3b92f2081e349,803ed12e31b0377c37d7aa8c94b3b92f2081e349,['CWE-401'],CVE-2021-3905
hughsie/colord,https://github.com/hughsie/colord/commit/adf41f36cf7214d7d6fa8d528b74eba47c377405,adf41f36cf7214d7d6fa8d528b74eba47c377405,['CWE-401'],CVE-2021-42523
rizinorg/rizin,https://github.com/rizinorg/rizin/commit/2c110dd84a698cb77dfb30a9bc04e9915362724f,2c110dd84a698cb77dfb30a9bc04e9915362724f,['CWE-416'],CVE-2021-4022
torvalds/linux,https://github.com/torvalds/linux/commit/189b0ddc245139af81198d1a3637cac74f96e13a,189b0ddc245139af81198d1a3637cac74f96e13a,"['CWE-362', 'CWE-667']",CVE-2022-2959
upx,https://github.com/upx/upx/commit/7d093174597483053e95f07d9f4614024c09890e,7d093174597483053e95f07d9f4614024c09890e,['CWE-763'],CVE-2020-27797
upx,https://github.com/upx/upx/commit/624eb22d743db206f689a411a2272080b0d7f94f,624eb22d743db206f689a411a2272080b0d7f94f,['CWE-763'],CVE-2020-27798
upx,https://github.com/upx/upx/commit/49edccd7165696dcc0bf79f50cae4011313ddd28,49edccd7165696dcc0bf79f50cae4011313ddd28,['CWE-125'],CVE-2020-27801
upx,https://github.com/upx/upx/commit/9dfc8f573c44c5ba3993a53f926655091d799206,9dfc8f573c44c5ba3993a53f926655091d799206,['CWE-369'],CVE-2020-27802
ImageMagick/ImageMagick6,https://github.com/ImageMagick/ImageMagick6/commit/553054c1cb1e4e05ec86237afef76a32cd7c464d,553054c1cb1e4e05ec86237afef76a32cd7c464d,['CWE-190'],CVE-2021-20224
rpm-software-management/rpm,https://github.com/rpm-software-management/rpm/commit/25a435e90844ea98fe5eb7bef22c1aecf3a9c033,25a435e90844ea98fe5eb7bef22c1aecf3a9c033,['CWE-59'],CVE-2021-35938
rpm-software-management/rpm,https://github.com/rpm-software-management/rpm/commit/96ec957e281220f8e137a2d5eb23b83a6377d556,96ec957e281220f8e137a2d5eb23b83a6377d556,['CWE-59'],CVE-2021-35939
ArtifexSoftware/mupdf,https://github.com/ArtifexSoftware/mupdf/commit/22c47acbd52949421f8c7cb46ea1556827d0fcbf,22c47acbd52949421f8c7cb46ea1556827d0fcbf,['CWE-369'],CVE-2021-4216
the-tcpdump-group/tcpdump,https://github.com/the-tcpdump-group/tcpdump/commit/a152aebfd1114376ba266ed30416be596ef9d806,a152aebfd1114376ba266ed30416be596ef9d806,['CWE-125'],CVE-2019-15167
samba-team/samba,https://github.com/samba-team/samba/commit/1a5dc817c0c9379bbaab14c676681b42b0039a3c,1a5dc817c0c9379bbaab14c676681b42b0039a3c,['CWE-276'],CVE-2022-0336
stephane/libmodbus,https://github.com/stephane/libmodbus/commit/b4ef4c17d618eba0adccc4c7d9e9a1ef809fc9b6,b4ef4c17d618eba0adccc4c7d9e9a1ef809fc9b6,['CWE-787'],CVE-2022-0367
openscad,https://github.com/openscad/openscad/commit/84addf3c1efbd51d8ff424b7da276400bbfa1a4b,84addf3c1efbd51d8ff424b7da276400bbfa1a4b,['CWE-125'],CVE-2022-0497
DPDK/dpdk,https://github.com/DPDK/dpdk/commit/d87f1a1cb7b666550bb53e39c1d85d9f7b861e6f,d87f1a1cb7b666550bb53e39c1d85d9f7b861e6f,['CWE-400'],CVE-2022-0669
DPDK/dpdk,https://github.com/DPDK/dpdk/commit/af74f7db384ed149fe42b21dbd7975f8a54ef227,af74f7db384ed149fe42b21dbd7975f8a54ef227,['CWE-400'],CVE-2022-0669
torvalds/linux,https://github.com/torvalds/linux/commit/a30f895ad3239f45012e860d4f94c1a388b36d14,a30f895ad3239f45012e860d4f94c1a388b36d14,['CWE-416'],CVE-2022-1043
torvalds/linux,https://github.com/torvalds/linux/commit/efe4186e6a1b54bf38b9e05450d43b0da1fd7739,efe4186e6a1b54bf38b9e05450d43b0da1fd7739,['CWE-416'],CVE-2022-1198
torvalds/linux,https://github.com/torvalds/linux/commit/4e0f718daf97d47cf7dec122da1be970f145c809,4e0f718daf97d47cf7dec122da1be970f145c809,['CWE-416'],CVE-2022-1199
torvalds/linux,https://github.com/torvalds/linux/commit/7ec02f5ac8a5be5a3f20611731243dc5e1d9ba10,7ec02f5ac8a5be5a3f20611731243dc5e1d9ba10,['CWE-416'],CVE-2022-1199
torvalds/linux,https://github.com/torvalds/linux/commit/71171ac8eb34ce7fe6b3267dce27c313ab3cb3ac,71171ac8eb34ce7fe6b3267dce27c313ab3cb3ac,['CWE-416'],CVE-2022-1199
torvalds/linux,https://github.com/torvalds/linux/commit/82e31755e55fbcea6a9dfaae5fe4860ade17cbc0,82e31755e55fbcea6a9dfaae5fe4860ade17cbc0,['CWE-476'],CVE-2022-1205
torvalds/linux,https://github.com/torvalds/linux/commit/fc6d01ff9ef03b66d4a3a23b46fc3c3d8cf92009,fc6d01ff9ef03b66d4a3a23b46fc3c3d8cf92009,['CWE-476'],CVE-2022-1205
torvalds/linux,https://github.com/torvalds/linux/commit/5593473a1e6c743764b08e3b6071cb43b5cfa6c4,5593473a1e6c743764b08e3b6071cb43b5cfa6c4,['CWE-476'],CVE-2022-1263
torvalds/linux,https://github.com/torvalds/linux/commit/da5c0f119203ad9728920456a0f52a6d850c01cd,da5c0f119203ad9728920456a0f52a6d850c01cd,['CWE-367'],CVE-2022-1974
torvalds/linux,https://github.com/torvalds/linux/commit/4071bf121d59944d5cd2238de0642f3d7995a997,4071bf121d59944d5cd2238de0642f3d7995a997,['CWE-248'],CVE-2022-1975
torvalds/linux,https://github.com/torvalds/linux/commit/7ec37d1cbe17d8189d9562178d8b29167fe1c31a,7ec37d1cbe17d8189d9562178d8b29167fe1c31a,['CWE-476'],CVE-2022-2153
torvalds/linux,https://github.com/torvalds/linux/commit/b1e34d325397a33d97d845e312d7cf2a8b646b44,b1e34d325397a33d97d845e312d7cf2a8b646b44,['CWE-476'],CVE-2022-2153
torvalds/linux,https://github.com/torvalds/linux/commit/00b5f37189d24ac3ed46cb7f11742094778c46ce,00b5f37189d24ac3ed46cb7f11742094778c46ce,['CWE-476'],CVE-2022-2153
torvalds/linux,https://github.com/torvalds/linux/commit/ba953a9d89a00c078b85f4b190bc1dde66fe16b5,ba953a9d89a00c078b85f4b190bc1dde66fe16b5,"['CWE-362', 'CWE-787']",CVE-2022-3028
php/php-src,https://github.com/php/php-src/commit/7722455726bec8c53458a32851d2a87982cf0eac,7722455726bec8c53458a32851d2a87982cf0eac,['CWE-190'],CVE-2016-5766
php/php-src,https://github.com/php/php-src/commit/c395c6e5d7e8df37a21265ff76e48fe75ceb5ae6,c395c6e5d7e8df37a21265ff76e48fe75ceb5ae6,['CWE-190'],CVE-2016-5767
php/php-src,https://github.com/php/php-src/commit/5b597a2e5b28e2d5a52fc1be13f425f08f47cb62,5b597a2e5b28e2d5a52fc1be13f425f08f47cb62,['CWE-415'],CVE-2016-5768
php/php-src,https://github.com/php/php-src/commit/6c5211a0cef0cc2854eaa387e0eb036e012904d0,6c5211a0cef0cc2854eaa387e0eb036e012904d0,['CWE-190'],CVE-2016-5769
php/php-src,https://github.com/php/php-src/commit/7245bff300d3fa8bacbef7897ff080a6f1c23eba,7245bff300d3fa8bacbef7897ff080a6f1c23eba,['CWE-190'],CVE-2016-5770
php/php-src,https://github.com/php/php-src/commit/a44c89e8af7c2410f4bfc5e097be2a5d0639a60c,a44c89e8af7c2410f4bfc5e097be2a5d0639a60c,['CWE-415'],CVE-2016-5772
php/php-src,https://github.com/php/php-src/commit/cab1c3b3708eead315e033359d07049b23b147a3,cab1c3b3708eead315e033359d07049b23b147a3,['CWE-416'],CVE-2016-5773
